actor1,actor2,colonial
Afghanistan_gov,Angola_gov,0
Afghanistan_gov,Antigua and Barbuda_gov,0
Afghanistan_gov,Argentina_gov,0
Afghanistan_gov,Armenia_gov,0
Afghanistan_gov,Australia_gov,0
Afghanistan_gov,Austria_gov,0
Afghanistan_gov,Bangladesh_gov,0
Afghanistan_gov,Belarus_gov,0
Afghanistan_gov,Belgium_gov,0
Afghanistan_gov,Benin_gov,0
Afghanistan_gov,Bolivia_gov,0
Afghanistan_gov,Bosnia and Herzegovina_gov,0
Afghanistan_gov,Brazil_gov,0
Afghanistan_gov,Burkina Faso_gov,0
Afghanistan_gov,Canada_gov,0
Afghanistan_gov,Chile_gov,0
Afghanistan_gov,China_gov,0
Afghanistan_gov,Colombia_gov,0
Afghanistan_gov,Congo_gov,0
Afghanistan_gov,Croatia_gov,0
Afghanistan_gov,Czechia_gov,0
Afghanistan_gov,Democratic Republic of the Congo_gov,0
Afghanistan_gov,Denmark_gov,0
Afghanistan_gov,Ecuador_gov,0
Afghanistan_gov,El Salvador_gov,0
Afghanistan_gov,Ethiopia_gov,0
Afghanistan_gov,Finland_gov,0
Afghanistan_gov,France_gov,0
Afghanistan_gov,Germany_gov,0
Afghanistan_gov,Ghana_gov,0
Afghanistan_gov,Greece_gov,0
Afghanistan_gov,Guatemala_gov,0
Afghanistan_gov,Hungary_gov,0
Afghanistan_gov,India_gov,0
Afghanistan_gov,Indonesia_gov,0
Afghanistan_gov,Iraq_gov,0
Afghanistan_gov,Ireland_gov,0
Afghanistan_gov,Israel_gov,0
Afghanistan_gov,Italy_gov,0
Afghanistan_gov,Jamaica_gov,0
Afghanistan_gov,Japan_gov,0
Afghanistan_gov,Jordan_gov,0
Afghanistan_gov,Kenya_gov,0
Afghanistan_gov,Kuwait_gov,0
Afghanistan_gov,Latvia_gov,0
Afghanistan_gov,Libya_gov,0
Afghanistan_gov,Lithuania_gov,0
Afghanistan_gov,Luxembourg_gov,0
Afghanistan_gov,Mexico_gov,0
Afghanistan_gov,Monaco_gov,0
Afghanistan_gov,Montenegro_gov,0
Afghanistan_gov,Myanmar_gov,0
Afghanistan_gov,Namibia_gov,0
Afghanistan_gov,Nepal_gov,0
Afghanistan_gov,Netherlands_gov,0
Afghanistan_gov,New Zealand_gov,0
Afghanistan_gov,Nigeria_gov,0
Afghanistan_gov,North Korea_gov,0
Afghanistan_gov,Norway_gov,0
Afghanistan_gov,Pakistan_gov,0
Afghanistan_gov,Paraguay_gov,0
Afghanistan_gov,Peru_gov,0
Afghanistan_gov,Poland_gov,0
Afghanistan_gov,Portugal_gov,0
Afghanistan_gov,Qatar_gov,0
Afghanistan_gov,Russia_gov,0
Afghanistan_gov,Rwanda_gov,0
Afghanistan_gov,Samoa_gov,0
Afghanistan_gov,Serbia_gov,0
Afghanistan_gov,Sierra Leone_gov,0
Afghanistan_gov,Slovakia_gov,0
Afghanistan_gov,Solomon Islands_gov,0
Afghanistan_gov,South Africa_gov,0
Afghanistan_gov,South Korea_gov,0
Afghanistan_gov,South Sudan_gov,0
Afghanistan_gov,Spain_gov,0
Afghanistan_gov,Sri Lanka_gov,0
Afghanistan_gov,State of Palestine_gov,0
Afghanistan_gov,Suriname_gov,0
Afghanistan_gov,Sweden_gov,0
Afghanistan_gov,Switzerland_gov,0
Afghanistan_gov,Taiwan_gov,0
Afghanistan_gov,Timor-Leste_gov,0
Afghanistan_gov,Togo_gov,0
Afghanistan_gov,Turkey_gov,0
Afghanistan_gov,Uganda_gov,0
Afghanistan_gov,United Kingdom_gov,0
Afghanistan_gov,United States_gov,0
Afghanistan_gov,Vietnam_gov,0
Afghanistan_gov,Yemen_gov,0
Angola_gov,Afghanistan_gov,0
Angola_gov,Antigua and Barbuda_gov,0
Angola_gov,Argentina_gov,0
Angola_gov,Armenia_gov,0
Angola_gov,Australia_gov,0
Angola_gov,Austria_gov,0
Angola_gov,Bangladesh_gov,0
Angola_gov,Belarus_gov,0
Angola_gov,Belgium_gov,0
Angola_gov,Benin_gov,0
Angola_gov,Bolivia_gov,0
Angola_gov,Bosnia and Herzegovina_gov,0
Angola_gov,Brazil_gov,0
Angola_gov,Burkina Faso_gov,0
Angola_gov,Canada_gov,0
Angola_gov,Chile_gov,0
Angola_gov,China_gov,0
Angola_gov,Colombia_gov,0
Angola_gov,Congo_gov,0
Angola_gov,Croatia_gov,0
Angola_gov,Czechia_gov,0
Angola_gov,Democratic Republic of the Congo_gov,0
Angola_gov,Denmark_gov,0
Angola_gov,Ecuador_gov,0
Angola_gov,El Salvador_gov,0
Angola_gov,Ethiopia_gov,0
Angola_gov,Finland_gov,0
Angola_gov,France_gov,0
Angola_gov,Germany_gov,0
Angola_gov,Ghana_gov,0
Angola_gov,Greece_gov,0
Angola_gov,Guatemala_gov,0
Angola_gov,Hungary_gov,0
Angola_gov,India_gov,0
Angola_gov,Indonesia_gov,0
Angola_gov,Iraq_gov,0
Angola_gov,Ireland_gov,0
Angola_gov,Israel_gov,0
Angola_gov,Italy_gov,0
Angola_gov,Jamaica_gov,0
Angola_gov,Japan_gov,0
Angola_gov,Jordan_gov,0
Angola_gov,Kenya_gov,0
Angola_gov,Kuwait_gov,0
Angola_gov,Latvia_gov,0
Angola_gov,Libya_gov,0
Angola_gov,Lithuania_gov,0
Angola_gov,Luxembourg_gov,0
Angola_gov,Mexico_gov,0
Angola_gov,Monaco_gov,0
Angola_gov,Montenegro_gov,0
Angola_gov,Myanmar_gov,0
Angola_gov,Namibia_gov,0
Angola_gov,Nepal_gov,0
Angola_gov,Netherlands_gov,0
Angola_gov,New Zealand_gov,0
Angola_gov,Nigeria_gov,0
Angola_gov,North Korea_gov,0
Angola_gov,Norway_gov,0
Angola_gov,Pakistan_gov,0
Angola_gov,Paraguay_gov,0
Angola_gov,Peru_gov,0
Angola_gov,Poland_gov,0
Angola_gov,Portugal_gov,0
Angola_gov,Qatar_gov,0
Angola_gov,Russia_gov,0
Angola_gov,Rwanda_gov,0
Angola_gov,Samoa_gov,0
Angola_gov,Serbia_gov,0
Angola_gov,Sierra Leone_gov,0
Angola_gov,Slovakia_gov,0
Angola_gov,Solomon Islands_gov,0
Angola_gov,South Africa_gov,0
Angola_gov,South Korea_gov,0
Angola_gov,South Sudan_gov,0
Angola_gov,Spain_gov,0
Angola_gov,Sri Lanka_gov,0
Angola_gov,State of Palestine_gov,0
Angola_gov,Suriname_gov,0
Angola_gov,Sweden_gov,0
Angola_gov,Switzerland_gov,0
Angola_gov,Taiwan_gov,0
Angola_gov,Timor-Leste_gov,0
Angola_gov,Togo_gov,0
Angola_gov,Turkey_gov,0
Angola_gov,Uganda_gov,0
Angola_gov,United Kingdom_gov,0
Angola_gov,United States_gov,0
Angola_gov,Vietnam_gov,0
Angola_gov,Yemen_gov,0
Antigua and Barbuda_gov,Afghanistan_gov,0
Antigua and Barbuda_gov,Angola_gov,0
Antigua and Barbuda_gov,Argentina_gov,0
Antigua and Barbuda_gov,Armenia_gov,0
Antigua and Barbuda_gov,Australia_gov,0
Antigua and Barbuda_gov,Austria_gov,0
Antigua and Barbuda_gov,Bangladesh_gov,0
Antigua and Barbuda_gov,Belarus_gov,0
Antigua and Barbuda_gov,Belgium_gov,0
Antigua and Barbuda_gov,Benin_gov,0
Antigua and Barbuda_gov,Bolivia_gov,0
Antigua and Barbuda_gov,Bosnia and Herzegovina_gov,0
Antigua and Barbuda_gov,Brazil_gov,0
Antigua and Barbuda_gov,Burkina Faso_gov,0
Antigua and Barbuda_gov,Canada_gov,0
Antigua and Barbuda_gov,Chile_gov,0
Antigua and Barbuda_gov,China_gov,0
Antigua and Barbuda_gov,Colombia_gov,0
Antigua and Barbuda_gov,Congo_gov,0
Antigua and Barbuda_gov,Croatia_gov,0
Antigua and Barbuda_gov,Czechia_gov,0
Antigua and Barbuda_gov,Democratic Republic of the Congo_gov,0
Antigua and Barbuda_gov,Denmark_gov,0
Antigua and Barbuda_gov,Ecuador_gov,0
Antigua and Barbuda_gov,El Salvador_gov,0
Antigua and Barbuda_gov,Ethiopia_gov,0
Antigua and Barbuda_gov,Finland_gov,0
Antigua and Barbuda_gov,France_gov,0
Antigua and Barbuda_gov,Germany_gov,0
Antigua and Barbuda_gov,Ghana_gov,0
Antigua and Barbuda_gov,Greece_gov,0
Antigua and Barbuda_gov,Guatemala_gov,0
Antigua and Barbuda_gov,Hungary_gov,0
Antigua and Barbuda_gov,India_gov,0
Antigua and Barbuda_gov,Indonesia_gov,0
Antigua and Barbuda_gov,Iraq_gov,0
Antigua and Barbuda_gov,Ireland_gov,0
Antigua and Barbuda_gov,Israel_gov,0
Antigua and Barbuda_gov,Italy_gov,0
Antigua and Barbuda_gov,Jamaica_gov,0
Antigua and Barbuda_gov,Japan_gov,0
Antigua and Barbuda_gov,Jordan_gov,0
Antigua and Barbuda_gov,Kenya_gov,0
Antigua and Barbuda_gov,Kuwait_gov,0
Antigua and Barbuda_gov,Latvia_gov,0
Antigua and Barbuda_gov,Libya_gov,0
Antigua and Barbuda_gov,Lithuania_gov,0
Antigua and Barbuda_gov,Luxembourg_gov,0
Antigua and Barbuda_gov,Mexico_gov,0
Antigua and Barbuda_gov,Monaco_gov,0
Antigua and Barbuda_gov,Montenegro_gov,0
Antigua and Barbuda_gov,Myanmar_gov,0
Antigua and Barbuda_gov,Namibia_gov,0
Antigua and Barbuda_gov,Nepal_gov,0
Antigua and Barbuda_gov,Netherlands_gov,0
Antigua and Barbuda_gov,New Zealand_gov,0
Antigua and Barbuda_gov,Nigeria_gov,0
Antigua and Barbuda_gov,North Korea_gov,0
Antigua and Barbuda_gov,Norway_gov,0
Antigua and Barbuda_gov,Pakistan_gov,0
Antigua and Barbuda_gov,Paraguay_gov,0
Antigua and Barbuda_gov,Peru_gov,0
Antigua and Barbuda_gov,Poland_gov,0
Antigua and Barbuda_gov,Portugal_gov,0
Antigua and Barbuda_gov,Qatar_gov,0
Antigua and Barbuda_gov,Russia_gov,0
Antigua and Barbuda_gov,Rwanda_gov,0
Antigua and Barbuda_gov,Samoa_gov,0
Antigua and Barbuda_gov,Serbia_gov,0
Antigua and Barbuda_gov,Sierra Leone_gov,0
Antigua and Barbuda_gov,Slovakia_gov,0
Antigua and Barbuda_gov,Solomon Islands_gov,0
Antigua and Barbuda_gov,South Africa_gov,0
Antigua and Barbuda_gov,South Korea_gov,0
Antigua and Barbuda_gov,South Sudan_gov,0
Antigua and Barbuda_gov,Spain_gov,0
Antigua and Barbuda_gov,Sri Lanka_gov,0
Antigua and Barbuda_gov,State of Palestine_gov,0
Antigua and Barbuda_gov,Suriname_gov,0
Antigua and Barbuda_gov,Sweden_gov,0
Antigua and Barbuda_gov,Switzerland_gov,0
Antigua and Barbuda_gov,Taiwan_gov,0
Antigua and Barbuda_gov,Timor-Leste_gov,0
Antigua and Barbuda_gov,Togo_gov,0
Antigua and Barbuda_gov,Turkey_gov,0
Antigua and Barbuda_gov,Uganda_gov,0
Antigua and Barbuda_gov,United Kingdom_gov,0
Antigua and Barbuda_gov,United States_gov,0
Antigua and Barbuda_gov,Vietnam_gov,0
Antigua and Barbuda_gov,Yemen_gov,0
Argentina_gov,Afghanistan_gov,0
Argentina_gov,Angola_gov,0
Argentina_gov,Antigua and Barbuda_gov,0
Argentina_gov,Armenia_gov,0
Argentina_gov,Australia_gov,0
Argentina_gov,Austria_gov,0
Argentina_gov,Bangladesh_gov,0
Argentina_gov,Belarus_gov,0
Argentina_gov,Belgium_gov,0
Argentina_gov,Benin_gov,0
Argentina_gov,Bolivia_gov,0
Argentina_gov,Bosnia and Herzegovina_gov,0
Argentina_gov,Brazil_gov,0
Argentina_gov,Burkina Faso_gov,0
Argentina_gov,Canada_gov,0
Argentina_gov,Chile_gov,0
Argentina_gov,China_gov,0
Argentina_gov,Colombia_gov,0
Argentina_gov,Congo_gov,0
Argentina_gov,Croatia_gov,0
Argentina_gov,Czechia_gov,0
Argentina_gov,Democratic Republic of the Congo_gov,0
Argentina_gov,Denmark_gov,0
Argentina_gov,Ecuador_gov,0
Argentina_gov,El Salvador_gov,0
Argentina_gov,Ethiopia_gov,0
Argentina_gov,Finland_gov,0
Argentina_gov,France_gov,0
Argentina_gov,Germany_gov,0
Argentina_gov,Ghana_gov,0
Argentina_gov,Greece_gov,0
Argentina_gov,Guatemala_gov,0
Argentina_gov,Hungary_gov,0
Argentina_gov,India_gov,0
Argentina_gov,Indonesia_gov,0
Argentina_gov,Iraq_gov,0
Argentina_gov,Ireland_gov,0
Argentina_gov,Israel_gov,0
Argentina_gov,Italy_gov,0
Argentina_gov,Jamaica_gov,0
Argentina_gov,Japan_gov,0
Argentina_gov,Jordan_gov,0
Argentina_gov,Kenya_gov,0
Argentina_gov,Kuwait_gov,0
Argentina_gov,Latvia_gov,0
Argentina_gov,Libya_gov,0
Argentina_gov,Lithuania_gov,0
Argentina_gov,Luxembourg_gov,0
Argentina_gov,Mexico_gov,0
Argentina_gov,Monaco_gov,0
Argentina_gov,Montenegro_gov,0
Argentina_gov,Myanmar_gov,0
Argentina_gov,Namibia_gov,0
Argentina_gov,Nepal_gov,0
Argentina_gov,Netherlands_gov,0
Argentina_gov,New Zealand_gov,0
Argentina_gov,Nigeria_gov,0
Argentina_gov,North Korea_gov,0
Argentina_gov,Norway_gov,0
Argentina_gov,Pakistan_gov,0
Argentina_gov,Paraguay_gov,0
Argentina_gov,Peru_gov,0
Argentina_gov,Poland_gov,0
Argentina_gov,Portugal_gov,0
Argentina_gov,Qatar_gov,0
Argentina_gov,Russia_gov,0
Argentina_gov,Rwanda_gov,0
Argentina_gov,Samoa_gov,0
Argentina_gov,Serbia_gov,0
Argentina_gov,Sierra Leone_gov,0
Argentina_gov,Slovakia_gov,0
Argentina_gov,Solomon Islands_gov,0
Argentina_gov,South Africa_gov,0
Argentina_gov,South Korea_gov,0
Argentina_gov,South Sudan_gov,0
Argentina_gov,Spain_gov,0
Argentina_gov,Sri Lanka_gov,0
Argentina_gov,State of Palestine_gov,0
Argentina_gov,Suriname_gov,0
Argentina_gov,Sweden_gov,0
Argentina_gov,Switzerland_gov,0
Argentina_gov,Taiwan_gov,0
Argentina_gov,Timor-Leste_gov,0
Argentina_gov,Togo_gov,0
Argentina_gov,Turkey_gov,0
Argentina_gov,Uganda_gov,0
Argentina_gov,United Kingdom_gov,0
Argentina_gov,United States_gov,0
Argentina_gov,Vietnam_gov,0
Argentina_gov,Yemen_gov,0
Armenia_gov,Afghanistan_gov,0
Armenia_gov,Angola_gov,0
Armenia_gov,Antigua and Barbuda_gov,0
Armenia_gov,Argentina_gov,0
Armenia_gov,Australia_gov,0
Armenia_gov,Austria_gov,0
Armenia_gov,Bangladesh_gov,0
Armenia_gov,Belarus_gov,0
Armenia_gov,Belgium_gov,0
Armenia_gov,Benin_gov,0
Armenia_gov,Bolivia_gov,0
Armenia_gov,Bosnia and Herzegovina_gov,0
Armenia_gov,Brazil_gov,0
Armenia_gov,Burkina Faso_gov,0
Armenia_gov,Canada_gov,0
Armenia_gov,Chile_gov,0
Armenia_gov,China_gov,0
Armenia_gov,Colombia_gov,0
Armenia_gov,Congo_gov,0
Armenia_gov,Croatia_gov,0
Armenia_gov,Czechia_gov,0
Armenia_gov,Democratic Republic of the Congo_gov,0
Armenia_gov,Denmark_gov,0
Armenia_gov,Ecuador_gov,0
Armenia_gov,El Salvador_gov,0
Armenia_gov,Ethiopia_gov,0
Armenia_gov,Finland_gov,0
Armenia_gov,France_gov,0
Armenia_gov,Germany_gov,0
Armenia_gov,Ghana_gov,0
Armenia_gov,Greece_gov,0
Armenia_gov,Guatemala_gov,0
Armenia_gov,Hungary_gov,0
Armenia_gov,India_gov,0
Armenia_gov,Indonesia_gov,0
Armenia_gov,Iraq_gov,0
Armenia_gov,Ireland_gov,0
Armenia_gov,Israel_gov,0
Armenia_gov,Italy_gov,0
Armenia_gov,Jamaica_gov,0
Armenia_gov,Japan_gov,0
Armenia_gov,Jordan_gov,0
Armenia_gov,Kenya_gov,0
Armenia_gov,Kuwait_gov,0
Armenia_gov,Latvia_gov,0
Armenia_gov,Libya_gov,0
Armenia_gov,Lithuania_gov,0
Armenia_gov,Luxembourg_gov,0
Armenia_gov,Mexico_gov,0
Armenia_gov,Monaco_gov,0
Armenia_gov,Montenegro_gov,0
Armenia_gov,Myanmar_gov,0
Armenia_gov,Namibia_gov,0
Armenia_gov,Nepal_gov,0
Armenia_gov,Netherlands_gov,0
Armenia_gov,New Zealand_gov,0
Armenia_gov,Nigeria_gov,0
Armenia_gov,North Korea_gov,0
Armenia_gov,Norway_gov,0
Armenia_gov,Pakistan_gov,0
Armenia_gov,Paraguay_gov,0
Armenia_gov,Peru_gov,0
Armenia_gov,Poland_gov,0
Armenia_gov,Portugal_gov,0
Armenia_gov,Qatar_gov,0
Armenia_gov,Russia_gov,0
Armenia_gov,Rwanda_gov,0
Armenia_gov,Samoa_gov,0
Armenia_gov,Serbia_gov,0
Armenia_gov,Sierra Leone_gov,0
Armenia_gov,Slovakia_gov,0
Armenia_gov,Solomon Islands_gov,0
Armenia_gov,South Africa_gov,0
Armenia_gov,South Korea_gov,0
Armenia_gov,South Sudan_gov,0
Armenia_gov,Spain_gov,0
Armenia_gov,Sri Lanka_gov,0
Armenia_gov,State of Palestine_gov,0
Armenia_gov,Suriname_gov,0
Armenia_gov,Sweden_gov,0
Armenia_gov,Switzerland_gov,0
Armenia_gov,Taiwan_gov,0
Armenia_gov,Timor-Leste_gov,0
Armenia_gov,Togo_gov,0
Armenia_gov,Turkey_gov,0
Armenia_gov,Uganda_gov,0
Armenia_gov,United Kingdom_gov,0
Armenia_gov,United States_gov,0
Armenia_gov,Vietnam_gov,0
Armenia_gov,Yemen_gov,0
Australia_gov,Afghanistan_gov,0
Australia_gov,Angola_gov,0
Australia_gov,Antigua and Barbuda_gov,0
Australia_gov,Argentina_gov,0
Australia_gov,Armenia_gov,0
Australia_gov,Austria_gov,0
Australia_gov,Bangladesh_gov,0
Australia_gov,Belarus_gov,0
Australia_gov,Belgium_gov,0
Australia_gov,Benin_gov,0
Australia_gov,Bolivia_gov,0
Australia_gov,Bosnia and Herzegovina_gov,0
Australia_gov,Brazil_gov,0
Australia_gov,Burkina Faso_gov,0
Australia_gov,Canada_gov,0
Australia_gov,Chile_gov,0
Australia_gov,China_gov,0
Australia_gov,Colombia_gov,0
Australia_gov,Congo_gov,0
Australia_gov,Croatia_gov,0
Australia_gov,Czechia_gov,0
Australia_gov,Democratic Republic of the Congo_gov,0
Australia_gov,Denmark_gov,0
Australia_gov,Ecuador_gov,0
Australia_gov,El Salvador_gov,0
Australia_gov,Ethiopia_gov,0
Australia_gov,Finland_gov,0
Australia_gov,France_gov,0
Australia_gov,Germany_gov,0
Australia_gov,Ghana_gov,0
Australia_gov,Greece_gov,0
Australia_gov,Guatemala_gov,0
Australia_gov,Hungary_gov,0
Australia_gov,India_gov,0
Australia_gov,Indonesia_gov,0
Australia_gov,Iraq_gov,0
Australia_gov,Ireland_gov,0
Australia_gov,Israel_gov,0
Australia_gov,Italy_gov,0
Australia_gov,Jamaica_gov,0
Australia_gov,Japan_gov,0
Australia_gov,Jordan_gov,0
Australia_gov,Kenya_gov,0
Australia_gov,Kuwait_gov,0
Australia_gov,Latvia_gov,0
Australia_gov,Libya_gov,0
Australia_gov,Lithuania_gov,0
Australia_gov,Luxembourg_gov,0
Australia_gov,Mexico_gov,0
Australia_gov,Monaco_gov,0
Australia_gov,Montenegro_gov,0
Australia_gov,Myanmar_gov,0
Australia_gov,Namibia_gov,0
Australia_gov,Nepal_gov,0
Australia_gov,Netherlands_gov,0
Australia_gov,New Zealand_gov,0
Australia_gov,Nigeria_gov,0
Australia_gov,North Korea_gov,0
Australia_gov,Norway_gov,0
Australia_gov,Pakistan_gov,0
Australia_gov,Paraguay_gov,0
Australia_gov,Peru_gov,0
Australia_gov,Poland_gov,0
Australia_gov,Portugal_gov,0
Australia_gov,Qatar_gov,0
Australia_gov,Russia_gov,0
Australia_gov,Rwanda_gov,0
Australia_gov,Samoa_gov,0
Australia_gov,Serbia_gov,0
Australia_gov,Sierra Leone_gov,0
Australia_gov,Slovakia_gov,0
Australia_gov,Solomon Islands_gov,0
Australia_gov,South Africa_gov,0
Australia_gov,South Korea_gov,0
Australia_gov,South Sudan_gov,0
Australia_gov,Spain_gov,0
Australia_gov,Sri Lanka_gov,0
Australia_gov,State of Palestine_gov,0
Australia_gov,Suriname_gov,0
Australia_gov,Sweden_gov,0
Australia_gov,Switzerland_gov,0
Australia_gov,Taiwan_gov,0
Australia_gov,Timor-Leste_gov,0
Australia_gov,Togo_gov,0
Australia_gov,Turkey_gov,0
Australia_gov,Uganda_gov,0
Australia_gov,United Kingdom_gov,0
Australia_gov,United States_gov,0
Australia_gov,Vietnam_gov,0
Australia_gov,Yemen_gov,0
Austria_gov,Afghanistan_gov,0
Austria_gov,Angola_gov,0
Austria_gov,Antigua and Barbuda_gov,0
Austria_gov,Argentina_gov,0
Austria_gov,Armenia_gov,0
Austria_gov,Australia_gov,0
Austria_gov,Bangladesh_gov,0
Austria_gov,Belarus_gov,0
Austria_gov,Belgium_gov,0
Austria_gov,Benin_gov,0
Austria_gov,Bolivia_gov,0
Austria_gov,Bosnia and Herzegovina_gov,0
Austria_gov,Brazil_gov,0
Austria_gov,Burkina Faso_gov,0
Austria_gov,Canada_gov,0
Austria_gov,Chile_gov,0
Austria_gov,China_gov,0
Austria_gov,Colombia_gov,0
Austria_gov,Congo_gov,0
Austria_gov,Croatia_gov,0
Austria_gov,Czechia_gov,0
Austria_gov,Democratic Republic of the Congo_gov,0
Austria_gov,Denmark_gov,0
Austria_gov,Ecuador_gov,0
Austria_gov,El Salvador_gov,0
Austria_gov,Ethiopia_gov,0
Austria_gov,Finland_gov,0
Austria_gov,France_gov,0
Austria_gov,Germany_gov,0
Austria_gov,Ghana_gov,0
Austria_gov,Greece_gov,0
Austria_gov,Guatemala_gov,0
Austria_gov,Hungary_gov,0
Austria_gov,India_gov,0
Austria_gov,Indonesia_gov,0
Austria_gov,Iraq_gov,0
Austria_gov,Ireland_gov,0
Austria_gov,Israel_gov,0
Austria_gov,Italy_gov,0
Austria_gov,Jamaica_gov,0
Austria_gov,Japan_gov,0
Austria_gov,Jordan_gov,0
Austria_gov,Kenya_gov,0
Austria_gov,Kuwait_gov,0
Austria_gov,Latvia_gov,0
Austria_gov,Libya_gov,0
Austria_gov,Lithuania_gov,0
Austria_gov,Luxembourg_gov,0
Austria_gov,Mexico_gov,0
Austria_gov,Monaco_gov,0
Austria_gov,Montenegro_gov,0
Austria_gov,Myanmar_gov,0
Austria_gov,Namibia_gov,0
Austria_gov,Nepal_gov,0
Austria_gov,Netherlands_gov,0
Austria_gov,New Zealand_gov,0
Austria_gov,Nigeria_gov,0
Austria_gov,North Korea_gov,0
Austria_gov,Norway_gov,0
Austria_gov,Pakistan_gov,0
Austria_gov,Paraguay_gov,0
Austria_gov,Peru_gov,0
Austria_gov,Poland_gov,0
Austria_gov,Portugal_gov,0
Austria_gov,Qatar_gov,0
Austria_gov,Russia_gov,0
Austria_gov,Rwanda_gov,0
Austria_gov,Samoa_gov,0
Austria_gov,Serbia_gov,0
Austria_gov,Sierra Leone_gov,0
Austria_gov,Slovakia_gov,0
Austria_gov,Solomon Islands_gov,0
Austria_gov,South Africa_gov,0
Austria_gov,South Korea_gov,0
Austria_gov,South Sudan_gov,0
Austria_gov,Spain_gov,0
Austria_gov,Sri Lanka_gov,0
Austria_gov,State of Palestine_gov,0
Austria_gov,Suriname_gov,0
Austria_gov,Sweden_gov,0
Austria_gov,Switzerland_gov,0
Austria_gov,Taiwan_gov,0
Austria_gov,Timor-Leste_gov,0
Austria_gov,Togo_gov,0
Austria_gov,Turkey_gov,0
Austria_gov,Uganda_gov,0
Austria_gov,United Kingdom_gov,0
Austria_gov,United States_gov,0
Austria_gov,Vietnam_gov,0
Austria_gov,Yemen_gov,0
Bangladesh_gov,Afghanistan_gov,0
Bangladesh_gov,Angola_gov,0
Bangladesh_gov,Antigua and Barbuda_gov,0
Bangladesh_gov,Argentina_gov,0
Bangladesh_gov,Armenia_gov,0
Bangladesh_gov,Australia_gov,0
Bangladesh_gov,Austria_gov,0
Bangladesh_gov,Belarus_gov,0
Bangladesh_gov,Belgium_gov,0
Bangladesh_gov,Benin_gov,0
Bangladesh_gov,Bolivia_gov,0
Bangladesh_gov,Bosnia and Herzegovina_gov,0
Bangladesh_gov,Brazil_gov,0
Bangladesh_gov,Burkina Faso_gov,0
Bangladesh_gov,Canada_gov,0
Bangladesh_gov,Chile_gov,0
Bangladesh_gov,China_gov,0
Bangladesh_gov,Colombia_gov,0
Bangladesh_gov,Congo_gov,0
Bangladesh_gov,Croatia_gov,0
Bangladesh_gov,Czechia_gov,0
Bangladesh_gov,Democratic Republic of the Congo_gov,0
Bangladesh_gov,Denmark_gov,0
Bangladesh_gov,Ecuador_gov,0
Bangladesh_gov,El Salvador_gov,0
Bangladesh_gov,Ethiopia_gov,0
Bangladesh_gov,Finland_gov,0
Bangladesh_gov,France_gov,0
Bangladesh_gov,Germany_gov,0
Bangladesh_gov,Ghana_gov,0
Bangladesh_gov,Greece_gov,0
Bangladesh_gov,Guatemala_gov,0
Bangladesh_gov,Hungary_gov,0
Bangladesh_gov,India_gov,0
Bangladesh_gov,Indonesia_gov,0
Bangladesh_gov,Iraq_gov,0
Bangladesh_gov,Ireland_gov,0
Bangladesh_gov,Israel_gov,0
Bangladesh_gov,Italy_gov,0
Bangladesh_gov,Jamaica_gov,0
Bangladesh_gov,Japan_gov,0
Bangladesh_gov,Jordan_gov,0
Bangladesh_gov,Kenya_gov,0
Bangladesh_gov,Kuwait_gov,0
Bangladesh_gov,Latvia_gov,0
Bangladesh_gov,Libya_gov,0
Bangladesh_gov,Lithuania_gov,0
Bangladesh_gov,Luxembourg_gov,0
Bangladesh_gov,Mexico_gov,0
Bangladesh_gov,Monaco_gov,0
Bangladesh_gov,Montenegro_gov,0
Bangladesh_gov,Myanmar_gov,0
Bangladesh_gov,Namibia_gov,0
Bangladesh_gov,Nepal_gov,0
Bangladesh_gov,Netherlands_gov,0
Bangladesh_gov,New Zealand_gov,0
Bangladesh_gov,Nigeria_gov,0
Bangladesh_gov,North Korea_gov,0
Bangladesh_gov,Norway_gov,0
Bangladesh_gov,Pakistan_gov,0
Bangladesh_gov,Paraguay_gov,0
Bangladesh_gov,Peru_gov,0
Bangladesh_gov,Poland_gov,0
Bangladesh_gov,Portugal_gov,0
Bangladesh_gov,Qatar_gov,0
Bangladesh_gov,Russia_gov,0
Bangladesh_gov,Rwanda_gov,0
Bangladesh_gov,Samoa_gov,0
Bangladesh_gov,Serbia_gov,0
Bangladesh_gov,Sierra Leone_gov,0
Bangladesh_gov,Slovakia_gov,0
Bangladesh_gov,Solomon Islands_gov,0
Bangladesh_gov,South Africa_gov,0
Bangladesh_gov,South Korea_gov,0
Bangladesh_gov,South Sudan_gov,0
Bangladesh_gov,Spain_gov,0
Bangladesh_gov,Sri Lanka_gov,0
Bangladesh_gov,State of Palestine_gov,0
Bangladesh_gov,Suriname_gov,0
Bangladesh_gov,Sweden_gov,0
Bangladesh_gov,Switzerland_gov,0
Bangladesh_gov,Taiwan_gov,0
Bangladesh_gov,Timor-Leste_gov,0
Bangladesh_gov,Togo_gov,0
Bangladesh_gov,Turkey_gov,0
Bangladesh_gov,Uganda_gov,0
Bangladesh_gov,United Kingdom_gov,0
Bangladesh_gov,United States_gov,0
Bangladesh_gov,Vietnam_gov,0
Bangladesh_gov,Yemen_gov,0
Belarus_gov,Afghanistan_gov,0
Belarus_gov,Angola_gov,0
Belarus_gov,Antigua and Barbuda_gov,0
Belarus_gov,Argentina_gov,0
Belarus_gov,Armenia_gov,0
Belarus_gov,Australia_gov,0
Belarus_gov,Austria_gov,0
Belarus_gov,Bangladesh_gov,0
Belarus_gov,Belgium_gov,0
Belarus_gov,Benin_gov,0
Belarus_gov,Bolivia_gov,0
Belarus_gov,Bosnia and Herzegovina_gov,0
Belarus_gov,Brazil_gov,0
Belarus_gov,Burkina Faso_gov,0
Belarus_gov,Canada_gov,0
Belarus_gov,Chile_gov,0
Belarus_gov,China_gov,0
Belarus_gov,Colombia_gov,0
Belarus_gov,Congo_gov,0
Belarus_gov,Croatia_gov,0
Belarus_gov,Czechia_gov,0
Belarus_gov,Democratic Republic of the Congo_gov,0
Belarus_gov,Denmark_gov,0
Belarus_gov,Ecuador_gov,0
Belarus_gov,El Salvador_gov,0
Belarus_gov,Ethiopia_gov,0
Belarus_gov,Finland_gov,0
Belarus_gov,France_gov,0
Belarus_gov,Germany_gov,0
Belarus_gov,Ghana_gov,0
Belarus_gov,Greece_gov,0
Belarus_gov,Guatemala_gov,0
Belarus_gov,Hungary_gov,0
Belarus_gov,India_gov,0
Belarus_gov,Indonesia_gov,0
Belarus_gov,Iraq_gov,0
Belarus_gov,Ireland_gov,0
Belarus_gov,Israel_gov,0
Belarus_gov,Italy_gov,0
Belarus_gov,Jamaica_gov,0
Belarus_gov,Japan_gov,0
Belarus_gov,Jordan_gov,0
Belarus_gov,Kenya_gov,0
Belarus_gov,Kuwait_gov,0
Belarus_gov,Latvia_gov,0
Belarus_gov,Libya_gov,0
Belarus_gov,Lithuania_gov,0
Belarus_gov,Luxembourg_gov,0
Belarus_gov,Mexico_gov,0
Belarus_gov,Monaco_gov,0
Belarus_gov,Montenegro_gov,0
Belarus_gov,Myanmar_gov,0
Belarus_gov,Namibia_gov,0
Belarus_gov,Nepal_gov,0
Belarus_gov,Netherlands_gov,0
Belarus_gov,New Zealand_gov,0
Belarus_gov,Nigeria_gov,0
Belarus_gov,North Korea_gov,0
Belarus_gov,Norway_gov,0
Belarus_gov,Pakistan_gov,0
Belarus_gov,Paraguay_gov,0
Belarus_gov,Peru_gov,0
Belarus_gov,Poland_gov,0
Belarus_gov,Portugal_gov,0
Belarus_gov,Qatar_gov,0
Belarus_gov,Russia_gov,0
Belarus_gov,Rwanda_gov,0
Belarus_gov,Samoa_gov,0
Belarus_gov,Serbia_gov,0
Belarus_gov,Sierra Leone_gov,0
Belarus_gov,Slovakia_gov,0
Belarus_gov,Solomon Islands_gov,0
Belarus_gov,South Africa_gov,0
Belarus_gov,South Korea_gov,0
Belarus_gov,South Sudan_gov,0
Belarus_gov,Spain_gov,0
Belarus_gov,Sri Lanka_gov,0
Belarus_gov,State of Palestine_gov,0
Belarus_gov,Suriname_gov,0
Belarus_gov,Sweden_gov,0
Belarus_gov,Switzerland_gov,0
Belarus_gov,Taiwan_gov,0
Belarus_gov,Timor-Leste_gov,0
Belarus_gov,Togo_gov,0
Belarus_gov,Turkey_gov,0
Belarus_gov,Uganda_gov,0
Belarus_gov,United Kingdom_gov,0
Belarus_gov,United States_gov,0
Belarus_gov,Vietnam_gov,0
Belarus_gov,Yemen_gov,0
Belgium_gov,Afghanistan_gov,0
Belgium_gov,Angola_gov,0
Belgium_gov,Antigua and Barbuda_gov,0
Belgium_gov,Argentina_gov,0
Belgium_gov,Armenia_gov,0
Belgium_gov,Australia_gov,0
Belgium_gov,Austria_gov,0
Belgium_gov,Bangladesh_gov,0
Belgium_gov,Belarus_gov,0
Belgium_gov,Benin_gov,0
Belgium_gov,Bolivia_gov,0
Belgium_gov,Bosnia and Herzegovina_gov,0
Belgium_gov,Brazil_gov,0
Belgium_gov,Burkina Faso_gov,0
Belgium_gov,Canada_gov,0
Belgium_gov,Chile_gov,0
Belgium_gov,China_gov,0
Belgium_gov,Colombia_gov,0
Belgium_gov,Congo_gov,0
Belgium_gov,Croatia_gov,0
Belgium_gov,Czechia_gov,0
Belgium_gov,Democratic Republic of the Congo_gov,1
Belgium_gov,Denmark_gov,0
Belgium_gov,Ecuador_gov,0
Belgium_gov,El Salvador_gov,0
Belgium_gov,Ethiopia_gov,0
Belgium_gov,Finland_gov,0
Belgium_gov,France_gov,0
Belgium_gov,Germany_gov,0
Belgium_gov,Ghana_gov,0
Belgium_gov,Greece_gov,0
Belgium_gov,Guatemala_gov,0
Belgium_gov,Hungary_gov,0
Belgium_gov,India_gov,0
Belgium_gov,Indonesia_gov,0
Belgium_gov,Iraq_gov,0
Belgium_gov,Ireland_gov,0
Belgium_gov,Israel_gov,0
Belgium_gov,Italy_gov,0
Belgium_gov,Jamaica_gov,0
Belgium_gov,Japan_gov,0
Belgium_gov,Jordan_gov,0
Belgium_gov,Kenya_gov,0
Belgium_gov,Kuwait_gov,0
Belgium_gov,Latvia_gov,0
Belgium_gov,Libya_gov,0
Belgium_gov,Lithuania_gov,0
Belgium_gov,Luxembourg_gov,0
Belgium_gov,Mexico_gov,0
Belgium_gov,Monaco_gov,0
Belgium_gov,Montenegro_gov,0
Belgium_gov,Myanmar_gov,0
Belgium_gov,Namibia_gov,0
Belgium_gov,Nepal_gov,0
Belgium_gov,Netherlands_gov,0
Belgium_gov,New Zealand_gov,0
Belgium_gov,Nigeria_gov,0
Belgium_gov,North Korea_gov,0
Belgium_gov,Norway_gov,0
Belgium_gov,Pakistan_gov,0
Belgium_gov,Paraguay_gov,0
Belgium_gov,Peru_gov,0
Belgium_gov,Poland_gov,0
Belgium_gov,Portugal_gov,0
Belgium_gov,Qatar_gov,0
Belgium_gov,Russia_gov,0
Belgium_gov,Rwanda_gov,1
Belgium_gov,Samoa_gov,0
Belgium_gov,Serbia_gov,0
Belgium_gov,Sierra Leone_gov,0
Belgium_gov,Slovakia_gov,0
Belgium_gov,Solomon Islands_gov,0
Belgium_gov,South Africa_gov,0
Belgium_gov,South Korea_gov,0
Belgium_gov,South Sudan_gov,0
Belgium_gov,Spain_gov,0
Belgium_gov,Sri Lanka_gov,0
Belgium_gov,State of Palestine_gov,0
Belgium_gov,Suriname_gov,0
Belgium_gov,Sweden_gov,0
Belgium_gov,Switzerland_gov,0
Belgium_gov,Taiwan_gov,0
Belgium_gov,Timor-Leste_gov,0
Belgium_gov,Togo_gov,0
Belgium_gov,Turkey_gov,0
Belgium_gov,Uganda_gov,0
Belgium_gov,United Kingdom_gov,0
Belgium_gov,United States_gov,0
Belgium_gov,Vietnam_gov,0
Belgium_gov,Yemen_gov,0
Benin_gov,Afghanistan_gov,0
Benin_gov,Angola_gov,0
Benin_gov,Antigua and Barbuda_gov,0
Benin_gov,Argentina_gov,0
Benin_gov,Armenia_gov,0
Benin_gov,Australia_gov,0
Benin_gov,Austria_gov,0
Benin_gov,Bangladesh_gov,0
Benin_gov,Belarus_gov,0
Benin_gov,Belgium_gov,0
Benin_gov,Bolivia_gov,0
Benin_gov,Bosnia and Herzegovina_gov,0
Benin_gov,Brazil_gov,0
Benin_gov,Burkina Faso_gov,0
Benin_gov,Canada_gov,0
Benin_gov,Chile_gov,0
Benin_gov,China_gov,0
Benin_gov,Colombia_gov,0
Benin_gov,Congo_gov,0
Benin_gov,Croatia_gov,0
Benin_gov,Czechia_gov,0
Benin_gov,Democratic Republic of the Congo_gov,0
Benin_gov,Denmark_gov,0
Benin_gov,Ecuador_gov,0
Benin_gov,El Salvador_gov,0
Benin_gov,Ethiopia_gov,0
Benin_gov,Finland_gov,0
Benin_gov,France_gov,0
Benin_gov,Germany_gov,0
Benin_gov,Ghana_gov,0
Benin_gov,Greece_gov,0
Benin_gov,Guatemala_gov,0
Benin_gov,Hungary_gov,0
Benin_gov,India_gov,0
Benin_gov,Indonesia_gov,0
Benin_gov,Iraq_gov,0
Benin_gov,Ireland_gov,0
Benin_gov,Israel_gov,0
Benin_gov,Italy_gov,0
Benin_gov,Jamaica_gov,0
Benin_gov,Japan_gov,0
Benin_gov,Jordan_gov,0
Benin_gov,Kenya_gov,0
Benin_gov,Kuwait_gov,0
Benin_gov,Latvia_gov,0
Benin_gov,Libya_gov,0
Benin_gov,Lithuania_gov,0
Benin_gov,Luxembourg_gov,0
Benin_gov,Mexico_gov,0
Benin_gov,Monaco_gov,0
Benin_gov,Montenegro_gov,0
Benin_gov,Myanmar_gov,0
Benin_gov,Namibia_gov,0
Benin_gov,Nepal_gov,0
Benin_gov,Netherlands_gov,0
Benin_gov,New Zealand_gov,0
Benin_gov,Nigeria_gov,0
Benin_gov,North Korea_gov,0
Benin_gov,Norway_gov,0
Benin_gov,Pakistan_gov,0
Benin_gov,Paraguay_gov,0
Benin_gov,Peru_gov,0
Benin_gov,Poland_gov,0
Benin_gov,Portugal_gov,0
Benin_gov,Qatar_gov,0
Benin_gov,Russia_gov,0
Benin_gov,Rwanda_gov,0
Benin_gov,Samoa_gov,0
Benin_gov,Serbia_gov,0
Benin_gov,Sierra Leone_gov,0
Benin_gov,Slovakia_gov,0
Benin_gov,Solomon Islands_gov,0
Benin_gov,South Africa_gov,0
Benin_gov,South Korea_gov,0
Benin_gov,South Sudan_gov,0
Benin_gov,Spain_gov,0
Benin_gov,Sri Lanka_gov,0
Benin_gov,State of Palestine_gov,0
Benin_gov,Suriname_gov,0
Benin_gov,Sweden_gov,0
Benin_gov,Switzerland_gov,0
Benin_gov,Taiwan_gov,0
Benin_gov,Timor-Leste_gov,0
Benin_gov,Togo_gov,0
Benin_gov,Turkey_gov,0
Benin_gov,Uganda_gov,0
Benin_gov,United Kingdom_gov,0
Benin_gov,United States_gov,0
Benin_gov,Vietnam_gov,0
Benin_gov,Yemen_gov,0
Bolivia_gov,Afghanistan_gov,0
Bolivia_gov,Angola_gov,0
Bolivia_gov,Antigua and Barbuda_gov,0
Bolivia_gov,Argentina_gov,0
Bolivia_gov,Armenia_gov,0
Bolivia_gov,Australia_gov,0
Bolivia_gov,Austria_gov,0
Bolivia_gov,Bangladesh_gov,0
Bolivia_gov,Belarus_gov,0
Bolivia_gov,Belgium_gov,0
Bolivia_gov,Benin_gov,0
Bolivia_gov,Bosnia and Herzegovina_gov,0
Bolivia_gov,Brazil_gov,0
Bolivia_gov,Burkina Faso_gov,0
Bolivia_gov,Canada_gov,0
Bolivia_gov,Chile_gov,0
Bolivia_gov,China_gov,0
Bolivia_gov,Colombia_gov,0
Bolivia_gov,Congo_gov,0
Bolivia_gov,Croatia_gov,0
Bolivia_gov,Czechia_gov,0
Bolivia_gov,Democratic Republic of the Congo_gov,0
Bolivia_gov,Denmark_gov,0
Bolivia_gov,Ecuador_gov,0
Bolivia_gov,El Salvador_gov,0
Bolivia_gov,Ethiopia_gov,0
Bolivia_gov,Finland_gov,0
Bolivia_gov,France_gov,0
Bolivia_gov,Germany_gov,0
Bolivia_gov,Ghana_gov,0
Bolivia_gov,Greece_gov,0
Bolivia_gov,Guatemala_gov,0
Bolivia_gov,Hungary_gov,0
Bolivia_gov,India_gov,0
Bolivia_gov,Indonesia_gov,0
Bolivia_gov,Iraq_gov,0
Bolivia_gov,Ireland_gov,0
Bolivia_gov,Israel_gov,0
Bolivia_gov,Italy_gov,0
Bolivia_gov,Jamaica_gov,0
Bolivia_gov,Japan_gov,0
Bolivia_gov,Jordan_gov,0
Bolivia_gov,Kenya_gov,0
Bolivia_gov,Kuwait_gov,0
Bolivia_gov,Latvia_gov,0
Bolivia_gov,Libya_gov,0
Bolivia_gov,Lithuania_gov,0
Bolivia_gov,Luxembourg_gov,0
Bolivia_gov,Mexico_gov,0
Bolivia_gov,Monaco_gov,0
Bolivia_gov,Montenegro_gov,0
Bolivia_gov,Myanmar_gov,0
Bolivia_gov,Namibia_gov,0
Bolivia_gov,Nepal_gov,0
Bolivia_gov,Netherlands_gov,0
Bolivia_gov,New Zealand_gov,0
Bolivia_gov,Nigeria_gov,0
Bolivia_gov,North Korea_gov,0
Bolivia_gov,Norway_gov,0
Bolivia_gov,Pakistan_gov,0
Bolivia_gov,Paraguay_gov,0
Bolivia_gov,Peru_gov,0
Bolivia_gov,Poland_gov,0
Bolivia_gov,Portugal_gov,0
Bolivia_gov,Qatar_gov,0
Bolivia_gov,Russia_gov,0
Bolivia_gov,Rwanda_gov,0
Bolivia_gov,Samoa_gov,0
Bolivia_gov,Serbia_gov,0
Bolivia_gov,Sierra Leone_gov,0
Bolivia_gov,Slovakia_gov,0
Bolivia_gov,Solomon Islands_gov,0
Bolivia_gov,South Africa_gov,0
Bolivia_gov,South Korea_gov,0
Bolivia_gov,South Sudan_gov,0
Bolivia_gov,Spain_gov,0
Bolivia_gov,Sri Lanka_gov,0
Bolivia_gov,State of Palestine_gov,0
Bolivia_gov,Suriname_gov,0
Bolivia_gov,Sweden_gov,0
Bolivia_gov,Switzerland_gov,0
Bolivia_gov,Taiwan_gov,0
Bolivia_gov,Timor-Leste_gov,0
Bolivia_gov,Togo_gov,0
Bolivia_gov,Turkey_gov,0
Bolivia_gov,Uganda_gov,0
Bolivia_gov,United Kingdom_gov,0
Bolivia_gov,United States_gov,0
Bolivia_gov,Vietnam_gov,0
Bolivia_gov,Yemen_gov,0
Bosnia and Herzegovina_gov,Afghanistan_gov,0
Bosnia and Herzegovina_gov,Angola_gov,0
Bosnia and Herzegovina_gov,Antigua and Barbuda_gov,0
Bosnia and Herzegovina_gov,Argentina_gov,0
Bosnia and Herzegovina_gov,Armenia_gov,0
Bosnia and Herzegovina_gov,Australia_gov,0
Bosnia and Herzegovina_gov,Austria_gov,0
Bosnia and Herzegovina_gov,Bangladesh_gov,0
Bosnia and Herzegovina_gov,Belarus_gov,0
Bosnia and Herzegovina_gov,Belgium_gov,0
Bosnia and Herzegovina_gov,Benin_gov,0
Bosnia and Herzegovina_gov,Bolivia_gov,0
Bosnia and Herzegovina_gov,Brazil_gov,0
Bosnia and Herzegovina_gov,Burkina Faso_gov,0
Bosnia and Herzegovina_gov,Canada_gov,0
Bosnia and Herzegovina_gov,Chile_gov,0
Bosnia and Herzegovina_gov,China_gov,0
Bosnia and Herzegovina_gov,Colombia_gov,0
Bosnia and Herzegovina_gov,Congo_gov,0
Bosnia and Herzegovina_gov,Croatia_gov,0
Bosnia and Herzegovina_gov,Czechia_gov,0
Bosnia and Herzegovina_gov,Democratic Republic of the Congo_gov,0
Bosnia and Herzegovina_gov,Denmark_gov,0
Bosnia and Herzegovina_gov,Ecuador_gov,0
Bosnia and Herzegovina_gov,El Salvador_gov,0
Bosnia and Herzegovina_gov,Ethiopia_gov,0
Bosnia and Herzegovina_gov,Finland_gov,0
Bosnia and Herzegovina_gov,France_gov,0
Bosnia and Herzegovina_gov,Germany_gov,0
Bosnia and Herzegovina_gov,Ghana_gov,0
Bosnia and Herzegovina_gov,Greece_gov,0
Bosnia and Herzegovina_gov,Guatemala_gov,0
Bosnia and Herzegovina_gov,Hungary_gov,0
Bosnia and Herzegovina_gov,India_gov,0
Bosnia and Herzegovina_gov,Indonesia_gov,0
Bosnia and Herzegovina_gov,Iraq_gov,0
Bosnia and Herzegovina_gov,Ireland_gov,0
Bosnia and Herzegovina_gov,Israel_gov,0
Bosnia and Herzegovina_gov,Italy_gov,0
Bosnia and Herzegovina_gov,Jamaica_gov,0
Bosnia and Herzegovina_gov,Japan_gov,0
Bosnia and Herzegovina_gov,Jordan_gov,0
Bosnia and Herzegovina_gov,Kenya_gov,0
Bosnia and Herzegovina_gov,Kuwait_gov,0
Bosnia and Herzegovina_gov,Latvia_gov,0
Bosnia and Herzegovina_gov,Libya_gov,0
Bosnia and Herzegovina_gov,Lithuania_gov,0
Bosnia and Herzegovina_gov,Luxembourg_gov,0
Bosnia and Herzegovina_gov,Mexico_gov,0
Bosnia and Herzegovina_gov,Monaco_gov,0
Bosnia and Herzegovina_gov,Montenegro_gov,0
Bosnia and Herzegovina_gov,Myanmar_gov,0
Bosnia and Herzegovina_gov,Namibia_gov,0
Bosnia and Herzegovina_gov,Nepal_gov,0
Bosnia and Herzegovina_gov,Netherlands_gov,0
Bosnia and Herzegovina_gov,New Zealand_gov,0
Bosnia and Herzegovina_gov,Nigeria_gov,0
Bosnia and Herzegovina_gov,North Korea_gov,0
Bosnia and Herzegovina_gov,Norway_gov,0
Bosnia and Herzegovina_gov,Pakistan_gov,0
Bosnia and Herzegovina_gov,Paraguay_gov,0
Bosnia and Herzegovina_gov,Peru_gov,0
Bosnia and Herzegovina_gov,Poland_gov,0
Bosnia and Herzegovina_gov,Portugal_gov,0
Bosnia and Herzegovina_gov,Qatar_gov,0
Bosnia and Herzegovina_gov,Russia_gov,0
Bosnia and Herzegovina_gov,Rwanda_gov,0
Bosnia and Herzegovina_gov,Samoa_gov,0
Bosnia and Herzegovina_gov,Serbia_gov,0
Bosnia and Herzegovina_gov,Sierra Leone_gov,0
Bosnia and Herzegovina_gov,Slovakia_gov,0
Bosnia and Herzegovina_gov,Solomon Islands_gov,0
Bosnia and Herzegovina_gov,South Africa_gov,0
Bosnia and Herzegovina_gov,South Korea_gov,0
Bosnia and Herzegovina_gov,South Sudan_gov,0
Bosnia and Herzegovina_gov,Spain_gov,0
Bosnia and Herzegovina_gov,Sri Lanka_gov,0
Bosnia and Herzegovina_gov,State of Palestine_gov,0
Bosnia and Herzegovina_gov,Suriname_gov,0
Bosnia and Herzegovina_gov,Sweden_gov,0
Bosnia and Herzegovina_gov,Switzerland_gov,0
Bosnia and Herzegovina_gov,Taiwan_gov,0
Bosnia and Herzegovina_gov,Timor-Leste_gov,0
Bosnia and Herzegovina_gov,Togo_gov,0
Bosnia and Herzegovina_gov,Turkey_gov,0
Bosnia and Herzegovina_gov,Uganda_gov,0
Bosnia and Herzegovina_gov,United Kingdom_gov,0
Bosnia and Herzegovina_gov,United States_gov,0
Bosnia and Herzegovina_gov,Vietnam_gov,0
Bosnia and Herzegovina_gov,Yemen_gov,0
Brazil_gov,Afghanistan_gov,0
Brazil_gov,Angola_gov,0
Brazil_gov,Antigua and Barbuda_gov,0
Brazil_gov,Argentina_gov,0
Brazil_gov,Armenia_gov,0
Brazil_gov,Australia_gov,0
Brazil_gov,Austria_gov,0
Brazil_gov,Bangladesh_gov,0
Brazil_gov,Belarus_gov,0
Brazil_gov,Belgium_gov,0
Brazil_gov,Benin_gov,0
Brazil_gov,Bolivia_gov,0
Brazil_gov,Bosnia and Herzegovina_gov,0
Brazil_gov,Burkina Faso_gov,0
Brazil_gov,Canada_gov,0
Brazil_gov,Chile_gov,0
Brazil_gov,China_gov,0
Brazil_gov,Colombia_gov,0
Brazil_gov,Congo_gov,0
Brazil_gov,Croatia_gov,0
Brazil_gov,Czechia_gov,0
Brazil_gov,Democratic Republic of the Congo_gov,0
Brazil_gov,Denmark_gov,0
Brazil_gov,Ecuador_gov,0
Brazil_gov,El Salvador_gov,0
Brazil_gov,Ethiopia_gov,0
Brazil_gov,Finland_gov,0
Brazil_gov,France_gov,0
Brazil_gov,Germany_gov,0
Brazil_gov,Ghana_gov,0
Brazil_gov,Greece_gov,0
Brazil_gov,Guatemala_gov,0
Brazil_gov,Hungary_gov,0
Brazil_gov,India_gov,0
Brazil_gov,Indonesia_gov,0
Brazil_gov,Iraq_gov,0
Brazil_gov,Ireland_gov,0
Brazil_gov,Israel_gov,0
Brazil_gov,Italy_gov,0
Brazil_gov,Jamaica_gov,0
Brazil_gov,Japan_gov,0
Brazil_gov,Jordan_gov,0
Brazil_gov,Kenya_gov,0
Brazil_gov,Kuwait_gov,0
Brazil_gov,Latvia_gov,0
Brazil_gov,Libya_gov,0
Brazil_gov,Lithuania_gov,0
Brazil_gov,Luxembourg_gov,0
Brazil_gov,Mexico_gov,0
Brazil_gov,Monaco_gov,0
Brazil_gov,Montenegro_gov,0
Brazil_gov,Myanmar_gov,0
Brazil_gov,Namibia_gov,0
Brazil_gov,Nepal_gov,0
Brazil_gov,Netherlands_gov,0
Brazil_gov,New Zealand_gov,0
Brazil_gov,Nigeria_gov,0
Brazil_gov,North Korea_gov,0
Brazil_gov,Norway_gov,0
Brazil_gov,Pakistan_gov,0
Brazil_gov,Paraguay_gov,0
Brazil_gov,Peru_gov,0
Brazil_gov,Poland_gov,0
Brazil_gov,Portugal_gov,0
Brazil_gov,Qatar_gov,0
Brazil_gov,Russia_gov,0
Brazil_gov,Rwanda_gov,0
Brazil_gov,Samoa_gov,0
Brazil_gov,Serbia_gov,0
Brazil_gov,Sierra Leone_gov,0
Brazil_gov,Slovakia_gov,0
Brazil_gov,Solomon Islands_gov,0
Brazil_gov,South Africa_gov,0
Brazil_gov,South Korea_gov,0
Brazil_gov,South Sudan_gov,0
Brazil_gov,Spain_gov,0
Brazil_gov,Sri Lanka_gov,0
Brazil_gov,State of Palestine_gov,0
Brazil_gov,Suriname_gov,0
Brazil_gov,Sweden_gov,0
Brazil_gov,Switzerland_gov,0
Brazil_gov,Taiwan_gov,0
Brazil_gov,Timor-Leste_gov,0
Brazil_gov,Togo_gov,0
Brazil_gov,Turkey_gov,0
Brazil_gov,Uganda_gov,0
Brazil_gov,United Kingdom_gov,0
Brazil_gov,United States_gov,0
Brazil_gov,Vietnam_gov,0
Brazil_gov,Yemen_gov,0
Burkina Faso_gov,Afghanistan_gov,0
Burkina Faso_gov,Angola_gov,0
Burkina Faso_gov,Antigua and Barbuda_gov,0
Burkina Faso_gov,Argentina_gov,0
Burkina Faso_gov,Armenia_gov,0
Burkina Faso_gov,Australia_gov,0
Burkina Faso_gov,Austria_gov,0
Burkina Faso_gov,Bangladesh_gov,0
Burkina Faso_gov,Belarus_gov,0
Burkina Faso_gov,Belgium_gov,0
Burkina Faso_gov,Benin_gov,0
Burkina Faso_gov,Bolivia_gov,0
Burkina Faso_gov,Bosnia and Herzegovina_gov,0
Burkina Faso_gov,Brazil_gov,0
Burkina Faso_gov,Canada_gov,0
Burkina Faso_gov,Chile_gov,0
Burkina Faso_gov,China_gov,0
Burkina Faso_gov,Colombia_gov,0
Burkina Faso_gov,Congo_gov,0
Burkina Faso_gov,Croatia_gov,0
Burkina Faso_gov,Czechia_gov,0
Burkina Faso_gov,Democratic Republic of the Congo_gov,0
Burkina Faso_gov,Denmark_gov,0
Burkina Faso_gov,Ecuador_gov,0
Burkina Faso_gov,El Salvador_gov,0
Burkina Faso_gov,Ethiopia_gov,0
Burkina Faso_gov,Finland_gov,0
Burkina Faso_gov,France_gov,0
Burkina Faso_gov,Germany_gov,0
Burkina Faso_gov,Ghana_gov,0
Burkina Faso_gov,Greece_gov,0
Burkina Faso_gov,Guatemala_gov,0
Burkina Faso_gov,Hungary_gov,0
Burkina Faso_gov,India_gov,0
Burkina Faso_gov,Indonesia_gov,0
Burkina Faso_gov,Iraq_gov,0
Burkina Faso_gov,Ireland_gov,0
Burkina Faso_gov,Israel_gov,0
Burkina Faso_gov,Italy_gov,0
Burkina Faso_gov,Jamaica_gov,0
Burkina Faso_gov,Japan_gov,0
Burkina Faso_gov,Jordan_gov,0
Burkina Faso_gov,Kenya_gov,0
Burkina Faso_gov,Kuwait_gov,0
Burkina Faso_gov,Latvia_gov,0
Burkina Faso_gov,Libya_gov,0
Burkina Faso_gov,Lithuania_gov,0
Burkina Faso_gov,Luxembourg_gov,0
Burkina Faso_gov,Mexico_gov,0
Burkina Faso_gov,Monaco_gov,0
Burkina Faso_gov,Montenegro_gov,0
Burkina Faso_gov,Myanmar_gov,0
Burkina Faso_gov,Namibia_gov,0
Burkina Faso_gov,Nepal_gov,0
Burkina Faso_gov,Netherlands_gov,0
Burkina Faso_gov,New Zealand_gov,0
Burkina Faso_gov,Nigeria_gov,0
Burkina Faso_gov,North Korea_gov,0
Burkina Faso_gov,Norway_gov,0
Burkina Faso_gov,Pakistan_gov,0
Burkina Faso_gov,Paraguay_gov,0
Burkina Faso_gov,Peru_gov,0
Burkina Faso_gov,Poland_gov,0
Burkina Faso_gov,Portugal_gov,0
Burkina Faso_gov,Qatar_gov,0
Burkina Faso_gov,Russia_gov,0
Burkina Faso_gov,Rwanda_gov,0
Burkina Faso_gov,Samoa_gov,0
Burkina Faso_gov,Serbia_gov,0
Burkina Faso_gov,Sierra Leone_gov,0
Burkina Faso_gov,Slovakia_gov,0
Burkina Faso_gov,Solomon Islands_gov,0
Burkina Faso_gov,South Africa_gov,0
Burkina Faso_gov,South Korea_gov,0
Burkina Faso_gov,South Sudan_gov,0
Burkina Faso_gov,Spain_gov,0
Burkina Faso_gov,Sri Lanka_gov,0
Burkina Faso_gov,State of Palestine_gov,0
Burkina Faso_gov,Suriname_gov,0
Burkina Faso_gov,Sweden_gov,0
Burkina Faso_gov,Switzerland_gov,0
Burkina Faso_gov,Taiwan_gov,0
Burkina Faso_gov,Timor-Leste_gov,0
Burkina Faso_gov,Togo_gov,0
Burkina Faso_gov,Turkey_gov,0
Burkina Faso_gov,Uganda_gov,0
Burkina Faso_gov,United Kingdom_gov,0
Burkina Faso_gov,United States_gov,0
Burkina Faso_gov,Vietnam_gov,0
Burkina Faso_gov,Yemen_gov,0
Canada_gov,Afghanistan_gov,0
Canada_gov,Angola_gov,0
Canada_gov,Antigua and Barbuda_gov,0
Canada_gov,Argentina_gov,0
Canada_gov,Armenia_gov,0
Canada_gov,Australia_gov,0
Canada_gov,Austria_gov,0
Canada_gov,Bangladesh_gov,0
Canada_gov,Belarus_gov,0
Canada_gov,Belgium_gov,0
Canada_gov,Benin_gov,0
Canada_gov,Bolivia_gov,0
Canada_gov,Bosnia and Herzegovina_gov,0
Canada_gov,Brazil_gov,0
Canada_gov,Burkina Faso_gov,0
Canada_gov,Chile_gov,0
Canada_gov,China_gov,0
Canada_gov,Colombia_gov,0
Canada_gov,Congo_gov,0
Canada_gov,Croatia_gov,0
Canada_gov,Czechia_gov,0
Canada_gov,Democratic Republic of the Congo_gov,0
Canada_gov,Denmark_gov,0
Canada_gov,Ecuador_gov,0
Canada_gov,El Salvador_gov,0
Canada_gov,Ethiopia_gov,0
Canada_gov,Finland_gov,0
Canada_gov,France_gov,0
Canada_gov,Germany_gov,0
Canada_gov,Ghana_gov,0
Canada_gov,Greece_gov,0
Canada_gov,Guatemala_gov,0
Canada_gov,Hungary_gov,0
Canada_gov,India_gov,0
Canada_gov,Indonesia_gov,0
Canada_gov,Iraq_gov,0
Canada_gov,Ireland_gov,0
Canada_gov,Israel_gov,0
Canada_gov,Italy_gov,0
Canada_gov,Jamaica_gov,0
Canada_gov,Japan_gov,0
Canada_gov,Jordan_gov,0
Canada_gov,Kenya_gov,0
Canada_gov,Kuwait_gov,0
Canada_gov,Latvia_gov,0
Canada_gov,Libya_gov,0
Canada_gov,Lithuania_gov,0
Canada_gov,Luxembourg_gov,0
Canada_gov,Mexico_gov,0
Canada_gov,Monaco_gov,0
Canada_gov,Montenegro_gov,0
Canada_gov,Myanmar_gov,0
Canada_gov,Namibia_gov,0
Canada_gov,Nepal_gov,0
Canada_gov,Netherlands_gov,0
Canada_gov,New Zealand_gov,0
Canada_gov,Nigeria_gov,0
Canada_gov,North Korea_gov,0
Canada_gov,Norway_gov,0
Canada_gov,Pakistan_gov,0
Canada_gov,Paraguay_gov,0
Canada_gov,Peru_gov,0
Canada_gov,Poland_gov,0
Canada_gov,Portugal_gov,0
Canada_gov,Qatar_gov,0
Canada_gov,Russia_gov,0
Canada_gov,Rwanda_gov,0
Canada_gov,Samoa_gov,0
Canada_gov,Serbia_gov,0
Canada_gov,Sierra Leone_gov,0
Canada_gov,Slovakia_gov,0
Canada_gov,Solomon Islands_gov,0
Canada_gov,South Africa_gov,0
Canada_gov,South Korea_gov,0
Canada_gov,South Sudan_gov,0
Canada_gov,Spain_gov,0
Canada_gov,Sri Lanka_gov,0
Canada_gov,State of Palestine_gov,0
Canada_gov,Suriname_gov,0
Canada_gov,Sweden_gov,0
Canada_gov,Switzerland_gov,0
Canada_gov,Taiwan_gov,0
Canada_gov,Timor-Leste_gov,0
Canada_gov,Togo_gov,0
Canada_gov,Turkey_gov,0
Canada_gov,Uganda_gov,0
Canada_gov,United Kingdom_gov,0
Canada_gov,United States_gov,0
Canada_gov,Vietnam_gov,0
Canada_gov,Yemen_gov,0
Chile_gov,Afghanistan_gov,0
Chile_gov,Angola_gov,0
Chile_gov,Antigua and Barbuda_gov,0
Chile_gov,Argentina_gov,0
Chile_gov,Armenia_gov,0
Chile_gov,Australia_gov,0
Chile_gov,Austria_gov,0
Chile_gov,Bangladesh_gov,0
Chile_gov,Belarus_gov,0
Chile_gov,Belgium_gov,0
Chile_gov,Benin_gov,0
Chile_gov,Bolivia_gov,0
Chile_gov,Bosnia and Herzegovina_gov,0
Chile_gov,Brazil_gov,0
Chile_gov,Burkina Faso_gov,0
Chile_gov,Canada_gov,0
Chile_gov,China_gov,0
Chile_gov,Colombia_gov,0
Chile_gov,Congo_gov,0
Chile_gov,Croatia_gov,0
Chile_gov,Czechia_gov,0
Chile_gov,Democratic Republic of the Congo_gov,0
Chile_gov,Denmark_gov,0
Chile_gov,Ecuador_gov,0
Chile_gov,El Salvador_gov,0
Chile_gov,Ethiopia_gov,0
Chile_gov,Finland_gov,0
Chile_gov,France_gov,0
Chile_gov,Germany_gov,0
Chile_gov,Ghana_gov,0
Chile_gov,Greece_gov,0
Chile_gov,Guatemala_gov,0
Chile_gov,Hungary_gov,0
Chile_gov,India_gov,0
Chile_gov,Indonesia_gov,0
Chile_gov,Iraq_gov,0
Chile_gov,Ireland_gov,0
Chile_gov,Israel_gov,0
Chile_gov,Italy_gov,0
Chile_gov,Jamaica_gov,0
Chile_gov,Japan_gov,0
Chile_gov,Jordan_gov,0
Chile_gov,Kenya_gov,0
Chile_gov,Kuwait_gov,0
Chile_gov,Latvia_gov,0
Chile_gov,Libya_gov,0
Chile_gov,Lithuania_gov,0
Chile_gov,Luxembourg_gov,0
Chile_gov,Mexico_gov,0
Chile_gov,Monaco_gov,0
Chile_gov,Montenegro_gov,0
Chile_gov,Myanmar_gov,0
Chile_gov,Namibia_gov,0
Chile_gov,Nepal_gov,0
Chile_gov,Netherlands_gov,0
Chile_gov,New Zealand_gov,0
Chile_gov,Nigeria_gov,0
Chile_gov,North Korea_gov,0
Chile_gov,Norway_gov,0
Chile_gov,Pakistan_gov,0
Chile_gov,Paraguay_gov,0
Chile_gov,Peru_gov,0
Chile_gov,Poland_gov,0
Chile_gov,Portugal_gov,0
Chile_gov,Qatar_gov,0
Chile_gov,Russia_gov,0
Chile_gov,Rwanda_gov,0
Chile_gov,Samoa_gov,0
Chile_gov,Serbia_gov,0
Chile_gov,Sierra Leone_gov,0
Chile_gov,Slovakia_gov,0
Chile_gov,Solomon Islands_gov,0
Chile_gov,South Africa_gov,0
Chile_gov,South Korea_gov,0
Chile_gov,South Sudan_gov,0
Chile_gov,Spain_gov,0
Chile_gov,Sri Lanka_gov,0
Chile_gov,State of Palestine_gov,0
Chile_gov,Suriname_gov,0
Chile_gov,Sweden_gov,0
Chile_gov,Switzerland_gov,0
Chile_gov,Taiwan_gov,0
Chile_gov,Timor-Leste_gov,0
Chile_gov,Togo_gov,0
Chile_gov,Turkey_gov,0
Chile_gov,Uganda_gov,0
Chile_gov,United Kingdom_gov,0
Chile_gov,United States_gov,0
Chile_gov,Vietnam_gov,0
Chile_gov,Yemen_gov,0
China_gov,Afghanistan_gov,0
China_gov,Angola_gov,0
China_gov,Antigua and Barbuda_gov,0
China_gov,Argentina_gov,0
China_gov,Armenia_gov,0
China_gov,Australia_gov,0
China_gov,Austria_gov,0
China_gov,Bangladesh_gov,0
China_gov,Belarus_gov,0
China_gov,Belgium_gov,0
China_gov,Benin_gov,0
China_gov,Bolivia_gov,0
China_gov,Bosnia and Herzegovina_gov,0
China_gov,Brazil_gov,0
China_gov,Burkina Faso_gov,0
China_gov,Canada_gov,0
China_gov,Chile_gov,0
China_gov,Colombia_gov,0
China_gov,Congo_gov,0
China_gov,Croatia_gov,0
China_gov,Czechia_gov,0
China_gov,Democratic Republic of the Congo_gov,0
China_gov,Denmark_gov,0
China_gov,Ecuador_gov,0
China_gov,El Salvador_gov,0
China_gov,Ethiopia_gov,0
China_gov,Finland_gov,0
China_gov,France_gov,0
China_gov,Germany_gov,0
China_gov,Ghana_gov,0
China_gov,Greece_gov,0
China_gov,Guatemala_gov,0
China_gov,Hungary_gov,0
China_gov,India_gov,0
China_gov,Indonesia_gov,0
China_gov,Iraq_gov,0
China_gov,Ireland_gov,0
China_gov,Israel_gov,0
China_gov,Italy_gov,0
China_gov,Jamaica_gov,0
China_gov,Japan_gov,0
China_gov,Jordan_gov,0
China_gov,Kenya_gov,0
China_gov,Kuwait_gov,0
China_gov,Latvia_gov,0
China_gov,Libya_gov,0
China_gov,Lithuania_gov,0
China_gov,Luxembourg_gov,0
China_gov,Mexico_gov,0
China_gov,Monaco_gov,0
China_gov,Montenegro_gov,0
China_gov,Myanmar_gov,0
China_gov,Namibia_gov,0
China_gov,Nepal_gov,0
China_gov,Netherlands_gov,0
China_gov,New Zealand_gov,0
China_gov,Nigeria_gov,0
China_gov,North Korea_gov,0
China_gov,Norway_gov,0
China_gov,Pakistan_gov,0
China_gov,Paraguay_gov,0
China_gov,Peru_gov,0
China_gov,Poland_gov,0
China_gov,Portugal_gov,0
China_gov,Qatar_gov,0
China_gov,Russia_gov,0
China_gov,Rwanda_gov,0
China_gov,Samoa_gov,0
China_gov,Serbia_gov,0
China_gov,Sierra Leone_gov,0
China_gov,Slovakia_gov,0
China_gov,Solomon Islands_gov,0
China_gov,South Africa_gov,0
China_gov,South Korea_gov,0
China_gov,South Sudan_gov,0
China_gov,Spain_gov,0
China_gov,Sri Lanka_gov,0
China_gov,State of Palestine_gov,0
China_gov,Suriname_gov,0
China_gov,Sweden_gov,0
China_gov,Switzerland_gov,0
China_gov,Taiwan_gov,0
China_gov,Timor-Leste_gov,0
China_gov,Togo_gov,0
China_gov,Turkey_gov,0
China_gov,Uganda_gov,0
China_gov,United Kingdom_gov,0
China_gov,United States_gov,0
China_gov,Vietnam_gov,0
China_gov,Yemen_gov,0
Colombia_gov,Afghanistan_gov,0
Colombia_gov,Angola_gov,0
Colombia_gov,Antigua and Barbuda_gov,0
Colombia_gov,Argentina_gov,0
Colombia_gov,Armenia_gov,0
Colombia_gov,Australia_gov,0
Colombia_gov,Austria_gov,0
Colombia_gov,Bangladesh_gov,0
Colombia_gov,Belarus_gov,0
Colombia_gov,Belgium_gov,0
Colombia_gov,Benin_gov,0
Colombia_gov,Bolivia_gov,0
Colombia_gov,Bosnia and Herzegovina_gov,0
Colombia_gov,Brazil_gov,0
Colombia_gov,Burkina Faso_gov,0
Colombia_gov,Canada_gov,0
Colombia_gov,Chile_gov,0
Colombia_gov,China_gov,0
Colombia_gov,Congo_gov,0
Colombia_gov,Croatia_gov,0
Colombia_gov,Czechia_gov,0
Colombia_gov,Democratic Republic of the Congo_gov,0
Colombia_gov,Denmark_gov,0
Colombia_gov,Ecuador_gov,0
Colombia_gov,El Salvador_gov,0
Colombia_gov,Ethiopia_gov,0
Colombia_gov,Finland_gov,0
Colombia_gov,France_gov,0
Colombia_gov,Germany_gov,0
Colombia_gov,Ghana_gov,0
Colombia_gov,Greece_gov,0
Colombia_gov,Guatemala_gov,0
Colombia_gov,Hungary_gov,0
Colombia_gov,India_gov,0
Colombia_gov,Indonesia_gov,0
Colombia_gov,Iraq_gov,0
Colombia_gov,Ireland_gov,0
Colombia_gov,Israel_gov,0
Colombia_gov,Italy_gov,0
Colombia_gov,Jamaica_gov,0
Colombia_gov,Japan_gov,0
Colombia_gov,Jordan_gov,0
Colombia_gov,Kenya_gov,0
Colombia_gov,Kuwait_gov,0
Colombia_gov,Latvia_gov,0
Colombia_gov,Libya_gov,0
Colombia_gov,Lithuania_gov,0
Colombia_gov,Luxembourg_gov,0
Colombia_gov,Mexico_gov,0
Colombia_gov,Monaco_gov,0
Colombia_gov,Montenegro_gov,0
Colombia_gov,Myanmar_gov,0
Colombia_gov,Namibia_gov,0
Colombia_gov,Nepal_gov,0
Colombia_gov,Netherlands_gov,0
Colombia_gov,New Zealand_gov,0
Colombia_gov,Nigeria_gov,0
Colombia_gov,North Korea_gov,0
Colombia_gov,Norway_gov,0
Colombia_gov,Pakistan_gov,0
Colombia_gov,Paraguay_gov,0
Colombia_gov,Peru_gov,0
Colombia_gov,Poland_gov,0
Colombia_gov,Portugal_gov,0
Colombia_gov,Qatar_gov,0
Colombia_gov,Russia_gov,0
Colombia_gov,Rwanda_gov,0
Colombia_gov,Samoa_gov,0
Colombia_gov,Serbia_gov,0
Colombia_gov,Sierra Leone_gov,0
Colombia_gov,Slovakia_gov,0
Colombia_gov,Solomon Islands_gov,0
Colombia_gov,South Africa_gov,0
Colombia_gov,South Korea_gov,0
Colombia_gov,South Sudan_gov,0
Colombia_gov,Spain_gov,0
Colombia_gov,Sri Lanka_gov,0
Colombia_gov,State of Palestine_gov,0
Colombia_gov,Suriname_gov,0
Colombia_gov,Sweden_gov,0
Colombia_gov,Switzerland_gov,0
Colombia_gov,Taiwan_gov,0
Colombia_gov,Timor-Leste_gov,0
Colombia_gov,Togo_gov,0
Colombia_gov,Turkey_gov,0
Colombia_gov,Uganda_gov,0
Colombia_gov,United Kingdom_gov,0
Colombia_gov,United States_gov,0
Colombia_gov,Vietnam_gov,0
Colombia_gov,Yemen_gov,0
Congo_gov,Afghanistan_gov,0
Congo_gov,Angola_gov,0
Congo_gov,Antigua and Barbuda_gov,0
Congo_gov,Argentina_gov,0
Congo_gov,Armenia_gov,0
Congo_gov,Australia_gov,0
Congo_gov,Austria_gov,0
Congo_gov,Bangladesh_gov,0
Congo_gov,Belarus_gov,0
Congo_gov,Belgium_gov,0
Congo_gov,Benin_gov,0
Congo_gov,Bolivia_gov,0
Congo_gov,Bosnia and Herzegovina_gov,0
Congo_gov,Brazil_gov,0
Congo_gov,Burkina Faso_gov,0
Congo_gov,Canada_gov,0
Congo_gov,Chile_gov,0
Congo_gov,China_gov,0
Congo_gov,Colombia_gov,0
Congo_gov,Croatia_gov,0
Congo_gov,Czechia_gov,0
Congo_gov,Democratic Republic of the Congo_gov,0
Congo_gov,Denmark_gov,0
Congo_gov,Ecuador_gov,0
Congo_gov,El Salvador_gov,0
Congo_gov,Ethiopia_gov,0
Congo_gov,Finland_gov,0
Congo_gov,France_gov,0
Congo_gov,Germany_gov,0
Congo_gov,Ghana_gov,0
Congo_gov,Greece_gov,0
Congo_gov,Guatemala_gov,0
Congo_gov,Hungary_gov,0
Congo_gov,India_gov,0
Congo_gov,Indonesia_gov,0
Congo_gov,Iraq_gov,0
Congo_gov,Ireland_gov,0
Congo_gov,Israel_gov,0
Congo_gov,Italy_gov,0
Congo_gov,Jamaica_gov,0
Congo_gov,Japan_gov,0
Congo_gov,Jordan_gov,0
Congo_gov,Kenya_gov,0
Congo_gov,Kuwait_gov,0
Congo_gov,Latvia_gov,0
Congo_gov,Libya_gov,0
Congo_gov,Lithuania_gov,0
Congo_gov,Luxembourg_gov,0
Congo_gov,Mexico_gov,0
Congo_gov,Monaco_gov,0
Congo_gov,Montenegro_gov,0
Congo_gov,Myanmar_gov,0
Congo_gov,Namibia_gov,0
Congo_gov,Nepal_gov,0
Congo_gov,Netherlands_gov,0
Congo_gov,New Zealand_gov,0
Congo_gov,Nigeria_gov,0
Congo_gov,North Korea_gov,0
Congo_gov,Norway_gov,0
Congo_gov,Pakistan_gov,0
Congo_gov,Paraguay_gov,0
Congo_gov,Peru_gov,0
Congo_gov,Poland_gov,0
Congo_gov,Portugal_gov,0
Congo_gov,Qatar_gov,0
Congo_gov,Russia_gov,0
Congo_gov,Rwanda_gov,0
Congo_gov,Samoa_gov,0
Congo_gov,Serbia_gov,0
Congo_gov,Sierra Leone_gov,0
Congo_gov,Slovakia_gov,0
Congo_gov,Solomon Islands_gov,0
Congo_gov,South Africa_gov,0
Congo_gov,South Korea_gov,0
Congo_gov,South Sudan_gov,0
Congo_gov,Spain_gov,0
Congo_gov,Sri Lanka_gov,0
Congo_gov,State of Palestine_gov,0
Congo_gov,Suriname_gov,0
Congo_gov,Sweden_gov,0
Congo_gov,Switzerland_gov,0
Congo_gov,Taiwan_gov,0
Congo_gov,Timor-Leste_gov,0
Congo_gov,Togo_gov,0
Congo_gov,Turkey_gov,0
Congo_gov,Uganda_gov,0
Congo_gov,United Kingdom_gov,0
Congo_gov,United States_gov,0
Congo_gov,Vietnam_gov,0
Congo_gov,Yemen_gov,0
Croatia_gov,Afghanistan_gov,0
Croatia_gov,Angola_gov,0
Croatia_gov,Antigua and Barbuda_gov,0
Croatia_gov,Argentina_gov,0
Croatia_gov,Armenia_gov,0
Croatia_gov,Australia_gov,0
Croatia_gov,Austria_gov,0
Croatia_gov,Bangladesh_gov,0
Croatia_gov,Belarus_gov,0
Croatia_gov,Belgium_gov,0
Croatia_gov,Benin_gov,0
Croatia_gov,Bolivia_gov,0
Croatia_gov,Bosnia and Herzegovina_gov,0
Croatia_gov,Brazil_gov,0
Croatia_gov,Burkina Faso_gov,0
Croatia_gov,Canada_gov,0
Croatia_gov,Chile_gov,0
Croatia_gov,China_gov,0
Croatia_gov,Colombia_gov,0
Croatia_gov,Congo_gov,0
Croatia_gov,Czechia_gov,0
Croatia_gov,Democratic Republic of the Congo_gov,0
Croatia_gov,Denmark_gov,0
Croatia_gov,Ecuador_gov,0
Croatia_gov,El Salvador_gov,0
Croatia_gov,Ethiopia_gov,0
Croatia_gov,Finland_gov,0
Croatia_gov,France_gov,0
Croatia_gov,Germany_gov,0
Croatia_gov,Ghana_gov,0
Croatia_gov,Greece_gov,0
Croatia_gov,Guatemala_gov,0
Croatia_gov,Hungary_gov,0
Croatia_gov,India_gov,0
Croatia_gov,Indonesia_gov,0
Croatia_gov,Iraq_gov,0
Croatia_gov,Ireland_gov,0
Croatia_gov,Israel_gov,0
Croatia_gov,Italy_gov,0
Croatia_gov,Jamaica_gov,0
Croatia_gov,Japan_gov,0
Croatia_gov,Jordan_gov,0
Croatia_gov,Kenya_gov,0
Croatia_gov,Kuwait_gov,0
Croatia_gov,Latvia_gov,0
Croatia_gov,Libya_gov,0
Croatia_gov,Lithuania_gov,0
Croatia_gov,Luxembourg_gov,0
Croatia_gov,Mexico_gov,0
Croatia_gov,Monaco_gov,0
Croatia_gov,Montenegro_gov,0
Croatia_gov,Myanmar_gov,0
Croatia_gov,Namibia_gov,0
Croatia_gov,Nepal_gov,0
Croatia_gov,Netherlands_gov,0
Croatia_gov,New Zealand_gov,0
Croatia_gov,Nigeria_gov,0
Croatia_gov,North Korea_gov,0
Croatia_gov,Norway_gov,0
Croatia_gov,Pakistan_gov,0
Croatia_gov,Paraguay_gov,0
Croatia_gov,Peru_gov,0
Croatia_gov,Poland_gov,0
Croatia_gov,Portugal_gov,0
Croatia_gov,Qatar_gov,0
Croatia_gov,Russia_gov,0
Croatia_gov,Rwanda_gov,0
Croatia_gov,Samoa_gov,0
Croatia_gov,Serbia_gov,0
Croatia_gov,Sierra Leone_gov,0
Croatia_gov,Slovakia_gov,0
Croatia_gov,Solomon Islands_gov,0
Croatia_gov,South Africa_gov,0
Croatia_gov,South Korea_gov,0
Croatia_gov,South Sudan_gov,0
Croatia_gov,Spain_gov,0
Croatia_gov,Sri Lanka_gov,0
Croatia_gov,State of Palestine_gov,0
Croatia_gov,Suriname_gov,0
Croatia_gov,Sweden_gov,0
Croatia_gov,Switzerland_gov,0
Croatia_gov,Taiwan_gov,0
Croatia_gov,Timor-Leste_gov,0
Croatia_gov,Togo_gov,0
Croatia_gov,Turkey_gov,0
Croatia_gov,Uganda_gov,0
Croatia_gov,United Kingdom_gov,0
Croatia_gov,United States_gov,0
Croatia_gov,Vietnam_gov,0
Croatia_gov,Yemen_gov,0
Czechia_gov,Afghanistan_gov,0
Czechia_gov,Angola_gov,0
Czechia_gov,Antigua and Barbuda_gov,0
Czechia_gov,Argentina_gov,0
Czechia_gov,Armenia_gov,0
Czechia_gov,Australia_gov,0
Czechia_gov,Austria_gov,0
Czechia_gov,Bangladesh_gov,0
Czechia_gov,Belarus_gov,0
Czechia_gov,Belgium_gov,0
Czechia_gov,Benin_gov,0
Czechia_gov,Bolivia_gov,0
Czechia_gov,Bosnia and Herzegovina_gov,0
Czechia_gov,Brazil_gov,0
Czechia_gov,Burkina Faso_gov,0
Czechia_gov,Canada_gov,0
Czechia_gov,Chile_gov,0
Czechia_gov,China_gov,0
Czechia_gov,Colombia_gov,0
Czechia_gov,Congo_gov,0
Czechia_gov,Croatia_gov,0
Czechia_gov,Democratic Republic of the Congo_gov,0
Czechia_gov,Denmark_gov,0
Czechia_gov,Ecuador_gov,0
Czechia_gov,El Salvador_gov,0
Czechia_gov,Ethiopia_gov,0
Czechia_gov,Finland_gov,0
Czechia_gov,France_gov,0
Czechia_gov,Germany_gov,0
Czechia_gov,Ghana_gov,0
Czechia_gov,Greece_gov,0
Czechia_gov,Guatemala_gov,0
Czechia_gov,Hungary_gov,0
Czechia_gov,India_gov,0
Czechia_gov,Indonesia_gov,0
Czechia_gov,Iraq_gov,0
Czechia_gov,Ireland_gov,0
Czechia_gov,Israel_gov,0
Czechia_gov,Italy_gov,0
Czechia_gov,Jamaica_gov,0
Czechia_gov,Japan_gov,0
Czechia_gov,Jordan_gov,0
Czechia_gov,Kenya_gov,0
Czechia_gov,Kuwait_gov,0
Czechia_gov,Latvia_gov,0
Czechia_gov,Libya_gov,0
Czechia_gov,Lithuania_gov,0
Czechia_gov,Luxembourg_gov,0
Czechia_gov,Mexico_gov,0
Czechia_gov,Monaco_gov,0
Czechia_gov,Montenegro_gov,0
Czechia_gov,Myanmar_gov,0
Czechia_gov,Namibia_gov,0
Czechia_gov,Nepal_gov,0
Czechia_gov,Netherlands_gov,0
Czechia_gov,New Zealand_gov,0
Czechia_gov,Nigeria_gov,0
Czechia_gov,North Korea_gov,0
Czechia_gov,Norway_gov,0
Czechia_gov,Pakistan_gov,0
Czechia_gov,Paraguay_gov,0
Czechia_gov,Peru_gov,0
Czechia_gov,Poland_gov,0
Czechia_gov,Portugal_gov,0
Czechia_gov,Qatar_gov,0
Czechia_gov,Russia_gov,0
Czechia_gov,Rwanda_gov,0
Czechia_gov,Samoa_gov,0
Czechia_gov,Serbia_gov,0
Czechia_gov,Sierra Leone_gov,0
Czechia_gov,Slovakia_gov,0
Czechia_gov,Solomon Islands_gov,0
Czechia_gov,South Africa_gov,0
Czechia_gov,South Korea_gov,0
Czechia_gov,South Sudan_gov,0
Czechia_gov,Spain_gov,0
Czechia_gov,Sri Lanka_gov,0
Czechia_gov,State of Palestine_gov,0
Czechia_gov,Suriname_gov,0
Czechia_gov,Sweden_gov,0
Czechia_gov,Switzerland_gov,0
Czechia_gov,Taiwan_gov,0
Czechia_gov,Timor-Leste_gov,0
Czechia_gov,Togo_gov,0
Czechia_gov,Turkey_gov,0
Czechia_gov,Uganda_gov,0
Czechia_gov,United Kingdom_gov,0
Czechia_gov,United States_gov,0
Czechia_gov,Vietnam_gov,0
Czechia_gov,Yemen_gov,0
Democratic Republic of the Congo_gov,Afghanistan_gov,0
Democratic Republic of the Congo_gov,Angola_gov,0
Democratic Republic of the Congo_gov,Antigua and Barbuda_gov,0
Democratic Republic of the Congo_gov,Argentina_gov,0
Democratic Republic of the Congo_gov,Armenia_gov,0
Democratic Republic of the Congo_gov,Australia_gov,0
Democratic Republic of the Congo_gov,Austria_gov,0
Democratic Republic of the Congo_gov,Bangladesh_gov,0
Democratic Republic of the Congo_gov,Belarus_gov,0
Democratic Republic of the Congo_gov,Belgium_gov,0
Democratic Republic of the Congo_gov,Benin_gov,0
Democratic Republic of the Congo_gov,Bolivia_gov,0
Democratic Republic of the Congo_gov,Bosnia and Herzegovina_gov,0
Democratic Republic of the Congo_gov,Brazil_gov,0
Democratic Republic of the Congo_gov,Burkina Faso_gov,0
Democratic Republic of the Congo_gov,Canada_gov,0
Democratic Republic of the Congo_gov,Chile_gov,0
Democratic Republic of the Congo_gov,China_gov,0
Democratic Republic of the Congo_gov,Colombia_gov,0
Democratic Republic of the Congo_gov,Congo_gov,0
Democratic Republic of the Congo_gov,Croatia_gov,0
Democratic Republic of the Congo_gov,Czechia_gov,0
Democratic Republic of the Congo_gov,Denmark_gov,0
Democratic Republic of the Congo_gov,Ecuador_gov,0
Democratic Republic of the Congo_gov,El Salvador_gov,0
Democratic Republic of the Congo_gov,Ethiopia_gov,0
Democratic Republic of the Congo_gov,Finland_gov,0
Democratic Republic of the Congo_gov,France_gov,0
Democratic Republic of the Congo_gov,Germany_gov,0
Democratic Republic of the Congo_gov,Ghana_gov,0
Democratic Republic of the Congo_gov,Greece_gov,0
Democratic Republic of the Congo_gov,Guatemala_gov,0
Democratic Republic of the Congo_gov,Hungary_gov,0
Democratic Republic of the Congo_gov,India_gov,0
Democratic Republic of the Congo_gov,Indonesia_gov,0
Democratic Republic of the Congo_gov,Iraq_gov,0
Democratic Republic of the Congo_gov,Ireland_gov,0
Democratic Republic of the Congo_gov,Israel_gov,0
Democratic Republic of the Congo_gov,Italy_gov,0
Democratic Republic of the Congo_gov,Jamaica_gov,0
Democratic Republic of the Congo_gov,Japan_gov,0
Democratic Republic of the Congo_gov,Jordan_gov,0
Democratic Republic of the Congo_gov,Kenya_gov,0
Democratic Republic of the Congo_gov,Kuwait_gov,0
Democratic Republic of the Congo_gov,Latvia_gov,0
Democratic Republic of the Congo_gov,Libya_gov,0
Democratic Republic of the Congo_gov,Lithuania_gov,0
Democratic Republic of the Congo_gov,Luxembourg_gov,0
Democratic Republic of the Congo_gov,Mexico_gov,0
Democratic Republic of the Congo_gov,Monaco_gov,0
Democratic Republic of the Congo_gov,Montenegro_gov,0
Democratic Republic of the Congo_gov,Myanmar_gov,0
Democratic Republic of the Congo_gov,Namibia_gov,0
Democratic Republic of the Congo_gov,Nepal_gov,0
Democratic Republic of the Congo_gov,Netherlands_gov,0
Democratic Republic of the Congo_gov,New Zealand_gov,0
Democratic Republic of the Congo_gov,Nigeria_gov,0
Democratic Republic of the Congo_gov,North Korea_gov,0
Democratic Republic of the Congo_gov,Norway_gov,0
Democratic Republic of the Congo_gov,Pakistan_gov,0
Democratic Republic of the Congo_gov,Paraguay_gov,0
Democratic Republic of the Congo_gov,Peru_gov,0
Democratic Republic of the Congo_gov,Poland_gov,0
Democratic Republic of the Congo_gov,Portugal_gov,0
Democratic Republic of the Congo_gov,Qatar_gov,0
Democratic Republic of the Congo_gov,Russia_gov,0
Democratic Republic of the Congo_gov,Rwanda_gov,0
Democratic Republic of the Congo_gov,Samoa_gov,0
Democratic Republic of the Congo_gov,Serbia_gov,0
Democratic Republic of the Congo_gov,Sierra Leone_gov,0
Democratic Republic of the Congo_gov,Slovakia_gov,0
Democratic Republic of the Congo_gov,Solomon Islands_gov,0
Democratic Republic of the Congo_gov,South Africa_gov,0
Democratic Republic of the Congo_gov,South Korea_gov,0
Democratic Republic of the Congo_gov,South Sudan_gov,0
Democratic Republic of the Congo_gov,Spain_gov,0
Democratic Republic of the Congo_gov,Sri Lanka_gov,0
Democratic Republic of the Congo_gov,State of Palestine_gov,0
Democratic Republic of the Congo_gov,Suriname_gov,0
Democratic Republic of the Congo_gov,Sweden_gov,0
Democratic Republic of the Congo_gov,Switzerland_gov,0
Democratic Republic of the Congo_gov,Taiwan_gov,0
Democratic Republic of the Congo_gov,Timor-Leste_gov,0
Democratic Republic of the Congo_gov,Togo_gov,0
Democratic Republic of the Congo_gov,Turkey_gov,0
Democratic Republic of the Congo_gov,Uganda_gov,0
Democratic Republic of the Congo_gov,United Kingdom_gov,0
Democratic Republic of the Congo_gov,United States_gov,0
Democratic Republic of the Congo_gov,Vietnam_gov,0
Democratic Republic of the Congo_gov,Yemen_gov,0
Denmark_gov,Afghanistan_gov,0
Denmark_gov,Angola_gov,0
Denmark_gov,Antigua and Barbuda_gov,0
Denmark_gov,Argentina_gov,0
Denmark_gov,Armenia_gov,0
Denmark_gov,Australia_gov,0
Denmark_gov,Austria_gov,0
Denmark_gov,Bangladesh_gov,0
Denmark_gov,Belarus_gov,0
Denmark_gov,Belgium_gov,0
Denmark_gov,Benin_gov,0
Denmark_gov,Bolivia_gov,0
Denmark_gov,Bosnia and Herzegovina_gov,0
Denmark_gov,Brazil_gov,0
Denmark_gov,Burkina Faso_gov,0
Denmark_gov,Canada_gov,0
Denmark_gov,Chile_gov,0
Denmark_gov,China_gov,0
Denmark_gov,Colombia_gov,0
Denmark_gov,Congo_gov,0
Denmark_gov,Croatia_gov,0
Denmark_gov,Czechia_gov,0
Denmark_gov,Democratic Republic of the Congo_gov,0
Denmark_gov,Ecuador_gov,0
Denmark_gov,El Salvador_gov,0
Denmark_gov,Ethiopia_gov,0
Denmark_gov,Finland_gov,0
Denmark_gov,France_gov,0
Denmark_gov,Germany_gov,0
Denmark_gov,Ghana_gov,0
Denmark_gov,Greece_gov,0
Denmark_gov,Guatemala_gov,0
Denmark_gov,Hungary_gov,0
Denmark_gov,India_gov,0
Denmark_gov,Indonesia_gov,0
Denmark_gov,Iraq_gov,0
Denmark_gov,Ireland_gov,0
Denmark_gov,Israel_gov,0
Denmark_gov,Italy_gov,0
Denmark_gov,Jamaica_gov,0
Denmark_gov,Japan_gov,0
Denmark_gov,Jordan_gov,0
Denmark_gov,Kenya_gov,0
Denmark_gov,Kuwait_gov,0
Denmark_gov,Latvia_gov,0
Denmark_gov,Libya_gov,0
Denmark_gov,Lithuania_gov,0
Denmark_gov,Luxembourg_gov,0
Denmark_gov,Mexico_gov,0
Denmark_gov,Monaco_gov,0
Denmark_gov,Montenegro_gov,0
Denmark_gov,Myanmar_gov,0
Denmark_gov,Namibia_gov,0
Denmark_gov,Nepal_gov,0
Denmark_gov,Netherlands_gov,0
Denmark_gov,New Zealand_gov,0
Denmark_gov,Nigeria_gov,0
Denmark_gov,North Korea_gov,0
Denmark_gov,Norway_gov,0
Denmark_gov,Pakistan_gov,0
Denmark_gov,Paraguay_gov,0
Denmark_gov,Peru_gov,0
Denmark_gov,Poland_gov,0
Denmark_gov,Portugal_gov,0
Denmark_gov,Qatar_gov,0
Denmark_gov,Russia_gov,0
Denmark_gov,Rwanda_gov,0
Denmark_gov,Samoa_gov,0
Denmark_gov,Serbia_gov,0
Denmark_gov,Sierra Leone_gov,0
Denmark_gov,Slovakia_gov,0
Denmark_gov,Solomon Islands_gov,0
Denmark_gov,South Africa_gov,0
Denmark_gov,South Korea_gov,0
Denmark_gov,South Sudan_gov,0
Denmark_gov,Spain_gov,0
Denmark_gov,Sri Lanka_gov,0
Denmark_gov,State of Palestine_gov,0
Denmark_gov,Suriname_gov,0
Denmark_gov,Sweden_gov,0
Denmark_gov,Switzerland_gov,0
Denmark_gov,Taiwan_gov,0
Denmark_gov,Timor-Leste_gov,0
Denmark_gov,Togo_gov,0
Denmark_gov,Turkey_gov,0
Denmark_gov,Uganda_gov,0
Denmark_gov,United Kingdom_gov,0
Denmark_gov,United States_gov,0
Denmark_gov,Vietnam_gov,0
Denmark_gov,Yemen_gov,0
Ecuador_gov,Afghanistan_gov,0
Ecuador_gov,Angola_gov,0
Ecuador_gov,Antigua and Barbuda_gov,0
Ecuador_gov,Argentina_gov,0
Ecuador_gov,Armenia_gov,0
Ecuador_gov,Australia_gov,0
Ecuador_gov,Austria_gov,0
Ecuador_gov,Bangladesh_gov,0
Ecuador_gov,Belarus_gov,0
Ecuador_gov,Belgium_gov,0
Ecuador_gov,Benin_gov,0
Ecuador_gov,Bolivia_gov,0
Ecuador_gov,Bosnia and Herzegovina_gov,0
Ecuador_gov,Brazil_gov,0
Ecuador_gov,Burkina Faso_gov,0
Ecuador_gov,Canada_gov,0
Ecuador_gov,Chile_gov,0
Ecuador_gov,China_gov,0
Ecuador_gov,Colombia_gov,0
Ecuador_gov,Congo_gov,0
Ecuador_gov,Croatia_gov,0
Ecuador_gov,Czechia_gov,0
Ecuador_gov,Democratic Republic of the Congo_gov,0
Ecuador_gov,Denmark_gov,0
Ecuador_gov,El Salvador_gov,0
Ecuador_gov,Ethiopia_gov,0
Ecuador_gov,Finland_gov,0
Ecuador_gov,France_gov,0
Ecuador_gov,Germany_gov,0
Ecuador_gov,Ghana_gov,0
Ecuador_gov,Greece_gov,0
Ecuador_gov,Guatemala_gov,0
Ecuador_gov,Hungary_gov,0
Ecuador_gov,India_gov,0
Ecuador_gov,Indonesia_gov,0
Ecuador_gov,Iraq_gov,0
Ecuador_gov,Ireland_gov,0
Ecuador_gov,Israel_gov,0
Ecuador_gov,Italy_gov,0
Ecuador_gov,Jamaica_gov,0
Ecuador_gov,Japan_gov,0
Ecuador_gov,Jordan_gov,0
Ecuador_gov,Kenya_gov,0
Ecuador_gov,Kuwait_gov,0
Ecuador_gov,Latvia_gov,0
Ecuador_gov,Libya_gov,0
Ecuador_gov,Lithuania_gov,0
Ecuador_gov,Luxembourg_gov,0
Ecuador_gov,Mexico_gov,0
Ecuador_gov,Monaco_gov,0
Ecuador_gov,Montenegro_gov,0
Ecuador_gov,Myanmar_gov,0
Ecuador_gov,Namibia_gov,0
Ecuador_gov,Nepal_gov,0
Ecuador_gov,Netherlands_gov,0
Ecuador_gov,New Zealand_gov,0
Ecuador_gov,Nigeria_gov,0
Ecuador_gov,North Korea_gov,0
Ecuador_gov,Norway_gov,0
Ecuador_gov,Pakistan_gov,0
Ecuador_gov,Paraguay_gov,0
Ecuador_gov,Peru_gov,0
Ecuador_gov,Poland_gov,0
Ecuador_gov,Portugal_gov,0
Ecuador_gov,Qatar_gov,0
Ecuador_gov,Russia_gov,0
Ecuador_gov,Rwanda_gov,0
Ecuador_gov,Samoa_gov,0
Ecuador_gov,Serbia_gov,0
Ecuador_gov,Sierra Leone_gov,0
Ecuador_gov,Slovakia_gov,0
Ecuador_gov,Solomon Islands_gov,0
Ecuador_gov,South Africa_gov,0
Ecuador_gov,South Korea_gov,0
Ecuador_gov,South Sudan_gov,0
Ecuador_gov,Spain_gov,0
Ecuador_gov,Sri Lanka_gov,0
Ecuador_gov,State of Palestine_gov,0
Ecuador_gov,Suriname_gov,0
Ecuador_gov,Sweden_gov,0
Ecuador_gov,Switzerland_gov,0
Ecuador_gov,Taiwan_gov,0
Ecuador_gov,Timor-Leste_gov,0
Ecuador_gov,Togo_gov,0
Ecuador_gov,Turkey_gov,0
Ecuador_gov,Uganda_gov,0
Ecuador_gov,United Kingdom_gov,0
Ecuador_gov,United States_gov,0
Ecuador_gov,Vietnam_gov,0
Ecuador_gov,Yemen_gov,0
El Salvador_gov,Afghanistan_gov,0
El Salvador_gov,Angola_gov,0
El Salvador_gov,Antigua and Barbuda_gov,0
El Salvador_gov,Argentina_gov,0
El Salvador_gov,Armenia_gov,0
El Salvador_gov,Australia_gov,0
El Salvador_gov,Austria_gov,0
El Salvador_gov,Bangladesh_gov,0
El Salvador_gov,Belarus_gov,0
El Salvador_gov,Belgium_gov,0
El Salvador_gov,Benin_gov,0
El Salvador_gov,Bolivia_gov,0
El Salvador_gov,Bosnia and Herzegovina_gov,0
El Salvador_gov,Brazil_gov,0
El Salvador_gov,Burkina Faso_gov,0
El Salvador_gov,Canada_gov,0
El Salvador_gov,Chile_gov,0
El Salvador_gov,China_gov,0
El Salvador_gov,Colombia_gov,0
El Salvador_gov,Congo_gov,0
El Salvador_gov,Croatia_gov,0
El Salvador_gov,Czechia_gov,0
El Salvador_gov,Democratic Republic of the Congo_gov,0
El Salvador_gov,Denmark_gov,0
El Salvador_gov,Ecuador_gov,0
El Salvador_gov,Ethiopia_gov,0
El Salvador_gov,Finland_gov,0
El Salvador_gov,France_gov,0
El Salvador_gov,Germany_gov,0
El Salvador_gov,Ghana_gov,0
El Salvador_gov,Greece_gov,0
El Salvador_gov,Guatemala_gov,0
El Salvador_gov,Hungary_gov,0
El Salvador_gov,India_gov,0
El Salvador_gov,Indonesia_gov,0
El Salvador_gov,Iraq_gov,0
El Salvador_gov,Ireland_gov,0
El Salvador_gov,Israel_gov,0
El Salvador_gov,Italy_gov,0
El Salvador_gov,Jamaica_gov,0
El Salvador_gov,Japan_gov,0
El Salvador_gov,Jordan_gov,0
El Salvador_gov,Kenya_gov,0
El Salvador_gov,Kuwait_gov,0
El Salvador_gov,Latvia_gov,0
El Salvador_gov,Libya_gov,0
El Salvador_gov,Lithuania_gov,0
El Salvador_gov,Luxembourg_gov,0
El Salvador_gov,Mexico_gov,0
El Salvador_gov,Monaco_gov,0
El Salvador_gov,Montenegro_gov,0
El Salvador_gov,Myanmar_gov,0
El Salvador_gov,Namibia_gov,0
El Salvador_gov,Nepal_gov,0
El Salvador_gov,Netherlands_gov,0
El Salvador_gov,New Zealand_gov,0
El Salvador_gov,Nigeria_gov,0
El Salvador_gov,North Korea_gov,0
El Salvador_gov,Norway_gov,0
El Salvador_gov,Pakistan_gov,0
El Salvador_gov,Paraguay_gov,0
El Salvador_gov,Peru_gov,0
El Salvador_gov,Poland_gov,0
El Salvador_gov,Portugal_gov,0
El Salvador_gov,Qatar_gov,0
El Salvador_gov,Russia_gov,0
El Salvador_gov,Rwanda_gov,0
El Salvador_gov,Samoa_gov,0
El Salvador_gov,Serbia_gov,0
El Salvador_gov,Sierra Leone_gov,0
El Salvador_gov,Slovakia_gov,0
El Salvador_gov,Solomon Islands_gov,0
El Salvador_gov,South Africa_gov,0
El Salvador_gov,South Korea_gov,0
El Salvador_gov,South Sudan_gov,0
El Salvador_gov,Spain_gov,0
El Salvador_gov,Sri Lanka_gov,0
El Salvador_gov,State of Palestine_gov,0
El Salvador_gov,Suriname_gov,0
El Salvador_gov,Sweden_gov,0
El Salvador_gov,Switzerland_gov,0
El Salvador_gov,Taiwan_gov,0
El Salvador_gov,Timor-Leste_gov,0
El Salvador_gov,Togo_gov,0
El Salvador_gov,Turkey_gov,0
El Salvador_gov,Uganda_gov,0
El Salvador_gov,United Kingdom_gov,0
El Salvador_gov,United States_gov,0
El Salvador_gov,Vietnam_gov,0
El Salvador_gov,Yemen_gov,0
Ethiopia_gov,Afghanistan_gov,0
Ethiopia_gov,Angola_gov,0
Ethiopia_gov,Antigua and Barbuda_gov,0
Ethiopia_gov,Argentina_gov,0
Ethiopia_gov,Armenia_gov,0
Ethiopia_gov,Australia_gov,0
Ethiopia_gov,Austria_gov,0
Ethiopia_gov,Bangladesh_gov,0
Ethiopia_gov,Belarus_gov,0
Ethiopia_gov,Belgium_gov,0
Ethiopia_gov,Benin_gov,0
Ethiopia_gov,Bolivia_gov,0
Ethiopia_gov,Bosnia and Herzegovina_gov,0
Ethiopia_gov,Brazil_gov,0
Ethiopia_gov,Burkina Faso_gov,0
Ethiopia_gov,Canada_gov,0
Ethiopia_gov,Chile_gov,0
Ethiopia_gov,China_gov,0
Ethiopia_gov,Colombia_gov,0
Ethiopia_gov,Congo_gov,0
Ethiopia_gov,Croatia_gov,0
Ethiopia_gov,Czechia_gov,0
Ethiopia_gov,Democratic Republic of the Congo_gov,0
Ethiopia_gov,Denmark_gov,0
Ethiopia_gov,Ecuador_gov,0
Ethiopia_gov,El Salvador_gov,0
Ethiopia_gov,Finland_gov,0
Ethiopia_gov,France_gov,0
Ethiopia_gov,Germany_gov,0
Ethiopia_gov,Ghana_gov,0
Ethiopia_gov,Greece_gov,0
Ethiopia_gov,Guatemala_gov,0
Ethiopia_gov,Hungary_gov,0
Ethiopia_gov,India_gov,0
Ethiopia_gov,Indonesia_gov,0
Ethiopia_gov,Iraq_gov,0
Ethiopia_gov,Ireland_gov,0
Ethiopia_gov,Israel_gov,0
Ethiopia_gov,Italy_gov,0
Ethiopia_gov,Jamaica_gov,0
Ethiopia_gov,Japan_gov,0
Ethiopia_gov,Jordan_gov,0
Ethiopia_gov,Kenya_gov,0
Ethiopia_gov,Kuwait_gov,0
Ethiopia_gov,Latvia_gov,0
Ethiopia_gov,Libya_gov,0
Ethiopia_gov,Lithuania_gov,0
Ethiopia_gov,Luxembourg_gov,0
Ethiopia_gov,Mexico_gov,0
Ethiopia_gov,Monaco_gov,0
Ethiopia_gov,Montenegro_gov,0
Ethiopia_gov,Myanmar_gov,0
Ethiopia_gov,Namibia_gov,0
Ethiopia_gov,Nepal_gov,0
Ethiopia_gov,Netherlands_gov,0
Ethiopia_gov,New Zealand_gov,0
Ethiopia_gov,Nigeria_gov,0
Ethiopia_gov,North Korea_gov,0
Ethiopia_gov,Norway_gov,0
Ethiopia_gov,Pakistan_gov,0
Ethiopia_gov,Paraguay_gov,0
Ethiopia_gov,Peru_gov,0
Ethiopia_gov,Poland_gov,0
Ethiopia_gov,Portugal_gov,0
Ethiopia_gov,Qatar_gov,0
Ethiopia_gov,Russia_gov,0
Ethiopia_gov,Rwanda_gov,0
Ethiopia_gov,Samoa_gov,0
Ethiopia_gov,Serbia_gov,0
Ethiopia_gov,Sierra Leone_gov,0
Ethiopia_gov,Slovakia_gov,0
Ethiopia_gov,Solomon Islands_gov,0
Ethiopia_gov,South Africa_gov,0
Ethiopia_gov,South Korea_gov,0
Ethiopia_gov,South Sudan_gov,0
Ethiopia_gov,Spain_gov,0
Ethiopia_gov,Sri Lanka_gov,0
Ethiopia_gov,State of Palestine_gov,0
Ethiopia_gov,Suriname_gov,0
Ethiopia_gov,Sweden_gov,0
Ethiopia_gov,Switzerland_gov,0
Ethiopia_gov,Taiwan_gov,0
Ethiopia_gov,Timor-Leste_gov,0
Ethiopia_gov,Togo_gov,0
Ethiopia_gov,Turkey_gov,0
Ethiopia_gov,Uganda_gov,0
Ethiopia_gov,United Kingdom_gov,0
Ethiopia_gov,United States_gov,0
Ethiopia_gov,Vietnam_gov,0
Ethiopia_gov,Yemen_gov,0
Finland_gov,Afghanistan_gov,0
Finland_gov,Angola_gov,0
Finland_gov,Antigua and Barbuda_gov,0
Finland_gov,Argentina_gov,0
Finland_gov,Armenia_gov,0
Finland_gov,Australia_gov,0
Finland_gov,Austria_gov,0
Finland_gov,Bangladesh_gov,0
Finland_gov,Belarus_gov,0
Finland_gov,Belgium_gov,0
Finland_gov,Benin_gov,0
Finland_gov,Bolivia_gov,0
Finland_gov,Bosnia and Herzegovina_gov,0
Finland_gov,Brazil_gov,0
Finland_gov,Burkina Faso_gov,0
Finland_gov,Canada_gov,0
Finland_gov,Chile_gov,0
Finland_gov,China_gov,0
Finland_gov,Colombia_gov,0
Finland_gov,Congo_gov,0
Finland_gov,Croatia_gov,0
Finland_gov,Czechia_gov,0
Finland_gov,Democratic Republic of the Congo_gov,0
Finland_gov,Denmark_gov,0
Finland_gov,Ecuador_gov,0
Finland_gov,El Salvador_gov,0
Finland_gov,Ethiopia_gov,0
Finland_gov,France_gov,0
Finland_gov,Germany_gov,0
Finland_gov,Ghana_gov,0
Finland_gov,Greece_gov,0
Finland_gov,Guatemala_gov,0
Finland_gov,Hungary_gov,0
Finland_gov,India_gov,0
Finland_gov,Indonesia_gov,0
Finland_gov,Iraq_gov,0
Finland_gov,Ireland_gov,0
Finland_gov,Israel_gov,0
Finland_gov,Italy_gov,0
Finland_gov,Jamaica_gov,0
Finland_gov,Japan_gov,0
Finland_gov,Jordan_gov,0
Finland_gov,Kenya_gov,0
Finland_gov,Kuwait_gov,0
Finland_gov,Latvia_gov,0
Finland_gov,Libya_gov,0
Finland_gov,Lithuania_gov,0
Finland_gov,Luxembourg_gov,0
Finland_gov,Mexico_gov,0
Finland_gov,Monaco_gov,0
Finland_gov,Montenegro_gov,0
Finland_gov,Myanmar_gov,0
Finland_gov,Namibia_gov,0
Finland_gov,Nepal_gov,0
Finland_gov,Netherlands_gov,0
Finland_gov,New Zealand_gov,0
Finland_gov,Nigeria_gov,0
Finland_gov,North Korea_gov,0
Finland_gov,Norway_gov,0
Finland_gov,Pakistan_gov,0
Finland_gov,Paraguay_gov,0
Finland_gov,Peru_gov,0
Finland_gov,Poland_gov,0
Finland_gov,Portugal_gov,0
Finland_gov,Qatar_gov,0
Finland_gov,Russia_gov,0
Finland_gov,Rwanda_gov,0
Finland_gov,Samoa_gov,0
Finland_gov,Serbia_gov,0
Finland_gov,Sierra Leone_gov,0
Finland_gov,Slovakia_gov,0
Finland_gov,Solomon Islands_gov,0
Finland_gov,South Africa_gov,0
Finland_gov,South Korea_gov,0
Finland_gov,South Sudan_gov,0
Finland_gov,Spain_gov,0
Finland_gov,Sri Lanka_gov,0
Finland_gov,State of Palestine_gov,0
Finland_gov,Suriname_gov,0
Finland_gov,Sweden_gov,0
Finland_gov,Switzerland_gov,0
Finland_gov,Taiwan_gov,0
Finland_gov,Timor-Leste_gov,0
Finland_gov,Togo_gov,0
Finland_gov,Turkey_gov,0
Finland_gov,Uganda_gov,0
Finland_gov,United Kingdom_gov,0
Finland_gov,United States_gov,0
Finland_gov,Vietnam_gov,0
Finland_gov,Yemen_gov,0
France_gov,Afghanistan_gov,0
France_gov,Angola_gov,0
France_gov,Antigua and Barbuda_gov,0
France_gov,Argentina_gov,0
France_gov,Armenia_gov,0
France_gov,Australia_gov,0
France_gov,Austria_gov,0
France_gov,Bangladesh_gov,0
France_gov,Belarus_gov,0
France_gov,Belgium_gov,0
France_gov,Benin_gov,1
France_gov,Bolivia_gov,0
France_gov,Bosnia and Herzegovina_gov,0
France_gov,Brazil_gov,0
France_gov,Burkina Faso_gov,1
France_gov,Canada_gov,0
France_gov,Chile_gov,0
France_gov,China_gov,0
France_gov,Colombia_gov,0
France_gov,Congo_gov,1
France_gov,Croatia_gov,0
France_gov,Czechia_gov,0
France_gov,Democratic Republic of the Congo_gov,0
France_gov,Denmark_gov,0
France_gov,Ecuador_gov,0
France_gov,El Salvador_gov,0
France_gov,Ethiopia_gov,0
France_gov,Finland_gov,0
France_gov,Germany_gov,0
France_gov,Ghana_gov,0
France_gov,Greece_gov,0
France_gov,Guatemala_gov,0
France_gov,Hungary_gov,0
France_gov,India_gov,0
France_gov,Indonesia_gov,0
France_gov,Iraq_gov,0
France_gov,Ireland_gov,0
France_gov,Israel_gov,0
France_gov,Italy_gov,0
France_gov,Jamaica_gov,0
France_gov,Japan_gov,0
France_gov,Jordan_gov,0
France_gov,Kenya_gov,0
France_gov,Kuwait_gov,0
France_gov,Latvia_gov,0
France_gov,Libya_gov,0
France_gov,Lithuania_gov,0
France_gov,Luxembourg_gov,0
France_gov,Mexico_gov,0
France_gov,Monaco_gov,0
France_gov,Montenegro_gov,0
France_gov,Myanmar_gov,0
France_gov,Namibia_gov,0
France_gov,Nepal_gov,0
France_gov,Netherlands_gov,0
France_gov,New Zealand_gov,0
France_gov,Nigeria_gov,0
France_gov,North Korea_gov,0
France_gov,Norway_gov,0
France_gov,Pakistan_gov,0
France_gov,Paraguay_gov,0
France_gov,Peru_gov,0
France_gov,Poland_gov,0
France_gov,Portugal_gov,0
France_gov,Qatar_gov,0
France_gov,Russia_gov,0
France_gov,Rwanda_gov,0
France_gov,Samoa_gov,0
France_gov,Serbia_gov,0
France_gov,Sierra Leone_gov,0
France_gov,Slovakia_gov,0
France_gov,Solomon Islands_gov,0
France_gov,South Africa_gov,0
France_gov,South Korea_gov,0
France_gov,South Sudan_gov,0
France_gov,Spain_gov,0
France_gov,Sri Lanka_gov,0
France_gov,State of Palestine_gov,0
France_gov,Suriname_gov,0
France_gov,Sweden_gov,0
France_gov,Switzerland_gov,0
France_gov,Taiwan_gov,0
France_gov,Timor-Leste_gov,0
France_gov,Togo_gov,1
France_gov,Turkey_gov,0
France_gov,Uganda_gov,0
France_gov,United Kingdom_gov,0
France_gov,United States_gov,0
France_gov,Vietnam_gov,1
France_gov,Yemen_gov,0
Germany_gov,Afghanistan_gov,0
Germany_gov,Angola_gov,0
Germany_gov,Antigua and Barbuda_gov,0
Germany_gov,Argentina_gov,0
Germany_gov,Armenia_gov,0
Germany_gov,Australia_gov,0
Germany_gov,Austria_gov,0
Germany_gov,Bangladesh_gov,0
Germany_gov,Belarus_gov,0
Germany_gov,Belgium_gov,0
Germany_gov,Benin_gov,0
Germany_gov,Bolivia_gov,0
Germany_gov,Bosnia and Herzegovina_gov,0
Germany_gov,Brazil_gov,0
Germany_gov,Burkina Faso_gov,0
Germany_gov,Canada_gov,0
Germany_gov,Chile_gov,0
Germany_gov,China_gov,0
Germany_gov,Colombia_gov,0
Germany_gov,Congo_gov,0
Germany_gov,Croatia_gov,0
Germany_gov,Czechia_gov,0
Germany_gov,Democratic Republic of the Congo_gov,0
Germany_gov,Denmark_gov,0
Germany_gov,Ecuador_gov,0
Germany_gov,El Salvador_gov,0
Germany_gov,Ethiopia_gov,0
Germany_gov,Finland_gov,0
Germany_gov,France_gov,0
Germany_gov,Ghana_gov,0
Germany_gov,Greece_gov,0
Germany_gov,Guatemala_gov,0
Germany_gov,Hungary_gov,0
Germany_gov,India_gov,0
Germany_gov,Indonesia_gov,0
Germany_gov,Iraq_gov,0
Germany_gov,Ireland_gov,0
Germany_gov,Israel_gov,0
Germany_gov,Italy_gov,0
Germany_gov,Jamaica_gov,0
Germany_gov,Japan_gov,0
Germany_gov,Jordan_gov,0
Germany_gov,Kenya_gov,0
Germany_gov,Kuwait_gov,0
Germany_gov,Latvia_gov,0
Germany_gov,Libya_gov,0
Germany_gov,Lithuania_gov,0
Germany_gov,Luxembourg_gov,0
Germany_gov,Mexico_gov,0
Germany_gov,Monaco_gov,0
Germany_gov,Montenegro_gov,0
Germany_gov,Myanmar_gov,0
Germany_gov,Namibia_gov,1
Germany_gov,Nepal_gov,0
Germany_gov,Netherlands_gov,0
Germany_gov,New Zealand_gov,0
Germany_gov,Nigeria_gov,0
Germany_gov,North Korea_gov,0
Germany_gov,Norway_gov,0
Germany_gov,Pakistan_gov,0
Germany_gov,Paraguay_gov,0
Germany_gov,Peru_gov,0
Germany_gov,Poland_gov,0
Germany_gov,Portugal_gov,0
Germany_gov,Qatar_gov,0
Germany_gov,Russia_gov,0
Germany_gov,Rwanda_gov,0
Germany_gov,Samoa_gov,1
Germany_gov,Serbia_gov,0
Germany_gov,Sierra Leone_gov,0
Germany_gov,Slovakia_gov,0
Germany_gov,Solomon Islands_gov,0
Germany_gov,South Africa_gov,0
Germany_gov,South Korea_gov,0
Germany_gov,South Sudan_gov,0
Germany_gov,Spain_gov,0
Germany_gov,Sri Lanka_gov,0
Germany_gov,State of Palestine_gov,0
Germany_gov,Suriname_gov,0
Germany_gov,Sweden_gov,0
Germany_gov,Switzerland_gov,0
Germany_gov,Taiwan_gov,0
Germany_gov,Timor-Leste_gov,0
Germany_gov,Togo_gov,0
Germany_gov,Turkey_gov,0
Germany_gov,Uganda_gov,0
Germany_gov,United Kingdom_gov,0
Germany_gov,United States_gov,0
Germany_gov,Vietnam_gov,0
Germany_gov,Yemen_gov,0
Ghana_gov,Afghanistan_gov,0
Ghana_gov,Angola_gov,0
Ghana_gov,Antigua and Barbuda_gov,0
Ghana_gov,Argentina_gov,0
Ghana_gov,Armenia_gov,0
Ghana_gov,Australia_gov,0
Ghana_gov,Austria_gov,0
Ghana_gov,Bangladesh_gov,0
Ghana_gov,Belarus_gov,0
Ghana_gov,Belgium_gov,0
Ghana_gov,Benin_gov,0
Ghana_gov,Bolivia_gov,0
Ghana_gov,Bosnia and Herzegovina_gov,0
Ghana_gov,Brazil_gov,0
Ghana_gov,Burkina Faso_gov,0
Ghana_gov,Canada_gov,0
Ghana_gov,Chile_gov,0
Ghana_gov,China_gov,0
Ghana_gov,Colombia_gov,0
Ghana_gov,Congo_gov,0
Ghana_gov,Croatia_gov,0
Ghana_gov,Czechia_gov,0
Ghana_gov,Democratic Republic of the Congo_gov,0
Ghana_gov,Denmark_gov,0
Ghana_gov,Ecuador_gov,0
Ghana_gov,El Salvador_gov,0
Ghana_gov,Ethiopia_gov,0
Ghana_gov,Finland_gov,0
Ghana_gov,France_gov,0
Ghana_gov,Germany_gov,0
Ghana_gov,Greece_gov,0
Ghana_gov,Guatemala_gov,0
Ghana_gov,Hungary_gov,0
Ghana_gov,India_gov,0
Ghana_gov,Indonesia_gov,0
Ghana_gov,Iraq_gov,0
Ghana_gov,Ireland_gov,0
Ghana_gov,Israel_gov,0
Ghana_gov,Italy_gov,0
Ghana_gov,Jamaica_gov,0
Ghana_gov,Japan_gov,0
Ghana_gov,Jordan_gov,0
Ghana_gov,Kenya_gov,0
Ghana_gov,Kuwait_gov,0
Ghana_gov,Latvia_gov,0
Ghana_gov,Libya_gov,0
Ghana_gov,Lithuania_gov,0
Ghana_gov,Luxembourg_gov,0
Ghana_gov,Mexico_gov,0
Ghana_gov,Monaco_gov,0
Ghana_gov,Montenegro_gov,0
Ghana_gov,Myanmar_gov,0
Ghana_gov,Namibia_gov,0
Ghana_gov,Nepal_gov,0
Ghana_gov,Netherlands_gov,0
Ghana_gov,New Zealand_gov,0
Ghana_gov,Nigeria_gov,0
Ghana_gov,North Korea_gov,0
Ghana_gov,Norway_gov,0
Ghana_gov,Pakistan_gov,0
Ghana_gov,Paraguay_gov,0
Ghana_gov,Peru_gov,0
Ghana_gov,Poland_gov,0
Ghana_gov,Portugal_gov,0
Ghana_gov,Qatar_gov,0
Ghana_gov,Russia_gov,0
Ghana_gov,Rwanda_gov,0
Ghana_gov,Samoa_gov,0
Ghana_gov,Serbia_gov,0
Ghana_gov,Sierra Leone_gov,0
Ghana_gov,Slovakia_gov,0
Ghana_gov,Solomon Islands_gov,0
Ghana_gov,South Africa_gov,0
Ghana_gov,South Korea_gov,0
Ghana_gov,South Sudan_gov,0
Ghana_gov,Spain_gov,0
Ghana_gov,Sri Lanka_gov,0
Ghana_gov,State of Palestine_gov,0
Ghana_gov,Suriname_gov,0
Ghana_gov,Sweden_gov,0
Ghana_gov,Switzerland_gov,0
Ghana_gov,Taiwan_gov,0
Ghana_gov,Timor-Leste_gov,0
Ghana_gov,Togo_gov,0
Ghana_gov,Turkey_gov,0
Ghana_gov,Uganda_gov,0
Ghana_gov,United Kingdom_gov,0
Ghana_gov,United States_gov,0
Ghana_gov,Vietnam_gov,0
Ghana_gov,Yemen_gov,0
Greece_gov,Afghanistan_gov,0
Greece_gov,Angola_gov,0
Greece_gov,Antigua and Barbuda_gov,0
Greece_gov,Argentina_gov,0
Greece_gov,Armenia_gov,0
Greece_gov,Australia_gov,0
Greece_gov,Austria_gov,0
Greece_gov,Bangladesh_gov,0
Greece_gov,Belarus_gov,0
Greece_gov,Belgium_gov,0
Greece_gov,Benin_gov,0
Greece_gov,Bolivia_gov,0
Greece_gov,Bosnia and Herzegovina_gov,0
Greece_gov,Brazil_gov,0
Greece_gov,Burkina Faso_gov,0
Greece_gov,Canada_gov,0
Greece_gov,Chile_gov,0
Greece_gov,China_gov,0
Greece_gov,Colombia_gov,0
Greece_gov,Congo_gov,0
Greece_gov,Croatia_gov,0
Greece_gov,Czechia_gov,0
Greece_gov,Democratic Republic of the Congo_gov,0
Greece_gov,Denmark_gov,0
Greece_gov,Ecuador_gov,0
Greece_gov,El Salvador_gov,0
Greece_gov,Ethiopia_gov,0
Greece_gov,Finland_gov,0
Greece_gov,France_gov,0
Greece_gov,Germany_gov,0
Greece_gov,Ghana_gov,0
Greece_gov,Guatemala_gov,0
Greece_gov,Hungary_gov,0
Greece_gov,India_gov,0
Greece_gov,Indonesia_gov,0
Greece_gov,Iraq_gov,0
Greece_gov,Ireland_gov,0
Greece_gov,Israel_gov,0
Greece_gov,Italy_gov,0
Greece_gov,Jamaica_gov,0
Greece_gov,Japan_gov,0
Greece_gov,Jordan_gov,0
Greece_gov,Kenya_gov,0
Greece_gov,Kuwait_gov,0
Greece_gov,Latvia_gov,0
Greece_gov,Libya_gov,0
Greece_gov,Lithuania_gov,0
Greece_gov,Luxembourg_gov,0
Greece_gov,Mexico_gov,0
Greece_gov,Monaco_gov,0
Greece_gov,Montenegro_gov,0
Greece_gov,Myanmar_gov,0
Greece_gov,Namibia_gov,0
Greece_gov,Nepal_gov,0
Greece_gov,Netherlands_gov,0
Greece_gov,New Zealand_gov,0
Greece_gov,Nigeria_gov,0
Greece_gov,North Korea_gov,0
Greece_gov,Norway_gov,0
Greece_gov,Pakistan_gov,0
Greece_gov,Paraguay_gov,0
Greece_gov,Peru_gov,0
Greece_gov,Poland_gov,0
Greece_gov,Portugal_gov,0
Greece_gov,Qatar_gov,0
Greece_gov,Russia_gov,0
Greece_gov,Rwanda_gov,0
Greece_gov,Samoa_gov,0
Greece_gov,Serbia_gov,0
Greece_gov,Sierra Leone_gov,0
Greece_gov,Slovakia_gov,0
Greece_gov,Solomon Islands_gov,0
Greece_gov,South Africa_gov,0
Greece_gov,South Korea_gov,0
Greece_gov,South Sudan_gov,0
Greece_gov,Spain_gov,0
Greece_gov,Sri Lanka_gov,0
Greece_gov,State of Palestine_gov,0
Greece_gov,Suriname_gov,0
Greece_gov,Sweden_gov,0
Greece_gov,Switzerland_gov,0
Greece_gov,Taiwan_gov,0
Greece_gov,Timor-Leste_gov,0
Greece_gov,Togo_gov,0
Greece_gov,Turkey_gov,0
Greece_gov,Uganda_gov,0
Greece_gov,United Kingdom_gov,0
Greece_gov,United States_gov,0
Greece_gov,Vietnam_gov,0
Greece_gov,Yemen_gov,0
Guatemala_gov,Afghanistan_gov,0
Guatemala_gov,Angola_gov,0
Guatemala_gov,Antigua and Barbuda_gov,0
Guatemala_gov,Argentina_gov,0
Guatemala_gov,Armenia_gov,0
Guatemala_gov,Australia_gov,0
Guatemala_gov,Austria_gov,0
Guatemala_gov,Bangladesh_gov,0
Guatemala_gov,Belarus_gov,0
Guatemala_gov,Belgium_gov,0
Guatemala_gov,Benin_gov,0
Guatemala_gov,Bolivia_gov,0
Guatemala_gov,Bosnia and Herzegovina_gov,0
Guatemala_gov,Brazil_gov,0
Guatemala_gov,Burkina Faso_gov,0
Guatemala_gov,Canada_gov,0
Guatemala_gov,Chile_gov,0
Guatemala_gov,China_gov,0
Guatemala_gov,Colombia_gov,0
Guatemala_gov,Congo_gov,0
Guatemala_gov,Croatia_gov,0
Guatemala_gov,Czechia_gov,0
Guatemala_gov,Democratic Republic of the Congo_gov,0
Guatemala_gov,Denmark_gov,0
Guatemala_gov,Ecuador_gov,0
Guatemala_gov,El Salvador_gov,0
Guatemala_gov,Ethiopia_gov,0
Guatemala_gov,Finland_gov,0
Guatemala_gov,France_gov,0
Guatemala_gov,Germany_gov,0
Guatemala_gov,Ghana_gov,0
Guatemala_gov,Greece_gov,0
Guatemala_gov,Hungary_gov,0
Guatemala_gov,India_gov,0
Guatemala_gov,Indonesia_gov,0
Guatemala_gov,Iraq_gov,0
Guatemala_gov,Ireland_gov,0
Guatemala_gov,Israel_gov,0
Guatemala_gov,Italy_gov,0
Guatemala_gov,Jamaica_gov,0
Guatemala_gov,Japan_gov,0
Guatemala_gov,Jordan_gov,0
Guatemala_gov,Kenya_gov,0
Guatemala_gov,Kuwait_gov,0
Guatemala_gov,Latvia_gov,0
Guatemala_gov,Libya_gov,0
Guatemala_gov,Lithuania_gov,0
Guatemala_gov,Luxembourg_gov,0
Guatemala_gov,Mexico_gov,0
Guatemala_gov,Monaco_gov,0
Guatemala_gov,Montenegro_gov,0
Guatemala_gov,Myanmar_gov,0
Guatemala_gov,Namibia_gov,0
Guatemala_gov,Nepal_gov,0
Guatemala_gov,Netherlands_gov,0
Guatemala_gov,New Zealand_gov,0
Guatemala_gov,Nigeria_gov,0
Guatemala_gov,North Korea_gov,0
Guatemala_gov,Norway_gov,0
Guatemala_gov,Pakistan_gov,0
Guatemala_gov,Paraguay_gov,0
Guatemala_gov,Peru_gov,0
Guatemala_gov,Poland_gov,0
Guatemala_gov,Portugal_gov,0
Guatemala_gov,Qatar_gov,0
Guatemala_gov,Russia_gov,0
Guatemala_gov,Rwanda_gov,0
Guatemala_gov,Samoa_gov,0
Guatemala_gov,Serbia_gov,0
Guatemala_gov,Sierra Leone_gov,0
Guatemala_gov,Slovakia_gov,0
Guatemala_gov,Solomon Islands_gov,0
Guatemala_gov,South Africa_gov,0
Guatemala_gov,South Korea_gov,0
Guatemala_gov,South Sudan_gov,0
Guatemala_gov,Spain_gov,0
Guatemala_gov,Sri Lanka_gov,0
Guatemala_gov,State of Palestine_gov,0
Guatemala_gov,Suriname_gov,0
Guatemala_gov,Sweden_gov,0
Guatemala_gov,Switzerland_gov,0
Guatemala_gov,Taiwan_gov,0
Guatemala_gov,Timor-Leste_gov,0
Guatemala_gov,Togo_gov,0
Guatemala_gov,Turkey_gov,0
Guatemala_gov,Uganda_gov,0
Guatemala_gov,United Kingdom_gov,0
Guatemala_gov,United States_gov,0
Guatemala_gov,Vietnam_gov,0
Guatemala_gov,Yemen_gov,0
Hungary_gov,Afghanistan_gov,0
Hungary_gov,Angola_gov,0
Hungary_gov,Antigua and Barbuda_gov,0
Hungary_gov,Argentina_gov,0
Hungary_gov,Armenia_gov,0
Hungary_gov,Australia_gov,0
Hungary_gov,Austria_gov,0
Hungary_gov,Bangladesh_gov,0
Hungary_gov,Belarus_gov,0
Hungary_gov,Belgium_gov,0
Hungary_gov,Benin_gov,0
Hungary_gov,Bolivia_gov,0
Hungary_gov,Bosnia and Herzegovina_gov,0
Hungary_gov,Brazil_gov,0
Hungary_gov,Burkina Faso_gov,0
Hungary_gov,Canada_gov,0
Hungary_gov,Chile_gov,0
Hungary_gov,China_gov,0
Hungary_gov,Colombia_gov,0
Hungary_gov,Congo_gov,0
Hungary_gov,Croatia_gov,0
Hungary_gov,Czechia_gov,0
Hungary_gov,Democratic Republic of the Congo_gov,0
Hungary_gov,Denmark_gov,0
Hungary_gov,Ecuador_gov,0
Hungary_gov,El Salvador_gov,0
Hungary_gov,Ethiopia_gov,0
Hungary_gov,Finland_gov,0
Hungary_gov,France_gov,0
Hungary_gov,Germany_gov,0
Hungary_gov,Ghana_gov,0
Hungary_gov,Greece_gov,0
Hungary_gov,Guatemala_gov,0
Hungary_gov,India_gov,0
Hungary_gov,Indonesia_gov,0
Hungary_gov,Iraq_gov,0
Hungary_gov,Ireland_gov,0
Hungary_gov,Israel_gov,0
Hungary_gov,Italy_gov,0
Hungary_gov,Jamaica_gov,0
Hungary_gov,Japan_gov,0
Hungary_gov,Jordan_gov,0
Hungary_gov,Kenya_gov,0
Hungary_gov,Kuwait_gov,0
Hungary_gov,Latvia_gov,0
Hungary_gov,Libya_gov,0
Hungary_gov,Lithuania_gov,0
Hungary_gov,Luxembourg_gov,0
Hungary_gov,Mexico_gov,0
Hungary_gov,Monaco_gov,0
Hungary_gov,Montenegro_gov,0
Hungary_gov,Myanmar_gov,0
Hungary_gov,Namibia_gov,0
Hungary_gov,Nepal_gov,0
Hungary_gov,Netherlands_gov,0
Hungary_gov,New Zealand_gov,0
Hungary_gov,Nigeria_gov,0
Hungary_gov,North Korea_gov,0
Hungary_gov,Norway_gov,0
Hungary_gov,Pakistan_gov,0
Hungary_gov,Paraguay_gov,0
Hungary_gov,Peru_gov,0
Hungary_gov,Poland_gov,0
Hungary_gov,Portugal_gov,0
Hungary_gov,Qatar_gov,0
Hungary_gov,Russia_gov,0
Hungary_gov,Rwanda_gov,0
Hungary_gov,Samoa_gov,0
Hungary_gov,Serbia_gov,0
Hungary_gov,Sierra Leone_gov,0
Hungary_gov,Slovakia_gov,0
Hungary_gov,Solomon Islands_gov,0
Hungary_gov,South Africa_gov,0
Hungary_gov,South Korea_gov,0
Hungary_gov,South Sudan_gov,0
Hungary_gov,Spain_gov,0
Hungary_gov,Sri Lanka_gov,0
Hungary_gov,State of Palestine_gov,0
Hungary_gov,Suriname_gov,0
Hungary_gov,Sweden_gov,0
Hungary_gov,Switzerland_gov,0
Hungary_gov,Taiwan_gov,0
Hungary_gov,Timor-Leste_gov,0
Hungary_gov,Togo_gov,0
Hungary_gov,Turkey_gov,0
Hungary_gov,Uganda_gov,0
Hungary_gov,United Kingdom_gov,0
Hungary_gov,United States_gov,0
Hungary_gov,Vietnam_gov,0
Hungary_gov,Yemen_gov,0
India_gov,Afghanistan_gov,0
India_gov,Angola_gov,0
India_gov,Antigua and Barbuda_gov,0
India_gov,Argentina_gov,0
India_gov,Armenia_gov,0
India_gov,Australia_gov,0
India_gov,Austria_gov,0
India_gov,Bangladesh_gov,0
India_gov,Belarus_gov,0
India_gov,Belgium_gov,0
India_gov,Benin_gov,0
India_gov,Bolivia_gov,0
India_gov,Bosnia and Herzegovina_gov,0
India_gov,Brazil_gov,0
India_gov,Burkina Faso_gov,0
India_gov,Canada_gov,0
India_gov,Chile_gov,0
India_gov,China_gov,0
India_gov,Colombia_gov,0
India_gov,Congo_gov,0
India_gov,Croatia_gov,0
India_gov,Czechia_gov,0
India_gov,Democratic Republic of the Congo_gov,0
India_gov,Denmark_gov,0
India_gov,Ecuador_gov,0
India_gov,El Salvador_gov,0
India_gov,Ethiopia_gov,0
India_gov,Finland_gov,0
India_gov,France_gov,0
India_gov,Germany_gov,0
India_gov,Ghana_gov,0
India_gov,Greece_gov,0
India_gov,Guatemala_gov,0
India_gov,Hungary_gov,0
India_gov,Indonesia_gov,0
India_gov,Iraq_gov,0
India_gov,Ireland_gov,0
India_gov,Israel_gov,0
India_gov,Italy_gov,0
India_gov,Jamaica_gov,0
India_gov,Japan_gov,0
India_gov,Jordan_gov,0
India_gov,Kenya_gov,0
India_gov,Kuwait_gov,0
India_gov,Latvia_gov,0
India_gov,Libya_gov,0
India_gov,Lithuania_gov,0
India_gov,Luxembourg_gov,0
India_gov,Mexico_gov,0
India_gov,Monaco_gov,0
India_gov,Montenegro_gov,0
India_gov,Myanmar_gov,0
India_gov,Namibia_gov,0
India_gov,Nepal_gov,0
India_gov,Netherlands_gov,0
India_gov,New Zealand_gov,0
India_gov,Nigeria_gov,0
India_gov,North Korea_gov,0
India_gov,Norway_gov,0
India_gov,Pakistan_gov,0
India_gov,Paraguay_gov,0
India_gov,Peru_gov,0
India_gov,Poland_gov,0
India_gov,Portugal_gov,0
India_gov,Qatar_gov,0
India_gov,Russia_gov,0
India_gov,Rwanda_gov,0
India_gov,Samoa_gov,0
India_gov,Serbia_gov,0
India_gov,Sierra Leone_gov,0
India_gov,Slovakia_gov,0
India_gov,Solomon Islands_gov,0
India_gov,South Africa_gov,0
India_gov,South Korea_gov,0
India_gov,South Sudan_gov,0
India_gov,Spain_gov,0
India_gov,Sri Lanka_gov,0
India_gov,State of Palestine_gov,0
India_gov,Suriname_gov,0
India_gov,Sweden_gov,0
India_gov,Switzerland_gov,0
India_gov,Taiwan_gov,0
India_gov,Timor-Leste_gov,0
India_gov,Togo_gov,0
India_gov,Turkey_gov,0
India_gov,Uganda_gov,0
India_gov,United Kingdom_gov,0
India_gov,United States_gov,0
India_gov,Vietnam_gov,0
India_gov,Yemen_gov,0
Indonesia_gov,Afghanistan_gov,0
Indonesia_gov,Angola_gov,0
Indonesia_gov,Antigua and Barbuda_gov,0
Indonesia_gov,Argentina_gov,0
Indonesia_gov,Armenia_gov,0
Indonesia_gov,Australia_gov,0
Indonesia_gov,Austria_gov,0
Indonesia_gov,Bangladesh_gov,0
Indonesia_gov,Belarus_gov,0
Indonesia_gov,Belgium_gov,0
Indonesia_gov,Benin_gov,0
Indonesia_gov,Bolivia_gov,0
Indonesia_gov,Bosnia and Herzegovina_gov,0
Indonesia_gov,Brazil_gov,0
Indonesia_gov,Burkina Faso_gov,0
Indonesia_gov,Canada_gov,0
Indonesia_gov,Chile_gov,0
Indonesia_gov,China_gov,0
Indonesia_gov,Colombia_gov,0
Indonesia_gov,Congo_gov,0
Indonesia_gov,Croatia_gov,0
Indonesia_gov,Czechia_gov,0
Indonesia_gov,Democratic Republic of the Congo_gov,0
Indonesia_gov,Denmark_gov,0
Indonesia_gov,Ecuador_gov,0
Indonesia_gov,El Salvador_gov,0
Indonesia_gov,Ethiopia_gov,0
Indonesia_gov,Finland_gov,0
Indonesia_gov,France_gov,0
Indonesia_gov,Germany_gov,0
Indonesia_gov,Ghana_gov,0
Indonesia_gov,Greece_gov,0
Indonesia_gov,Guatemala_gov,0
Indonesia_gov,Hungary_gov,0
Indonesia_gov,India_gov,0
Indonesia_gov,Iraq_gov,0
Indonesia_gov,Ireland_gov,0
Indonesia_gov,Israel_gov,0
Indonesia_gov,Italy_gov,0
Indonesia_gov,Jamaica_gov,0
Indonesia_gov,Japan_gov,0
Indonesia_gov,Jordan_gov,0
Indonesia_gov,Kenya_gov,0
Indonesia_gov,Kuwait_gov,0
Indonesia_gov,Latvia_gov,0
Indonesia_gov,Libya_gov,0
Indonesia_gov,Lithuania_gov,0
Indonesia_gov,Luxembourg_gov,0
Indonesia_gov,Mexico_gov,0
Indonesia_gov,Monaco_gov,0
Indonesia_gov,Montenegro_gov,0
Indonesia_gov,Myanmar_gov,0
Indonesia_gov,Namibia_gov,0
Indonesia_gov,Nepal_gov,0
Indonesia_gov,Netherlands_gov,0
Indonesia_gov,New Zealand_gov,0
Indonesia_gov,Nigeria_gov,0
Indonesia_gov,North Korea_gov,0
Indonesia_gov,Norway_gov,0
Indonesia_gov,Pakistan_gov,0
Indonesia_gov,Paraguay_gov,0
Indonesia_gov,Peru_gov,0
Indonesia_gov,Poland_gov,0
Indonesia_gov,Portugal_gov,0
Indonesia_gov,Qatar_gov,0
Indonesia_gov,Russia_gov,0
Indonesia_gov,Rwanda_gov,0
Indonesia_gov,Samoa_gov,0
Indonesia_gov,Serbia_gov,0
Indonesia_gov,Sierra Leone_gov,0
Indonesia_gov,Slovakia_gov,0
Indonesia_gov,Solomon Islands_gov,0
Indonesia_gov,South Africa_gov,0
Indonesia_gov,South Korea_gov,0
Indonesia_gov,South Sudan_gov,0
Indonesia_gov,Spain_gov,0
Indonesia_gov,Sri Lanka_gov,0
Indonesia_gov,State of Palestine_gov,0
Indonesia_gov,Suriname_gov,0
Indonesia_gov,Sweden_gov,0
Indonesia_gov,Switzerland_gov,0
Indonesia_gov,Taiwan_gov,0
Indonesia_gov,Timor-Leste_gov,0
Indonesia_gov,Togo_gov,0
Indonesia_gov,Turkey_gov,0
Indonesia_gov,Uganda_gov,0
Indonesia_gov,United Kingdom_gov,0
Indonesia_gov,United States_gov,0
Indonesia_gov,Vietnam_gov,0
Indonesia_gov,Yemen_gov,0
Iraq_gov,Afghanistan_gov,0
Iraq_gov,Angola_gov,0
Iraq_gov,Antigua and Barbuda_gov,0
Iraq_gov,Argentina_gov,0
Iraq_gov,Armenia_gov,0
Iraq_gov,Australia_gov,0
Iraq_gov,Austria_gov,0
Iraq_gov,Bangladesh_gov,0
Iraq_gov,Belarus_gov,0
Iraq_gov,Belgium_gov,0
Iraq_gov,Benin_gov,0
Iraq_gov,Bolivia_gov,0
Iraq_gov,Bosnia and Herzegovina_gov,0
Iraq_gov,Brazil_gov,0
Iraq_gov,Burkina Faso_gov,0
Iraq_gov,Canada_gov,0
Iraq_gov,Chile_gov,0
Iraq_gov,China_gov,0
Iraq_gov,Colombia_gov,0
Iraq_gov,Congo_gov,0
Iraq_gov,Croatia_gov,0
Iraq_gov,Czechia_gov,0
Iraq_gov,Democratic Republic of the Congo_gov,0
Iraq_gov,Denmark_gov,0
Iraq_gov,Ecuador_gov,0
Iraq_gov,El Salvador_gov,0
Iraq_gov,Ethiopia_gov,0
Iraq_gov,Finland_gov,0
Iraq_gov,France_gov,0
Iraq_gov,Germany_gov,0
Iraq_gov,Ghana_gov,0
Iraq_gov,Greece_gov,0
Iraq_gov,Guatemala_gov,0
Iraq_gov,Hungary_gov,0
Iraq_gov,India_gov,0
Iraq_gov,Indonesia_gov,0
Iraq_gov,Ireland_gov,0
Iraq_gov,Israel_gov,0
Iraq_gov,Italy_gov,0
Iraq_gov,Jamaica_gov,0
Iraq_gov,Japan_gov,0
Iraq_gov,Jordan_gov,0
Iraq_gov,Kenya_gov,0
Iraq_gov,Kuwait_gov,0
Iraq_gov,Latvia_gov,0
Iraq_gov,Libya_gov,0
Iraq_gov,Lithuania_gov,0
Iraq_gov,Luxembourg_gov,0
Iraq_gov,Mexico_gov,0
Iraq_gov,Monaco_gov,0
Iraq_gov,Montenegro_gov,0
Iraq_gov,Myanmar_gov,0
Iraq_gov,Namibia_gov,0
Iraq_gov,Nepal_gov,0
Iraq_gov,Netherlands_gov,0
Iraq_gov,New Zealand_gov,0
Iraq_gov,Nigeria_gov,0
Iraq_gov,North Korea_gov,0
Iraq_gov,Norway_gov,0
Iraq_gov,Pakistan_gov,0
Iraq_gov,Paraguay_gov,0
Iraq_gov,Peru_gov,0
Iraq_gov,Poland_gov,0
Iraq_gov,Portugal_gov,0
Iraq_gov,Qatar_gov,0
Iraq_gov,Russia_gov,0
Iraq_gov,Rwanda_gov,0
Iraq_gov,Samoa_gov,0
Iraq_gov,Serbia_gov,0
Iraq_gov,Sierra Leone_gov,0
Iraq_gov,Slovakia_gov,0
Iraq_gov,Solomon Islands_gov,0
Iraq_gov,South Africa_gov,0
Iraq_gov,South Korea_gov,0
Iraq_gov,South Sudan_gov,0
Iraq_gov,Spain_gov,0
Iraq_gov,Sri Lanka_gov,0
Iraq_gov,State of Palestine_gov,0
Iraq_gov,Suriname_gov,0
Iraq_gov,Sweden_gov,0
Iraq_gov,Switzerland_gov,0
Iraq_gov,Taiwan_gov,0
Iraq_gov,Timor-Leste_gov,0
Iraq_gov,Togo_gov,0
Iraq_gov,Turkey_gov,0
Iraq_gov,Uganda_gov,0
Iraq_gov,United Kingdom_gov,0
Iraq_gov,United States_gov,0
Iraq_gov,Vietnam_gov,0
Iraq_gov,Yemen_gov,0
Ireland_gov,Afghanistan_gov,0
Ireland_gov,Angola_gov,0
Ireland_gov,Antigua and Barbuda_gov,0
Ireland_gov,Argentina_gov,0
Ireland_gov,Armenia_gov,0
Ireland_gov,Australia_gov,0
Ireland_gov,Austria_gov,0
Ireland_gov,Bangladesh_gov,0
Ireland_gov,Belarus_gov,0
Ireland_gov,Belgium_gov,0
Ireland_gov,Benin_gov,0
Ireland_gov,Bolivia_gov,0
Ireland_gov,Bosnia and Herzegovina_gov,0
Ireland_gov,Brazil_gov,0
Ireland_gov,Burkina Faso_gov,0
Ireland_gov,Canada_gov,0
Ireland_gov,Chile_gov,0
Ireland_gov,China_gov,0
Ireland_gov,Colombia_gov,0
Ireland_gov,Congo_gov,0
Ireland_gov,Croatia_gov,0
Ireland_gov,Czechia_gov,0
Ireland_gov,Democratic Republic of the Congo_gov,0
Ireland_gov,Denmark_gov,0
Ireland_gov,Ecuador_gov,0
Ireland_gov,El Salvador_gov,0
Ireland_gov,Ethiopia_gov,0
Ireland_gov,Finland_gov,0
Ireland_gov,France_gov,0
Ireland_gov,Germany_gov,0
Ireland_gov,Ghana_gov,0
Ireland_gov,Greece_gov,0
Ireland_gov,Guatemala_gov,0
Ireland_gov,Hungary_gov,0
Ireland_gov,India_gov,0
Ireland_gov,Indonesia_gov,0
Ireland_gov,Iraq_gov,0
Ireland_gov,Israel_gov,0
Ireland_gov,Italy_gov,0
Ireland_gov,Jamaica_gov,0
Ireland_gov,Japan_gov,0
Ireland_gov,Jordan_gov,0
Ireland_gov,Kenya_gov,0
Ireland_gov,Kuwait_gov,0
Ireland_gov,Latvia_gov,0
Ireland_gov,Libya_gov,0
Ireland_gov,Lithuania_gov,0
Ireland_gov,Luxembourg_gov,0
Ireland_gov,Mexico_gov,0
Ireland_gov,Monaco_gov,0
Ireland_gov,Montenegro_gov,0
Ireland_gov,Myanmar_gov,0
Ireland_gov,Namibia_gov,0
Ireland_gov,Nepal_gov,0
Ireland_gov,Netherlands_gov,0
Ireland_gov,New Zealand_gov,0
Ireland_gov,Nigeria_gov,0
Ireland_gov,North Korea_gov,0
Ireland_gov,Norway_gov,0
Ireland_gov,Pakistan_gov,0
Ireland_gov,Paraguay_gov,0
Ireland_gov,Peru_gov,0
Ireland_gov,Poland_gov,0
Ireland_gov,Portugal_gov,0
Ireland_gov,Qatar_gov,0
Ireland_gov,Russia_gov,0
Ireland_gov,Rwanda_gov,0
Ireland_gov,Samoa_gov,0
Ireland_gov,Serbia_gov,0
Ireland_gov,Sierra Leone_gov,0
Ireland_gov,Slovakia_gov,0
Ireland_gov,Solomon Islands_gov,0
Ireland_gov,South Africa_gov,0
Ireland_gov,South Korea_gov,0
Ireland_gov,South Sudan_gov,0
Ireland_gov,Spain_gov,0
Ireland_gov,Sri Lanka_gov,0
Ireland_gov,State of Palestine_gov,0
Ireland_gov,Suriname_gov,0
Ireland_gov,Sweden_gov,0
Ireland_gov,Switzerland_gov,0
Ireland_gov,Taiwan_gov,0
Ireland_gov,Timor-Leste_gov,0
Ireland_gov,Togo_gov,0
Ireland_gov,Turkey_gov,0
Ireland_gov,Uganda_gov,0
Ireland_gov,United Kingdom_gov,0
Ireland_gov,United States_gov,0
Ireland_gov,Vietnam_gov,0
Ireland_gov,Yemen_gov,0
Israel_gov,Afghanistan_gov,0
Israel_gov,Angola_gov,0
Israel_gov,Antigua and Barbuda_gov,0
Israel_gov,Argentina_gov,0
Israel_gov,Armenia_gov,0
Israel_gov,Australia_gov,0
Israel_gov,Austria_gov,0
Israel_gov,Bangladesh_gov,0
Israel_gov,Belarus_gov,0
Israel_gov,Belgium_gov,0
Israel_gov,Benin_gov,0
Israel_gov,Bolivia_gov,0
Israel_gov,Bosnia and Herzegovina_gov,0
Israel_gov,Brazil_gov,0
Israel_gov,Burkina Faso_gov,0
Israel_gov,Canada_gov,0
Israel_gov,Chile_gov,0
Israel_gov,China_gov,0
Israel_gov,Colombia_gov,0
Israel_gov,Congo_gov,0
Israel_gov,Croatia_gov,0
Israel_gov,Czechia_gov,0
Israel_gov,Democratic Republic of the Congo_gov,0
Israel_gov,Denmark_gov,0
Israel_gov,Ecuador_gov,0
Israel_gov,El Salvador_gov,0
Israel_gov,Ethiopia_gov,0
Israel_gov,Finland_gov,0
Israel_gov,France_gov,0
Israel_gov,Germany_gov,0
Israel_gov,Ghana_gov,0
Israel_gov,Greece_gov,0
Israel_gov,Guatemala_gov,0
Israel_gov,Hungary_gov,0
Israel_gov,India_gov,0
Israel_gov,Indonesia_gov,0
Israel_gov,Iraq_gov,0
Israel_gov,Ireland_gov,0
Israel_gov,Italy_gov,0
Israel_gov,Jamaica_gov,0
Israel_gov,Japan_gov,0
Israel_gov,Jordan_gov,0
Israel_gov,Kenya_gov,0
Israel_gov,Kuwait_gov,0
Israel_gov,Latvia_gov,0
Israel_gov,Libya_gov,0
Israel_gov,Lithuania_gov,0
Israel_gov,Luxembourg_gov,0
Israel_gov,Mexico_gov,0
Israel_gov,Monaco_gov,0
Israel_gov,Montenegro_gov,0
Israel_gov,Myanmar_gov,0
Israel_gov,Namibia_gov,0
Israel_gov,Nepal_gov,0
Israel_gov,Netherlands_gov,0
Israel_gov,New Zealand_gov,0
Israel_gov,Nigeria_gov,0
Israel_gov,North Korea_gov,0
Israel_gov,Norway_gov,0
Israel_gov,Pakistan_gov,0
Israel_gov,Paraguay_gov,0
Israel_gov,Peru_gov,0
Israel_gov,Poland_gov,0
Israel_gov,Portugal_gov,0
Israel_gov,Qatar_gov,0
Israel_gov,Russia_gov,0
Israel_gov,Rwanda_gov,0
Israel_gov,Samoa_gov,0
Israel_gov,Serbia_gov,0
Israel_gov,Sierra Leone_gov,0
Israel_gov,Slovakia_gov,0
Israel_gov,Solomon Islands_gov,0
Israel_gov,South Africa_gov,0
Israel_gov,South Korea_gov,0
Israel_gov,South Sudan_gov,0
Israel_gov,Spain_gov,0
Israel_gov,Sri Lanka_gov,0
Israel_gov,State of Palestine_gov,0
Israel_gov,Suriname_gov,0
Israel_gov,Sweden_gov,0
Israel_gov,Switzerland_gov,0
Israel_gov,Taiwan_gov,0
Israel_gov,Timor-Leste_gov,0
Israel_gov,Togo_gov,0
Israel_gov,Turkey_gov,0
Israel_gov,Uganda_gov,0
Israel_gov,United Kingdom_gov,0
Israel_gov,United States_gov,0
Israel_gov,Vietnam_gov,0
Israel_gov,Yemen_gov,0
Italy_gov,Afghanistan_gov,0
Italy_gov,Angola_gov,0
Italy_gov,Antigua and Barbuda_gov,0
Italy_gov,Argentina_gov,0
Italy_gov,Armenia_gov,0
Italy_gov,Australia_gov,0
Italy_gov,Austria_gov,0
Italy_gov,Bangladesh_gov,0
Italy_gov,Belarus_gov,0
Italy_gov,Belgium_gov,0
Italy_gov,Benin_gov,0
Italy_gov,Bolivia_gov,0
Italy_gov,Bosnia and Herzegovina_gov,0
Italy_gov,Brazil_gov,0
Italy_gov,Burkina Faso_gov,0
Italy_gov,Canada_gov,0
Italy_gov,Chile_gov,0
Italy_gov,China_gov,0
Italy_gov,Colombia_gov,0
Italy_gov,Congo_gov,0
Italy_gov,Croatia_gov,0
Italy_gov,Czechia_gov,0
Italy_gov,Democratic Republic of the Congo_gov,0
Italy_gov,Denmark_gov,0
Italy_gov,Ecuador_gov,0
Italy_gov,El Salvador_gov,0
Italy_gov,Ethiopia_gov,1
Italy_gov,Finland_gov,0
Italy_gov,France_gov,0
Italy_gov,Germany_gov,0
Italy_gov,Ghana_gov,0
Italy_gov,Greece_gov,0
Italy_gov,Guatemala_gov,0
Italy_gov,Hungary_gov,0
Italy_gov,India_gov,0
Italy_gov,Indonesia_gov,0
Italy_gov,Iraq_gov,0
Italy_gov,Ireland_gov,0
Italy_gov,Israel_gov,0
Italy_gov,Jamaica_gov,0
Italy_gov,Japan_gov,0
Italy_gov,Jordan_gov,0
Italy_gov,Kenya_gov,0
Italy_gov,Kuwait_gov,0
Italy_gov,Latvia_gov,0
Italy_gov,Libya_gov,1
Italy_gov,Lithuania_gov,0
Italy_gov,Luxembourg_gov,0
Italy_gov,Mexico_gov,0
Italy_gov,Monaco_gov,0
Italy_gov,Montenegro_gov,0
Italy_gov,Myanmar_gov,0
Italy_gov,Namibia_gov,0
Italy_gov,Nepal_gov,0
Italy_gov,Netherlands_gov,0
Italy_gov,New Zealand_gov,0
Italy_gov,Nigeria_gov,0
Italy_gov,North Korea_gov,0
Italy_gov,Norway_gov,0
Italy_gov,Pakistan_gov,0
Italy_gov,Paraguay_gov,0
Italy_gov,Peru_gov,0
Italy_gov,Poland_gov,0
Italy_gov,Portugal_gov,0
Italy_gov,Qatar_gov,0
Italy_gov,Russia_gov,0
Italy_gov,Rwanda_gov,0
Italy_gov,Samoa_gov,0
Italy_gov,Serbia_gov,0
Italy_gov,Sierra Leone_gov,0
Italy_gov,Slovakia_gov,0
Italy_gov,Solomon Islands_gov,0
Italy_gov,South Africa_gov,0
Italy_gov,South Korea_gov,0
Italy_gov,South Sudan_gov,0
Italy_gov,Spain_gov,0
Italy_gov,Sri Lanka_gov,0
Italy_gov,State of Palestine_gov,0
Italy_gov,Suriname_gov,0
Italy_gov,Sweden_gov,0
Italy_gov,Switzerland_gov,0
Italy_gov,Taiwan_gov,0
Italy_gov,Timor-Leste_gov,0
Italy_gov,Togo_gov,0
Italy_gov,Turkey_gov,0
Italy_gov,Uganda_gov,0
Italy_gov,United Kingdom_gov,0
Italy_gov,United States_gov,0
Italy_gov,Vietnam_gov,0
Italy_gov,Yemen_gov,0
Jamaica_gov,Afghanistan_gov,0
Jamaica_gov,Angola_gov,0
Jamaica_gov,Antigua and Barbuda_gov,0
Jamaica_gov,Argentina_gov,0
Jamaica_gov,Armenia_gov,0
Jamaica_gov,Australia_gov,0
Jamaica_gov,Austria_gov,0
Jamaica_gov,Bangladesh_gov,0
Jamaica_gov,Belarus_gov,0
Jamaica_gov,Belgium_gov,0
Jamaica_gov,Benin_gov,0
Jamaica_gov,Bolivia_gov,0
Jamaica_gov,Bosnia and Herzegovina_gov,0
Jamaica_gov,Brazil_gov,0
Jamaica_gov,Burkina Faso_gov,0
Jamaica_gov,Canada_gov,0
Jamaica_gov,Chile_gov,0
Jamaica_gov,China_gov,0
Jamaica_gov,Colombia_gov,0
Jamaica_gov,Congo_gov,0
Jamaica_gov,Croatia_gov,0
Jamaica_gov,Czechia_gov,0
Jamaica_gov,Democratic Republic of the Congo_gov,0
Jamaica_gov,Denmark_gov,0
Jamaica_gov,Ecuador_gov,0
Jamaica_gov,El Salvador_gov,0
Jamaica_gov,Ethiopia_gov,0
Jamaica_gov,Finland_gov,0
Jamaica_gov,France_gov,0
Jamaica_gov,Germany_gov,0
Jamaica_gov,Ghana_gov,0
Jamaica_gov,Greece_gov,0
Jamaica_gov,Guatemala_gov,0
Jamaica_gov,Hungary_gov,0
Jamaica_gov,India_gov,0
Jamaica_gov,Indonesia_gov,0
Jamaica_gov,Iraq_gov,0
Jamaica_gov,Ireland_gov,0
Jamaica_gov,Israel_gov,0
Jamaica_gov,Italy_gov,0
Jamaica_gov,Japan_gov,0
Jamaica_gov,Jordan_gov,0
Jamaica_gov,Kenya_gov,0
Jamaica_gov,Kuwait_gov,0
Jamaica_gov,Latvia_gov,0
Jamaica_gov,Libya_gov,0
Jamaica_gov,Lithuania_gov,0
Jamaica_gov,Luxembourg_gov,0
Jamaica_gov,Mexico_gov,0
Jamaica_gov,Monaco_gov,0
Jamaica_gov,Montenegro_gov,0
Jamaica_gov,Myanmar_gov,0
Jamaica_gov,Namibia_gov,0
Jamaica_gov,Nepal_gov,0
Jamaica_gov,Netherlands_gov,0
Jamaica_gov,New Zealand_gov,0
Jamaica_gov,Nigeria_gov,0
Jamaica_gov,North Korea_gov,0
Jamaica_gov,Norway_gov,0
Jamaica_gov,Pakistan_gov,0
Jamaica_gov,Paraguay_gov,0
Jamaica_gov,Peru_gov,0
Jamaica_gov,Poland_gov,0
Jamaica_gov,Portugal_gov,0
Jamaica_gov,Qatar_gov,0
Jamaica_gov,Russia_gov,0
Jamaica_gov,Rwanda_gov,0
Jamaica_gov,Samoa_gov,0
Jamaica_gov,Serbia_gov,0
Jamaica_gov,Sierra Leone_gov,0
Jamaica_gov,Slovakia_gov,0
Jamaica_gov,Solomon Islands_gov,0
Jamaica_gov,South Africa_gov,0
Jamaica_gov,South Korea_gov,0
Jamaica_gov,South Sudan_gov,0
Jamaica_gov,Spain_gov,0
Jamaica_gov,Sri Lanka_gov,0
Jamaica_gov,State of Palestine_gov,0
Jamaica_gov,Suriname_gov,0
Jamaica_gov,Sweden_gov,0
Jamaica_gov,Switzerland_gov,0
Jamaica_gov,Taiwan_gov,0
Jamaica_gov,Timor-Leste_gov,0
Jamaica_gov,Togo_gov,0
Jamaica_gov,Turkey_gov,0
Jamaica_gov,Uganda_gov,0
Jamaica_gov,United Kingdom_gov,0
Jamaica_gov,United States_gov,0
Jamaica_gov,Vietnam_gov,0
Jamaica_gov,Yemen_gov,0
Japan_gov,Afghanistan_gov,0
Japan_gov,Angola_gov,0
Japan_gov,Antigua and Barbuda_gov,0
Japan_gov,Argentina_gov,0
Japan_gov,Armenia_gov,0
Japan_gov,Australia_gov,0
Japan_gov,Austria_gov,0
Japan_gov,Bangladesh_gov,0
Japan_gov,Belarus_gov,0
Japan_gov,Belgium_gov,0
Japan_gov,Benin_gov,0
Japan_gov,Bolivia_gov,0
Japan_gov,Bosnia and Herzegovina_gov,0
Japan_gov,Brazil_gov,0
Japan_gov,Burkina Faso_gov,0
Japan_gov,Canada_gov,0
Japan_gov,Chile_gov,0
Japan_gov,China_gov,0
Japan_gov,Colombia_gov,0
Japan_gov,Congo_gov,0
Japan_gov,Croatia_gov,0
Japan_gov,Czechia_gov,0
Japan_gov,Democratic Republic of the Congo_gov,0
Japan_gov,Denmark_gov,0
Japan_gov,Ecuador_gov,0
Japan_gov,El Salvador_gov,0
Japan_gov,Ethiopia_gov,0
Japan_gov,Finland_gov,0
Japan_gov,France_gov,0
Japan_gov,Germany_gov,0
Japan_gov,Ghana_gov,0
Japan_gov,Greece_gov,0
Japan_gov,Guatemala_gov,0
Japan_gov,Hungary_gov,0
Japan_gov,India_gov,0
Japan_gov,Indonesia_gov,0
Japan_gov,Iraq_gov,0
Japan_gov,Ireland_gov,0
Japan_gov,Israel_gov,0
Japan_gov,Italy_gov,0
Japan_gov,Jamaica_gov,0
Japan_gov,Jordan_gov,0
Japan_gov,Kenya_gov,0
Japan_gov,Kuwait_gov,0
Japan_gov,Latvia_gov,0
Japan_gov,Libya_gov,0
Japan_gov,Lithuania_gov,0
Japan_gov,Luxembourg_gov,0
Japan_gov,Mexico_gov,0
Japan_gov,Monaco_gov,0
Japan_gov,Montenegro_gov,0
Japan_gov,Myanmar_gov,0
Japan_gov,Namibia_gov,0
Japan_gov,Nepal_gov,0
Japan_gov,Netherlands_gov,0
Japan_gov,New Zealand_gov,0
Japan_gov,Nigeria_gov,0
Japan_gov,North Korea_gov,1
Japan_gov,Norway_gov,0
Japan_gov,Pakistan_gov,0
Japan_gov,Paraguay_gov,0
Japan_gov,Peru_gov,0
Japan_gov,Poland_gov,0
Japan_gov,Portugal_gov,0
Japan_gov,Qatar_gov,0
Japan_gov,Russia_gov,0
Japan_gov,Rwanda_gov,0
Japan_gov,Samoa_gov,0
Japan_gov,Serbia_gov,0
Japan_gov,Sierra Leone_gov,0
Japan_gov,Slovakia_gov,0
Japan_gov,Solomon Islands_gov,0
Japan_gov,South Africa_gov,0
Japan_gov,South Korea_gov,1
Japan_gov,South Sudan_gov,0
Japan_gov,Spain_gov,0
Japan_gov,Sri Lanka_gov,0
Japan_gov,State of Palestine_gov,0
Japan_gov,Suriname_gov,0
Japan_gov,Sweden_gov,0
Japan_gov,Switzerland_gov,0
Japan_gov,Taiwan_gov,1
Japan_gov,Timor-Leste_gov,0
Japan_gov,Togo_gov,0
Japan_gov,Turkey_gov,0
Japan_gov,Uganda_gov,0
Japan_gov,United Kingdom_gov,0
Japan_gov,United States_gov,0
Japan_gov,Vietnam_gov,0
Japan_gov,Yemen_gov,0
Jordan_gov,Afghanistan_gov,0
Jordan_gov,Angola_gov,0
Jordan_gov,Antigua and Barbuda_gov,0
Jordan_gov,Argentina_gov,0
Jordan_gov,Armenia_gov,0
Jordan_gov,Australia_gov,0
Jordan_gov,Austria_gov,0
Jordan_gov,Bangladesh_gov,0
Jordan_gov,Belarus_gov,0
Jordan_gov,Belgium_gov,0
Jordan_gov,Benin_gov,0
Jordan_gov,Bolivia_gov,0
Jordan_gov,Bosnia and Herzegovina_gov,0
Jordan_gov,Brazil_gov,0
Jordan_gov,Burkina Faso_gov,0
Jordan_gov,Canada_gov,0
Jordan_gov,Chile_gov,0
Jordan_gov,China_gov,0
Jordan_gov,Colombia_gov,0
Jordan_gov,Congo_gov,0
Jordan_gov,Croatia_gov,0
Jordan_gov,Czechia_gov,0
Jordan_gov,Democratic Republic of the Congo_gov,0
Jordan_gov,Denmark_gov,0
Jordan_gov,Ecuador_gov,0
Jordan_gov,El Salvador_gov,0
Jordan_gov,Ethiopia_gov,0
Jordan_gov,Finland_gov,0
Jordan_gov,France_gov,0
Jordan_gov,Germany_gov,0
Jordan_gov,Ghana_gov,0
Jordan_gov,Greece_gov,0
Jordan_gov,Guatemala_gov,0
Jordan_gov,Hungary_gov,0
Jordan_gov,India_gov,0
Jordan_gov,Indonesia_gov,0
Jordan_gov,Iraq_gov,0
Jordan_gov,Ireland_gov,0
Jordan_gov,Israel_gov,0
Jordan_gov,Italy_gov,0
Jordan_gov,Jamaica_gov,0
Jordan_gov,Japan_gov,0
Jordan_gov,Kenya_gov,0
Jordan_gov,Kuwait_gov,0
Jordan_gov,Latvia_gov,0
Jordan_gov,Libya_gov,0
Jordan_gov,Lithuania_gov,0
Jordan_gov,Luxembourg_gov,0
Jordan_gov,Mexico_gov,0
Jordan_gov,Monaco_gov,0
Jordan_gov,Montenegro_gov,0
Jordan_gov,Myanmar_gov,0
Jordan_gov,Namibia_gov,0
Jordan_gov,Nepal_gov,0
Jordan_gov,Netherlands_gov,0
Jordan_gov,New Zealand_gov,0
Jordan_gov,Nigeria_gov,0
Jordan_gov,North Korea_gov,0
Jordan_gov,Norway_gov,0
Jordan_gov,Pakistan_gov,0
Jordan_gov,Paraguay_gov,0
Jordan_gov,Peru_gov,0
Jordan_gov,Poland_gov,0
Jordan_gov,Portugal_gov,0
Jordan_gov,Qatar_gov,0
Jordan_gov,Russia_gov,0
Jordan_gov,Rwanda_gov,0
Jordan_gov,Samoa_gov,0
Jordan_gov,Serbia_gov,0
Jordan_gov,Sierra Leone_gov,0
Jordan_gov,Slovakia_gov,0
Jordan_gov,Solomon Islands_gov,0
Jordan_gov,South Africa_gov,0
Jordan_gov,South Korea_gov,0
Jordan_gov,South Sudan_gov,0
Jordan_gov,Spain_gov,0
Jordan_gov,Sri Lanka_gov,0
Jordan_gov,State of Palestine_gov,0
Jordan_gov,Suriname_gov,0
Jordan_gov,Sweden_gov,0
Jordan_gov,Switzerland_gov,0
Jordan_gov,Taiwan_gov,0
Jordan_gov,Timor-Leste_gov,0
Jordan_gov,Togo_gov,0
Jordan_gov,Turkey_gov,0
Jordan_gov,Uganda_gov,0
Jordan_gov,United Kingdom_gov,0
Jordan_gov,United States_gov,0
Jordan_gov,Vietnam_gov,0
Jordan_gov,Yemen_gov,0
Kenya_gov,Afghanistan_gov,0
Kenya_gov,Angola_gov,0
Kenya_gov,Antigua and Barbuda_gov,0
Kenya_gov,Argentina_gov,0
Kenya_gov,Armenia_gov,0
Kenya_gov,Australia_gov,0
Kenya_gov,Austria_gov,0
Kenya_gov,Bangladesh_gov,0
Kenya_gov,Belarus_gov,0
Kenya_gov,Belgium_gov,0
Kenya_gov,Benin_gov,0
Kenya_gov,Bolivia_gov,0
Kenya_gov,Bosnia and Herzegovina_gov,0
Kenya_gov,Brazil_gov,0
Kenya_gov,Burkina Faso_gov,0
Kenya_gov,Canada_gov,0
Kenya_gov,Chile_gov,0
Kenya_gov,China_gov,0
Kenya_gov,Colombia_gov,0
Kenya_gov,Congo_gov,0
Kenya_gov,Croatia_gov,0
Kenya_gov,Czechia_gov,0
Kenya_gov,Democratic Republic of the Congo_gov,0
Kenya_gov,Denmark_gov,0
Kenya_gov,Ecuador_gov,0
Kenya_gov,El Salvador_gov,0
Kenya_gov,Ethiopia_gov,0
Kenya_gov,Finland_gov,0
Kenya_gov,France_gov,0
Kenya_gov,Germany_gov,0
Kenya_gov,Ghana_gov,0
Kenya_gov,Greece_gov,0
Kenya_gov,Guatemala_gov,0
Kenya_gov,Hungary_gov,0
Kenya_gov,India_gov,0
Kenya_gov,Indonesia_gov,0
Kenya_gov,Iraq_gov,0
Kenya_gov,Ireland_gov,0
Kenya_gov,Israel_gov,0
Kenya_gov,Italy_gov,0
Kenya_gov,Jamaica_gov,0
Kenya_gov,Japan_gov,0
Kenya_gov,Jordan_gov,0
Kenya_gov,Kuwait_gov,0
Kenya_gov,Latvia_gov,0
Kenya_gov,Libya_gov,0
Kenya_gov,Lithuania_gov,0
Kenya_gov,Luxembourg_gov,0
Kenya_gov,Mexico_gov,0
Kenya_gov,Monaco_gov,0
Kenya_gov,Montenegro_gov,0
Kenya_gov,Myanmar_gov,0
Kenya_gov,Namibia_gov,0
Kenya_gov,Nepal_gov,0
Kenya_gov,Netherlands_gov,0
Kenya_gov,New Zealand_gov,0
Kenya_gov,Nigeria_gov,0
Kenya_gov,North Korea_gov,0
Kenya_gov,Norway_gov,0
Kenya_gov,Pakistan_gov,0
Kenya_gov,Paraguay_gov,0
Kenya_gov,Peru_gov,0
Kenya_gov,Poland_gov,0
Kenya_gov,Portugal_gov,0
Kenya_gov,Qatar_gov,0
Kenya_gov,Russia_gov,0
Kenya_gov,Rwanda_gov,0
Kenya_gov,Samoa_gov,0
Kenya_gov,Serbia_gov,0
Kenya_gov,Sierra Leone_gov,0
Kenya_gov,Slovakia_gov,0
Kenya_gov,Solomon Islands_gov,0
Kenya_gov,South Africa_gov,0
Kenya_gov,South Korea_gov,0
Kenya_gov,South Sudan_gov,0
Kenya_gov,Spain_gov,0
Kenya_gov,Sri Lanka_gov,0
Kenya_gov,State of Palestine_gov,0
Kenya_gov,Suriname_gov,0
Kenya_gov,Sweden_gov,0
Kenya_gov,Switzerland_gov,0
Kenya_gov,Taiwan_gov,0
Kenya_gov,Timor-Leste_gov,0
Kenya_gov,Togo_gov,0
Kenya_gov,Turkey_gov,0
Kenya_gov,Uganda_gov,0
Kenya_gov,United Kingdom_gov,0
Kenya_gov,United States_gov,0
Kenya_gov,Vietnam_gov,0
Kenya_gov,Yemen_gov,0
Kuwait_gov,Afghanistan_gov,0
Kuwait_gov,Angola_gov,0
Kuwait_gov,Antigua and Barbuda_gov,0
Kuwait_gov,Argentina_gov,0
Kuwait_gov,Armenia_gov,0
Kuwait_gov,Australia_gov,0
Kuwait_gov,Austria_gov,0
Kuwait_gov,Bangladesh_gov,0
Kuwait_gov,Belarus_gov,0
Kuwait_gov,Belgium_gov,0
Kuwait_gov,Benin_gov,0
Kuwait_gov,Bolivia_gov,0
Kuwait_gov,Bosnia and Herzegovina_gov,0
Kuwait_gov,Brazil_gov,0
Kuwait_gov,Burkina Faso_gov,0
Kuwait_gov,Canada_gov,0
Kuwait_gov,Chile_gov,0
Kuwait_gov,China_gov,0
Kuwait_gov,Colombia_gov,0
Kuwait_gov,Congo_gov,0
Kuwait_gov,Croatia_gov,0
Kuwait_gov,Czechia_gov,0
Kuwait_gov,Democratic Republic of the Congo_gov,0
Kuwait_gov,Denmark_gov,0
Kuwait_gov,Ecuador_gov,0
Kuwait_gov,El Salvador_gov,0
Kuwait_gov,Ethiopia_gov,0
Kuwait_gov,Finland_gov,0
Kuwait_gov,France_gov,0
Kuwait_gov,Germany_gov,0
Kuwait_gov,Ghana_gov,0
Kuwait_gov,Greece_gov,0
Kuwait_gov,Guatemala_gov,0
Kuwait_gov,Hungary_gov,0
Kuwait_gov,India_gov,0
Kuwait_gov,Indonesia_gov,0
Kuwait_gov,Iraq_gov,0
Kuwait_gov,Ireland_gov,0
Kuwait_gov,Israel_gov,0
Kuwait_gov,Italy_gov,0
Kuwait_gov,Jamaica_gov,0
Kuwait_gov,Japan_gov,0
Kuwait_gov,Jordan_gov,0
Kuwait_gov,Kenya_gov,0
Kuwait_gov,Latvia_gov,0
Kuwait_gov,Libya_gov,0
Kuwait_gov,Lithuania_gov,0
Kuwait_gov,Luxembourg_gov,0
Kuwait_gov,Mexico_gov,0
Kuwait_gov,Monaco_gov,0
Kuwait_gov,Montenegro_gov,0
Kuwait_gov,Myanmar_gov,0
Kuwait_gov,Namibia_gov,0
Kuwait_gov,Nepal_gov,0
Kuwait_gov,Netherlands_gov,0
Kuwait_gov,New Zealand_gov,0
Kuwait_gov,Nigeria_gov,0
Kuwait_gov,North Korea_gov,0
Kuwait_gov,Norway_gov,0
Kuwait_gov,Pakistan_gov,0
Kuwait_gov,Paraguay_gov,0
Kuwait_gov,Peru_gov,0
Kuwait_gov,Poland_gov,0
Kuwait_gov,Portugal_gov,0
Kuwait_gov,Qatar_gov,0
Kuwait_gov,Russia_gov,0
Kuwait_gov,Rwanda_gov,0
Kuwait_gov,Samoa_gov,0
Kuwait_gov,Serbia_gov,0
Kuwait_gov,Sierra Leone_gov,0
Kuwait_gov,Slovakia_gov,0
Kuwait_gov,Solomon Islands_gov,0
Kuwait_gov,South Africa_gov,0
Kuwait_gov,South Korea_gov,0
Kuwait_gov,South Sudan_gov,0
Kuwait_gov,Spain_gov,0
Kuwait_gov,Sri Lanka_gov,0
Kuwait_gov,State of Palestine_gov,0
Kuwait_gov,Suriname_gov,0
Kuwait_gov,Sweden_gov,0
Kuwait_gov,Switzerland_gov,0
Kuwait_gov,Taiwan_gov,0
Kuwait_gov,Timor-Leste_gov,0
Kuwait_gov,Togo_gov,0
Kuwait_gov,Turkey_gov,0
Kuwait_gov,Uganda_gov,0
Kuwait_gov,United Kingdom_gov,0
Kuwait_gov,United States_gov,0
Kuwait_gov,Vietnam_gov,0
Kuwait_gov,Yemen_gov,0
Latvia_gov,Afghanistan_gov,0
Latvia_gov,Angola_gov,0
Latvia_gov,Antigua and Barbuda_gov,0
Latvia_gov,Argentina_gov,0
Latvia_gov,Armenia_gov,0
Latvia_gov,Australia_gov,0
Latvia_gov,Austria_gov,0
Latvia_gov,Bangladesh_gov,0
Latvia_gov,Belarus_gov,0
Latvia_gov,Belgium_gov,0
Latvia_gov,Benin_gov,0
Latvia_gov,Bolivia_gov,0
Latvia_gov,Bosnia and Herzegovina_gov,0
Latvia_gov,Brazil_gov,0
Latvia_gov,Burkina Faso_gov,0
Latvia_gov,Canada_gov,0
Latvia_gov,Chile_gov,0
Latvia_gov,China_gov,0
Latvia_gov,Colombia_gov,0
Latvia_gov,Congo_gov,0
Latvia_gov,Croatia_gov,0
Latvia_gov,Czechia_gov,0
Latvia_gov,Democratic Republic of the Congo_gov,0
Latvia_gov,Denmark_gov,0
Latvia_gov,Ecuador_gov,0
Latvia_gov,El Salvador_gov,0
Latvia_gov,Ethiopia_gov,0
Latvia_gov,Finland_gov,0
Latvia_gov,France_gov,0
Latvia_gov,Germany_gov,0
Latvia_gov,Ghana_gov,0
Latvia_gov,Greece_gov,0
Latvia_gov,Guatemala_gov,0
Latvia_gov,Hungary_gov,0
Latvia_gov,India_gov,0
Latvia_gov,Indonesia_gov,0
Latvia_gov,Iraq_gov,0
Latvia_gov,Ireland_gov,0
Latvia_gov,Israel_gov,0
Latvia_gov,Italy_gov,0
Latvia_gov,Jamaica_gov,0
Latvia_gov,Japan_gov,0
Latvia_gov,Jordan_gov,0
Latvia_gov,Kenya_gov,0
Latvia_gov,Kuwait_gov,0
Latvia_gov,Libya_gov,0
Latvia_gov,Lithuania_gov,0
Latvia_gov,Luxembourg_gov,0
Latvia_gov,Mexico_gov,0
Latvia_gov,Monaco_gov,0
Latvia_gov,Montenegro_gov,0
Latvia_gov,Myanmar_gov,0
Latvia_gov,Namibia_gov,0
Latvia_gov,Nepal_gov,0
Latvia_gov,Netherlands_gov,0
Latvia_gov,New Zealand_gov,0
Latvia_gov,Nigeria_gov,0
Latvia_gov,North Korea_gov,0
Latvia_gov,Norway_gov,0
Latvia_gov,Pakistan_gov,0
Latvia_gov,Paraguay_gov,0
Latvia_gov,Peru_gov,0
Latvia_gov,Poland_gov,0
Latvia_gov,Portugal_gov,0
Latvia_gov,Qatar_gov,0
Latvia_gov,Russia_gov,0
Latvia_gov,Rwanda_gov,0
Latvia_gov,Samoa_gov,0
Latvia_gov,Serbia_gov,0
Latvia_gov,Sierra Leone_gov,0
Latvia_gov,Slovakia_gov,0
Latvia_gov,Solomon Islands_gov,0
Latvia_gov,South Africa_gov,0
Latvia_gov,South Korea_gov,0
Latvia_gov,South Sudan_gov,0
Latvia_gov,Spain_gov,0
Latvia_gov,Sri Lanka_gov,0
Latvia_gov,State of Palestine_gov,0
Latvia_gov,Suriname_gov,0
Latvia_gov,Sweden_gov,0
Latvia_gov,Switzerland_gov,0
Latvia_gov,Taiwan_gov,0
Latvia_gov,Timor-Leste_gov,0
Latvia_gov,Togo_gov,0
Latvia_gov,Turkey_gov,0
Latvia_gov,Uganda_gov,0
Latvia_gov,United Kingdom_gov,0
Latvia_gov,United States_gov,0
Latvia_gov,Vietnam_gov,0
Latvia_gov,Yemen_gov,0
Libya_gov,Afghanistan_gov,0
Libya_gov,Angola_gov,0
Libya_gov,Antigua and Barbuda_gov,0
Libya_gov,Argentina_gov,0
Libya_gov,Armenia_gov,0
Libya_gov,Australia_gov,0
Libya_gov,Austria_gov,0
Libya_gov,Bangladesh_gov,0
Libya_gov,Belarus_gov,0
Libya_gov,Belgium_gov,0
Libya_gov,Benin_gov,0
Libya_gov,Bolivia_gov,0
Libya_gov,Bosnia and Herzegovina_gov,0
Libya_gov,Brazil_gov,0
Libya_gov,Burkina Faso_gov,0
Libya_gov,Canada_gov,0
Libya_gov,Chile_gov,0
Libya_gov,China_gov,0
Libya_gov,Colombia_gov,0
Libya_gov,Congo_gov,0
Libya_gov,Croatia_gov,0
Libya_gov,Czechia_gov,0
Libya_gov,Democratic Republic of the Congo_gov,0
Libya_gov,Denmark_gov,0
Libya_gov,Ecuador_gov,0
Libya_gov,El Salvador_gov,0
Libya_gov,Ethiopia_gov,0
Libya_gov,Finland_gov,0
Libya_gov,France_gov,0
Libya_gov,Germany_gov,0
Libya_gov,Ghana_gov,0
Libya_gov,Greece_gov,0
Libya_gov,Guatemala_gov,0
Libya_gov,Hungary_gov,0
Libya_gov,India_gov,0
Libya_gov,Indonesia_gov,0
Libya_gov,Iraq_gov,0
Libya_gov,Ireland_gov,0
Libya_gov,Israel_gov,0
Libya_gov,Italy_gov,0
Libya_gov,Jamaica_gov,0
Libya_gov,Japan_gov,0
Libya_gov,Jordan_gov,0
Libya_gov,Kenya_gov,0
Libya_gov,Kuwait_gov,0
Libya_gov,Latvia_gov,0
Libya_gov,Lithuania_gov,0
Libya_gov,Luxembourg_gov,0
Libya_gov,Mexico_gov,0
Libya_gov,Monaco_gov,0
Libya_gov,Montenegro_gov,0
Libya_gov,Myanmar_gov,0
Libya_gov,Namibia_gov,0
Libya_gov,Nepal_gov,0
Libya_gov,Netherlands_gov,0
Libya_gov,New Zealand_gov,0
Libya_gov,Nigeria_gov,0
Libya_gov,North Korea_gov,0
Libya_gov,Norway_gov,0
Libya_gov,Pakistan_gov,0
Libya_gov,Paraguay_gov,0
Libya_gov,Peru_gov,0
Libya_gov,Poland_gov,0
Libya_gov,Portugal_gov,0
Libya_gov,Qatar_gov,0
Libya_gov,Russia_gov,0
Libya_gov,Rwanda_gov,0
Libya_gov,Samoa_gov,0
Libya_gov,Serbia_gov,0
Libya_gov,Sierra Leone_gov,0
Libya_gov,Slovakia_gov,0
Libya_gov,Solomon Islands_gov,0
Libya_gov,South Africa_gov,0
Libya_gov,South Korea_gov,0
Libya_gov,South Sudan_gov,0
Libya_gov,Spain_gov,0
Libya_gov,Sri Lanka_gov,0
Libya_gov,State of Palestine_gov,0
Libya_gov,Suriname_gov,0
Libya_gov,Sweden_gov,0
Libya_gov,Switzerland_gov,0
Libya_gov,Taiwan_gov,0
Libya_gov,Timor-Leste_gov,0
Libya_gov,Togo_gov,0
Libya_gov,Turkey_gov,0
Libya_gov,Uganda_gov,0
Libya_gov,United Kingdom_gov,0
Libya_gov,United States_gov,0
Libya_gov,Vietnam_gov,0
Libya_gov,Yemen_gov,0
Lithuania_gov,Afghanistan_gov,0
Lithuania_gov,Angola_gov,0
Lithuania_gov,Antigua and Barbuda_gov,0
Lithuania_gov,Argentina_gov,0
Lithuania_gov,Armenia_gov,0
Lithuania_gov,Australia_gov,0
Lithuania_gov,Austria_gov,0
Lithuania_gov,Bangladesh_gov,0
Lithuania_gov,Belarus_gov,0
Lithuania_gov,Belgium_gov,0
Lithuania_gov,Benin_gov,0
Lithuania_gov,Bolivia_gov,0
Lithuania_gov,Bosnia and Herzegovina_gov,0
Lithuania_gov,Brazil_gov,0
Lithuania_gov,Burkina Faso_gov,0
Lithuania_gov,Canada_gov,0
Lithuania_gov,Chile_gov,0
Lithuania_gov,China_gov,0
Lithuania_gov,Colombia_gov,0
Lithuania_gov,Congo_gov,0
Lithuania_gov,Croatia_gov,0
Lithuania_gov,Czechia_gov,0
Lithuania_gov,Democratic Republic of the Congo_gov,0
Lithuania_gov,Denmark_gov,0
Lithuania_gov,Ecuador_gov,0
Lithuania_gov,El Salvador_gov,0
Lithuania_gov,Ethiopia_gov,0
Lithuania_gov,Finland_gov,0
Lithuania_gov,France_gov,0
Lithuania_gov,Germany_gov,0
Lithuania_gov,Ghana_gov,0
Lithuania_gov,Greece_gov,0
Lithuania_gov,Guatemala_gov,0
Lithuania_gov,Hungary_gov,0
Lithuania_gov,India_gov,0
Lithuania_gov,Indonesia_gov,0
Lithuania_gov,Iraq_gov,0
Lithuania_gov,Ireland_gov,0
Lithuania_gov,Israel_gov,0
Lithuania_gov,Italy_gov,0
Lithuania_gov,Jamaica_gov,0
Lithuania_gov,Japan_gov,0
Lithuania_gov,Jordan_gov,0
Lithuania_gov,Kenya_gov,0
Lithuania_gov,Kuwait_gov,0
Lithuania_gov,Latvia_gov,0
Lithuania_gov,Libya_gov,0
Lithuania_gov,Luxembourg_gov,0
Lithuania_gov,Mexico_gov,0
Lithuania_gov,Monaco_gov,0
Lithuania_gov,Montenegro_gov,0
Lithuania_gov,Myanmar_gov,0
Lithuania_gov,Namibia_gov,0
Lithuania_gov,Nepal_gov,0
Lithuania_gov,Netherlands_gov,0
Lithuania_gov,New Zealand_gov,0
Lithuania_gov,Nigeria_gov,0
Lithuania_gov,North Korea_gov,0
Lithuania_gov,Norway_gov,0
Lithuania_gov,Pakistan_gov,0
Lithuania_gov,Paraguay_gov,0
Lithuania_gov,Peru_gov,0
Lithuania_gov,Poland_gov,0
Lithuania_gov,Portugal_gov,0
Lithuania_gov,Qatar_gov,0
Lithuania_gov,Russia_gov,0
Lithuania_gov,Rwanda_gov,0
Lithuania_gov,Samoa_gov,0
Lithuania_gov,Serbia_gov,0
Lithuania_gov,Sierra Leone_gov,0
Lithuania_gov,Slovakia_gov,0
Lithuania_gov,Solomon Islands_gov,0
Lithuania_gov,South Africa_gov,0
Lithuania_gov,South Korea_gov,0
Lithuania_gov,South Sudan_gov,0
Lithuania_gov,Spain_gov,0
Lithuania_gov,Sri Lanka_gov,0
Lithuania_gov,State of Palestine_gov,0
Lithuania_gov,Suriname_gov,0
Lithuania_gov,Sweden_gov,0
Lithuania_gov,Switzerland_gov,0
Lithuania_gov,Taiwan_gov,0
Lithuania_gov,Timor-Leste_gov,0
Lithuania_gov,Togo_gov,0
Lithuania_gov,Turkey_gov,0
Lithuania_gov,Uganda_gov,0
Lithuania_gov,United Kingdom_gov,0
Lithuania_gov,United States_gov,0
Lithuania_gov,Vietnam_gov,0
Lithuania_gov,Yemen_gov,0
Luxembourg_gov,Afghanistan_gov,0
Luxembourg_gov,Angola_gov,0
Luxembourg_gov,Antigua and Barbuda_gov,0
Luxembourg_gov,Argentina_gov,0
Luxembourg_gov,Armenia_gov,0
Luxembourg_gov,Australia_gov,0
Luxembourg_gov,Austria_gov,0
Luxembourg_gov,Bangladesh_gov,0
Luxembourg_gov,Belarus_gov,0
Luxembourg_gov,Belgium_gov,0
Luxembourg_gov,Benin_gov,0
Luxembourg_gov,Bolivia_gov,0
Luxembourg_gov,Bosnia and Herzegovina_gov,0
Luxembourg_gov,Brazil_gov,0
Luxembourg_gov,Burkina Faso_gov,0
Luxembourg_gov,Canada_gov,0
Luxembourg_gov,Chile_gov,0
Luxembourg_gov,China_gov,0
Luxembourg_gov,Colombia_gov,0
Luxembourg_gov,Congo_gov,0
Luxembourg_gov,Croatia_gov,0
Luxembourg_gov,Czechia_gov,0
Luxembourg_gov,Democratic Republic of the Congo_gov,0
Luxembourg_gov,Denmark_gov,0
Luxembourg_gov,Ecuador_gov,0
Luxembourg_gov,El Salvador_gov,0
Luxembourg_gov,Ethiopia_gov,0
Luxembourg_gov,Finland_gov,0
Luxembourg_gov,France_gov,0
Luxembourg_gov,Germany_gov,0
Luxembourg_gov,Ghana_gov,0
Luxembourg_gov,Greece_gov,0
Luxembourg_gov,Guatemala_gov,0
Luxembourg_gov,Hungary_gov,0
Luxembourg_gov,India_gov,0
Luxembourg_gov,Indonesia_gov,0
Luxembourg_gov,Iraq_gov,0
Luxembourg_gov,Ireland_gov,0
Luxembourg_gov,Israel_gov,0
Luxembourg_gov,Italy_gov,0
Luxembourg_gov,Jamaica_gov,0
Luxembourg_gov,Japan_gov,0
Luxembourg_gov,Jordan_gov,0
Luxembourg_gov,Kenya_gov,0
Luxembourg_gov,Kuwait_gov,0
Luxembourg_gov,Latvia_gov,0
Luxembourg_gov,Libya_gov,0
Luxembourg_gov,Lithuania_gov,0
Luxembourg_gov,Mexico_gov,0
Luxembourg_gov,Monaco_gov,0
Luxembourg_gov,Montenegro_gov,0
Luxembourg_gov,Myanmar_gov,0
Luxembourg_gov,Namibia_gov,0
Luxembourg_gov,Nepal_gov,0
Luxembourg_gov,Netherlands_gov,0
Luxembourg_gov,New Zealand_gov,0
Luxembourg_gov,Nigeria_gov,0
Luxembourg_gov,North Korea_gov,0
Luxembourg_gov,Norway_gov,0
Luxembourg_gov,Pakistan_gov,0
Luxembourg_gov,Paraguay_gov,0
Luxembourg_gov,Peru_gov,0
Luxembourg_gov,Poland_gov,0
Luxembourg_gov,Portugal_gov,0
Luxembourg_gov,Qatar_gov,0
Luxembourg_gov,Russia_gov,0
Luxembourg_gov,Rwanda_gov,0
Luxembourg_gov,Samoa_gov,0
Luxembourg_gov,Serbia_gov,0
Luxembourg_gov,Sierra Leone_gov,0
Luxembourg_gov,Slovakia_gov,0
Luxembourg_gov,Solomon Islands_gov,0
Luxembourg_gov,South Africa_gov,0
Luxembourg_gov,South Korea_gov,0
Luxembourg_gov,South Sudan_gov,0
Luxembourg_gov,Spain_gov,0
Luxembourg_gov,Sri Lanka_gov,0
Luxembourg_gov,State of Palestine_gov,0
Luxembourg_gov,Suriname_gov,0
Luxembourg_gov,Sweden_gov,0
Luxembourg_gov,Switzerland_gov,0
Luxembourg_gov,Taiwan_gov,0
Luxembourg_gov,Timor-Leste_gov,0
Luxembourg_gov,Togo_gov,0
Luxembourg_gov,Turkey_gov,0
Luxembourg_gov,Uganda_gov,0
Luxembourg_gov,United Kingdom_gov,0
Luxembourg_gov,United States_gov,0
Luxembourg_gov,Vietnam_gov,0
Luxembourg_gov,Yemen_gov,0
Mexico_gov,Afghanistan_gov,0
Mexico_gov,Angola_gov,0
Mexico_gov,Antigua and Barbuda_gov,0
Mexico_gov,Argentina_gov,0
Mexico_gov,Armenia_gov,0
Mexico_gov,Australia_gov,0
Mexico_gov,Austria_gov,0
Mexico_gov,Bangladesh_gov,0
Mexico_gov,Belarus_gov,0
Mexico_gov,Belgium_gov,0
Mexico_gov,Benin_gov,0
Mexico_gov,Bolivia_gov,0
Mexico_gov,Bosnia and Herzegovina_gov,0
Mexico_gov,Brazil_gov,0
Mexico_gov,Burkina Faso_gov,0
Mexico_gov,Canada_gov,0
Mexico_gov,Chile_gov,0
Mexico_gov,China_gov,0
Mexico_gov,Colombia_gov,0
Mexico_gov,Congo_gov,0
Mexico_gov,Croatia_gov,0
Mexico_gov,Czechia_gov,0
Mexico_gov,Democratic Republic of the Congo_gov,0
Mexico_gov,Denmark_gov,0
Mexico_gov,Ecuador_gov,0
Mexico_gov,El Salvador_gov,0
Mexico_gov,Ethiopia_gov,0
Mexico_gov,Finland_gov,0
Mexico_gov,France_gov,0
Mexico_gov,Germany_gov,0
Mexico_gov,Ghana_gov,0
Mexico_gov,Greece_gov,0
Mexico_gov,Guatemala_gov,0
Mexico_gov,Hungary_gov,0
Mexico_gov,India_gov,0
Mexico_gov,Indonesia_gov,0
Mexico_gov,Iraq_gov,0
Mexico_gov,Ireland_gov,0
Mexico_gov,Israel_gov,0
Mexico_gov,Italy_gov,0
Mexico_gov,Jamaica_gov,0
Mexico_gov,Japan_gov,0
Mexico_gov,Jordan_gov,0
Mexico_gov,Kenya_gov,0
Mexico_gov,Kuwait_gov,0
Mexico_gov,Latvia_gov,0
Mexico_gov,Libya_gov,0
Mexico_gov,Lithuania_gov,0
Mexico_gov,Luxembourg_gov,0
Mexico_gov,Monaco_gov,0
Mexico_gov,Montenegro_gov,0
Mexico_gov,Myanmar_gov,0
Mexico_gov,Namibia_gov,0
Mexico_gov,Nepal_gov,0
Mexico_gov,Netherlands_gov,0
Mexico_gov,New Zealand_gov,0
Mexico_gov,Nigeria_gov,0
Mexico_gov,North Korea_gov,0
Mexico_gov,Norway_gov,0
Mexico_gov,Pakistan_gov,0
Mexico_gov,Paraguay_gov,0
Mexico_gov,Peru_gov,0
Mexico_gov,Poland_gov,0
Mexico_gov,Portugal_gov,0
Mexico_gov,Qatar_gov,0
Mexico_gov,Russia_gov,0
Mexico_gov,Rwanda_gov,0
Mexico_gov,Samoa_gov,0
Mexico_gov,Serbia_gov,0
Mexico_gov,Sierra Leone_gov,0
Mexico_gov,Slovakia_gov,0
Mexico_gov,Solomon Islands_gov,0
Mexico_gov,South Africa_gov,0
Mexico_gov,South Korea_gov,0
Mexico_gov,South Sudan_gov,0
Mexico_gov,Spain_gov,0
Mexico_gov,Sri Lanka_gov,0
Mexico_gov,State of Palestine_gov,0
Mexico_gov,Suriname_gov,0
Mexico_gov,Sweden_gov,0
Mexico_gov,Switzerland_gov,0
Mexico_gov,Taiwan_gov,0
Mexico_gov,Timor-Leste_gov,0
Mexico_gov,Togo_gov,0
Mexico_gov,Turkey_gov,0
Mexico_gov,Uganda_gov,0
Mexico_gov,United Kingdom_gov,0
Mexico_gov,United States_gov,0
Mexico_gov,Vietnam_gov,0
Mexico_gov,Yemen_gov,0
Monaco_gov,Afghanistan_gov,0
Monaco_gov,Angola_gov,0
Monaco_gov,Antigua and Barbuda_gov,0
Monaco_gov,Argentina_gov,0
Monaco_gov,Armenia_gov,0
Monaco_gov,Australia_gov,0
Monaco_gov,Austria_gov,0
Monaco_gov,Bangladesh_gov,0
Monaco_gov,Belarus_gov,0
Monaco_gov,Belgium_gov,0
Monaco_gov,Benin_gov,0
Monaco_gov,Bolivia_gov,0
Monaco_gov,Bosnia and Herzegovina_gov,0
Monaco_gov,Brazil_gov,0
Monaco_gov,Burkina Faso_gov,0
Monaco_gov,Canada_gov,0
Monaco_gov,Chile_gov,0
Monaco_gov,China_gov,0
Monaco_gov,Colombia_gov,0
Monaco_gov,Congo_gov,0
Monaco_gov,Croatia_gov,0
Monaco_gov,Czechia_gov,0
Monaco_gov,Democratic Republic of the Congo_gov,0
Monaco_gov,Denmark_gov,0
Monaco_gov,Ecuador_gov,0
Monaco_gov,El Salvador_gov,0
Monaco_gov,Ethiopia_gov,0
Monaco_gov,Finland_gov,0
Monaco_gov,France_gov,0
Monaco_gov,Germany_gov,0
Monaco_gov,Ghana_gov,0
Monaco_gov,Greece_gov,0
Monaco_gov,Guatemala_gov,0
Monaco_gov,Hungary_gov,0
Monaco_gov,India_gov,0
Monaco_gov,Indonesia_gov,0
Monaco_gov,Iraq_gov,0
Monaco_gov,Ireland_gov,0
Monaco_gov,Israel_gov,0
Monaco_gov,Italy_gov,0
Monaco_gov,Jamaica_gov,0
Monaco_gov,Japan_gov,0
Monaco_gov,Jordan_gov,0
Monaco_gov,Kenya_gov,0
Monaco_gov,Kuwait_gov,0
Monaco_gov,Latvia_gov,0
Monaco_gov,Libya_gov,0
Monaco_gov,Lithuania_gov,0
Monaco_gov,Luxembourg_gov,0
Monaco_gov,Mexico_gov,0
Monaco_gov,Montenegro_gov,0
Monaco_gov,Myanmar_gov,0
Monaco_gov,Namibia_gov,0
Monaco_gov,Nepal_gov,0
Monaco_gov,Netherlands_gov,0
Monaco_gov,New Zealand_gov,0
Monaco_gov,Nigeria_gov,0
Monaco_gov,North Korea_gov,0
Monaco_gov,Norway_gov,0
Monaco_gov,Pakistan_gov,0
Monaco_gov,Paraguay_gov,0
Monaco_gov,Peru_gov,0
Monaco_gov,Poland_gov,0
Monaco_gov,Portugal_gov,0
Monaco_gov,Qatar_gov,0
Monaco_gov,Russia_gov,0
Monaco_gov,Rwanda_gov,0
Monaco_gov,Samoa_gov,0
Monaco_gov,Serbia_gov,0
Monaco_gov,Sierra Leone_gov,0
Monaco_gov,Slovakia_gov,0
Monaco_gov,Solomon Islands_gov,0
Monaco_gov,South Africa_gov,0
Monaco_gov,South Korea_gov,0
Monaco_gov,South Sudan_gov,0
Monaco_gov,Spain_gov,0
Monaco_gov,Sri Lanka_gov,0
Monaco_gov,State of Palestine_gov,0
Monaco_gov,Suriname_gov,0
Monaco_gov,Sweden_gov,0
Monaco_gov,Switzerland_gov,0
Monaco_gov,Taiwan_gov,0
Monaco_gov,Timor-Leste_gov,0
Monaco_gov,Togo_gov,0
Monaco_gov,Turkey_gov,0
Monaco_gov,Uganda_gov,0
Monaco_gov,United Kingdom_gov,0
Monaco_gov,United States_gov,0
Monaco_gov,Vietnam_gov,0
Monaco_gov,Yemen_gov,0
Montenegro_gov,Afghanistan_gov,0
Montenegro_gov,Angola_gov,0
Montenegro_gov,Antigua and Barbuda_gov,0
Montenegro_gov,Argentina_gov,0
Montenegro_gov,Armenia_gov,0
Montenegro_gov,Australia_gov,0
Montenegro_gov,Austria_gov,0
Montenegro_gov,Bangladesh_gov,0
Montenegro_gov,Belarus_gov,0
Montenegro_gov,Belgium_gov,0
Montenegro_gov,Benin_gov,0
Montenegro_gov,Bolivia_gov,0
Montenegro_gov,Bosnia and Herzegovina_gov,0
Montenegro_gov,Brazil_gov,0
Montenegro_gov,Burkina Faso_gov,0
Montenegro_gov,Canada_gov,0
Montenegro_gov,Chile_gov,0
Montenegro_gov,China_gov,0
Montenegro_gov,Colombia_gov,0
Montenegro_gov,Congo_gov,0
Montenegro_gov,Croatia_gov,0
Montenegro_gov,Czechia_gov,0
Montenegro_gov,Democratic Republic of the Congo_gov,0
Montenegro_gov,Denmark_gov,0
Montenegro_gov,Ecuador_gov,0
Montenegro_gov,El Salvador_gov,0
Montenegro_gov,Ethiopia_gov,0
Montenegro_gov,Finland_gov,0
Montenegro_gov,France_gov,0
Montenegro_gov,Germany_gov,0
Montenegro_gov,Ghana_gov,0
Montenegro_gov,Greece_gov,0
Montenegro_gov,Guatemala_gov,0
Montenegro_gov,Hungary_gov,0
Montenegro_gov,India_gov,0
Montenegro_gov,Indonesia_gov,0
Montenegro_gov,Iraq_gov,0
Montenegro_gov,Ireland_gov,0
Montenegro_gov,Israel_gov,0
Montenegro_gov,Italy_gov,0
Montenegro_gov,Jamaica_gov,0
Montenegro_gov,Japan_gov,0
Montenegro_gov,Jordan_gov,0
Montenegro_gov,Kenya_gov,0
Montenegro_gov,Kuwait_gov,0
Montenegro_gov,Latvia_gov,0
Montenegro_gov,Libya_gov,0
Montenegro_gov,Lithuania_gov,0
Montenegro_gov,Luxembourg_gov,0
Montenegro_gov,Mexico_gov,0
Montenegro_gov,Monaco_gov,0
Montenegro_gov,Myanmar_gov,0
Montenegro_gov,Namibia_gov,0
Montenegro_gov,Nepal_gov,0
Montenegro_gov,Netherlands_gov,0
Montenegro_gov,New Zealand_gov,0
Montenegro_gov,Nigeria_gov,0
Montenegro_gov,North Korea_gov,0
Montenegro_gov,Norway_gov,0
Montenegro_gov,Pakistan_gov,0
Montenegro_gov,Paraguay_gov,0
Montenegro_gov,Peru_gov,0
Montenegro_gov,Poland_gov,0
Montenegro_gov,Portugal_gov,0
Montenegro_gov,Qatar_gov,0
Montenegro_gov,Russia_gov,0
Montenegro_gov,Rwanda_gov,0
Montenegro_gov,Samoa_gov,0
Montenegro_gov,Serbia_gov,0
Montenegro_gov,Sierra Leone_gov,0
Montenegro_gov,Slovakia_gov,0
Montenegro_gov,Solomon Islands_gov,0
Montenegro_gov,South Africa_gov,0
Montenegro_gov,South Korea_gov,0
Montenegro_gov,South Sudan_gov,0
Montenegro_gov,Spain_gov,0
Montenegro_gov,Sri Lanka_gov,0
Montenegro_gov,State of Palestine_gov,0
Montenegro_gov,Suriname_gov,0
Montenegro_gov,Sweden_gov,0
Montenegro_gov,Switzerland_gov,0
Montenegro_gov,Taiwan_gov,0
Montenegro_gov,Timor-Leste_gov,0
Montenegro_gov,Togo_gov,0
Montenegro_gov,Turkey_gov,0
Montenegro_gov,Uganda_gov,0
Montenegro_gov,United Kingdom_gov,0
Montenegro_gov,United States_gov,0
Montenegro_gov,Vietnam_gov,0
Montenegro_gov,Yemen_gov,0
Myanmar_gov,Afghanistan_gov,0
Myanmar_gov,Angola_gov,0
Myanmar_gov,Antigua and Barbuda_gov,0
Myanmar_gov,Argentina_gov,0
Myanmar_gov,Armenia_gov,0
Myanmar_gov,Australia_gov,0
Myanmar_gov,Austria_gov,0
Myanmar_gov,Bangladesh_gov,0
Myanmar_gov,Belarus_gov,0
Myanmar_gov,Belgium_gov,0
Myanmar_gov,Benin_gov,0
Myanmar_gov,Bolivia_gov,0
Myanmar_gov,Bosnia and Herzegovina_gov,0
Myanmar_gov,Brazil_gov,0
Myanmar_gov,Burkina Faso_gov,0
Myanmar_gov,Canada_gov,0
Myanmar_gov,Chile_gov,0
Myanmar_gov,China_gov,0
Myanmar_gov,Colombia_gov,0
Myanmar_gov,Congo_gov,0
Myanmar_gov,Croatia_gov,0
Myanmar_gov,Czechia_gov,0
Myanmar_gov,Democratic Republic of the Congo_gov,0
Myanmar_gov,Denmark_gov,0
Myanmar_gov,Ecuador_gov,0
Myanmar_gov,El Salvador_gov,0
Myanmar_gov,Ethiopia_gov,0
Myanmar_gov,Finland_gov,0
Myanmar_gov,France_gov,0
Myanmar_gov,Germany_gov,0
Myanmar_gov,Ghana_gov,0
Myanmar_gov,Greece_gov,0
Myanmar_gov,Guatemala_gov,0
Myanmar_gov,Hungary_gov,0
Myanmar_gov,India_gov,0
Myanmar_gov,Indonesia_gov,0
Myanmar_gov,Iraq_gov,0
Myanmar_gov,Ireland_gov,0
Myanmar_gov,Israel_gov,0
Myanmar_gov,Italy_gov,0
Myanmar_gov,Jamaica_gov,0
Myanmar_gov,Japan_gov,0
Myanmar_gov,Jordan_gov,0
Myanmar_gov,Kenya_gov,0
Myanmar_gov,Kuwait_gov,0
Myanmar_gov,Latvia_gov,0
Myanmar_gov,Libya_gov,0
Myanmar_gov,Lithuania_gov,0
Myanmar_gov,Luxembourg_gov,0
Myanmar_gov,Mexico_gov,0
Myanmar_gov,Monaco_gov,0
Myanmar_gov,Montenegro_gov,0
Myanmar_gov,Namibia_gov,0
Myanmar_gov,Nepal_gov,0
Myanmar_gov,Netherlands_gov,0
Myanmar_gov,New Zealand_gov,0
Myanmar_gov,Nigeria_gov,0
Myanmar_gov,North Korea_gov,0
Myanmar_gov,Norway_gov,0
Myanmar_gov,Pakistan_gov,0
Myanmar_gov,Paraguay_gov,0
Myanmar_gov,Peru_gov,0
Myanmar_gov,Poland_gov,0
Myanmar_gov,Portugal_gov,0
Myanmar_gov,Qatar_gov,0
Myanmar_gov,Russia_gov,0
Myanmar_gov,Rwanda_gov,0
Myanmar_gov,Samoa_gov,0
Myanmar_gov,Serbia_gov,0
Myanmar_gov,Sierra Leone_gov,0
Myanmar_gov,Slovakia_gov,0
Myanmar_gov,Solomon Islands_gov,0
Myanmar_gov,South Africa_gov,0
Myanmar_gov,South Korea_gov,0
Myanmar_gov,South Sudan_gov,0
Myanmar_gov,Spain_gov,0
Myanmar_gov,Sri Lanka_gov,0
Myanmar_gov,State of Palestine_gov,0
Myanmar_gov,Suriname_gov,0
Myanmar_gov,Sweden_gov,0
Myanmar_gov,Switzerland_gov,0
Myanmar_gov,Taiwan_gov,0
Myanmar_gov,Timor-Leste_gov,0
Myanmar_gov,Togo_gov,0
Myanmar_gov,Turkey_gov,0
Myanmar_gov,Uganda_gov,0
Myanmar_gov,United Kingdom_gov,0
Myanmar_gov,United States_gov,0
Myanmar_gov,Vietnam_gov,0
Myanmar_gov,Yemen_gov,0
Namibia_gov,Afghanistan_gov,0
Namibia_gov,Angola_gov,0
Namibia_gov,Antigua and Barbuda_gov,0
Namibia_gov,Argentina_gov,0
Namibia_gov,Armenia_gov,0
Namibia_gov,Australia_gov,0
Namibia_gov,Austria_gov,0
Namibia_gov,Bangladesh_gov,0
Namibia_gov,Belarus_gov,0
Namibia_gov,Belgium_gov,0
Namibia_gov,Benin_gov,0
Namibia_gov,Bolivia_gov,0
Namibia_gov,Bosnia and Herzegovina_gov,0
Namibia_gov,Brazil_gov,0
Namibia_gov,Burkina Faso_gov,0
Namibia_gov,Canada_gov,0
Namibia_gov,Chile_gov,0
Namibia_gov,China_gov,0
Namibia_gov,Colombia_gov,0
Namibia_gov,Congo_gov,0
Namibia_gov,Croatia_gov,0
Namibia_gov,Czechia_gov,0
Namibia_gov,Democratic Republic of the Congo_gov,0
Namibia_gov,Denmark_gov,0
Namibia_gov,Ecuador_gov,0
Namibia_gov,El Salvador_gov,0
Namibia_gov,Ethiopia_gov,0
Namibia_gov,Finland_gov,0
Namibia_gov,France_gov,0
Namibia_gov,Germany_gov,0
Namibia_gov,Ghana_gov,0
Namibia_gov,Greece_gov,0
Namibia_gov,Guatemala_gov,0
Namibia_gov,Hungary_gov,0
Namibia_gov,India_gov,0
Namibia_gov,Indonesia_gov,0
Namibia_gov,Iraq_gov,0
Namibia_gov,Ireland_gov,0
Namibia_gov,Israel_gov,0
Namibia_gov,Italy_gov,0
Namibia_gov,Jamaica_gov,0
Namibia_gov,Japan_gov,0
Namibia_gov,Jordan_gov,0
Namibia_gov,Kenya_gov,0
Namibia_gov,Kuwait_gov,0
Namibia_gov,Latvia_gov,0
Namibia_gov,Libya_gov,0
Namibia_gov,Lithuania_gov,0
Namibia_gov,Luxembourg_gov,0
Namibia_gov,Mexico_gov,0
Namibia_gov,Monaco_gov,0
Namibia_gov,Montenegro_gov,0
Namibia_gov,Myanmar_gov,0
Namibia_gov,Nepal_gov,0
Namibia_gov,Netherlands_gov,0
Namibia_gov,New Zealand_gov,0
Namibia_gov,Nigeria_gov,0
Namibia_gov,North Korea_gov,0
Namibia_gov,Norway_gov,0
Namibia_gov,Pakistan_gov,0
Namibia_gov,Paraguay_gov,0
Namibia_gov,Peru_gov,0
Namibia_gov,Poland_gov,0
Namibia_gov,Portugal_gov,0
Namibia_gov,Qatar_gov,0
Namibia_gov,Russia_gov,0
Namibia_gov,Rwanda_gov,0
Namibia_gov,Samoa_gov,0
Namibia_gov,Serbia_gov,0
Namibia_gov,Sierra Leone_gov,0
Namibia_gov,Slovakia_gov,0
Namibia_gov,Solomon Islands_gov,0
Namibia_gov,South Africa_gov,0
Namibia_gov,South Korea_gov,0
Namibia_gov,South Sudan_gov,0
Namibia_gov,Spain_gov,0
Namibia_gov,Sri Lanka_gov,0
Namibia_gov,State of Palestine_gov,0
Namibia_gov,Suriname_gov,0
Namibia_gov,Sweden_gov,0
Namibia_gov,Switzerland_gov,0
Namibia_gov,Taiwan_gov,0
Namibia_gov,Timor-Leste_gov,0
Namibia_gov,Togo_gov,0
Namibia_gov,Turkey_gov,0
Namibia_gov,Uganda_gov,0
Namibia_gov,United Kingdom_gov,0
Namibia_gov,United States_gov,0
Namibia_gov,Vietnam_gov,0
Namibia_gov,Yemen_gov,0
Nepal_gov,Afghanistan_gov,0
Nepal_gov,Angola_gov,0
Nepal_gov,Antigua and Barbuda_gov,0
Nepal_gov,Argentina_gov,0
Nepal_gov,Armenia_gov,0
Nepal_gov,Australia_gov,0
Nepal_gov,Austria_gov,0
Nepal_gov,Bangladesh_gov,0
Nepal_gov,Belarus_gov,0
Nepal_gov,Belgium_gov,0
Nepal_gov,Benin_gov,0
Nepal_gov,Bolivia_gov,0
Nepal_gov,Bosnia and Herzegovina_gov,0
Nepal_gov,Brazil_gov,0
Nepal_gov,Burkina Faso_gov,0
Nepal_gov,Canada_gov,0
Nepal_gov,Chile_gov,0
Nepal_gov,China_gov,0
Nepal_gov,Colombia_gov,0
Nepal_gov,Congo_gov,0
Nepal_gov,Croatia_gov,0
Nepal_gov,Czechia_gov,0
Nepal_gov,Democratic Republic of the Congo_gov,0
Nepal_gov,Denmark_gov,0
Nepal_gov,Ecuador_gov,0
Nepal_gov,El Salvador_gov,0
Nepal_gov,Ethiopia_gov,0
Nepal_gov,Finland_gov,0
Nepal_gov,France_gov,0
Nepal_gov,Germany_gov,0
Nepal_gov,Ghana_gov,0
Nepal_gov,Greece_gov,0
Nepal_gov,Guatemala_gov,0
Nepal_gov,Hungary_gov,0
Nepal_gov,India_gov,0
Nepal_gov,Indonesia_gov,0
Nepal_gov,Iraq_gov,0
Nepal_gov,Ireland_gov,0
Nepal_gov,Israel_gov,0
Nepal_gov,Italy_gov,0
Nepal_gov,Jamaica_gov,0
Nepal_gov,Japan_gov,0
Nepal_gov,Jordan_gov,0
Nepal_gov,Kenya_gov,0
Nepal_gov,Kuwait_gov,0
Nepal_gov,Latvia_gov,0
Nepal_gov,Libya_gov,0
Nepal_gov,Lithuania_gov,0
Nepal_gov,Luxembourg_gov,0
Nepal_gov,Mexico_gov,0
Nepal_gov,Monaco_gov,0
Nepal_gov,Montenegro_gov,0
Nepal_gov,Myanmar_gov,0
Nepal_gov,Namibia_gov,0
Nepal_gov,Netherlands_gov,0
Nepal_gov,New Zealand_gov,0
Nepal_gov,Nigeria_gov,0
Nepal_gov,North Korea_gov,0
Nepal_gov,Norway_gov,0
Nepal_gov,Pakistan_gov,0
Nepal_gov,Paraguay_gov,0
Nepal_gov,Peru_gov,0
Nepal_gov,Poland_gov,0
Nepal_gov,Portugal_gov,0
Nepal_gov,Qatar_gov,0
Nepal_gov,Russia_gov,0
Nepal_gov,Rwanda_gov,0
Nepal_gov,Samoa_gov,0
Nepal_gov,Serbia_gov,0
Nepal_gov,Sierra Leone_gov,0
Nepal_gov,Slovakia_gov,0
Nepal_gov,Solomon Islands_gov,0
Nepal_gov,South Africa_gov,0
Nepal_gov,South Korea_gov,0
Nepal_gov,South Sudan_gov,0
Nepal_gov,Spain_gov,0
Nepal_gov,Sri Lanka_gov,0
Nepal_gov,State of Palestine_gov,0
Nepal_gov,Suriname_gov,0
Nepal_gov,Sweden_gov,0
Nepal_gov,Switzerland_gov,0
Nepal_gov,Taiwan_gov,0
Nepal_gov,Timor-Leste_gov,0
Nepal_gov,Togo_gov,0
Nepal_gov,Turkey_gov,0
Nepal_gov,Uganda_gov,0
Nepal_gov,United Kingdom_gov,0
Nepal_gov,United States_gov,0
Nepal_gov,Vietnam_gov,0
Nepal_gov,Yemen_gov,0
Netherlands_gov,Afghanistan_gov,0
Netherlands_gov,Angola_gov,0
Netherlands_gov,Antigua and Barbuda_gov,0
Netherlands_gov,Argentina_gov,0
Netherlands_gov,Armenia_gov,0
Netherlands_gov,Australia_gov,0
Netherlands_gov,Austria_gov,0
Netherlands_gov,Bangladesh_gov,0
Netherlands_gov,Belarus_gov,0
Netherlands_gov,Belgium_gov,0
Netherlands_gov,Benin_gov,0
Netherlands_gov,Bolivia_gov,0
Netherlands_gov,Bosnia and Herzegovina_gov,0
Netherlands_gov,Brazil_gov,0
Netherlands_gov,Burkina Faso_gov,0
Netherlands_gov,Canada_gov,0
Netherlands_gov,Chile_gov,0
Netherlands_gov,China_gov,0
Netherlands_gov,Colombia_gov,0
Netherlands_gov,Congo_gov,0
Netherlands_gov,Croatia_gov,0
Netherlands_gov,Czechia_gov,0
Netherlands_gov,Democratic Republic of the Congo_gov,0
Netherlands_gov,Denmark_gov,0
Netherlands_gov,Ecuador_gov,0
Netherlands_gov,El Salvador_gov,0
Netherlands_gov,Ethiopia_gov,0
Netherlands_gov,Finland_gov,0
Netherlands_gov,France_gov,0
Netherlands_gov,Germany_gov,0
Netherlands_gov,Ghana_gov,0
Netherlands_gov,Greece_gov,0
Netherlands_gov,Guatemala_gov,0
Netherlands_gov,Hungary_gov,0
Netherlands_gov,India_gov,0
Netherlands_gov,Indonesia_gov,1
Netherlands_gov,Iraq_gov,0
Netherlands_gov,Ireland_gov,0
Netherlands_gov,Israel_gov,0
Netherlands_gov,Italy_gov,0
Netherlands_gov,Jamaica_gov,0
Netherlands_gov,Japan_gov,0
Netherlands_gov,Jordan_gov,0
Netherlands_gov,Kenya_gov,0
Netherlands_gov,Kuwait_gov,0
Netherlands_gov,Latvia_gov,0
Netherlands_gov,Libya_gov,0
Netherlands_gov,Lithuania_gov,0
Netherlands_gov,Luxembourg_gov,0
Netherlands_gov,Mexico_gov,0
Netherlands_gov,Monaco_gov,0
Netherlands_gov,Montenegro_gov,0
Netherlands_gov,Myanmar_gov,0
Netherlands_gov,Namibia_gov,0
Netherlands_gov,Nepal_gov,0
Netherlands_gov,New Zealand_gov,0
Netherlands_gov,Nigeria_gov,0
Netherlands_gov,North Korea_gov,0
Netherlands_gov,Norway_gov,0
Netherlands_gov,Pakistan_gov,0
Netherlands_gov,Paraguay_gov,0
Netherlands_gov,Peru_gov,0
Netherlands_gov,Poland_gov,0
Netherlands_gov,Portugal_gov,0
Netherlands_gov,Qatar_gov,0
Netherlands_gov,Russia_gov,0
Netherlands_gov,Rwanda_gov,0
Netherlands_gov,Samoa_gov,0
Netherlands_gov,Serbia_gov,0
Netherlands_gov,Sierra Leone_gov,0
Netherlands_gov,Slovakia_gov,0
Netherlands_gov,Solomon Islands_gov,0
Netherlands_gov,South Africa_gov,0
Netherlands_gov,South Korea_gov,0
Netherlands_gov,South Sudan_gov,0
Netherlands_gov,Spain_gov,0
Netherlands_gov,Sri Lanka_gov,0
Netherlands_gov,State of Palestine_gov,0
Netherlands_gov,Suriname_gov,1
Netherlands_gov,Sweden_gov,0
Netherlands_gov,Switzerland_gov,0
Netherlands_gov,Taiwan_gov,0
Netherlands_gov,Timor-Leste_gov,0
Netherlands_gov,Togo_gov,0
Netherlands_gov,Turkey_gov,0
Netherlands_gov,Uganda_gov,0
Netherlands_gov,United Kingdom_gov,0
Netherlands_gov,United States_gov,0
Netherlands_gov,Vietnam_gov,0
Netherlands_gov,Yemen_gov,0
New Zealand_gov,Afghanistan_gov,0
New Zealand_gov,Angola_gov,0
New Zealand_gov,Antigua and Barbuda_gov,0
New Zealand_gov,Argentina_gov,0
New Zealand_gov,Armenia_gov,0
New Zealand_gov,Australia_gov,0
New Zealand_gov,Austria_gov,0
New Zealand_gov,Bangladesh_gov,0
New Zealand_gov,Belarus_gov,0
New Zealand_gov,Belgium_gov,0
New Zealand_gov,Benin_gov,0
New Zealand_gov,Bolivia_gov,0
New Zealand_gov,Bosnia and Herzegovina_gov,0
New Zealand_gov,Brazil_gov,0
New Zealand_gov,Burkina Faso_gov,0
New Zealand_gov,Canada_gov,0
New Zealand_gov,Chile_gov,0
New Zealand_gov,China_gov,0
New Zealand_gov,Colombia_gov,0
New Zealand_gov,Congo_gov,0
New Zealand_gov,Croatia_gov,0
New Zealand_gov,Czechia_gov,0
New Zealand_gov,Democratic Republic of the Congo_gov,0
New Zealand_gov,Denmark_gov,0
New Zealand_gov,Ecuador_gov,0
New Zealand_gov,El Salvador_gov,0
New Zealand_gov,Ethiopia_gov,0
New Zealand_gov,Finland_gov,0
New Zealand_gov,France_gov,0
New Zealand_gov,Germany_gov,0
New Zealand_gov,Ghana_gov,0
New Zealand_gov,Greece_gov,0
New Zealand_gov,Guatemala_gov,0
New Zealand_gov,Hungary_gov,0
New Zealand_gov,India_gov,0
New Zealand_gov,Indonesia_gov,0
New Zealand_gov,Iraq_gov,0
New Zealand_gov,Ireland_gov,0
New Zealand_gov,Israel_gov,0
New Zealand_gov,Italy_gov,0
New Zealand_gov,Jamaica_gov,0
New Zealand_gov,Japan_gov,0
New Zealand_gov,Jordan_gov,0
New Zealand_gov,Kenya_gov,0
New Zealand_gov,Kuwait_gov,0
New Zealand_gov,Latvia_gov,0
New Zealand_gov,Libya_gov,0
New Zealand_gov,Lithuania_gov,0
New Zealand_gov,Luxembourg_gov,0
New Zealand_gov,Mexico_gov,0
New Zealand_gov,Monaco_gov,0
New Zealand_gov,Montenegro_gov,0
New Zealand_gov,Myanmar_gov,0
New Zealand_gov,Namibia_gov,0
New Zealand_gov,Nepal_gov,0
New Zealand_gov,Netherlands_gov,0
New Zealand_gov,Nigeria_gov,0
New Zealand_gov,North Korea_gov,0
New Zealand_gov,Norway_gov,0
New Zealand_gov,Pakistan_gov,0
New Zealand_gov,Paraguay_gov,0
New Zealand_gov,Peru_gov,0
New Zealand_gov,Poland_gov,0
New Zealand_gov,Portugal_gov,0
New Zealand_gov,Qatar_gov,0
New Zealand_gov,Russia_gov,0
New Zealand_gov,Rwanda_gov,0
New Zealand_gov,Samoa_gov,0
New Zealand_gov,Serbia_gov,0
New Zealand_gov,Sierra Leone_gov,0
New Zealand_gov,Slovakia_gov,0
New Zealand_gov,Solomon Islands_gov,0
New Zealand_gov,South Africa_gov,0
New Zealand_gov,South Korea_gov,0
New Zealand_gov,South Sudan_gov,0
New Zealand_gov,Spain_gov,0
New Zealand_gov,Sri Lanka_gov,0
New Zealand_gov,State of Palestine_gov,0
New Zealand_gov,Suriname_gov,0
New Zealand_gov,Sweden_gov,0
New Zealand_gov,Switzerland_gov,0
New Zealand_gov,Taiwan_gov,0
New Zealand_gov,Timor-Leste_gov,0
New Zealand_gov,Togo_gov,0
New Zealand_gov,Turkey_gov,0
New Zealand_gov,Uganda_gov,0
New Zealand_gov,United Kingdom_gov,0
New Zealand_gov,United States_gov,0
New Zealand_gov,Vietnam_gov,0
New Zealand_gov,Yemen_gov,0
Nigeria_gov,Afghanistan_gov,0
Nigeria_gov,Angola_gov,0
Nigeria_gov,Antigua and Barbuda_gov,0
Nigeria_gov,Argentina_gov,0
Nigeria_gov,Armenia_gov,0
Nigeria_gov,Australia_gov,0
Nigeria_gov,Austria_gov,0
Nigeria_gov,Bangladesh_gov,0
Nigeria_gov,Belarus_gov,0
Nigeria_gov,Belgium_gov,0
Nigeria_gov,Benin_gov,0
Nigeria_gov,Bolivia_gov,0
Nigeria_gov,Bosnia and Herzegovina_gov,0
Nigeria_gov,Brazil_gov,0
Nigeria_gov,Burkina Faso_gov,0
Nigeria_gov,Canada_gov,0
Nigeria_gov,Chile_gov,0
Nigeria_gov,China_gov,0
Nigeria_gov,Colombia_gov,0
Nigeria_gov,Congo_gov,0
Nigeria_gov,Croatia_gov,0
Nigeria_gov,Czechia_gov,0
Nigeria_gov,Democratic Republic of the Congo_gov,0
Nigeria_gov,Denmark_gov,0
Nigeria_gov,Ecuador_gov,0
Nigeria_gov,El Salvador_gov,0
Nigeria_gov,Ethiopia_gov,0
Nigeria_gov,Finland_gov,0
Nigeria_gov,France_gov,0
Nigeria_gov,Germany_gov,0
Nigeria_gov,Ghana_gov,0
Nigeria_gov,Greece_gov,0
Nigeria_gov,Guatemala_gov,0
Nigeria_gov,Hungary_gov,0
Nigeria_gov,India_gov,0
Nigeria_gov,Indonesia_gov,0
Nigeria_gov,Iraq_gov,0
Nigeria_gov,Ireland_gov,0
Nigeria_gov,Israel_gov,0
Nigeria_gov,Italy_gov,0
Nigeria_gov,Jamaica_gov,0
Nigeria_gov,Japan_gov,0
Nigeria_gov,Jordan_gov,0
Nigeria_gov,Kenya_gov,0
Nigeria_gov,Kuwait_gov,0
Nigeria_gov,Latvia_gov,0
Nigeria_gov,Libya_gov,0
Nigeria_gov,Lithuania_gov,0
Nigeria_gov,Luxembourg_gov,0
Nigeria_gov,Mexico_gov,0
Nigeria_gov,Monaco_gov,0
Nigeria_gov,Montenegro_gov,0
Nigeria_gov,Myanmar_gov,0
Nigeria_gov,Namibia_gov,0
Nigeria_gov,Nepal_gov,0
Nigeria_gov,Netherlands_gov,0
Nigeria_gov,New Zealand_gov,0
Nigeria_gov,North Korea_gov,0
Nigeria_gov,Norway_gov,0
Nigeria_gov,Pakistan_gov,0
Nigeria_gov,Paraguay_gov,0
Nigeria_gov,Peru_gov,0
Nigeria_gov,Poland_gov,0
Nigeria_gov,Portugal_gov,0
Nigeria_gov,Qatar_gov,0
Nigeria_gov,Russia_gov,0
Nigeria_gov,Rwanda_gov,0
Nigeria_gov,Samoa_gov,0
Nigeria_gov,Serbia_gov,0
Nigeria_gov,Sierra Leone_gov,0
Nigeria_gov,Slovakia_gov,0
Nigeria_gov,Solomon Islands_gov,0
Nigeria_gov,South Africa_gov,0
Nigeria_gov,South Korea_gov,0
Nigeria_gov,South Sudan_gov,0
Nigeria_gov,Spain_gov,0
Nigeria_gov,Sri Lanka_gov,0
Nigeria_gov,State of Palestine_gov,0
Nigeria_gov,Suriname_gov,0
Nigeria_gov,Sweden_gov,0
Nigeria_gov,Switzerland_gov,0
Nigeria_gov,Taiwan_gov,0
Nigeria_gov,Timor-Leste_gov,0
Nigeria_gov,Togo_gov,0
Nigeria_gov,Turkey_gov,0
Nigeria_gov,Uganda_gov,0
Nigeria_gov,United Kingdom_gov,0
Nigeria_gov,United States_gov,0
Nigeria_gov,Vietnam_gov,0
Nigeria_gov,Yemen_gov,0
North Korea_gov,Afghanistan_gov,0
North Korea_gov,Angola_gov,0
North Korea_gov,Antigua and Barbuda_gov,0
North Korea_gov,Argentina_gov,0
North Korea_gov,Armenia_gov,0
North Korea_gov,Australia_gov,0
North Korea_gov,Austria_gov,0
North Korea_gov,Bangladesh_gov,0
North Korea_gov,Belarus_gov,0
North Korea_gov,Belgium_gov,0
North Korea_gov,Benin_gov,0
North Korea_gov,Bolivia_gov,0
North Korea_gov,Bosnia and Herzegovina_gov,0
North Korea_gov,Brazil_gov,0
North Korea_gov,Burkina Faso_gov,0
North Korea_gov,Canada_gov,0
North Korea_gov,Chile_gov,0
North Korea_gov,China_gov,0
North Korea_gov,Colombia_gov,0
North Korea_gov,Congo_gov,0
North Korea_gov,Croatia_gov,0
North Korea_gov,Czechia_gov,0
North Korea_gov,Democratic Republic of the Congo_gov,0
North Korea_gov,Denmark_gov,0
North Korea_gov,Ecuador_gov,0
North Korea_gov,El Salvador_gov,0
North Korea_gov,Ethiopia_gov,0
North Korea_gov,Finland_gov,0
North Korea_gov,France_gov,0
North Korea_gov,Germany_gov,0
North Korea_gov,Ghana_gov,0
North Korea_gov,Greece_gov,0
North Korea_gov,Guatemala_gov,0
North Korea_gov,Hungary_gov,0
North Korea_gov,India_gov,0
North Korea_gov,Indonesia_gov,0
North Korea_gov,Iraq_gov,0
North Korea_gov,Ireland_gov,0
North Korea_gov,Israel_gov,0
North Korea_gov,Italy_gov,0
North Korea_gov,Jamaica_gov,0
North Korea_gov,Japan_gov,0
North Korea_gov,Jordan_gov,0
North Korea_gov,Kenya_gov,0
North Korea_gov,Kuwait_gov,0
North Korea_gov,Latvia_gov,0
North Korea_gov,Libya_gov,0
North Korea_gov,Lithuania_gov,0
North Korea_gov,Luxembourg_gov,0
North Korea_gov,Mexico_gov,0
North Korea_gov,Monaco_gov,0
North Korea_gov,Montenegro_gov,0
North Korea_gov,Myanmar_gov,0
North Korea_gov,Namibia_gov,0
North Korea_gov,Nepal_gov,0
North Korea_gov,Netherlands_gov,0
North Korea_gov,New Zealand_gov,0
North Korea_gov,Nigeria_gov,0
North Korea_gov,Norway_gov,0
North Korea_gov,Pakistan_gov,0
North Korea_gov,Paraguay_gov,0
North Korea_gov,Peru_gov,0
North Korea_gov,Poland_gov,0
North Korea_gov,Portugal_gov,0
North Korea_gov,Qatar_gov,0
North Korea_gov,Russia_gov,0
North Korea_gov,Rwanda_gov,0
North Korea_gov,Samoa_gov,0
North Korea_gov,Serbia_gov,0
North Korea_gov,Sierra Leone_gov,0
North Korea_gov,Slovakia_gov,0
North Korea_gov,Solomon Islands_gov,0
North Korea_gov,South Africa_gov,0
North Korea_gov,South Korea_gov,0
North Korea_gov,South Sudan_gov,0
North Korea_gov,Spain_gov,0
North Korea_gov,Sri Lanka_gov,0
North Korea_gov,State of Palestine_gov,0
North Korea_gov,Suriname_gov,0
North Korea_gov,Sweden_gov,0
North Korea_gov,Switzerland_gov,0
North Korea_gov,Taiwan_gov,0
North Korea_gov,Timor-Leste_gov,0
North Korea_gov,Togo_gov,0
North Korea_gov,Turkey_gov,0
North Korea_gov,Uganda_gov,0
North Korea_gov,United Kingdom_gov,0
North Korea_gov,United States_gov,0
North Korea_gov,Vietnam_gov,0
North Korea_gov,Yemen_gov,0
Norway_gov,Afghanistan_gov,0
Norway_gov,Angola_gov,0
Norway_gov,Antigua and Barbuda_gov,0
Norway_gov,Argentina_gov,0
Norway_gov,Armenia_gov,0
Norway_gov,Australia_gov,0
Norway_gov,Austria_gov,0
Norway_gov,Bangladesh_gov,0
Norway_gov,Belarus_gov,0
Norway_gov,Belgium_gov,0
Norway_gov,Benin_gov,0
Norway_gov,Bolivia_gov,0
Norway_gov,Bosnia and Herzegovina_gov,0
Norway_gov,Brazil_gov,0
Norway_gov,Burkina Faso_gov,0
Norway_gov,Canada_gov,0
Norway_gov,Chile_gov,0
Norway_gov,China_gov,0
Norway_gov,Colombia_gov,0
Norway_gov,Congo_gov,0
Norway_gov,Croatia_gov,0
Norway_gov,Czechia_gov,0
Norway_gov,Democratic Republic of the Congo_gov,0
Norway_gov,Denmark_gov,0
Norway_gov,Ecuador_gov,0
Norway_gov,El Salvador_gov,0
Norway_gov,Ethiopia_gov,0
Norway_gov,Finland_gov,0
Norway_gov,France_gov,0
Norway_gov,Germany_gov,0
Norway_gov,Ghana_gov,0
Norway_gov,Greece_gov,0
Norway_gov,Guatemala_gov,0
Norway_gov,Hungary_gov,0
Norway_gov,India_gov,0
Norway_gov,Indonesia_gov,0
Norway_gov,Iraq_gov,0
Norway_gov,Ireland_gov,0
Norway_gov,Israel_gov,0
Norway_gov,Italy_gov,0
Norway_gov,Jamaica_gov,0
Norway_gov,Japan_gov,0
Norway_gov,Jordan_gov,0
Norway_gov,Kenya_gov,0
Norway_gov,Kuwait_gov,0
Norway_gov,Latvia_gov,0
Norway_gov,Libya_gov,0
Norway_gov,Lithuania_gov,0
Norway_gov,Luxembourg_gov,0
Norway_gov,Mexico_gov,0
Norway_gov,Monaco_gov,0
Norway_gov,Montenegro_gov,0
Norway_gov,Myanmar_gov,0
Norway_gov,Namibia_gov,0
Norway_gov,Nepal_gov,0
Norway_gov,Netherlands_gov,0
Norway_gov,New Zealand_gov,0
Norway_gov,Nigeria_gov,0
Norway_gov,North Korea_gov,0
Norway_gov,Pakistan_gov,0
Norway_gov,Paraguay_gov,0
Norway_gov,Peru_gov,0
Norway_gov,Poland_gov,0
Norway_gov,Portugal_gov,0
Norway_gov,Qatar_gov,0
Norway_gov,Russia_gov,0
Norway_gov,Rwanda_gov,0
Norway_gov,Samoa_gov,0
Norway_gov,Serbia_gov,0
Norway_gov,Sierra Leone_gov,0
Norway_gov,Slovakia_gov,0
Norway_gov,Solomon Islands_gov,0
Norway_gov,South Africa_gov,0
Norway_gov,South Korea_gov,0
Norway_gov,South Sudan_gov,0
Norway_gov,Spain_gov,0
Norway_gov,Sri Lanka_gov,0
Norway_gov,State of Palestine_gov,0
Norway_gov,Suriname_gov,0
Norway_gov,Sweden_gov,0
Norway_gov,Switzerland_gov,0
Norway_gov,Taiwan_gov,0
Norway_gov,Timor-Leste_gov,0
Norway_gov,Togo_gov,0
Norway_gov,Turkey_gov,0
Norway_gov,Uganda_gov,0
Norway_gov,United Kingdom_gov,0
Norway_gov,United States_gov,0
Norway_gov,Vietnam_gov,0
Norway_gov,Yemen_gov,0
Pakistan_gov,Afghanistan_gov,0
Pakistan_gov,Angola_gov,0
Pakistan_gov,Antigua and Barbuda_gov,0
Pakistan_gov,Argentina_gov,0
Pakistan_gov,Armenia_gov,0
Pakistan_gov,Australia_gov,0
Pakistan_gov,Austria_gov,0
Pakistan_gov,Bangladesh_gov,0
Pakistan_gov,Belarus_gov,0
Pakistan_gov,Belgium_gov,0
Pakistan_gov,Benin_gov,0
Pakistan_gov,Bolivia_gov,0
Pakistan_gov,Bosnia and Herzegovina_gov,0
Pakistan_gov,Brazil_gov,0
Pakistan_gov,Burkina Faso_gov,0
Pakistan_gov,Canada_gov,0
Pakistan_gov,Chile_gov,0
Pakistan_gov,China_gov,0
Pakistan_gov,Colombia_gov,0
Pakistan_gov,Congo_gov,0
Pakistan_gov,Croatia_gov,0
Pakistan_gov,Czechia_gov,0
Pakistan_gov,Democratic Republic of the Congo_gov,0
Pakistan_gov,Denmark_gov,0
Pakistan_gov,Ecuador_gov,0
Pakistan_gov,El Salvador_gov,0
Pakistan_gov,Ethiopia_gov,0
Pakistan_gov,Finland_gov,0
Pakistan_gov,France_gov,0
Pakistan_gov,Germany_gov,0
Pakistan_gov,Ghana_gov,0
Pakistan_gov,Greece_gov,0
Pakistan_gov,Guatemala_gov,0
Pakistan_gov,Hungary_gov,0
Pakistan_gov,India_gov,0
Pakistan_gov,Indonesia_gov,0
Pakistan_gov,Iraq_gov,0
Pakistan_gov,Ireland_gov,0
Pakistan_gov,Israel_gov,0
Pakistan_gov,Italy_gov,0
Pakistan_gov,Jamaica_gov,0
Pakistan_gov,Japan_gov,0
Pakistan_gov,Jordan_gov,0
Pakistan_gov,Kenya_gov,0
Pakistan_gov,Kuwait_gov,0
Pakistan_gov,Latvia_gov,0
Pakistan_gov,Libya_gov,0
Pakistan_gov,Lithuania_gov,0
Pakistan_gov,Luxembourg_gov,0
Pakistan_gov,Mexico_gov,0
Pakistan_gov,Monaco_gov,0
Pakistan_gov,Montenegro_gov,0
Pakistan_gov,Myanmar_gov,0
Pakistan_gov,Namibia_gov,0
Pakistan_gov,Nepal_gov,0
Pakistan_gov,Netherlands_gov,0
Pakistan_gov,New Zealand_gov,0
Pakistan_gov,Nigeria_gov,0
Pakistan_gov,North Korea_gov,0
Pakistan_gov,Norway_gov,0
Pakistan_gov,Paraguay_gov,0
Pakistan_gov,Peru_gov,0
Pakistan_gov,Poland_gov,0
Pakistan_gov,Portugal_gov,0
Pakistan_gov,Qatar_gov,0
Pakistan_gov,Russia_gov,0
Pakistan_gov,Rwanda_gov,0
Pakistan_gov,Samoa_gov,0
Pakistan_gov,Serbia_gov,0
Pakistan_gov,Sierra Leone_gov,0
Pakistan_gov,Slovakia_gov,0
Pakistan_gov,Solomon Islands_gov,0
Pakistan_gov,South Africa_gov,0
Pakistan_gov,South Korea_gov,0
Pakistan_gov,South Sudan_gov,0
Pakistan_gov,Spain_gov,0
Pakistan_gov,Sri Lanka_gov,0
Pakistan_gov,State of Palestine_gov,0
Pakistan_gov,Suriname_gov,0
Pakistan_gov,Sweden_gov,0
Pakistan_gov,Switzerland_gov,0
Pakistan_gov,Taiwan_gov,0
Pakistan_gov,Timor-Leste_gov,0
Pakistan_gov,Togo_gov,0
Pakistan_gov,Turkey_gov,0
Pakistan_gov,Uganda_gov,0
Pakistan_gov,United Kingdom_gov,0
Pakistan_gov,United States_gov,0
Pakistan_gov,Vietnam_gov,0
Pakistan_gov,Yemen_gov,0
Paraguay_gov,Afghanistan_gov,0
Paraguay_gov,Angola_gov,0
Paraguay_gov,Antigua and Barbuda_gov,0
Paraguay_gov,Argentina_gov,0
Paraguay_gov,Armenia_gov,0
Paraguay_gov,Australia_gov,0
Paraguay_gov,Austria_gov,0
Paraguay_gov,Bangladesh_gov,0
Paraguay_gov,Belarus_gov,0
Paraguay_gov,Belgium_gov,0
Paraguay_gov,Benin_gov,0
Paraguay_gov,Bolivia_gov,0
Paraguay_gov,Bosnia and Herzegovina_gov,0
Paraguay_gov,Brazil_gov,0
Paraguay_gov,Burkina Faso_gov,0
Paraguay_gov,Canada_gov,0
Paraguay_gov,Chile_gov,0
Paraguay_gov,China_gov,0
Paraguay_gov,Colombia_gov,0
Paraguay_gov,Congo_gov,0
Paraguay_gov,Croatia_gov,0
Paraguay_gov,Czechia_gov,0
Paraguay_gov,Democratic Republic of the Congo_gov,0
Paraguay_gov,Denmark_gov,0
Paraguay_gov,Ecuador_gov,0
Paraguay_gov,El Salvador_gov,0
Paraguay_gov,Ethiopia_gov,0
Paraguay_gov,Finland_gov,0
Paraguay_gov,France_gov,0
Paraguay_gov,Germany_gov,0
Paraguay_gov,Ghana_gov,0
Paraguay_gov,Greece_gov,0
Paraguay_gov,Guatemala_gov,0
Paraguay_gov,Hungary_gov,0
Paraguay_gov,India_gov,0
Paraguay_gov,Indonesia_gov,0
Paraguay_gov,Iraq_gov,0
Paraguay_gov,Ireland_gov,0
Paraguay_gov,Israel_gov,0
Paraguay_gov,Italy_gov,0
Paraguay_gov,Jamaica_gov,0
Paraguay_gov,Japan_gov,0
Paraguay_gov,Jordan_gov,0
Paraguay_gov,Kenya_gov,0
Paraguay_gov,Kuwait_gov,0
Paraguay_gov,Latvia_gov,0
Paraguay_gov,Libya_gov,0
Paraguay_gov,Lithuania_gov,0
Paraguay_gov,Luxembourg_gov,0
Paraguay_gov,Mexico_gov,0
Paraguay_gov,Monaco_gov,0
Paraguay_gov,Montenegro_gov,0
Paraguay_gov,Myanmar_gov,0
Paraguay_gov,Namibia_gov,0
Paraguay_gov,Nepal_gov,0
Paraguay_gov,Netherlands_gov,0
Paraguay_gov,New Zealand_gov,0
Paraguay_gov,Nigeria_gov,0
Paraguay_gov,North Korea_gov,0
Paraguay_gov,Norway_gov,0
Paraguay_gov,Pakistan_gov,0
Paraguay_gov,Peru_gov,0
Paraguay_gov,Poland_gov,0
Paraguay_gov,Portugal_gov,0
Paraguay_gov,Qatar_gov,0
Paraguay_gov,Russia_gov,0
Paraguay_gov,Rwanda_gov,0
Paraguay_gov,Samoa_gov,0
Paraguay_gov,Serbia_gov,0
Paraguay_gov,Sierra Leone_gov,0
Paraguay_gov,Slovakia_gov,0
Paraguay_gov,Solomon Islands_gov,0
Paraguay_gov,South Africa_gov,0
Paraguay_gov,South Korea_gov,0
Paraguay_gov,South Sudan_gov,0
Paraguay_gov,Spain_gov,0
Paraguay_gov,Sri Lanka_gov,0
Paraguay_gov,State of Palestine_gov,0
Paraguay_gov,Suriname_gov,0
Paraguay_gov,Sweden_gov,0
Paraguay_gov,Switzerland_gov,0
Paraguay_gov,Taiwan_gov,0
Paraguay_gov,Timor-Leste_gov,0
Paraguay_gov,Togo_gov,0
Paraguay_gov,Turkey_gov,0
Paraguay_gov,Uganda_gov,0
Paraguay_gov,United Kingdom_gov,0
Paraguay_gov,United States_gov,0
Paraguay_gov,Vietnam_gov,0
Paraguay_gov,Yemen_gov,0
Peru_gov,Afghanistan_gov,0
Peru_gov,Angola_gov,0
Peru_gov,Antigua and Barbuda_gov,0
Peru_gov,Argentina_gov,0
Peru_gov,Armenia_gov,0
Peru_gov,Australia_gov,0
Peru_gov,Austria_gov,0
Peru_gov,Bangladesh_gov,0
Peru_gov,Belarus_gov,0
Peru_gov,Belgium_gov,0
Peru_gov,Benin_gov,0
Peru_gov,Bolivia_gov,0
Peru_gov,Bosnia and Herzegovina_gov,0
Peru_gov,Brazil_gov,0
Peru_gov,Burkina Faso_gov,0
Peru_gov,Canada_gov,0
Peru_gov,Chile_gov,0
Peru_gov,China_gov,0
Peru_gov,Colombia_gov,0
Peru_gov,Congo_gov,0
Peru_gov,Croatia_gov,0
Peru_gov,Czechia_gov,0
Peru_gov,Democratic Republic of the Congo_gov,0
Peru_gov,Denmark_gov,0
Peru_gov,Ecuador_gov,0
Peru_gov,El Salvador_gov,0
Peru_gov,Ethiopia_gov,0
Peru_gov,Finland_gov,0
Peru_gov,France_gov,0
Peru_gov,Germany_gov,0
Peru_gov,Ghana_gov,0
Peru_gov,Greece_gov,0
Peru_gov,Guatemala_gov,0
Peru_gov,Hungary_gov,0
Peru_gov,India_gov,0
Peru_gov,Indonesia_gov,0
Peru_gov,Iraq_gov,0
Peru_gov,Ireland_gov,0
Peru_gov,Israel_gov,0
Peru_gov,Italy_gov,0
Peru_gov,Jamaica_gov,0
Peru_gov,Japan_gov,0
Peru_gov,Jordan_gov,0
Peru_gov,Kenya_gov,0
Peru_gov,Kuwait_gov,0
Peru_gov,Latvia_gov,0
Peru_gov,Libya_gov,0
Peru_gov,Lithuania_gov,0
Peru_gov,Luxembourg_gov,0
Peru_gov,Mexico_gov,0
Peru_gov,Monaco_gov,0
Peru_gov,Montenegro_gov,0
Peru_gov,Myanmar_gov,0
Peru_gov,Namibia_gov,0
Peru_gov,Nepal_gov,0
Peru_gov,Netherlands_gov,0
Peru_gov,New Zealand_gov,0
Peru_gov,Nigeria_gov,0
Peru_gov,North Korea_gov,0
Peru_gov,Norway_gov,0
Peru_gov,Pakistan_gov,0
Peru_gov,Paraguay_gov,0
Peru_gov,Poland_gov,0
Peru_gov,Portugal_gov,0
Peru_gov,Qatar_gov,0
Peru_gov,Russia_gov,0
Peru_gov,Rwanda_gov,0
Peru_gov,Samoa_gov,0
Peru_gov,Serbia_gov,0
Peru_gov,Sierra Leone_gov,0
Peru_gov,Slovakia_gov,0
Peru_gov,Solomon Islands_gov,0
Peru_gov,South Africa_gov,0
Peru_gov,South Korea_gov,0
Peru_gov,South Sudan_gov,0
Peru_gov,Spain_gov,0
Peru_gov,Sri Lanka_gov,0
Peru_gov,State of Palestine_gov,0
Peru_gov,Suriname_gov,0
Peru_gov,Sweden_gov,0
Peru_gov,Switzerland_gov,0
Peru_gov,Taiwan_gov,0
Peru_gov,Timor-Leste_gov,0
Peru_gov,Togo_gov,0
Peru_gov,Turkey_gov,0
Peru_gov,Uganda_gov,0
Peru_gov,United Kingdom_gov,0
Peru_gov,United States_gov,0
Peru_gov,Vietnam_gov,0
Peru_gov,Yemen_gov,0
Poland_gov,Afghanistan_gov,0
Poland_gov,Angola_gov,0
Poland_gov,Antigua and Barbuda_gov,0
Poland_gov,Argentina_gov,0
Poland_gov,Armenia_gov,0
Poland_gov,Australia_gov,0
Poland_gov,Austria_gov,0
Poland_gov,Bangladesh_gov,0
Poland_gov,Belarus_gov,0
Poland_gov,Belgium_gov,0
Poland_gov,Benin_gov,0
Poland_gov,Bolivia_gov,0
Poland_gov,Bosnia and Herzegovina_gov,0
Poland_gov,Brazil_gov,0
Poland_gov,Burkina Faso_gov,0
Poland_gov,Canada_gov,0
Poland_gov,Chile_gov,0
Poland_gov,China_gov,0
Poland_gov,Colombia_gov,0
Poland_gov,Congo_gov,0
Poland_gov,Croatia_gov,0
Poland_gov,Czechia_gov,0
Poland_gov,Democratic Republic of the Congo_gov,0
Poland_gov,Denmark_gov,0
Poland_gov,Ecuador_gov,0
Poland_gov,El Salvador_gov,0
Poland_gov,Ethiopia_gov,0
Poland_gov,Finland_gov,0
Poland_gov,France_gov,0
Poland_gov,Germany_gov,0
Poland_gov,Ghana_gov,0
Poland_gov,Greece_gov,0
Poland_gov,Guatemala_gov,0
Poland_gov,Hungary_gov,0
Poland_gov,India_gov,0
Poland_gov,Indonesia_gov,0
Poland_gov,Iraq_gov,0
Poland_gov,Ireland_gov,0
Poland_gov,Israel_gov,0
Poland_gov,Italy_gov,0
Poland_gov,Jamaica_gov,0
Poland_gov,Japan_gov,0
Poland_gov,Jordan_gov,0
Poland_gov,Kenya_gov,0
Poland_gov,Kuwait_gov,0
Poland_gov,Latvia_gov,0
Poland_gov,Libya_gov,0
Poland_gov,Lithuania_gov,0
Poland_gov,Luxembourg_gov,0
Poland_gov,Mexico_gov,0
Poland_gov,Monaco_gov,0
Poland_gov,Montenegro_gov,0
Poland_gov,Myanmar_gov,0
Poland_gov,Namibia_gov,0
Poland_gov,Nepal_gov,0
Poland_gov,Netherlands_gov,0
Poland_gov,New Zealand_gov,0
Poland_gov,Nigeria_gov,0
Poland_gov,North Korea_gov,0
Poland_gov,Norway_gov,0
Poland_gov,Pakistan_gov,0
Poland_gov,Paraguay_gov,0
Poland_gov,Peru_gov,0
Poland_gov,Portugal_gov,0
Poland_gov,Qatar_gov,0
Poland_gov,Russia_gov,0
Poland_gov,Rwanda_gov,0
Poland_gov,Samoa_gov,0
Poland_gov,Serbia_gov,0
Poland_gov,Sierra Leone_gov,0
Poland_gov,Slovakia_gov,0
Poland_gov,Solomon Islands_gov,0
Poland_gov,South Africa_gov,0
Poland_gov,South Korea_gov,0
Poland_gov,South Sudan_gov,0
Poland_gov,Spain_gov,0
Poland_gov,Sri Lanka_gov,0
Poland_gov,State of Palestine_gov,0
Poland_gov,Suriname_gov,0
Poland_gov,Sweden_gov,0
Poland_gov,Switzerland_gov,0
Poland_gov,Taiwan_gov,0
Poland_gov,Timor-Leste_gov,0
Poland_gov,Togo_gov,0
Poland_gov,Turkey_gov,0
Poland_gov,Uganda_gov,0
Poland_gov,United Kingdom_gov,0
Poland_gov,United States_gov,0
Poland_gov,Vietnam_gov,0
Poland_gov,Yemen_gov,0
Portugal_gov,Afghanistan_gov,0
Portugal_gov,Angola_gov,1
Portugal_gov,Antigua and Barbuda_gov,0
Portugal_gov,Argentina_gov,0
Portugal_gov,Armenia_gov,0
Portugal_gov,Australia_gov,0
Portugal_gov,Austria_gov,0
Portugal_gov,Bangladesh_gov,0
Portugal_gov,Belarus_gov,0
Portugal_gov,Belgium_gov,0
Portugal_gov,Benin_gov,0
Portugal_gov,Bolivia_gov,0
Portugal_gov,Bosnia and Herzegovina_gov,0
Portugal_gov,Brazil_gov,1
Portugal_gov,Burkina Faso_gov,0
Portugal_gov,Canada_gov,0
Portugal_gov,Chile_gov,0
Portugal_gov,China_gov,0
Portugal_gov,Colombia_gov,0
Portugal_gov,Congo_gov,0
Portugal_gov,Croatia_gov,0
Portugal_gov,Czechia_gov,0
Portugal_gov,Democratic Republic of the Congo_gov,0
Portugal_gov,Denmark_gov,0
Portugal_gov,Ecuador_gov,0
Portugal_gov,El Salvador_gov,0
Portugal_gov,Ethiopia_gov,0
Portugal_gov,Finland_gov,0
Portugal_gov,France_gov,0
Portugal_gov,Germany_gov,0
Portugal_gov,Ghana_gov,0
Portugal_gov,Greece_gov,0
Portugal_gov,Guatemala_gov,0
Portugal_gov,Hungary_gov,0
Portugal_gov,India_gov,0
Portugal_gov,Indonesia_gov,0
Portugal_gov,Iraq_gov,0
Portugal_gov,Ireland_gov,0
Portugal_gov,Israel_gov,0
Portugal_gov,Italy_gov,0
Portugal_gov,Jamaica_gov,0
Portugal_gov,Japan_gov,0
Portugal_gov,Jordan_gov,0
Portugal_gov,Kenya_gov,0
Portugal_gov,Kuwait_gov,0
Portugal_gov,Latvia_gov,0
Portugal_gov,Libya_gov,0
Portugal_gov,Lithuania_gov,0
Portugal_gov,Luxembourg_gov,0
Portugal_gov,Mexico_gov,0
Portugal_gov,Monaco_gov,0
Portugal_gov,Montenegro_gov,0
Portugal_gov,Myanmar_gov,0
Portugal_gov,Namibia_gov,0
Portugal_gov,Nepal_gov,0
Portugal_gov,Netherlands_gov,0
Portugal_gov,New Zealand_gov,0
Portugal_gov,Nigeria_gov,0
Portugal_gov,North Korea_gov,0
Portugal_gov,Norway_gov,0
Portugal_gov,Pakistan_gov,0
Portugal_gov,Paraguay_gov,0
Portugal_gov,Peru_gov,0
Portugal_gov,Poland_gov,0
Portugal_gov,Qatar_gov,0
Portugal_gov,Russia_gov,0
Portugal_gov,Rwanda_gov,0
Portugal_gov,Samoa_gov,0
Portugal_gov,Serbia_gov,0
Portugal_gov,Sierra Leone_gov,0
Portugal_gov,Slovakia_gov,0
Portugal_gov,Solomon Islands_gov,0
Portugal_gov,South Africa_gov,0
Portugal_gov,South Korea_gov,0
Portugal_gov,South Sudan_gov,0
Portugal_gov,Spain_gov,0
Portugal_gov,Sri Lanka_gov,0
Portugal_gov,State of Palestine_gov,0
Portugal_gov,Suriname_gov,0
Portugal_gov,Sweden_gov,0
Portugal_gov,Switzerland_gov,0
Portugal_gov,Taiwan_gov,0
Portugal_gov,Timor-Leste_gov,1
Portugal_gov,Togo_gov,0
Portugal_gov,Turkey_gov,0
Portugal_gov,Uganda_gov,0
Portugal_gov,United Kingdom_gov,0
Portugal_gov,United States_gov,0
Portugal_gov,Vietnam_gov,0
Portugal_gov,Yemen_gov,0
Qatar_gov,Afghanistan_gov,0
Qatar_gov,Angola_gov,0
Qatar_gov,Antigua and Barbuda_gov,0
Qatar_gov,Argentina_gov,0
Qatar_gov,Armenia_gov,0
Qatar_gov,Australia_gov,0
Qatar_gov,Austria_gov,0
Qatar_gov,Bangladesh_gov,0
Qatar_gov,Belarus_gov,0
Qatar_gov,Belgium_gov,0
Qatar_gov,Benin_gov,0
Qatar_gov,Bolivia_gov,0
Qatar_gov,Bosnia and Herzegovina_gov,0
Qatar_gov,Brazil_gov,0
Qatar_gov,Burkina Faso_gov,0
Qatar_gov,Canada_gov,0
Qatar_gov,Chile_gov,0
Qatar_gov,China_gov,0
Qatar_gov,Colombia_gov,0
Qatar_gov,Congo_gov,0
Qatar_gov,Croatia_gov,0
Qatar_gov,Czechia_gov,0
Qatar_gov,Democratic Republic of the Congo_gov,0
Qatar_gov,Denmark_gov,0
Qatar_gov,Ecuador_gov,0
Qatar_gov,El Salvador_gov,0
Qatar_gov,Ethiopia_gov,0
Qatar_gov,Finland_gov,0
Qatar_gov,France_gov,0
Qatar_gov,Germany_gov,0
Qatar_gov,Ghana_gov,0
Qatar_gov,Greece_gov,0
Qatar_gov,Guatemala_gov,0
Qatar_gov,Hungary_gov,0
Qatar_gov,India_gov,0
Qatar_gov,Indonesia_gov,0
Qatar_gov,Iraq_gov,0
Qatar_gov,Ireland_gov,0
Qatar_gov,Israel_gov,0
Qatar_gov,Italy_gov,0
Qatar_gov,Jamaica_gov,0
Qatar_gov,Japan_gov,0
Qatar_gov,Jordan_gov,0
Qatar_gov,Kenya_gov,0
Qatar_gov,Kuwait_gov,0
Qatar_gov,Latvia_gov,0
Qatar_gov,Libya_gov,0
Qatar_gov,Lithuania_gov,0
Qatar_gov,Luxembourg_gov,0
Qatar_gov,Mexico_gov,0
Qatar_gov,Monaco_gov,0
Qatar_gov,Montenegro_gov,0
Qatar_gov,Myanmar_gov,0
Qatar_gov,Namibia_gov,0
Qatar_gov,Nepal_gov,0
Qatar_gov,Netherlands_gov,0
Qatar_gov,New Zealand_gov,0
Qatar_gov,Nigeria_gov,0
Qatar_gov,North Korea_gov,0
Qatar_gov,Norway_gov,0
Qatar_gov,Pakistan_gov,0
Qatar_gov,Paraguay_gov,0
Qatar_gov,Peru_gov,0
Qatar_gov,Poland_gov,0
Qatar_gov,Portugal_gov,0
Qatar_gov,Russia_gov,0
Qatar_gov,Rwanda_gov,0
Qatar_gov,Samoa_gov,0
Qatar_gov,Serbia_gov,0
Qatar_gov,Sierra Leone_gov,0
Qatar_gov,Slovakia_gov,0
Qatar_gov,Solomon Islands_gov,0
Qatar_gov,South Africa_gov,0
Qatar_gov,South Korea_gov,0
Qatar_gov,South Sudan_gov,0
Qatar_gov,Spain_gov,0
Qatar_gov,Sri Lanka_gov,0
Qatar_gov,State of Palestine_gov,0
Qatar_gov,Suriname_gov,0
Qatar_gov,Sweden_gov,0
Qatar_gov,Switzerland_gov,0
Qatar_gov,Taiwan_gov,0
Qatar_gov,Timor-Leste_gov,0
Qatar_gov,Togo_gov,0
Qatar_gov,Turkey_gov,0
Qatar_gov,Uganda_gov,0
Qatar_gov,United Kingdom_gov,0
Qatar_gov,United States_gov,0
Qatar_gov,Vietnam_gov,0
Qatar_gov,Yemen_gov,0
Russia_gov,Afghanistan_gov,0
Russia_gov,Angola_gov,0
Russia_gov,Antigua and Barbuda_gov,0
Russia_gov,Argentina_gov,0
Russia_gov,Armenia_gov,1
Russia_gov,Australia_gov,0
Russia_gov,Austria_gov,0
Russia_gov,Bangladesh_gov,0
Russia_gov,Belarus_gov,1
Russia_gov,Belgium_gov,0
Russia_gov,Benin_gov,0
Russia_gov,Bolivia_gov,0
Russia_gov,Bosnia and Herzegovina_gov,0
Russia_gov,Brazil_gov,0
Russia_gov,Burkina Faso_gov,0
Russia_gov,Canada_gov,0
Russia_gov,Chile_gov,0
Russia_gov,China_gov,0
Russia_gov,Colombia_gov,0
Russia_gov,Congo_gov,0
Russia_gov,Croatia_gov,0
Russia_gov,Czechia_gov,0
Russia_gov,Democratic Republic of the Congo_gov,0
Russia_gov,Denmark_gov,0
Russia_gov,Ecuador_gov,0
Russia_gov,El Salvador_gov,0
Russia_gov,Ethiopia_gov,0
Russia_gov,Finland_gov,1
Russia_gov,France_gov,0
Russia_gov,Germany_gov,0
Russia_gov,Ghana_gov,0
Russia_gov,Greece_gov,0
Russia_gov,Guatemala_gov,0
Russia_gov,Hungary_gov,0
Russia_gov,India_gov,0
Russia_gov,Indonesia_gov,0
Russia_gov,Iraq_gov,0
Russia_gov,Ireland_gov,0
Russia_gov,Israel_gov,0
Russia_gov,Italy_gov,0
Russia_gov,Jamaica_gov,0
Russia_gov,Japan_gov,0
Russia_gov,Jordan_gov,0
Russia_gov,Kenya_gov,0
Russia_gov,Kuwait_gov,0
Russia_gov,Latvia_gov,1
Russia_gov,Libya_gov,0
Russia_gov,Lithuania_gov,1
Russia_gov,Luxembourg_gov,0
Russia_gov,Mexico_gov,0
Russia_gov,Monaco_gov,0
Russia_gov,Montenegro_gov,0
Russia_gov,Myanmar_gov,0
Russia_gov,Namibia_gov,0
Russia_gov,Nepal_gov,0
Russia_gov,Netherlands_gov,0
Russia_gov,New Zealand_gov,0
Russia_gov,Nigeria_gov,0
Russia_gov,North Korea_gov,0
Russia_gov,Norway_gov,0
Russia_gov,Pakistan_gov,0
Russia_gov,Paraguay_gov,0
Russia_gov,Peru_gov,0
Russia_gov,Poland_gov,1
Russia_gov,Portugal_gov,0
Russia_gov,Qatar_gov,0
Russia_gov,Rwanda_gov,0
Russia_gov,Samoa_gov,0
Russia_gov,Serbia_gov,0
Russia_gov,Sierra Leone_gov,0
Russia_gov,Slovakia_gov,0
Russia_gov,Solomon Islands_gov,0
Russia_gov,South Africa_gov,0
Russia_gov,South Korea_gov,0
Russia_gov,South Sudan_gov,0
Russia_gov,Spain_gov,0
Russia_gov,Sri Lanka_gov,0
Russia_gov,State of Palestine_gov,0
Russia_gov,Suriname_gov,0
Russia_gov,Sweden_gov,0
Russia_gov,Switzerland_gov,0
Russia_gov,Taiwan_gov,0
Russia_gov,Timor-Leste_gov,0
Russia_gov,Togo_gov,0
Russia_gov,Turkey_gov,0
Russia_gov,Uganda_gov,0
Russia_gov,United Kingdom_gov,0
Russia_gov,United States_gov,0
Russia_gov,Vietnam_gov,0
Russia_gov,Yemen_gov,0
Rwanda_gov,Afghanistan_gov,0
Rwanda_gov,Angola_gov,0
Rwanda_gov,Antigua and Barbuda_gov,0
Rwanda_gov,Argentina_gov,0
Rwanda_gov,Armenia_gov,0
Rwanda_gov,Australia_gov,0
Rwanda_gov,Austria_gov,0
Rwanda_gov,Bangladesh_gov,0
Rwanda_gov,Belarus_gov,0
Rwanda_gov,Belgium_gov,0
Rwanda_gov,Benin_gov,0
Rwanda_gov,Bolivia_gov,0
Rwanda_gov,Bosnia and Herzegovina_gov,0
Rwanda_gov,Brazil_gov,0
Rwanda_gov,Burkina Faso_gov,0
Rwanda_gov,Canada_gov,0
Rwanda_gov,Chile_gov,0
Rwanda_gov,China_gov,0
Rwanda_gov,Colombia_gov,0
Rwanda_gov,Congo_gov,0
Rwanda_gov,Croatia_gov,0
Rwanda_gov,Czechia_gov,0
Rwanda_gov,Democratic Republic of the Congo_gov,0
Rwanda_gov,Denmark_gov,0
Rwanda_gov,Ecuador_gov,0
Rwanda_gov,El Salvador_gov,0
Rwanda_gov,Ethiopia_gov,0
Rwanda_gov,Finland_gov,0
Rwanda_gov,France_gov,0
Rwanda_gov,Germany_gov,0
Rwanda_gov,Ghana_gov,0
Rwanda_gov,Greece_gov,0
Rwanda_gov,Guatemala_gov,0
Rwanda_gov,Hungary_gov,0
Rwanda_gov,India_gov,0
Rwanda_gov,Indonesia_gov,0
Rwanda_gov,Iraq_gov,0
Rwanda_gov,Ireland_gov,0
Rwanda_gov,Israel_gov,0
Rwanda_gov,Italy_gov,0
Rwanda_gov,Jamaica_gov,0
Rwanda_gov,Japan_gov,0
Rwanda_gov,Jordan_gov,0
Rwanda_gov,Kenya_gov,0
Rwanda_gov,Kuwait_gov,0
Rwanda_gov,Latvia_gov,0
Rwanda_gov,Libya_gov,0
Rwanda_gov,Lithuania_gov,0
Rwanda_gov,Luxembourg_gov,0
Rwanda_gov,Mexico_gov,0
Rwanda_gov,Monaco_gov,0
Rwanda_gov,Montenegro_gov,0
Rwanda_gov,Myanmar_gov,0
Rwanda_gov,Namibia_gov,0
Rwanda_gov,Nepal_gov,0
Rwanda_gov,Netherlands_gov,0
Rwanda_gov,New Zealand_gov,0
Rwanda_gov,Nigeria_gov,0
Rwanda_gov,North Korea_gov,0
Rwanda_gov,Norway_gov,0
Rwanda_gov,Pakistan_gov,0
Rwanda_gov,Paraguay_gov,0
Rwanda_gov,Peru_gov,0
Rwanda_gov,Poland_gov,0
Rwanda_gov,Portugal_gov,0
Rwanda_gov,Qatar_gov,0
Rwanda_gov,Russia_gov,0
Rwanda_gov,Samoa_gov,0
Rwanda_gov,Serbia_gov,0
Rwanda_gov,Sierra Leone_gov,0
Rwanda_gov,Slovakia_gov,0
Rwanda_gov,Solomon Islands_gov,0
Rwanda_gov,South Africa_gov,0
Rwanda_gov,South Korea_gov,0
Rwanda_gov,South Sudan_gov,0
Rwanda_gov,Spain_gov,0
Rwanda_gov,Sri Lanka_gov,0
Rwanda_gov,State of Palestine_gov,0
Rwanda_gov,Suriname_gov,0
Rwanda_gov,Sweden_gov,0
Rwanda_gov,Switzerland_gov,0
Rwanda_gov,Taiwan_gov,0
Rwanda_gov,Timor-Leste_gov,0
Rwanda_gov,Togo_gov,0
Rwanda_gov,Turkey_gov,0
Rwanda_gov,Uganda_gov,0
Rwanda_gov,United Kingdom_gov,0
Rwanda_gov,United States_gov,0
Rwanda_gov,Vietnam_gov,0
Rwanda_gov,Yemen_gov,0
Samoa_gov,Afghanistan_gov,0
Samoa_gov,Angola_gov,0
Samoa_gov,Antigua and Barbuda_gov,0
Samoa_gov,Argentina_gov,0
Samoa_gov,Armenia_gov,0
Samoa_gov,Australia_gov,0
Samoa_gov,Austria_gov,0
Samoa_gov,Bangladesh_gov,0
Samoa_gov,Belarus_gov,0
Samoa_gov,Belgium_gov,0
Samoa_gov,Benin_gov,0
Samoa_gov,Bolivia_gov,0
Samoa_gov,Bosnia and Herzegovina_gov,0
Samoa_gov,Brazil_gov,0
Samoa_gov,Burkina Faso_gov,0
Samoa_gov,Canada_gov,0
Samoa_gov,Chile_gov,0
Samoa_gov,China_gov,0
Samoa_gov,Colombia_gov,0
Samoa_gov,Congo_gov,0
Samoa_gov,Croatia_gov,0
Samoa_gov,Czechia_gov,0
Samoa_gov,Democratic Republic of the Congo_gov,0
Samoa_gov,Denmark_gov,0
Samoa_gov,Ecuador_gov,0
Samoa_gov,El Salvador_gov,0
Samoa_gov,Ethiopia_gov,0
Samoa_gov,Finland_gov,0
Samoa_gov,France_gov,0
Samoa_gov,Germany_gov,0
Samoa_gov,Ghana_gov,0
Samoa_gov,Greece_gov,0
Samoa_gov,Guatemala_gov,0
Samoa_gov,Hungary_gov,0
Samoa_gov,India_gov,0
Samoa_gov,Indonesia_gov,0
Samoa_gov,Iraq_gov,0
Samoa_gov,Ireland_gov,0
Samoa_gov,Israel_gov,0
Samoa_gov,Italy_gov,0
Samoa_gov,Jamaica_gov,0
Samoa_gov,Japan_gov,0
Samoa_gov,Jordan_gov,0
Samoa_gov,Kenya_gov,0
Samoa_gov,Kuwait_gov,0
Samoa_gov,Latvia_gov,0
Samoa_gov,Libya_gov,0
Samoa_gov,Lithuania_gov,0
Samoa_gov,Luxembourg_gov,0
Samoa_gov,Mexico_gov,0
Samoa_gov,Monaco_gov,0
Samoa_gov,Montenegro_gov,0
Samoa_gov,Myanmar_gov,0
Samoa_gov,Namibia_gov,0
Samoa_gov,Nepal_gov,0
Samoa_gov,Netherlands_gov,0
Samoa_gov,New Zealand_gov,0
Samoa_gov,Nigeria_gov,0
Samoa_gov,North Korea_gov,0
Samoa_gov,Norway_gov,0
Samoa_gov,Pakistan_gov,0
Samoa_gov,Paraguay_gov,0
Samoa_gov,Peru_gov,0
Samoa_gov,Poland_gov,0
Samoa_gov,Portugal_gov,0
Samoa_gov,Qatar_gov,0
Samoa_gov,Russia_gov,0
Samoa_gov,Rwanda_gov,0
Samoa_gov,Serbia_gov,0
Samoa_gov,Sierra Leone_gov,0
Samoa_gov,Slovakia_gov,0
Samoa_gov,Solomon Islands_gov,0
Samoa_gov,South Africa_gov,0
Samoa_gov,South Korea_gov,0
Samoa_gov,South Sudan_gov,0
Samoa_gov,Spain_gov,0
Samoa_gov,Sri Lanka_gov,0
Samoa_gov,State of Palestine_gov,0
Samoa_gov,Suriname_gov,0
Samoa_gov,Sweden_gov,0
Samoa_gov,Switzerland_gov,0
Samoa_gov,Taiwan_gov,0
Samoa_gov,Timor-Leste_gov,0
Samoa_gov,Togo_gov,0
Samoa_gov,Turkey_gov,0
Samoa_gov,Uganda_gov,0
Samoa_gov,United Kingdom_gov,0
Samoa_gov,United States_gov,0
Samoa_gov,Vietnam_gov,0
Samoa_gov,Yemen_gov,0
Serbia_gov,Afghanistan_gov,0
Serbia_gov,Angola_gov,0
Serbia_gov,Antigua and Barbuda_gov,0
Serbia_gov,Argentina_gov,0
Serbia_gov,Armenia_gov,0
Serbia_gov,Australia_gov,0
Serbia_gov,Austria_gov,0
Serbia_gov,Bangladesh_gov,0
Serbia_gov,Belarus_gov,0
Serbia_gov,Belgium_gov,0
Serbia_gov,Benin_gov,0
Serbia_gov,Bolivia_gov,0
Serbia_gov,Bosnia and Herzegovina_gov,0
Serbia_gov,Brazil_gov,0
Serbia_gov,Burkina Faso_gov,0
Serbia_gov,Canada_gov,0
Serbia_gov,Chile_gov,0
Serbia_gov,China_gov,0
Serbia_gov,Colombia_gov,0
Serbia_gov,Congo_gov,0
Serbia_gov,Croatia_gov,0
Serbia_gov,Czechia_gov,0
Serbia_gov,Democratic Republic of the Congo_gov,0
Serbia_gov,Denmark_gov,0
Serbia_gov,Ecuador_gov,0
Serbia_gov,El Salvador_gov,0
Serbia_gov,Ethiopia_gov,0
Serbia_gov,Finland_gov,0
Serbia_gov,France_gov,0
Serbia_gov,Germany_gov,0
Serbia_gov,Ghana_gov,0
Serbia_gov,Greece_gov,0
Serbia_gov,Guatemala_gov,0
Serbia_gov,Hungary_gov,0
Serbia_gov,India_gov,0
Serbia_gov,Indonesia_gov,0
Serbia_gov,Iraq_gov,0
Serbia_gov,Ireland_gov,0
Serbia_gov,Israel_gov,0
Serbia_gov,Italy_gov,0
Serbia_gov,Jamaica_gov,0
Serbia_gov,Japan_gov,0
Serbia_gov,Jordan_gov,0
Serbia_gov,Kenya_gov,0
Serbia_gov,Kuwait_gov,0
Serbia_gov,Latvia_gov,0
Serbia_gov,Libya_gov,0
Serbia_gov,Lithuania_gov,0
Serbia_gov,Luxembourg_gov,0
Serbia_gov,Mexico_gov,0
Serbia_gov,Monaco_gov,0
Serbia_gov,Montenegro_gov,0
Serbia_gov,Myanmar_gov,0
Serbia_gov,Namibia_gov,0
Serbia_gov,Nepal_gov,0
Serbia_gov,Netherlands_gov,0
Serbia_gov,New Zealand_gov,0
Serbia_gov,Nigeria_gov,0
Serbia_gov,North Korea_gov,0
Serbia_gov,Norway_gov,0
Serbia_gov,Pakistan_gov,0
Serbia_gov,Paraguay_gov,0
Serbia_gov,Peru_gov,0
Serbia_gov,Poland_gov,0
Serbia_gov,Portugal_gov,0
Serbia_gov,Qatar_gov,0
Serbia_gov,Russia_gov,0
Serbia_gov,Rwanda_gov,0
Serbia_gov,Samoa_gov,0
Serbia_gov,Sierra Leone_gov,0
Serbia_gov,Slovakia_gov,0
Serbia_gov,Solomon Islands_gov,0
Serbia_gov,South Africa_gov,0
Serbia_gov,South Korea_gov,0
Serbia_gov,South Sudan_gov,0
Serbia_gov,Spain_gov,0
Serbia_gov,Sri Lanka_gov,0
Serbia_gov,State of Palestine_gov,0
Serbia_gov,Suriname_gov,0
Serbia_gov,Sweden_gov,0
Serbia_gov,Switzerland_gov,0
Serbia_gov,Taiwan_gov,0
Serbia_gov,Timor-Leste_gov,0
Serbia_gov,Togo_gov,0
Serbia_gov,Turkey_gov,0
Serbia_gov,Uganda_gov,0
Serbia_gov,United Kingdom_gov,0
Serbia_gov,United States_gov,0
Serbia_gov,Vietnam_gov,0
Serbia_gov,Yemen_gov,0
Sierra Leone_gov,Afghanistan_gov,0
Sierra Leone_gov,Angola_gov,0
Sierra Leone_gov,Antigua and Barbuda_gov,0
Sierra Leone_gov,Argentina_gov,0
Sierra Leone_gov,Armenia_gov,0
Sierra Leone_gov,Australia_gov,0
Sierra Leone_gov,Austria_gov,0
Sierra Leone_gov,Bangladesh_gov,0
Sierra Leone_gov,Belarus_gov,0
Sierra Leone_gov,Belgium_gov,0
Sierra Leone_gov,Benin_gov,0
Sierra Leone_gov,Bolivia_gov,0
Sierra Leone_gov,Bosnia and Herzegovina_gov,0
Sierra Leone_gov,Brazil_gov,0
Sierra Leone_gov,Burkina Faso_gov,0
Sierra Leone_gov,Canada_gov,0
Sierra Leone_gov,Chile_gov,0
Sierra Leone_gov,China_gov,0
Sierra Leone_gov,Colombia_gov,0
Sierra Leone_gov,Congo_gov,0
Sierra Leone_gov,Croatia_gov,0
Sierra Leone_gov,Czechia_gov,0
Sierra Leone_gov,Democratic Republic of the Congo_gov,0
Sierra Leone_gov,Denmark_gov,0
Sierra Leone_gov,Ecuador_gov,0
Sierra Leone_gov,El Salvador_gov,0
Sierra Leone_gov,Ethiopia_gov,0
Sierra Leone_gov,Finland_gov,0
Sierra Leone_gov,France_gov,0
Sierra Leone_gov,Germany_gov,0
Sierra Leone_gov,Ghana_gov,0
Sierra Leone_gov,Greece_gov,0
Sierra Leone_gov,Guatemala_gov,0
Sierra Leone_gov,Hungary_gov,0
Sierra Leone_gov,India_gov,0
Sierra Leone_gov,Indonesia_gov,0
Sierra Leone_gov,Iraq_gov,0
Sierra Leone_gov,Ireland_gov,0
Sierra Leone_gov,Israel_gov,0
Sierra Leone_gov,Italy_gov,0
Sierra Leone_gov,Jamaica_gov,0
Sierra Leone_gov,Japan_gov,0
Sierra Leone_gov,Jordan_gov,0
Sierra Leone_gov,Kenya_gov,0
Sierra Leone_gov,Kuwait_gov,0
Sierra Leone_gov,Latvia_gov,0
Sierra Leone_gov,Libya_gov,0
Sierra Leone_gov,Lithuania_gov,0
Sierra Leone_gov,Luxembourg_gov,0
Sierra Leone_gov,Mexico_gov,0
Sierra Leone_gov,Monaco_gov,0
Sierra Leone_gov,Montenegro_gov,0
Sierra Leone_gov,Myanmar_gov,0
Sierra Leone_gov,Namibia_gov,0
Sierra Leone_gov,Nepal_gov,0
Sierra Leone_gov,Netherlands_gov,0
Sierra Leone_gov,New Zealand_gov,0
Sierra Leone_gov,Nigeria_gov,0
Sierra Leone_gov,North Korea_gov,0
Sierra Leone_gov,Norway_gov,0
Sierra Leone_gov,Pakistan_gov,0
Sierra Leone_gov,Paraguay_gov,0
Sierra Leone_gov,Peru_gov,0
Sierra Leone_gov,Poland_gov,0
Sierra Leone_gov,Portugal_gov,0
Sierra Leone_gov,Qatar_gov,0
Sierra Leone_gov,Russia_gov,0
Sierra Leone_gov,Rwanda_gov,0
Sierra Leone_gov,Samoa_gov,0
Sierra Leone_gov,Serbia_gov,0
Sierra Leone_gov,Slovakia_gov,0
Sierra Leone_gov,Solomon Islands_gov,0
Sierra Leone_gov,South Africa_gov,0
Sierra Leone_gov,South Korea_gov,0
Sierra Leone_gov,South Sudan_gov,0
Sierra Leone_gov,Spain_gov,0
Sierra Leone_gov,Sri Lanka_gov,0
Sierra Leone_gov,State of Palestine_gov,0
Sierra Leone_gov,Suriname_gov,0
Sierra Leone_gov,Sweden_gov,0
Sierra Leone_gov,Switzerland_gov,0
Sierra Leone_gov,Taiwan_gov,0
Sierra Leone_gov,Timor-Leste_gov,0
Sierra Leone_gov,Togo_gov,0
Sierra Leone_gov,Turkey_gov,0
Sierra Leone_gov,Uganda_gov,0
Sierra Leone_gov,United Kingdom_gov,0
Sierra Leone_gov,United States_gov,0
Sierra Leone_gov,Vietnam_gov,0
Sierra Leone_gov,Yemen_gov,0
Slovakia_gov,Afghanistan_gov,0
Slovakia_gov,Angola_gov,0
Slovakia_gov,Antigua and Barbuda_gov,0
Slovakia_gov,Argentina_gov,0
Slovakia_gov,Armenia_gov,0
Slovakia_gov,Australia_gov,0
Slovakia_gov,Austria_gov,0
Slovakia_gov,Bangladesh_gov,0
Slovakia_gov,Belarus_gov,0
Slovakia_gov,Belgium_gov,0
Slovakia_gov,Benin_gov,0
Slovakia_gov,Bolivia_gov,0
Slovakia_gov,Bosnia and Herzegovina_gov,0
Slovakia_gov,Brazil_gov,0
Slovakia_gov,Burkina Faso_gov,0
Slovakia_gov,Canada_gov,0
Slovakia_gov,Chile_gov,0
Slovakia_gov,China_gov,0
Slovakia_gov,Colombia_gov,0
Slovakia_gov,Congo_gov,0
Slovakia_gov,Croatia_gov,0
Slovakia_gov,Czechia_gov,0
Slovakia_gov,Democratic Republic of the Congo_gov,0
Slovakia_gov,Denmark_gov,0
Slovakia_gov,Ecuador_gov,0
Slovakia_gov,El Salvador_gov,0
Slovakia_gov,Ethiopia_gov,0
Slovakia_gov,Finland_gov,0
Slovakia_gov,France_gov,0
Slovakia_gov,Germany_gov,0
Slovakia_gov,Ghana_gov,0
Slovakia_gov,Greece_gov,0
Slovakia_gov,Guatemala_gov,0
Slovakia_gov,Hungary_gov,0
Slovakia_gov,India_gov,0
Slovakia_gov,Indonesia_gov,0
Slovakia_gov,Iraq_gov,0
Slovakia_gov,Ireland_gov,0
Slovakia_gov,Israel_gov,0
Slovakia_gov,Italy_gov,0
Slovakia_gov,Jamaica_gov,0
Slovakia_gov,Japan_gov,0
Slovakia_gov,Jordan_gov,0
Slovakia_gov,Kenya_gov,0
Slovakia_gov,Kuwait_gov,0
Slovakia_gov,Latvia_gov,0
Slovakia_gov,Libya_gov,0
Slovakia_gov,Lithuania_gov,0
Slovakia_gov,Luxembourg_gov,0
Slovakia_gov,Mexico_gov,0
Slovakia_gov,Monaco_gov,0
Slovakia_gov,Montenegro_gov,0
Slovakia_gov,Myanmar_gov,0
Slovakia_gov,Namibia_gov,0
Slovakia_gov,Nepal_gov,0
Slovakia_gov,Netherlands_gov,0
Slovakia_gov,New Zealand_gov,0
Slovakia_gov,Nigeria_gov,0
Slovakia_gov,North Korea_gov,0
Slovakia_gov,Norway_gov,0
Slovakia_gov,Pakistan_gov,0
Slovakia_gov,Paraguay_gov,0
Slovakia_gov,Peru_gov,0
Slovakia_gov,Poland_gov,0
Slovakia_gov,Portugal_gov,0
Slovakia_gov,Qatar_gov,0
Slovakia_gov,Russia_gov,0
Slovakia_gov,Rwanda_gov,0
Slovakia_gov,Samoa_gov,0
Slovakia_gov,Serbia_gov,0
Slovakia_gov,Sierra Leone_gov,0
Slovakia_gov,Solomon Islands_gov,0
Slovakia_gov,South Africa_gov,0
Slovakia_gov,South Korea_gov,0
Slovakia_gov,South Sudan_gov,0
Slovakia_gov,Spain_gov,0
Slovakia_gov,Sri Lanka_gov,0
Slovakia_gov,State of Palestine_gov,0
Slovakia_gov,Suriname_gov,0
Slovakia_gov,Sweden_gov,0
Slovakia_gov,Switzerland_gov,0
Slovakia_gov,Taiwan_gov,0
Slovakia_gov,Timor-Leste_gov,0
Slovakia_gov,Togo_gov,0
Slovakia_gov,Turkey_gov,0
Slovakia_gov,Uganda_gov,0
Slovakia_gov,United Kingdom_gov,0
Slovakia_gov,United States_gov,0
Slovakia_gov,Vietnam_gov,0
Slovakia_gov,Yemen_gov,0
Solomon Islands_gov,Afghanistan_gov,0
Solomon Islands_gov,Angola_gov,0
Solomon Islands_gov,Antigua and Barbuda_gov,0
Solomon Islands_gov,Argentina_gov,0
Solomon Islands_gov,Armenia_gov,0
Solomon Islands_gov,Australia_gov,0
Solomon Islands_gov,Austria_gov,0
Solomon Islands_gov,Bangladesh_gov,0
Solomon Islands_gov,Belarus_gov,0
Solomon Islands_gov,Belgium_gov,0
Solomon Islands_gov,Benin_gov,0
Solomon Islands_gov,Bolivia_gov,0
Solomon Islands_gov,Bosnia and Herzegovina_gov,0
Solomon Islands_gov,Brazil_gov,0
Solomon Islands_gov,Burkina Faso_gov,0
Solomon Islands_gov,Canada_gov,0
Solomon Islands_gov,Chile_gov,0
Solomon Islands_gov,China_gov,0
Solomon Islands_gov,Colombia_gov,0
Solomon Islands_gov,Congo_gov,0
Solomon Islands_gov,Croatia_gov,0
Solomon Islands_gov,Czechia_gov,0
Solomon Islands_gov,Democratic Republic of the Congo_gov,0
Solomon Islands_gov,Denmark_gov,0
Solomon Islands_gov,Ecuador_gov,0
Solomon Islands_gov,El Salvador_gov,0
Solomon Islands_gov,Ethiopia_gov,0
Solomon Islands_gov,Finland_gov,0
Solomon Islands_gov,France_gov,0
Solomon Islands_gov,Germany_gov,0
Solomon Islands_gov,Ghana_gov,0
Solomon Islands_gov,Greece_gov,0
Solomon Islands_gov,Guatemala_gov,0
Solomon Islands_gov,Hungary_gov,0
Solomon Islands_gov,India_gov,0
Solomon Islands_gov,Indonesia_gov,0
Solomon Islands_gov,Iraq_gov,0
Solomon Islands_gov,Ireland_gov,0
Solomon Islands_gov,Israel_gov,0
Solomon Islands_gov,Italy_gov,0
Solomon Islands_gov,Jamaica_gov,0
Solomon Islands_gov,Japan_gov,0
Solomon Islands_gov,Jordan_gov,0
Solomon Islands_gov,Kenya_gov,0
Solomon Islands_gov,Kuwait_gov,0
Solomon Islands_gov,Latvia_gov,0
Solomon Islands_gov,Libya_gov,0
Solomon Islands_gov,Lithuania_gov,0
Solomon Islands_gov,Luxembourg_gov,0
Solomon Islands_gov,Mexico_gov,0
Solomon Islands_gov,Monaco_gov,0
Solomon Islands_gov,Montenegro_gov,0
Solomon Islands_gov,Myanmar_gov,0
Solomon Islands_gov,Namibia_gov,0
Solomon Islands_gov,Nepal_gov,0
Solomon Islands_gov,Netherlands_gov,0
Solomon Islands_gov,New Zealand_gov,0
Solomon Islands_gov,Nigeria_gov,0
Solomon Islands_gov,North Korea_gov,0
Solomon Islands_gov,Norway_gov,0
Solomon Islands_gov,Pakistan_gov,0
Solomon Islands_gov,Paraguay_gov,0
Solomon Islands_gov,Peru_gov,0
Solomon Islands_gov,Poland_gov,0
Solomon Islands_gov,Portugal_gov,0
Solomon Islands_gov,Qatar_gov,0
Solomon Islands_gov,Russia_gov,0
Solomon Islands_gov,Rwanda_gov,0
Solomon Islands_gov,Samoa_gov,0
Solomon Islands_gov,Serbia_gov,0
Solomon Islands_gov,Sierra Leone_gov,0
Solomon Islands_gov,Slovakia_gov,0
Solomon Islands_gov,South Africa_gov,0
Solomon Islands_gov,South Korea_gov,0
Solomon Islands_gov,South Sudan_gov,0
Solomon Islands_gov,Spain_gov,0
Solomon Islands_gov,Sri Lanka_gov,0
Solomon Islands_gov,State of Palestine_gov,0
Solomon Islands_gov,Suriname_gov,0
Solomon Islands_gov,Sweden_gov,0
Solomon Islands_gov,Switzerland_gov,0
Solomon Islands_gov,Taiwan_gov,0
Solomon Islands_gov,Timor-Leste_gov,0
Solomon Islands_gov,Togo_gov,0
Solomon Islands_gov,Turkey_gov,0
Solomon Islands_gov,Uganda_gov,0
Solomon Islands_gov,United Kingdom_gov,0
Solomon Islands_gov,United States_gov,0
Solomon Islands_gov,Vietnam_gov,0
Solomon Islands_gov,Yemen_gov,0
South Africa_gov,Afghanistan_gov,0
South Africa_gov,Angola_gov,0
South Africa_gov,Antigua and Barbuda_gov,0
South Africa_gov,Argentina_gov,0
South Africa_gov,Armenia_gov,0
South Africa_gov,Australia_gov,0
South Africa_gov,Austria_gov,0
South Africa_gov,Bangladesh_gov,0
South Africa_gov,Belarus_gov,0
South Africa_gov,Belgium_gov,0
South Africa_gov,Benin_gov,0
South Africa_gov,Bolivia_gov,0
South Africa_gov,Bosnia and Herzegovina_gov,0
South Africa_gov,Brazil_gov,0
South Africa_gov,Burkina Faso_gov,0
South Africa_gov,Canada_gov,0
South Africa_gov,Chile_gov,0
South Africa_gov,China_gov,0
South Africa_gov,Colombia_gov,0
South Africa_gov,Congo_gov,0
South Africa_gov,Croatia_gov,0
South Africa_gov,Czechia_gov,0
South Africa_gov,Democratic Republic of the Congo_gov,0
South Africa_gov,Denmark_gov,0
South Africa_gov,Ecuador_gov,0
South Africa_gov,El Salvador_gov,0
South Africa_gov,Ethiopia_gov,0
South Africa_gov,Finland_gov,0
South Africa_gov,France_gov,0
South Africa_gov,Germany_gov,0
South Africa_gov,Ghana_gov,0
South Africa_gov,Greece_gov,0
South Africa_gov,Guatemala_gov,0
South Africa_gov,Hungary_gov,0
South Africa_gov,India_gov,0
South Africa_gov,Indonesia_gov,0
South Africa_gov,Iraq_gov,0
South Africa_gov,Ireland_gov,0
South Africa_gov,Israel_gov,0
South Africa_gov,Italy_gov,0
South Africa_gov,Jamaica_gov,0
South Africa_gov,Japan_gov,0
South Africa_gov,Jordan_gov,0
South Africa_gov,Kenya_gov,0
South Africa_gov,Kuwait_gov,0
South Africa_gov,Latvia_gov,0
South Africa_gov,Libya_gov,0
South Africa_gov,Lithuania_gov,0
South Africa_gov,Luxembourg_gov,0
South Africa_gov,Mexico_gov,0
South Africa_gov,Monaco_gov,0
South Africa_gov,Montenegro_gov,0
South Africa_gov,Myanmar_gov,0
South Africa_gov,Namibia_gov,0
South Africa_gov,Nepal_gov,0
South Africa_gov,Netherlands_gov,0
South Africa_gov,New Zealand_gov,0
South Africa_gov,Nigeria_gov,0
South Africa_gov,North Korea_gov,0
South Africa_gov,Norway_gov,0
South Africa_gov,Pakistan_gov,0
South Africa_gov,Paraguay_gov,0
South Africa_gov,Peru_gov,0
South Africa_gov,Poland_gov,0
South Africa_gov,Portugal_gov,0
South Africa_gov,Qatar_gov,0
South Africa_gov,Russia_gov,0
South Africa_gov,Rwanda_gov,0
South Africa_gov,Samoa_gov,0
South Africa_gov,Serbia_gov,0
South Africa_gov,Sierra Leone_gov,0
South Africa_gov,Slovakia_gov,0
South Africa_gov,Solomon Islands_gov,0
South Africa_gov,South Korea_gov,0
South Africa_gov,South Sudan_gov,0
South Africa_gov,Spain_gov,0
South Africa_gov,Sri Lanka_gov,0
South Africa_gov,State of Palestine_gov,0
South Africa_gov,Suriname_gov,0
South Africa_gov,Sweden_gov,0
South Africa_gov,Switzerland_gov,0
South Africa_gov,Taiwan_gov,0
South Africa_gov,Timor-Leste_gov,0
South Africa_gov,Togo_gov,0
South Africa_gov,Turkey_gov,0
South Africa_gov,Uganda_gov,0
South Africa_gov,United Kingdom_gov,0
South Africa_gov,United States_gov,0
South Africa_gov,Vietnam_gov,0
South Africa_gov,Yemen_gov,0
South Korea_gov,Afghanistan_gov,0
South Korea_gov,Angola_gov,0
South Korea_gov,Antigua and Barbuda_gov,0
South Korea_gov,Argentina_gov,0
South Korea_gov,Armenia_gov,0
South Korea_gov,Australia_gov,0
South Korea_gov,Austria_gov,0
South Korea_gov,Bangladesh_gov,0
South Korea_gov,Belarus_gov,0
South Korea_gov,Belgium_gov,0
South Korea_gov,Benin_gov,0
South Korea_gov,Bolivia_gov,0
South Korea_gov,Bosnia and Herzegovina_gov,0
South Korea_gov,Brazil_gov,0
South Korea_gov,Burkina Faso_gov,0
South Korea_gov,Canada_gov,0
South Korea_gov,Chile_gov,0
South Korea_gov,China_gov,0
South Korea_gov,Colombia_gov,0
South Korea_gov,Congo_gov,0
South Korea_gov,Croatia_gov,0
South Korea_gov,Czechia_gov,0
South Korea_gov,Democratic Republic of the Congo_gov,0
South Korea_gov,Denmark_gov,0
South Korea_gov,Ecuador_gov,0
South Korea_gov,El Salvador_gov,0
South Korea_gov,Ethiopia_gov,0
South Korea_gov,Finland_gov,0
South Korea_gov,France_gov,0
South Korea_gov,Germany_gov,0
South Korea_gov,Ghana_gov,0
South Korea_gov,Greece_gov,0
South Korea_gov,Guatemala_gov,0
South Korea_gov,Hungary_gov,0
South Korea_gov,India_gov,0
South Korea_gov,Indonesia_gov,0
South Korea_gov,Iraq_gov,0
South Korea_gov,Ireland_gov,0
South Korea_gov,Israel_gov,0
South Korea_gov,Italy_gov,0
South Korea_gov,Jamaica_gov,0
South Korea_gov,Japan_gov,0
South Korea_gov,Jordan_gov,0
South Korea_gov,Kenya_gov,0
South Korea_gov,Kuwait_gov,0
South Korea_gov,Latvia_gov,0
South Korea_gov,Libya_gov,0
South Korea_gov,Lithuania_gov,0
South Korea_gov,Luxembourg_gov,0
South Korea_gov,Mexico_gov,0
South Korea_gov,Monaco_gov,0
South Korea_gov,Montenegro_gov,0
South Korea_gov,Myanmar_gov,0
South Korea_gov,Namibia_gov,0
South Korea_gov,Nepal_gov,0
South Korea_gov,Netherlands_gov,0
South Korea_gov,New Zealand_gov,0
South Korea_gov,Nigeria_gov,0
South Korea_gov,North Korea_gov,0
South Korea_gov,Norway_gov,0
South Korea_gov,Pakistan_gov,0
South Korea_gov,Paraguay_gov,0
South Korea_gov,Peru_gov,0
South Korea_gov,Poland_gov,0
South Korea_gov,Portugal_gov,0
South Korea_gov,Qatar_gov,0
South Korea_gov,Russia_gov,0
South Korea_gov,Rwanda_gov,0
South Korea_gov,Samoa_gov,0
South Korea_gov,Serbia_gov,0
South Korea_gov,Sierra Leone_gov,0
South Korea_gov,Slovakia_gov,0
South Korea_gov,Solomon Islands_gov,0
South Korea_gov,South Africa_gov,0
South Korea_gov,South Sudan_gov,0
South Korea_gov,Spain_gov,0
South Korea_gov,Sri Lanka_gov,0
South Korea_gov,State of Palestine_gov,0
South Korea_gov,Suriname_gov,0
South Korea_gov,Sweden_gov,0
South Korea_gov,Switzerland_gov,0
South Korea_gov,Taiwan_gov,0
South Korea_gov,Timor-Leste_gov,0
South Korea_gov,Togo_gov,0
South Korea_gov,Turkey_gov,0
South Korea_gov,Uganda_gov,0
South Korea_gov,United Kingdom_gov,0
South Korea_gov,United States_gov,0
South Korea_gov,Vietnam_gov,0
South Korea_gov,Yemen_gov,0
South Sudan_gov,Afghanistan_gov,0
South Sudan_gov,Angola_gov,0
South Sudan_gov,Antigua and Barbuda_gov,0
South Sudan_gov,Argentina_gov,0
South Sudan_gov,Armenia_gov,0
South Sudan_gov,Australia_gov,0
South Sudan_gov,Austria_gov,0
South Sudan_gov,Bangladesh_gov,0
South Sudan_gov,Belarus_gov,0
South Sudan_gov,Belgium_gov,0
South Sudan_gov,Benin_gov,0
South Sudan_gov,Bolivia_gov,0
South Sudan_gov,Bosnia and Herzegovina_gov,0
South Sudan_gov,Brazil_gov,0
South Sudan_gov,Burkina Faso_gov,0
South Sudan_gov,Canada_gov,0
South Sudan_gov,Chile_gov,0
South Sudan_gov,China_gov,0
South Sudan_gov,Colombia_gov,0
South Sudan_gov,Congo_gov,0
South Sudan_gov,Croatia_gov,0
South Sudan_gov,Czechia_gov,0
South Sudan_gov,Democratic Republic of the Congo_gov,0
South Sudan_gov,Denmark_gov,0
South Sudan_gov,Ecuador_gov,0
South Sudan_gov,El Salvador_gov,0
South Sudan_gov,Ethiopia_gov,0
South Sudan_gov,Finland_gov,0
South Sudan_gov,France_gov,0
South Sudan_gov,Germany_gov,0
South Sudan_gov,Ghana_gov,0
South Sudan_gov,Greece_gov,0
South Sudan_gov,Guatemala_gov,0
South Sudan_gov,Hungary_gov,0
South Sudan_gov,India_gov,0
South Sudan_gov,Indonesia_gov,0
South Sudan_gov,Iraq_gov,0
South Sudan_gov,Ireland_gov,0
South Sudan_gov,Israel_gov,0
South Sudan_gov,Italy_gov,0
South Sudan_gov,Jamaica_gov,0
South Sudan_gov,Japan_gov,0
South Sudan_gov,Jordan_gov,0
South Sudan_gov,Kenya_gov,0
South Sudan_gov,Kuwait_gov,0
South Sudan_gov,Latvia_gov,0
South Sudan_gov,Libya_gov,0
South Sudan_gov,Lithuania_gov,0
South Sudan_gov,Luxembourg_gov,0
South Sudan_gov,Mexico_gov,0
South Sudan_gov,Monaco_gov,0
South Sudan_gov,Montenegro_gov,0
South Sudan_gov,Myanmar_gov,0
South Sudan_gov,Namibia_gov,0
South Sudan_gov,Nepal_gov,0
South Sudan_gov,Netherlands_gov,0
South Sudan_gov,New Zealand_gov,0
South Sudan_gov,Nigeria_gov,0
South Sudan_gov,North Korea_gov,0
South Sudan_gov,Norway_gov,0
South Sudan_gov,Pakistan_gov,0
South Sudan_gov,Paraguay_gov,0
South Sudan_gov,Peru_gov,0
South Sudan_gov,Poland_gov,0
South Sudan_gov,Portugal_gov,0
South Sudan_gov,Qatar_gov,0
South Sudan_gov,Russia_gov,0
South Sudan_gov,Rwanda_gov,0
South Sudan_gov,Samoa_gov,0
South Sudan_gov,Serbia_gov,0
South Sudan_gov,Sierra Leone_gov,0
South Sudan_gov,Slovakia_gov,0
South Sudan_gov,Solomon Islands_gov,0
South Sudan_gov,South Africa_gov,0
South Sudan_gov,South Korea_gov,0
South Sudan_gov,Spain_gov,0
South Sudan_gov,Sri Lanka_gov,0
South Sudan_gov,State of Palestine_gov,0
South Sudan_gov,Suriname_gov,0
South Sudan_gov,Sweden_gov,0
South Sudan_gov,Switzerland_gov,0
South Sudan_gov,Taiwan_gov,0
South Sudan_gov,Timor-Leste_gov,0
South Sudan_gov,Togo_gov,0
South Sudan_gov,Turkey_gov,0
South Sudan_gov,Uganda_gov,0
South Sudan_gov,United Kingdom_gov,0
South Sudan_gov,United States_gov,0
South Sudan_gov,Vietnam_gov,0
South Sudan_gov,Yemen_gov,0
Spain_gov,Afghanistan_gov,0
Spain_gov,Angola_gov,0
Spain_gov,Antigua and Barbuda_gov,0
Spain_gov,Argentina_gov,1
Spain_gov,Armenia_gov,0
Spain_gov,Australia_gov,0
Spain_gov,Austria_gov,0
Spain_gov,Bangladesh_gov,0
Spain_gov,Belarus_gov,0
Spain_gov,Belgium_gov,0
Spain_gov,Benin_gov,0
Spain_gov,Bolivia_gov,1
Spain_gov,Bosnia and Herzegovina_gov,0
Spain_gov,Brazil_gov,0
Spain_gov,Burkina Faso_gov,0
Spain_gov,Canada_gov,0
Spain_gov,Chile_gov,1
Spain_gov,China_gov,0
Spain_gov,Colombia_gov,1
Spain_gov,Congo_gov,0
Spain_gov,Croatia_gov,0
Spain_gov,Czechia_gov,0
Spain_gov,Democratic Republic of the Congo_gov,0
Spain_gov,Denmark_gov,0
Spain_gov,Ecuador_gov,1
Spain_gov,El Salvador_gov,1
Spain_gov,Ethiopia_gov,0
Spain_gov,Finland_gov,0
Spain_gov,France_gov,0
Spain_gov,Germany_gov,0
Spain_gov,Ghana_gov,0
Spain_gov,Greece_gov,0
Spain_gov,Guatemala_gov,1
Spain_gov,Hungary_gov,0
Spain_gov,India_gov,0
Spain_gov,Indonesia_gov,0
Spain_gov,Iraq_gov,0
Spain_gov,Ireland_gov,0
Spain_gov,Israel_gov,0
Spain_gov,Italy_gov,0
Spain_gov,Jamaica_gov,0
Spain_gov,Japan_gov,0
Spain_gov,Jordan_gov,0
Spain_gov,Kenya_gov,0
Spain_gov,Kuwait_gov,0
Spain_gov,Latvia_gov,0
Spain_gov,Libya_gov,0
Spain_gov,Lithuania_gov,0
Spain_gov,Luxembourg_gov,0
Spain_gov,Mexico_gov,1
Spain_gov,Monaco_gov,0
Spain_gov,Montenegro_gov,0
Spain_gov,Myanmar_gov,0
Spain_gov,Namibia_gov,0
Spain_gov,Nepal_gov,0
Spain_gov,Netherlands_gov,0
Spain_gov,New Zealand_gov,0
Spain_gov,Nigeria_gov,0
Spain_gov,North Korea_gov,0
Spain_gov,Norway_gov,0
Spain_gov,Pakistan_gov,0
Spain_gov,Paraguay_gov,1
Spain_gov,Peru_gov,1
Spain_gov,Poland_gov,0
Spain_gov,Portugal_gov,0
Spain_gov,Qatar_gov,0
Spain_gov,Russia_gov,0
Spain_gov,Rwanda_gov,0
Spain_gov,Samoa_gov,0
Spain_gov,Serbia_gov,0
Spain_gov,Sierra Leone_gov,0
Spain_gov,Slovakia_gov,0
Spain_gov,Solomon Islands_gov,0
Spain_gov,South Africa_gov,0
Spain_gov,South Korea_gov,0
Spain_gov,South Sudan_gov,0
Spain_gov,Sri Lanka_gov,0
Spain_gov,State of Palestine_gov,0
Spain_gov,Suriname_gov,0
Spain_gov,Sweden_gov,0
Spain_gov,Switzerland_gov,0
Spain_gov,Taiwan_gov,0
Spain_gov,Timor-Leste_gov,0
Spain_gov,Togo_gov,0
Spain_gov,Turkey_gov,0
Spain_gov,Uganda_gov,0
Spain_gov,United Kingdom_gov,0
Spain_gov,United States_gov,0
Spain_gov,Vietnam_gov,0
Spain_gov,Yemen_gov,0
Sri Lanka_gov,Afghanistan_gov,0
Sri Lanka_gov,Angola_gov,0
Sri Lanka_gov,Antigua and Barbuda_gov,0
Sri Lanka_gov,Argentina_gov,0
Sri Lanka_gov,Armenia_gov,0
Sri Lanka_gov,Australia_gov,0
Sri Lanka_gov,Austria_gov,0
Sri Lanka_gov,Bangladesh_gov,0
Sri Lanka_gov,Belarus_gov,0
Sri Lanka_gov,Belgium_gov,0
Sri Lanka_gov,Benin_gov,0
Sri Lanka_gov,Bolivia_gov,0
Sri Lanka_gov,Bosnia and Herzegovina_gov,0
Sri Lanka_gov,Brazil_gov,0
Sri Lanka_gov,Burkina Faso_gov,0
Sri Lanka_gov,Canada_gov,0
Sri Lanka_gov,Chile_gov,0
Sri Lanka_gov,China_gov,0
Sri Lanka_gov,Colombia_gov,0
Sri Lanka_gov,Congo_gov,0
Sri Lanka_gov,Croatia_gov,0
Sri Lanka_gov,Czechia_gov,0
Sri Lanka_gov,Democratic Republic of the Congo_gov,0
Sri Lanka_gov,Denmark_gov,0
Sri Lanka_gov,Ecuador_gov,0
Sri Lanka_gov,El Salvador_gov,0
Sri Lanka_gov,Ethiopia_gov,0
Sri Lanka_gov,Finland_gov,0
Sri Lanka_gov,France_gov,0
Sri Lanka_gov,Germany_gov,0
Sri Lanka_gov,Ghana_gov,0
Sri Lanka_gov,Greece_gov,0
Sri Lanka_gov,Guatemala_gov,0
Sri Lanka_gov,Hungary_gov,0
Sri Lanka_gov,India_gov,0
Sri Lanka_gov,Indonesia_gov,0
Sri Lanka_gov,Iraq_gov,0
Sri Lanka_gov,Ireland_gov,0
Sri Lanka_gov,Israel_gov,0
Sri Lanka_gov,Italy_gov,0
Sri Lanka_gov,Jamaica_gov,0
Sri Lanka_gov,Japan_gov,0
Sri Lanka_gov,Jordan_gov,0
Sri Lanka_gov,Kenya_gov,0
Sri Lanka_gov,Kuwait_gov,0
Sri Lanka_gov,Latvia_gov,0
Sri Lanka_gov,Libya_gov,0
Sri Lanka_gov,Lithuania_gov,0
Sri Lanka_gov,Luxembourg_gov,0
Sri Lanka_gov,Mexico_gov,0
Sri Lanka_gov,Monaco_gov,0
Sri Lanka_gov,Montenegro_gov,0
Sri Lanka_gov,Myanmar_gov,0
Sri Lanka_gov,Namibia_gov,0
Sri Lanka_gov,Nepal_gov,0
Sri Lanka_gov,Netherlands_gov,0
Sri Lanka_gov,New Zealand_gov,0
Sri Lanka_gov,Nigeria_gov,0
Sri Lanka_gov,North Korea_gov,0
Sri Lanka_gov,Norway_gov,0
Sri Lanka_gov,Pakistan_gov,0
Sri Lanka_gov,Paraguay_gov,0
Sri Lanka_gov,Peru_gov,0
Sri Lanka_gov,Poland_gov,0
Sri Lanka_gov,Portugal_gov,0
Sri Lanka_gov,Qatar_gov,0
Sri Lanka_gov,Russia_gov,0
Sri Lanka_gov,Rwanda_gov,0
Sri Lanka_gov,Samoa_gov,0
Sri Lanka_gov,Serbia_gov,0
Sri Lanka_gov,Sierra Leone_gov,0
Sri Lanka_gov,Slovakia_gov,0
Sri Lanka_gov,Solomon Islands_gov,0
Sri Lanka_gov,South Africa_gov,0
Sri Lanka_gov,South Korea_gov,0
Sri Lanka_gov,South Sudan_gov,0
Sri Lanka_gov,Spain_gov,0
Sri Lanka_gov,State of Palestine_gov,0
Sri Lanka_gov,Suriname_gov,0
Sri Lanka_gov,Sweden_gov,0
Sri Lanka_gov,Switzerland_gov,0
Sri Lanka_gov,Taiwan_gov,0
Sri Lanka_gov,Timor-Leste_gov,0
Sri Lanka_gov,Togo_gov,0
Sri Lanka_gov,Turkey_gov,0
Sri Lanka_gov,Uganda_gov,0
Sri Lanka_gov,United Kingdom_gov,0
Sri Lanka_gov,United States_gov,0
Sri Lanka_gov,Vietnam_gov,0
Sri Lanka_gov,Yemen_gov,0
State of Palestine_gov,Afghanistan_gov,0
State of Palestine_gov,Angola_gov,0
State of Palestine_gov,Antigua and Barbuda_gov,0
State of Palestine_gov,Argentina_gov,0
State of Palestine_gov,Armenia_gov,0
State of Palestine_gov,Australia_gov,0
State of Palestine_gov,Austria_gov,0
State of Palestine_gov,Bangladesh_gov,0
State of Palestine_gov,Belarus_gov,0
State of Palestine_gov,Belgium_gov,0
State of Palestine_gov,Benin_gov,0
State of Palestine_gov,Bolivia_gov,0
State of Palestine_gov,Bosnia and Herzegovina_gov,0
State of Palestine_gov,Brazil_gov,0
State of Palestine_gov,Burkina Faso_gov,0
State of Palestine_gov,Canada_gov,0
State of Palestine_gov,Chile_gov,0
State of Palestine_gov,China_gov,0
State of Palestine_gov,Colombia_gov,0
State of Palestine_gov,Congo_gov,0
State of Palestine_gov,Croatia_gov,0
State of Palestine_gov,Czechia_gov,0
State of Palestine_gov,Democratic Republic of the Congo_gov,0
State of Palestine_gov,Denmark_gov,0
State of Palestine_gov,Ecuador_gov,0
State of Palestine_gov,El Salvador_gov,0
State of Palestine_gov,Ethiopia_gov,0
State of Palestine_gov,Finland_gov,0
State of Palestine_gov,France_gov,0
State of Palestine_gov,Germany_gov,0
State of Palestine_gov,Ghana_gov,0
State of Palestine_gov,Greece_gov,0
State of Palestine_gov,Guatemala_gov,0
State of Palestine_gov,Hungary_gov,0
State of Palestine_gov,India_gov,0
State of Palestine_gov,Indonesia_gov,0
State of Palestine_gov,Iraq_gov,0
State of Palestine_gov,Ireland_gov,0
State of Palestine_gov,Israel_gov,0
State of Palestine_gov,Italy_gov,0
State of Palestine_gov,Jamaica_gov,0
State of Palestine_gov,Japan_gov,0
State of Palestine_gov,Jordan_gov,0
State of Palestine_gov,Kenya_gov,0
State of Palestine_gov,Kuwait_gov,0
State of Palestine_gov,Latvia_gov,0
State of Palestine_gov,Libya_gov,0
State of Palestine_gov,Lithuania_gov,0
State of Palestine_gov,Luxembourg_gov,0
State of Palestine_gov,Mexico_gov,0
State of Palestine_gov,Monaco_gov,0
State of Palestine_gov,Montenegro_gov,0
State of Palestine_gov,Myanmar_gov,0
State of Palestine_gov,Namibia_gov,0
State of Palestine_gov,Nepal_gov,0
State of Palestine_gov,Netherlands_gov,0
State of Palestine_gov,New Zealand_gov,0
State of Palestine_gov,Nigeria_gov,0
State of Palestine_gov,North Korea_gov,0
State of Palestine_gov,Norway_gov,0
State of Palestine_gov,Pakistan_gov,0
State of Palestine_gov,Paraguay_gov,0
State of Palestine_gov,Peru_gov,0
State of Palestine_gov,Poland_gov,0
State of Palestine_gov,Portugal_gov,0
State of Palestine_gov,Qatar_gov,0
State of Palestine_gov,Russia_gov,0
State of Palestine_gov,Rwanda_gov,0
State of Palestine_gov,Samoa_gov,0
State of Palestine_gov,Serbia_gov,0
State of Palestine_gov,Sierra Leone_gov,0
State of Palestine_gov,Slovakia_gov,0
State of Palestine_gov,Solomon Islands_gov,0
State of Palestine_gov,South Africa_gov,0
State of Palestine_gov,South Korea_gov,0
State of Palestine_gov,South Sudan_gov,0
State of Palestine_gov,Spain_gov,0
State of Palestine_gov,Sri Lanka_gov,0
State of Palestine_gov,Suriname_gov,0
State of Palestine_gov,Sweden_gov,0
State of Palestine_gov,Switzerland_gov,0
State of Palestine_gov,Taiwan_gov,0
State of Palestine_gov,Timor-Leste_gov,0
State of Palestine_gov,Togo_gov,0
State of Palestine_gov,Turkey_gov,0
State of Palestine_gov,Uganda_gov,0
State of Palestine_gov,United Kingdom_gov,0
State of Palestine_gov,United States_gov,0
State of Palestine_gov,Vietnam_gov,0
State of Palestine_gov,Yemen_gov,0
Suriname_gov,Afghanistan_gov,0
Suriname_gov,Angola_gov,0
Suriname_gov,Antigua and Barbuda_gov,0
Suriname_gov,Argentina_gov,0
Suriname_gov,Armenia_gov,0
Suriname_gov,Australia_gov,0
Suriname_gov,Austria_gov,0
Suriname_gov,Bangladesh_gov,0
Suriname_gov,Belarus_gov,0
Suriname_gov,Belgium_gov,0
Suriname_gov,Benin_gov,0
Suriname_gov,Bolivia_gov,0
Suriname_gov,Bosnia and Herzegovina_gov,0
Suriname_gov,Brazil_gov,0
Suriname_gov,Burkina Faso_gov,0
Suriname_gov,Canada_gov,0
Suriname_gov,Chile_gov,0
Suriname_gov,China_gov,0
Suriname_gov,Colombia_gov,0
Suriname_gov,Congo_gov,0
Suriname_gov,Croatia_gov,0
Suriname_gov,Czechia_gov,0
Suriname_gov,Democratic Republic of the Congo_gov,0
Suriname_gov,Denmark_gov,0
Suriname_gov,Ecuador_gov,0
Suriname_gov,El Salvador_gov,0
Suriname_gov,Ethiopia_gov,0
Suriname_gov,Finland_gov,0
Suriname_gov,France_gov,0
Suriname_gov,Germany_gov,0
Suriname_gov,Ghana_gov,0
Suriname_gov,Greece_gov,0
Suriname_gov,Guatemala_gov,0
Suriname_gov,Hungary_gov,0
Suriname_gov,India_gov,0
Suriname_gov,Indonesia_gov,0
Suriname_gov,Iraq_gov,0
Suriname_gov,Ireland_gov,0
Suriname_gov,Israel_gov,0
Suriname_gov,Italy_gov,0
Suriname_gov,Jamaica_gov,0
Suriname_gov,Japan_gov,0
Suriname_gov,Jordan_gov,0
Suriname_gov,Kenya_gov,0
Suriname_gov,Kuwait_gov,0
Suriname_gov,Latvia_gov,0
Suriname_gov,Libya_gov,0
Suriname_gov,Lithuania_gov,0
Suriname_gov,Luxembourg_gov,0
Suriname_gov,Mexico_gov,0
Suriname_gov,Monaco_gov,0
Suriname_gov,Montenegro_gov,0
Suriname_gov,Myanmar_gov,0
Suriname_gov,Namibia_gov,0
Suriname_gov,Nepal_gov,0
Suriname_gov,Netherlands_gov,0
Suriname_gov,New Zealand_gov,0
Suriname_gov,Nigeria_gov,0
Suriname_gov,North Korea_gov,0
Suriname_gov,Norway_gov,0
Suriname_gov,Pakistan_gov,0
Suriname_gov,Paraguay_gov,0
Suriname_gov,Peru_gov,0
Suriname_gov,Poland_gov,0
Suriname_gov,Portugal_gov,0
Suriname_gov,Qatar_gov,0
Suriname_gov,Russia_gov,0
Suriname_gov,Rwanda_gov,0
Suriname_gov,Samoa_gov,0
Suriname_gov,Serbia_gov,0
Suriname_gov,Sierra Leone_gov,0
Suriname_gov,Slovakia_gov,0
Suriname_gov,Solomon Islands_gov,0
Suriname_gov,South Africa_gov,0
Suriname_gov,South Korea_gov,0
Suriname_gov,South Sudan_gov,0
Suriname_gov,Spain_gov,0
Suriname_gov,Sri Lanka_gov,0
Suriname_gov,State of Palestine_gov,0
Suriname_gov,Sweden_gov,0
Suriname_gov,Switzerland_gov,0
Suriname_gov,Taiwan_gov,0
Suriname_gov,Timor-Leste_gov,0
Suriname_gov,Togo_gov,0
Suriname_gov,Turkey_gov,0
Suriname_gov,Uganda_gov,0
Suriname_gov,United Kingdom_gov,0
Suriname_gov,United States_gov,0
Suriname_gov,Vietnam_gov,0
Suriname_gov,Yemen_gov,0
Sweden_gov,Afghanistan_gov,0
Sweden_gov,Angola_gov,0
Sweden_gov,Antigua and Barbuda_gov,0
Sweden_gov,Argentina_gov,0
Sweden_gov,Armenia_gov,0
Sweden_gov,Australia_gov,0
Sweden_gov,Austria_gov,0
Sweden_gov,Bangladesh_gov,0
Sweden_gov,Belarus_gov,0
Sweden_gov,Belgium_gov,0
Sweden_gov,Benin_gov,0
Sweden_gov,Bolivia_gov,0
Sweden_gov,Bosnia and Herzegovina_gov,0
Sweden_gov,Brazil_gov,0
Sweden_gov,Burkina Faso_gov,0
Sweden_gov,Canada_gov,0
Sweden_gov,Chile_gov,0
Sweden_gov,China_gov,0
Sweden_gov,Colombia_gov,0
Sweden_gov,Congo_gov,0
Sweden_gov,Croatia_gov,0
Sweden_gov,Czechia_gov,0
Sweden_gov,Democratic Republic of the Congo_gov,0
Sweden_gov,Denmark_gov,0
Sweden_gov,Ecuador_gov,0
Sweden_gov,El Salvador_gov,0
Sweden_gov,Ethiopia_gov,0
Sweden_gov,Finland_gov,0
Sweden_gov,France_gov,0
Sweden_gov,Germany_gov,0
Sweden_gov,Ghana_gov,0
Sweden_gov,Greece_gov,0
Sweden_gov,Guatemala_gov,0
Sweden_gov,Hungary_gov,0
Sweden_gov,India_gov,0
Sweden_gov,Indonesia_gov,0
Sweden_gov,Iraq_gov,0
Sweden_gov,Ireland_gov,0
Sweden_gov,Israel_gov,0
Sweden_gov,Italy_gov,0
Sweden_gov,Jamaica_gov,0
Sweden_gov,Japan_gov,0
Sweden_gov,Jordan_gov,0
Sweden_gov,Kenya_gov,0
Sweden_gov,Kuwait_gov,0
Sweden_gov,Latvia_gov,0
Sweden_gov,Libya_gov,0
Sweden_gov,Lithuania_gov,0
Sweden_gov,Luxembourg_gov,0
Sweden_gov,Mexico_gov,0
Sweden_gov,Monaco_gov,0
Sweden_gov,Montenegro_gov,0
Sweden_gov,Myanmar_gov,0
Sweden_gov,Namibia_gov,0
Sweden_gov,Nepal_gov,0
Sweden_gov,Netherlands_gov,0
Sweden_gov,New Zealand_gov,0
Sweden_gov,Nigeria_gov,0
Sweden_gov,North Korea_gov,0
Sweden_gov,Norway_gov,0
Sweden_gov,Pakistan_gov,0
Sweden_gov,Paraguay_gov,0
Sweden_gov,Peru_gov,0
Sweden_gov,Poland_gov,0
Sweden_gov,Portugal_gov,0
Sweden_gov,Qatar_gov,0
Sweden_gov,Russia_gov,0
Sweden_gov,Rwanda_gov,0
Sweden_gov,Samoa_gov,0
Sweden_gov,Serbia_gov,0
Sweden_gov,Sierra Leone_gov,0
Sweden_gov,Slovakia_gov,0
Sweden_gov,Solomon Islands_gov,0
Sweden_gov,South Africa_gov,0
Sweden_gov,South Korea_gov,0
Sweden_gov,South Sudan_gov,0
Sweden_gov,Spain_gov,0
Sweden_gov,Sri Lanka_gov,0
Sweden_gov,State of Palestine_gov,0
Sweden_gov,Suriname_gov,0
Sweden_gov,Switzerland_gov,0
Sweden_gov,Taiwan_gov,0
Sweden_gov,Timor-Leste_gov,0
Sweden_gov,Togo_gov,0
Sweden_gov,Turkey_gov,0
Sweden_gov,Uganda_gov,0
Sweden_gov,United Kingdom_gov,0
Sweden_gov,United States_gov,0
Sweden_gov,Vietnam_gov,0
Sweden_gov,Yemen_gov,0
Switzerland_gov,Afghanistan_gov,0
Switzerland_gov,Angola_gov,0
Switzerland_gov,Antigua and Barbuda_gov,0
Switzerland_gov,Argentina_gov,0
Switzerland_gov,Armenia_gov,0
Switzerland_gov,Australia_gov,0
Switzerland_gov,Austria_gov,0
Switzerland_gov,Bangladesh_gov,0
Switzerland_gov,Belarus_gov,0
Switzerland_gov,Belgium_gov,0
Switzerland_gov,Benin_gov,0
Switzerland_gov,Bolivia_gov,0
Switzerland_gov,Bosnia and Herzegovina_gov,0
Switzerland_gov,Brazil_gov,0
Switzerland_gov,Burkina Faso_gov,0
Switzerland_gov,Canada_gov,0
Switzerland_gov,Chile_gov,0
Switzerland_gov,China_gov,0
Switzerland_gov,Colombia_gov,0
Switzerland_gov,Congo_gov,0
Switzerland_gov,Croatia_gov,0
Switzerland_gov,Czechia_gov,0
Switzerland_gov,Democratic Republic of the Congo_gov,0
Switzerland_gov,Denmark_gov,0
Switzerland_gov,Ecuador_gov,0
Switzerland_gov,El Salvador_gov,0
Switzerland_gov,Ethiopia_gov,0
Switzerland_gov,Finland_gov,0
Switzerland_gov,France_gov,0
Switzerland_gov,Germany_gov,0
Switzerland_gov,Ghana_gov,0
Switzerland_gov,Greece_gov,0
Switzerland_gov,Guatemala_gov,0
Switzerland_gov,Hungary_gov,0
Switzerland_gov,India_gov,0
Switzerland_gov,Indonesia_gov,0
Switzerland_gov,Iraq_gov,0
Switzerland_gov,Ireland_gov,0
Switzerland_gov,Israel_gov,0
Switzerland_gov,Italy_gov,0
Switzerland_gov,Jamaica_gov,0
Switzerland_gov,Japan_gov,0
Switzerland_gov,Jordan_gov,0
Switzerland_gov,Kenya_gov,0
Switzerland_gov,Kuwait_gov,0
Switzerland_gov,Latvia_gov,0
Switzerland_gov,Libya_gov,0
Switzerland_gov,Lithuania_gov,0
Switzerland_gov,Luxembourg_gov,0
Switzerland_gov,Mexico_gov,0
Switzerland_gov,Monaco_gov,0
Switzerland_gov,Montenegro_gov,0
Switzerland_gov,Myanmar_gov,0
Switzerland_gov,Namibia_gov,0
Switzerland_gov,Nepal_gov,0
Switzerland_gov,Netherlands_gov,0
Switzerland_gov,New Zealand_gov,0
Switzerland_gov,Nigeria_gov,0
Switzerland_gov,North Korea_gov,0
Switzerland_gov,Norway_gov,0
Switzerland_gov,Pakistan_gov,0
Switzerland_gov,Paraguay_gov,0
Switzerland_gov,Peru_gov,0
Switzerland_gov,Poland_gov,0
Switzerland_gov,Portugal_gov,0
Switzerland_gov,Qatar_gov,0
Switzerland_gov,Russia_gov,0
Switzerland_gov,Rwanda_gov,0
Switzerland_gov,Samoa_gov,0
Switzerland_gov,Serbia_gov,0
Switzerland_gov,Sierra Leone_gov,0
Switzerland_gov,Slovakia_gov,0
Switzerland_gov,Solomon Islands_gov,0
Switzerland_gov,South Africa_gov,0
Switzerland_gov,South Korea_gov,0
Switzerland_gov,South Sudan_gov,0
Switzerland_gov,Spain_gov,0
Switzerland_gov,Sri Lanka_gov,0
Switzerland_gov,State of Palestine_gov,0
Switzerland_gov,Suriname_gov,0
Switzerland_gov,Sweden_gov,0
Switzerland_gov,Taiwan_gov,0
Switzerland_gov,Timor-Leste_gov,0
Switzerland_gov,Togo_gov,0
Switzerland_gov,Turkey_gov,0
Switzerland_gov,Uganda_gov,0
Switzerland_gov,United Kingdom_gov,0
Switzerland_gov,United States_gov,0
Switzerland_gov,Vietnam_gov,0
Switzerland_gov,Yemen_gov,0
Taiwan_gov,Afghanistan_gov,0
Taiwan_gov,Angola_gov,0
Taiwan_gov,Antigua and Barbuda_gov,0
Taiwan_gov,Argentina_gov,0
Taiwan_gov,Armenia_gov,0
Taiwan_gov,Australia_gov,0
Taiwan_gov,Austria_gov,0
Taiwan_gov,Bangladesh_gov,0
Taiwan_gov,Belarus_gov,0
Taiwan_gov,Belgium_gov,0
Taiwan_gov,Benin_gov,0
Taiwan_gov,Bolivia_gov,0
Taiwan_gov,Bosnia and Herzegovina_gov,0
Taiwan_gov,Brazil_gov,0
Taiwan_gov,Burkina Faso_gov,0
Taiwan_gov,Canada_gov,0
Taiwan_gov,Chile_gov,0
Taiwan_gov,China_gov,0
Taiwan_gov,Colombia_gov,0
Taiwan_gov,Congo_gov,0
Taiwan_gov,Croatia_gov,0
Taiwan_gov,Czechia_gov,0
Taiwan_gov,Democratic Republic of the Congo_gov,0
Taiwan_gov,Denmark_gov,0
Taiwan_gov,Ecuador_gov,0
Taiwan_gov,El Salvador_gov,0
Taiwan_gov,Ethiopia_gov,0
Taiwan_gov,Finland_gov,0
Taiwan_gov,France_gov,0
Taiwan_gov,Germany_gov,0
Taiwan_gov,Ghana_gov,0
Taiwan_gov,Greece_gov,0
Taiwan_gov,Guatemala_gov,0
Taiwan_gov,Hungary_gov,0
Taiwan_gov,India_gov,0
Taiwan_gov,Indonesia_gov,0
Taiwan_gov,Iraq_gov,0
Taiwan_gov,Ireland_gov,0
Taiwan_gov,Israel_gov,0
Taiwan_gov,Italy_gov,0
Taiwan_gov,Jamaica_gov,0
Taiwan_gov,Japan_gov,0
Taiwan_gov,Jordan_gov,0
Taiwan_gov,Kenya_gov,0
Taiwan_gov,Kuwait_gov,0
Taiwan_gov,Latvia_gov,0
Taiwan_gov,Libya_gov,0
Taiwan_gov,Lithuania_gov,0
Taiwan_gov,Luxembourg_gov,0
Taiwan_gov,Mexico_gov,0
Taiwan_gov,Monaco_gov,0
Taiwan_gov,Montenegro_gov,0
Taiwan_gov,Myanmar_gov,0
Taiwan_gov,Namibia_gov,0
Taiwan_gov,Nepal_gov,0
Taiwan_gov,Netherlands_gov,0
Taiwan_gov,New Zealand_gov,0
Taiwan_gov,Nigeria_gov,0
Taiwan_gov,North Korea_gov,0
Taiwan_gov,Norway_gov,0
Taiwan_gov,Pakistan_gov,0
Taiwan_gov,Paraguay_gov,0
Taiwan_gov,Peru_gov,0
Taiwan_gov,Poland_gov,0
Taiwan_gov,Portugal_gov,0
Taiwan_gov,Qatar_gov,0
Taiwan_gov,Russia_gov,0
Taiwan_gov,Rwanda_gov,0
Taiwan_gov,Samoa_gov,0
Taiwan_gov,Serbia_gov,0
Taiwan_gov,Sierra Leone_gov,0
Taiwan_gov,Slovakia_gov,0
Taiwan_gov,Solomon Islands_gov,0
Taiwan_gov,South Africa_gov,0
Taiwan_gov,South Korea_gov,0
Taiwan_gov,South Sudan_gov,0
Taiwan_gov,Spain_gov,0
Taiwan_gov,Sri Lanka_gov,0
Taiwan_gov,State of Palestine_gov,0
Taiwan_gov,Suriname_gov,0
Taiwan_gov,Sweden_gov,0
Taiwan_gov,Switzerland_gov,0
Taiwan_gov,Timor-Leste_gov,0
Taiwan_gov,Togo_gov,0
Taiwan_gov,Turkey_gov,0
Taiwan_gov,Uganda_gov,0
Taiwan_gov,United Kingdom_gov,0
Taiwan_gov,United States_gov,0
Taiwan_gov,Vietnam_gov,0
Taiwan_gov,Yemen_gov,0
Timor-Leste_gov,Afghanistan_gov,0
Timor-Leste_gov,Angola_gov,0
Timor-Leste_gov,Antigua and Barbuda_gov,0
Timor-Leste_gov,Argentina_gov,0
Timor-Leste_gov,Armenia_gov,0
Timor-Leste_gov,Australia_gov,0
Timor-Leste_gov,Austria_gov,0
Timor-Leste_gov,Bangladesh_gov,0
Timor-Leste_gov,Belarus_gov,0
Timor-Leste_gov,Belgium_gov,0
Timor-Leste_gov,Benin_gov,0
Timor-Leste_gov,Bolivia_gov,0
Timor-Leste_gov,Bosnia and Herzegovina_gov,0
Timor-Leste_gov,Brazil_gov,0
Timor-Leste_gov,Burkina Faso_gov,0
Timor-Leste_gov,Canada_gov,0
Timor-Leste_gov,Chile_gov,0
Timor-Leste_gov,China_gov,0
Timor-Leste_gov,Colombia_gov,0
Timor-Leste_gov,Congo_gov,0
Timor-Leste_gov,Croatia_gov,0
Timor-Leste_gov,Czechia_gov,0
Timor-Leste_gov,Democratic Republic of the Congo_gov,0
Timor-Leste_gov,Denmark_gov,0
Timor-Leste_gov,Ecuador_gov,0
Timor-Leste_gov,El Salvador_gov,0
Timor-Leste_gov,Ethiopia_gov,0
Timor-Leste_gov,Finland_gov,0
Timor-Leste_gov,France_gov,0
Timor-Leste_gov,Germany_gov,0
Timor-Leste_gov,Ghana_gov,0
Timor-Leste_gov,Greece_gov,0
Timor-Leste_gov,Guatemala_gov,0
Timor-Leste_gov,Hungary_gov,0
Timor-Leste_gov,India_gov,0
Timor-Leste_gov,Indonesia_gov,0
Timor-Leste_gov,Iraq_gov,0
Timor-Leste_gov,Ireland_gov,0
Timor-Leste_gov,Israel_gov,0
Timor-Leste_gov,Italy_gov,0
Timor-Leste_gov,Jamaica_gov,0
Timor-Leste_gov,Japan_gov,0
Timor-Leste_gov,Jordan_gov,0
Timor-Leste_gov,Kenya_gov,0
Timor-Leste_gov,Kuwait_gov,0
Timor-Leste_gov,Latvia_gov,0
Timor-Leste_gov,Libya_gov,0
Timor-Leste_gov,Lithuania_gov,0
Timor-Leste_gov,Luxembourg_gov,0
Timor-Leste_gov,Mexico_gov,0
Timor-Leste_gov,Monaco_gov,0
Timor-Leste_gov,Montenegro_gov,0
Timor-Leste_gov,Myanmar_gov,0
Timor-Leste_gov,Namibia_gov,0
Timor-Leste_gov,Nepal_gov,0
Timor-Leste_gov,Netherlands_gov,0
Timor-Leste_gov,New Zealand_gov,0
Timor-Leste_gov,Nigeria_gov,0
Timor-Leste_gov,North Korea_gov,0
Timor-Leste_gov,Norway_gov,0
Timor-Leste_gov,Pakistan_gov,0
Timor-Leste_gov,Paraguay_gov,0
Timor-Leste_gov,Peru_gov,0
Timor-Leste_gov,Poland_gov,0
Timor-Leste_gov,Portugal_gov,0
Timor-Leste_gov,Qatar_gov,0
Timor-Leste_gov,Russia_gov,0
Timor-Leste_gov,Rwanda_gov,0
Timor-Leste_gov,Samoa_gov,0
Timor-Leste_gov,Serbia_gov,0
Timor-Leste_gov,Sierra Leone_gov,0
Timor-Leste_gov,Slovakia_gov,0
Timor-Leste_gov,Solomon Islands_gov,0
Timor-Leste_gov,South Africa_gov,0
Timor-Leste_gov,South Korea_gov,0
Timor-Leste_gov,South Sudan_gov,0
Timor-Leste_gov,Spain_gov,0
Timor-Leste_gov,Sri Lanka_gov,0
Timor-Leste_gov,State of Palestine_gov,0
Timor-Leste_gov,Suriname_gov,0
Timor-Leste_gov,Sweden_gov,0
Timor-Leste_gov,Switzerland_gov,0
Timor-Leste_gov,Taiwan_gov,0
Timor-Leste_gov,Togo_gov,0
Timor-Leste_gov,Turkey_gov,0
Timor-Leste_gov,Uganda_gov,0
Timor-Leste_gov,United Kingdom_gov,0
Timor-Leste_gov,United States_gov,0
Timor-Leste_gov,Vietnam_gov,0
Timor-Leste_gov,Yemen_gov,0
Togo_gov,Afghanistan_gov,0
Togo_gov,Angola_gov,0
Togo_gov,Antigua and Barbuda_gov,0
Togo_gov,Argentina_gov,0
Togo_gov,Armenia_gov,0
Togo_gov,Australia_gov,0
Togo_gov,Austria_gov,0
Togo_gov,Bangladesh_gov,0
Togo_gov,Belarus_gov,0
Togo_gov,Belgium_gov,0
Togo_gov,Benin_gov,0
Togo_gov,Bolivia_gov,0
Togo_gov,Bosnia and Herzegovina_gov,0
Togo_gov,Brazil_gov,0
Togo_gov,Burkina Faso_gov,0
Togo_gov,Canada_gov,0
Togo_gov,Chile_gov,0
Togo_gov,China_gov,0
Togo_gov,Colombia_gov,0
Togo_gov,Congo_gov,0
Togo_gov,Croatia_gov,0
Togo_gov,Czechia_gov,0
Togo_gov,Democratic Republic of the Congo_gov,0
Togo_gov,Denmark_gov,0
Togo_gov,Ecuador_gov,0
Togo_gov,El Salvador_gov,0
Togo_gov,Ethiopia_gov,0
Togo_gov,Finland_gov,0
Togo_gov,France_gov,0
Togo_gov,Germany_gov,0
Togo_gov,Ghana_gov,0
Togo_gov,Greece_gov,0
Togo_gov,Guatemala_gov,0
Togo_gov,Hungary_gov,0
Togo_gov,India_gov,0
Togo_gov,Indonesia_gov,0
Togo_gov,Iraq_gov,0
Togo_gov,Ireland_gov,0
Togo_gov,Israel_gov,0
Togo_gov,Italy_gov,0
Togo_gov,Jamaica_gov,0
Togo_gov,Japan_gov,0
Togo_gov,Jordan_gov,0
Togo_gov,Kenya_gov,0
Togo_gov,Kuwait_gov,0
Togo_gov,Latvia_gov,0
Togo_gov,Libya_gov,0
Togo_gov,Lithuania_gov,0
Togo_gov,Luxembourg_gov,0
Togo_gov,Mexico_gov,0
Togo_gov,Monaco_gov,0
Togo_gov,Montenegro_gov,0
Togo_gov,Myanmar_gov,0
Togo_gov,Namibia_gov,0
Togo_gov,Nepal_gov,0
Togo_gov,Netherlands_gov,0
Togo_gov,New Zealand_gov,0
Togo_gov,Nigeria_gov,0
Togo_gov,North Korea_gov,0
Togo_gov,Norway_gov,0
Togo_gov,Pakistan_gov,0
Togo_gov,Paraguay_gov,0
Togo_gov,Peru_gov,0
Togo_gov,Poland_gov,0
Togo_gov,Portugal_gov,0
Togo_gov,Qatar_gov,0
Togo_gov,Russia_gov,0
Togo_gov,Rwanda_gov,0
Togo_gov,Samoa_gov,0
Togo_gov,Serbia_gov,0
Togo_gov,Sierra Leone_gov,0
Togo_gov,Slovakia_gov,0
Togo_gov,Solomon Islands_gov,0
Togo_gov,South Africa_gov,0
Togo_gov,South Korea_gov,0
Togo_gov,South Sudan_gov,0
Togo_gov,Spain_gov,0
Togo_gov,Sri Lanka_gov,0
Togo_gov,State of Palestine_gov,0
Togo_gov,Suriname_gov,0
Togo_gov,Sweden_gov,0
Togo_gov,Switzerland_gov,0
Togo_gov,Taiwan_gov,0
Togo_gov,Timor-Leste_gov,0
Togo_gov,Turkey_gov,0
Togo_gov,Uganda_gov,0
Togo_gov,United Kingdom_gov,0
Togo_gov,United States_gov,0
Togo_gov,Vietnam_gov,0
Togo_gov,Yemen_gov,0
Turkey_gov,Afghanistan_gov,0
Turkey_gov,Angola_gov,0
Turkey_gov,Antigua and Barbuda_gov,0
Turkey_gov,Argentina_gov,0
Turkey_gov,Armenia_gov,0
Turkey_gov,Australia_gov,0
Turkey_gov,Austria_gov,0
Turkey_gov,Bangladesh_gov,0
Turkey_gov,Belarus_gov,0
Turkey_gov,Belgium_gov,0
Turkey_gov,Benin_gov,0
Turkey_gov,Bolivia_gov,0
Turkey_gov,Bosnia and Herzegovina_gov,0
Turkey_gov,Brazil_gov,0
Turkey_gov,Burkina Faso_gov,0
Turkey_gov,Canada_gov,0
Turkey_gov,Chile_gov,0
Turkey_gov,China_gov,0
Turkey_gov,Colombia_gov,0
Turkey_gov,Congo_gov,0
Turkey_gov,Croatia_gov,0
Turkey_gov,Czechia_gov,0
Turkey_gov,Democratic Republic of the Congo_gov,0
Turkey_gov,Denmark_gov,0
Turkey_gov,Ecuador_gov,0
Turkey_gov,El Salvador_gov,0
Turkey_gov,Ethiopia_gov,0
Turkey_gov,Finland_gov,0
Turkey_gov,France_gov,0
Turkey_gov,Germany_gov,0
Turkey_gov,Ghana_gov,0
Turkey_gov,Greece_gov,0
Turkey_gov,Guatemala_gov,0
Turkey_gov,Hungary_gov,0
Turkey_gov,India_gov,0
Turkey_gov,Indonesia_gov,0
Turkey_gov,Iraq_gov,0
Turkey_gov,Ireland_gov,0
Turkey_gov,Israel_gov,0
Turkey_gov,Italy_gov,0
Turkey_gov,Jamaica_gov,0
Turkey_gov,Japan_gov,0
Turkey_gov,Jordan_gov,0
Turkey_gov,Kenya_gov,0
Turkey_gov,Kuwait_gov,0
Turkey_gov,Latvia_gov,0
Turkey_gov,Libya_gov,0
Turkey_gov,Lithuania_gov,0
Turkey_gov,Luxembourg_gov,0
Turkey_gov,Mexico_gov,0
Turkey_gov,Monaco_gov,0
Turkey_gov,Montenegro_gov,0
Turkey_gov,Myanmar_gov,0
Turkey_gov,Namibia_gov,0
Turkey_gov,Nepal_gov,0
Turkey_gov,Netherlands_gov,0
Turkey_gov,New Zealand_gov,0
Turkey_gov,Nigeria_gov,0
Turkey_gov,North Korea_gov,0
Turkey_gov,Norway_gov,0
Turkey_gov,Pakistan_gov,0
Turkey_gov,Paraguay_gov,0
Turkey_gov,Peru_gov,0
Turkey_gov,Poland_gov,0
Turkey_gov,Portugal_gov,0
Turkey_gov,Qatar_gov,0
Turkey_gov,Russia_gov,0
Turkey_gov,Rwanda_gov,0
Turkey_gov,Samoa_gov,0
Turkey_gov,Serbia_gov,0
Turkey_gov,Sierra Leone_gov,0
Turkey_gov,Slovakia_gov,0
Turkey_gov,Solomon Islands_gov,0
Turkey_gov,South Africa_gov,0
Turkey_gov,South Korea_gov,0
Turkey_gov,South Sudan_gov,0
Turkey_gov,Spain_gov,0
Turkey_gov,Sri Lanka_gov,0
Turkey_gov,State of Palestine_gov,0
Turkey_gov,Suriname_gov,0
Turkey_gov,Sweden_gov,0
Turkey_gov,Switzerland_gov,0
Turkey_gov,Taiwan_gov,0
Turkey_gov,Timor-Leste_gov,0
Turkey_gov,Togo_gov,0
Turkey_gov,Uganda_gov,0
Turkey_gov,United Kingdom_gov,0
Turkey_gov,United States_gov,0
Turkey_gov,Vietnam_gov,0
Turkey_gov,Yemen_gov,0
Uganda_gov,Afghanistan_gov,0
Uganda_gov,Angola_gov,0
Uganda_gov,Antigua and Barbuda_gov,0
Uganda_gov,Argentina_gov,0
Uganda_gov,Armenia_gov,0
Uganda_gov,Australia_gov,0
Uganda_gov,Austria_gov,0
Uganda_gov,Bangladesh_gov,0
Uganda_gov,Belarus_gov,0
Uganda_gov,Belgium_gov,0
Uganda_gov,Benin_gov,0
Uganda_gov,Bolivia_gov,0
Uganda_gov,Bosnia and Herzegovina_gov,0
Uganda_gov,Brazil_gov,0
Uganda_gov,Burkina Faso_gov,0
Uganda_gov,Canada_gov,0
Uganda_gov,Chile_gov,0
Uganda_gov,China_gov,0
Uganda_gov,Colombia_gov,0
Uganda_gov,Congo_gov,0
Uganda_gov,Croatia_gov,0
Uganda_gov,Czechia_gov,0
Uganda_gov,Democratic Republic of the Congo_gov,0
Uganda_gov,Denmark_gov,0
Uganda_gov,Ecuador_gov,0
Uganda_gov,El Salvador_gov,0
Uganda_gov,Ethiopia_gov,0
Uganda_gov,Finland_gov,0
Uganda_gov,France_gov,0
Uganda_gov,Germany_gov,0
Uganda_gov,Ghana_gov,0
Uganda_gov,Greece_gov,0
Uganda_gov,Guatemala_gov,0
Uganda_gov,Hungary_gov,0
Uganda_gov,India_gov,0
Uganda_gov,Indonesia_gov,0
Uganda_gov,Iraq_gov,0
Uganda_gov,Ireland_gov,0
Uganda_gov,Israel_gov,0
Uganda_gov,Italy_gov,0
Uganda_gov,Jamaica_gov,0
Uganda_gov,Japan_gov,0
Uganda_gov,Jordan_gov,0
Uganda_gov,Kenya_gov,0
Uganda_gov,Kuwait_gov,0
Uganda_gov,Latvia_gov,0
Uganda_gov,Libya_gov,0
Uganda_gov,Lithuania_gov,0
Uganda_gov,Luxembourg_gov,0
Uganda_gov,Mexico_gov,0
Uganda_gov,Monaco_gov,0
Uganda_gov,Montenegro_gov,0
Uganda_gov,Myanmar_gov,0
Uganda_gov,Namibia_gov,0
Uganda_gov,Nepal_gov,0
Uganda_gov,Netherlands_gov,0
Uganda_gov,New Zealand_gov,0
Uganda_gov,Nigeria_gov,0
Uganda_gov,North Korea_gov,0
Uganda_gov,Norway_gov,0
Uganda_gov,Pakistan_gov,0
Uganda_gov,Paraguay_gov,0
Uganda_gov,Peru_gov,0
Uganda_gov,Poland_gov,0
Uganda_gov,Portugal_gov,0
Uganda_gov,Qatar_gov,0
Uganda_gov,Russia_gov,0
Uganda_gov,Rwanda_gov,0
Uganda_gov,Samoa_gov,0
Uganda_gov,Serbia_gov,0
Uganda_gov,Sierra Leone_gov,0
Uganda_gov,Slovakia_gov,0
Uganda_gov,Solomon Islands_gov,0
Uganda_gov,South Africa_gov,0
Uganda_gov,South Korea_gov,0
Uganda_gov,South Sudan_gov,0
Uganda_gov,Spain_gov,0
Uganda_gov,Sri Lanka_gov,0
Uganda_gov,State of Palestine_gov,0
Uganda_gov,Suriname_gov,0
Uganda_gov,Sweden_gov,0
Uganda_gov,Switzerland_gov,0
Uganda_gov,Taiwan_gov,0
Uganda_gov,Timor-Leste_gov,0
Uganda_gov,Togo_gov,0
Uganda_gov,Turkey_gov,0
Uganda_gov,United Kingdom_gov,0
Uganda_gov,United States_gov,0
Uganda_gov,Vietnam_gov,0
Uganda_gov,Yemen_gov,0
United Kingdom_gov,Afghanistan_gov,0
United Kingdom_gov,Angola_gov,0
United Kingdom_gov,Antigua and Barbuda_gov,1
United Kingdom_gov,Argentina_gov,0
United Kingdom_gov,Armenia_gov,0
United Kingdom_gov,Australia_gov,1
United Kingdom_gov,Austria_gov,0
United Kingdom_gov,Bangladesh_gov,1
United Kingdom_gov,Belarus_gov,0
United Kingdom_gov,Belgium_gov,0
United Kingdom_gov,Benin_gov,0
United Kingdom_gov,Bolivia_gov,0
United Kingdom_gov,Bosnia and Herzegovina_gov,0
United Kingdom_gov,Brazil_gov,0
United Kingdom_gov,Burkina Faso_gov,0
United Kingdom_gov,Canada_gov,1
United Kingdom_gov,Chile_gov,0
United Kingdom_gov,China_gov,0
United Kingdom_gov,Colombia_gov,0
United Kingdom_gov,Congo_gov,0
United Kingdom_gov,Croatia_gov,0
United Kingdom_gov,Czechia_gov,0
United Kingdom_gov,Democratic Republic of the Congo_gov,0
United Kingdom_gov,Denmark_gov,0
United Kingdom_gov,Ecuador_gov,0
United Kingdom_gov,El Salvador_gov,0
United Kingdom_gov,Ethiopia_gov,0
United Kingdom_gov,Finland_gov,0
United Kingdom_gov,France_gov,0
United Kingdom_gov,Germany_gov,0
United Kingdom_gov,Ghana_gov,1
United Kingdom_gov,Greece_gov,0
United Kingdom_gov,Guatemala_gov,0
United Kingdom_gov,Hungary_gov,0
United Kingdom_gov,India_gov,1
United Kingdom_gov,Indonesia_gov,0
United Kingdom_gov,Iraq_gov,1
United Kingdom_gov,Ireland_gov,1
United Kingdom_gov,Israel_gov,1
United Kingdom_gov,Italy_gov,0
United Kingdom_gov,Jamaica_gov,1
United Kingdom_gov,Japan_gov,0
United Kingdom_gov,Jordan_gov,1
United Kingdom_gov,Kenya_gov,1
United Kingdom_gov,Kuwait_gov,0
United Kingdom_gov,Latvia_gov,0
United Kingdom_gov,Libya_gov,0
United Kingdom_gov,Lithuania_gov,0
United Kingdom_gov,Luxembourg_gov,0
United Kingdom_gov,Mexico_gov,0
United Kingdom_gov,Monaco_gov,0
United Kingdom_gov,Montenegro_gov,0
United Kingdom_gov,Myanmar_gov,1
United Kingdom_gov,Namibia_gov,0
United Kingdom_gov,Nepal_gov,0
United Kingdom_gov,Netherlands_gov,0
United Kingdom_gov,New Zealand_gov,1
United Kingdom_gov,Nigeria_gov,1
United Kingdom_gov,North Korea_gov,0
United Kingdom_gov,Norway_gov,0
United Kingdom_gov,Pakistan_gov,1
United Kingdom_gov,Paraguay_gov,0
United Kingdom_gov,Peru_gov,0
United Kingdom_gov,Poland_gov,0
United Kingdom_gov,Portugal_gov,0
United Kingdom_gov,Qatar_gov,0
United Kingdom_gov,Russia_gov,0
United Kingdom_gov,Rwanda_gov,0
United Kingdom_gov,Samoa_gov,0
United Kingdom_gov,Serbia_gov,0
United Kingdom_gov,Sierra Leone_gov,1
United Kingdom_gov,Slovakia_gov,0
United Kingdom_gov,Solomon Islands_gov,1
United Kingdom_gov,South Africa_gov,1
United Kingdom_gov,South Korea_gov,0
United Kingdom_gov,South Sudan_gov,1
United Kingdom_gov,Spain_gov,0
United Kingdom_gov,Sri Lanka_gov,1
United Kingdom_gov,State of Palestine_gov,1
United Kingdom_gov,Suriname_gov,0
United Kingdom_gov,Sweden_gov,0
United Kingdom_gov,Switzerland_gov,0
United Kingdom_gov,Taiwan_gov,0
United Kingdom_gov,Timor-Leste_gov,0
United Kingdom_gov,Togo_gov,0
United Kingdom_gov,Turkey_gov,0
United Kingdom_gov,Uganda_gov,1
United Kingdom_gov,United States_gov,0
United Kingdom_gov,Vietnam_gov,0
United Kingdom_gov,Yemen_gov,1
United States_gov,Afghanistan_gov,0
United States_gov,Angola_gov,0
United States_gov,Antigua and Barbuda_gov,0
United States_gov,Argentina_gov,0
United States_gov,Armenia_gov,0
United States_gov,Australia_gov,0
United States_gov,Austria_gov,0
United States_gov,Bangladesh_gov,0
United States_gov,Belarus_gov,0
United States_gov,Belgium_gov,0
United States_gov,Benin_gov,0
United States_gov,Bolivia_gov,0
United States_gov,Bosnia and Herzegovina_gov,0
United States_gov,Brazil_gov,0
United States_gov,Burkina Faso_gov,0
United States_gov,Canada_gov,0
United States_gov,Chile_gov,0
United States_gov,China_gov,0
United States_gov,Colombia_gov,0
United States_gov,Congo_gov,0
United States_gov,Croatia_gov,0
United States_gov,Czechia_gov,0
United States_gov,Democratic Republic of the Congo_gov,0
United States_gov,Denmark_gov,0
United States_gov,Ecuador_gov,0
United States_gov,El Salvador_gov,0
United States_gov,Ethiopia_gov,0
United States_gov,Finland_gov,0
United States_gov,France_gov,0
United States_gov,Germany_gov,0
United States_gov,Ghana_gov,0
United States_gov,Greece_gov,0
United States_gov,Guatemala_gov,0
United States_gov,Hungary_gov,0
United States_gov,India_gov,0
United States_gov,Indonesia_gov,0
United States_gov,Iraq_gov,0
United States_gov,Ireland_gov,0
United States_gov,Israel_gov,0
United States_gov,Italy_gov,0
United States_gov,Jamaica_gov,0
United States_gov,Japan_gov,0
United States_gov,Jordan_gov,0
United States_gov,Kenya_gov,0
United States_gov,Kuwait_gov,0
United States_gov,Latvia_gov,0
United States_gov,Libya_gov,0
United States_gov,Lithuania_gov,0
United States_gov,Luxembourg_gov,0
United States_gov,Mexico_gov,0
United States_gov,Monaco_gov,0
United States_gov,Montenegro_gov,0
United States_gov,Myanmar_gov,0
United States_gov,Namibia_gov,0
United States_gov,Nepal_gov,0
United States_gov,Netherlands_gov,0
United States_gov,New Zealand_gov,0
United States_gov,Nigeria_gov,0
United States_gov,North Korea_gov,0
United States_gov,Norway_gov,0
United States_gov,Pakistan_gov,0
United States_gov,Paraguay_gov,0
United States_gov,Peru_gov,0
United States_gov,Poland_gov,0
United States_gov,Portugal_gov,0
United States_gov,Qatar_gov,0
United States_gov,Russia_gov,0
United States_gov,Rwanda_gov,0
United States_gov,Samoa_gov,0
United States_gov,Serbia_gov,0
United States_gov,Sierra Leone_gov,0
United States_gov,Slovakia_gov,0
United States_gov,Solomon Islands_gov,0
United States_gov,South Africa_gov,0
United States_gov,South Korea_gov,0
United States_gov,South Sudan_gov,0
United States_gov,Spain_gov,0
United States_gov,Sri Lanka_gov,0
United States_gov,State of Palestine_gov,0
United States_gov,Suriname_gov,0
United States_gov,Sweden_gov,0
United States_gov,Switzerland_gov,0
United States_gov,Taiwan_gov,0
United States_gov,Timor-Leste_gov,0
United States_gov,Togo_gov,0
United States_gov,Turkey_gov,0
United States_gov,Uganda_gov,0
United States_gov,United Kingdom_gov,0
United States_gov,Vietnam_gov,0
United States_gov,Yemen_gov,0
Vietnam_gov,Afghanistan_gov,0
Vietnam_gov,Angola_gov,0
Vietnam_gov,Antigua and Barbuda_gov,0
Vietnam_gov,Argentina_gov,0
Vietnam_gov,Armenia_gov,0
Vietnam_gov,Australia_gov,0
Vietnam_gov,Austria_gov,0
Vietnam_gov,Bangladesh_gov,0
Vietnam_gov,Belarus_gov,0
Vietnam_gov,Belgium_gov,0
Vietnam_gov,Benin_gov,0
Vietnam_gov,Bolivia_gov,0
Vietnam_gov,Bosnia and Herzegovina_gov,0
Vietnam_gov,Brazil_gov,0
Vietnam_gov,Burkina Faso_gov,0
Vietnam_gov,Canada_gov,0
Vietnam_gov,Chile_gov,0
Vietnam_gov,China_gov,0
Vietnam_gov,Colombia_gov,0
Vietnam_gov,Congo_gov,0
Vietnam_gov,Croatia_gov,0
Vietnam_gov,Czechia_gov,0
Vietnam_gov,Democratic Republic of the Congo_gov,0
Vietnam_gov,Denmark_gov,0
Vietnam_gov,Ecuador_gov,0
Vietnam_gov,El Salvador_gov,0
Vietnam_gov,Ethiopia_gov,0
Vietnam_gov,Finland_gov,0
Vietnam_gov,France_gov,0
Vietnam_gov,Germany_gov,0
Vietnam_gov,Ghana_gov,0
Vietnam_gov,Greece_gov,0
Vietnam_gov,Guatemala_gov,0
Vietnam_gov,Hungary_gov,0
Vietnam_gov,India_gov,0
Vietnam_gov,Indonesia_gov,0
Vietnam_gov,Iraq_gov,0
Vietnam_gov,Ireland_gov,0
Vietnam_gov,Israel_gov,0
Vietnam_gov,Italy_gov,0
Vietnam_gov,Jamaica_gov,0
Vietnam_gov,Japan_gov,0
Vietnam_gov,Jordan_gov,0
Vietnam_gov,Kenya_gov,0
Vietnam_gov,Kuwait_gov,0
Vietnam_gov,Latvia_gov,0
Vietnam_gov,Libya_gov,0
Vietnam_gov,Lithuania_gov,0
Vietnam_gov,Luxembourg_gov,0
Vietnam_gov,Mexico_gov,0
Vietnam_gov,Monaco_gov,0
Vietnam_gov,Montenegro_gov,0
Vietnam_gov,Myanmar_gov,0
Vietnam_gov,Namibia_gov,0
Vietnam_gov,Nepal_gov,0
Vietnam_gov,Netherlands_gov,0
Vietnam_gov,New Zealand_gov,0
Vietnam_gov,Nigeria_gov,0
Vietnam_gov,North Korea_gov,0
Vietnam_gov,Norway_gov,0
Vietnam_gov,Pakistan_gov,0
Vietnam_gov,Paraguay_gov,0
Vietnam_gov,Peru_gov,0
Vietnam_gov,Poland_gov,0
Vietnam_gov,Portugal_gov,0
Vietnam_gov,Qatar_gov,0
Vietnam_gov,Russia_gov,0
Vietnam_gov,Rwanda_gov,0
Vietnam_gov,Samoa_gov,0
Vietnam_gov,Serbia_gov,0
Vietnam_gov,Sierra Leone_gov,0
Vietnam_gov,Slovakia_gov,0
Vietnam_gov,Solomon Islands_gov,0
Vietnam_gov,South Africa_gov,0
Vietnam_gov,South Korea_gov,0
Vietnam_gov,South Sudan_gov,0
Vietnam_gov,Spain_gov,0
Vietnam_gov,Sri Lanka_gov,0
Vietnam_gov,State of Palestine_gov,0
Vietnam_gov,Suriname_gov,0
Vietnam_gov,Sweden_gov,0
Vietnam_gov,Switzerland_gov,0
Vietnam_gov,Taiwan_gov,0
Vietnam_gov,Timor-Leste_gov,0
Vietnam_gov,Togo_gov,0
Vietnam_gov,Turkey_gov,0
Vietnam_gov,Uganda_gov,0
Vietnam_gov,United Kingdom_gov,0
Vietnam_gov,United States_gov,0
Vietnam_gov,Yemen_gov,0
Yemen_gov,Afghanistan_gov,0
Yemen_gov,Angola_gov,0
Yemen_gov,Antigua and Barbuda_gov,0
Yemen_gov,Argentina_gov,0
Yemen_gov,Armenia_gov,0
Yemen_gov,Australia_gov,0
Yemen_gov,Austria_gov,0
Yemen_gov,Bangladesh_gov,0
Yemen_gov,Belarus_gov,0
Yemen_gov,Belgium_gov,0
Yemen_gov,Benin_gov,0
Yemen_gov,Bolivia_gov,0
Yemen_gov,Bosnia and Herzegovina_gov,0
Yemen_gov,Brazil_gov,0
Yemen_gov,Burkina Faso_gov,0
Yemen_gov,Canada_gov,0
Yemen_gov,Chile_gov,0
Yemen_gov,China_gov,0
Yemen_gov,Colombia_gov,0
Yemen_gov,Congo_gov,0
Yemen_gov,Croatia_gov,0
Yemen_gov,Czechia_gov,0
Yemen_gov,Democratic Republic of the Congo_gov,0
Yemen_gov,Denmark_gov,0
Yemen_gov,Ecuador_gov,0
Yemen_gov,El Salvador_gov,0
Yemen_gov,Ethiopia_gov,0
Yemen_gov,Finland_gov,0
Yemen_gov,France_gov,0
Yemen_gov,Germany_gov,0
Yemen_gov,Ghana_gov,0
Yemen_gov,Greece_gov,0
Yemen_gov,Guatemala_gov,0
Yemen_gov,Hungary_gov,0
Yemen_gov,India_gov,0
Yemen_gov,Indonesia_gov,0
Yemen_gov,Iraq_gov,0
Yemen_gov,Ireland_gov,0
Yemen_gov,Israel_gov,0
Yemen_gov,Italy_gov,0
Yemen_gov,Jamaica_gov,0
Yemen_gov,Japan_gov,0
Yemen_gov,Jordan_gov,0
Yemen_gov,Kenya_gov,0
Yemen_gov,Kuwait_gov,0
Yemen_gov,Latvia_gov,0
Yemen_gov,Libya_gov,0
Yemen_gov,Lithuania_gov,0
Yemen_gov,Luxembourg_gov,0
Yemen_gov,Mexico_gov,0
Yemen_gov,Monaco_gov,0
Yemen_gov,Montenegro_gov,0
Yemen_gov,Myanmar_gov,0
Yemen_gov,Namibia_gov,0
Yemen_gov,Nepal_gov,0
Yemen_gov,Netherlands_gov,0
Yemen_gov,New Zealand_gov,0
Yemen_gov,Nigeria_gov,0
Yemen_gov,North Korea_gov,0
Yemen_gov,Norway_gov,0
Yemen_gov,Pakistan_gov,0
Yemen_gov,Paraguay_gov,0
Yemen_gov,Peru_gov,0
Yemen_gov,Poland_gov,0
Yemen_gov,Portugal_gov,0
Yemen_gov,Qatar_gov,0
Yemen_gov,Russia_gov,0
Yemen_gov,Rwanda_gov,0
Yemen_gov,Samoa_gov,0
Yemen_gov,Serbia_gov,0
Yemen_gov,Sierra Leone_gov,0
Yemen_gov,Slovakia_gov,0
Yemen_gov,Solomon Islands_gov,0
Yemen_gov,South Africa_gov,0
Yemen_gov,South Korea_gov,0
Yemen_gov,South Sudan_gov,0
Yemen_gov,Spain_gov,0
Yemen_gov,Sri Lanka_gov,0
Yemen_gov,State of Palestine_gov,0
Yemen_gov,Suriname_gov,0
Yemen_gov,Sweden_gov,0
Yemen_gov,Switzerland_gov,0
Yemen_gov,Taiwan_gov,0
Yemen_gov,Timor-Leste_gov,0
Yemen_gov,Togo_gov,0
Yemen_gov,Turkey_gov,0
Yemen_gov,Uganda_gov,0
Yemen_gov,United Kingdom_gov,0
Yemen_gov,United States_gov,0
Yemen_gov,Vietnam_gov,0
Afghanistan_gov,Afghanistan_min,0
Angola_gov,Angola_min,0
Antigua and Barbuda_gov,Antigua and Barbuda_min,0
Argentina_gov,Argentina_min,0
Armenia_gov,Armenia_min,0
Australia_gov,Australia_min,0
Austria_gov,Austria_min,0
Bangladesh_gov,Bangladesh_min,0
Belarus_gov,Belarus_min,0
Belgium_gov,Belgium_min,0
Benin_gov,Benin_min,0
Bolivia_gov,Bolivia_min,0
Bosnia and Herzegovina_gov,Bosnia and Herzegovina_min,0
Brazil_gov,Brazil_min,0
Burkina Faso_gov,Burkina Faso_min,0
Canada_gov,Canada_min,0
Chile_gov,Chile_min,0
China_gov,China_min,0
Colombia_gov,Colombia_min,0
Congo_gov,Congo_min,0
Croatia_gov,Croatia_min,0
Czechia_gov,Czechia_min,0
Democratic Republic of the Congo_gov,Democratic Republic of the Congo_min,0
Denmark_gov,Denmark_min,0
Ecuador_gov,Ecuador_min,0
El Salvador_gov,El Salvador_min,0
Ethiopia_gov,Ethiopia_min,0
Finland_gov,Finland_min,0
France_gov,France_min,0
Germany_gov,Germany_min,0
Ghana_gov,Ghana_min,0
Greece_gov,Greece_min,0
Guatemala_gov,Guatemala_min,0
Hungary_gov,Hungary_min,0
India_gov,India_min,0
Indonesia_gov,Indonesia_min,0
Iraq_gov,Iraq_min,0
Ireland_gov,Ireland_min,0
Israel_gov,Israel_min,0
Italy_gov,Italy_min,0
Jamaica_gov,Jamaica_min,0
Japan_gov,Japan_min,0
Jordan_gov,Jordan_min,0
Kenya_gov,Kenya_min,0
Kuwait_gov,Kuwait_min,0
Latvia_gov,Latvia_min,0
Libya_gov,Libya_min,0
Lithuania_gov,Lithuania_min,0
Luxembourg_gov,Luxembourg_min,0
Mexico_gov,Mexico_min,0
Monaco_gov,Monaco_min,0
Montenegro_gov,Montenegro_min,0
Myanmar_gov,Myanmar_min,0
Namibia_gov,Namibia_min,0
Nepal_gov,Nepal_min,0
Netherlands_gov,Netherlands_min,0
New Zealand_gov,New Zealand_min,0
Nigeria_gov,Nigeria_min,0
North Korea_gov,North Korea_min,0
Norway_gov,Norway_min,0
Pakistan_gov,Pakistan_min,0
Paraguay_gov,Paraguay_min,0
Peru_gov,Peru_min,0
Poland_gov,Poland_min,0
Portugal_gov,Portugal_min,0
Qatar_gov,Qatar_min,0
Russia_gov,Russia_min,0
Rwanda_gov,Rwanda_min,0
Samoa_gov,Samoa_min,0
Serbia_gov,Serbia_min,0
Sierra Leone_gov,Sierra Leone_min,0
Slovakia_gov,Slovakia_min,0
Solomon Islands_gov,Solomon Islands_min,0
South Africa_gov,South Africa_min,0
South Korea_gov,South Korea_min,0
South Sudan_gov,South Sudan_min,0
Spain_gov,Spain_min,0
Sri Lanka_gov,Sri Lanka_min,0
State of Palestine_gov,State of Palestine_min,0
Suriname_gov,Suriname_min,0
Sweden_gov,Sweden_min,0
Switzerland_gov,Switzerland_min,0
Taiwan_gov,Taiwan_min,0
Timor-Leste_gov,Timor-Leste_min,0
Togo_gov,Togo_min,0
Turkey_gov,Turkey_min,0
Uganda_gov,Uganda_min,0
United Kingdom_gov,United Kingdom_min,0
United States_gov,United States_min,0
Vietnam_gov,Vietnam_min,0
Yemen_gov,Yemen_min,0
Afghanistan_gov,comfort_women,0
Afghanistan_gov,holocaust_victims,0
Afghanistan_gov,other_multilateral,0
Afghanistan_gov,slavery_victims,0
Afghanistan_gov,wwii_asia_victims,0
Angola_gov,comfort_women,0
Angola_gov,holocaust_victims,0
Angola_gov,other_multilateral,0
Angola_gov,slavery_victims,0
Angola_gov,wwii_asia_victims,0
Antigua and Barbuda_gov,comfort_women,0
Antigua and Barbuda_gov,holocaust_victims,0
Antigua and Barbuda_gov,other_multilateral,0
Antigua and Barbuda_gov,slavery_victims,0
Antigua and Barbuda_gov,wwii_asia_victims,0
Argentina_gov,comfort_women,0
Argentina_gov,holocaust_victims,0
Argentina_gov,other_multilateral,0
Argentina_gov,slavery_victims,0
Argentina_gov,wwii_asia_victims,0
Armenia_gov,comfort_women,0
Armenia_gov,holocaust_victims,0
Armenia_gov,other_multilateral,0
Armenia_gov,slavery_victims,0
Armenia_gov,wwii_asia_victims,0
Australia_gov,comfort_women,0
Australia_gov,holocaust_victims,0
Australia_gov,other_multilateral,0
Australia_gov,slavery_victims,0
Australia_gov,wwii_asia_victims,0
Austria_gov,comfort_women,0
Austria_gov,holocaust_victims,0
Austria_gov,other_multilateral,0
Austria_gov,slavery_victims,0
Austria_gov,wwii_asia_victims,0
Bangladesh_gov,comfort_women,0
Bangladesh_gov,holocaust_victims,0
Bangladesh_gov,other_multilateral,0
Bangladesh_gov,slavery_victims,0
Bangladesh_gov,wwii_asia_victims,0
Belarus_gov,comfort_women,0
Belarus_gov,holocaust_victims,0
Belarus_gov,other_multilateral,0
Belarus_gov,slavery_victims,0
Belarus_gov,wwii_asia_victims,0
Belgium_gov,comfort_women,0
Belgium_gov,holocaust_victims,0
Belgium_gov,other_multilateral,0
Belgium_gov,slavery_victims,0
Belgium_gov,wwii_asia_victims,0
Benin_gov,comfort_women,0
Benin_gov,holocaust_victims,0
Benin_gov,other_multilateral,0
Benin_gov,slavery_victims,0
Benin_gov,wwii_asia_victims,0
Bolivia_gov,comfort_women,0
Bolivia_gov,holocaust_victims,0
Bolivia_gov,other_multilateral,0
Bolivia_gov,slavery_victims,0
Bolivia_gov,wwii_asia_victims,0
Bosnia and Herzegovina_gov,comfort_women,0
Bosnia and Herzegovina_gov,holocaust_victims,0
Bosnia and Herzegovina_gov,other_multilateral,0
Bosnia and Herzegovina_gov,slavery_victims,0
Bosnia and Herzegovina_gov,wwii_asia_victims,0
Brazil_gov,comfort_women,0
Brazil_gov,holocaust_victims,0
Brazil_gov,other_multilateral,0
Brazil_gov,slavery_victims,0
Brazil_gov,wwii_asia_victims,0
Burkina Faso_gov,comfort_women,0
Burkina Faso_gov,holocaust_victims,0
Burkina Faso_gov,other_multilateral,0
Burkina Faso_gov,slavery_victims,0
Burkina Faso_gov,wwii_asia_victims,0
Canada_gov,comfort_women,0
Canada_gov,holocaust_victims,0
Canada_gov,other_multilateral,0
Canada_gov,slavery_victims,0
Canada_gov,wwii_asia_victims,0
Chile_gov,comfort_women,0
Chile_gov,holocaust_victims,0
Chile_gov,other_multilateral,0
Chile_gov,slavery_victims,0
Chile_gov,wwii_asia_victims,0
China_gov,comfort_women,0
China_gov,holocaust_victims,0
China_gov,other_multilateral,0
China_gov,slavery_victims,0
China_gov,wwii_asia_victims,0
Colombia_gov,comfort_women,0
Colombia_gov,holocaust_victims,0
Colombia_gov,other_multilateral,0
Colombia_gov,slavery_victims,0
Colombia_gov,wwii_asia_victims,0
Congo_gov,comfort_women,0
Congo_gov,holocaust_victims,0
Congo_gov,other_multilateral,0
Congo_gov,slavery_victims,0
Congo_gov,wwii_asia_victims,0
Croatia_gov,comfort_women,0
Croatia_gov,holocaust_victims,0
Croatia_gov,other_multilateral,0
Croatia_gov,slavery_victims,0
Croatia_gov,wwii_asia_victims,0
Czechia_gov,comfort_women,0
Czechia_gov,holocaust_victims,0
Czechia_gov,other_multilateral,0
Czechia_gov,slavery_victims,0
Czechia_gov,wwii_asia_victims,0
Democratic Republic of the Congo_gov,comfort_women,0
Democratic Republic of the Congo_gov,holocaust_victims,0
Democratic Republic of the Congo_gov,other_multilateral,0
Democratic Republic of the Congo_gov,slavery_victims,0
Democratic Republic of the Congo_gov,wwii_asia_victims,0
Denmark_gov,comfort_women,0
Denmark_gov,holocaust_victims,0
Denmark_gov,other_multilateral,0
Denmark_gov,slavery_victims,0
Denmark_gov,wwii_asia_victims,0
Ecuador_gov,comfort_women,0
Ecuador_gov,holocaust_victims,0
Ecuador_gov,other_multilateral,0
Ecuador_gov,slavery_victims,0
Ecuador_gov,wwii_asia_victims,0
El Salvador_gov,comfort_women,0
El Salvador_gov,holocaust_victims,0
El Salvador_gov,other_multilateral,0
El Salvador_gov,slavery_victims,0
El Salvador_gov,wwii_asia_victims,0
Ethiopia_gov,comfort_women,0
Ethiopia_gov,holocaust_victims,0
Ethiopia_gov,other_multilateral,0
Ethiopia_gov,slavery_victims,0
Ethiopia_gov,wwii_asia_victims,0
Finland_gov,comfort_women,0
Finland_gov,holocaust_victims,0
Finland_gov,other_multilateral,0
Finland_gov,slavery_victims,0
Finland_gov,wwii_asia_victims,0
France_gov,comfort_women,0
France_gov,holocaust_victims,0
France_gov,other_multilateral,0
France_gov,slavery_victims,0
France_gov,wwii_asia_victims,0
Germany_gov,comfort_women,0
Germany_gov,holocaust_victims,0
Germany_gov,other_multilateral,0
Germany_gov,slavery_victims,0
Germany_gov,wwii_asia_victims,0
Ghana_gov,comfort_women,0
Ghana_gov,holocaust_victims,0
Ghana_gov,other_multilateral,0
Ghana_gov,slavery_victims,0
Ghana_gov,wwii_asia_victims,0
Greece_gov,comfort_women,0
Greece_gov,holocaust_victims,0
Greece_gov,other_multilateral,0
Greece_gov,slavery_victims,0
Greece_gov,wwii_asia_victims,0
Guatemala_gov,comfort_women,0
Guatemala_gov,holocaust_victims,0
Guatemala_gov,other_multilateral,0
Guatemala_gov,slavery_victims,0
Guatemala_gov,wwii_asia_victims,0
Hungary_gov,comfort_women,0
Hungary_gov,holocaust_victims,0
Hungary_gov,other_multilateral,0
Hungary_gov,slavery_victims,0
Hungary_gov,wwii_asia_victims,0
India_gov,comfort_women,0
India_gov,holocaust_victims,0
India_gov,other_multilateral,0
India_gov,slavery_victims,0
India_gov,wwii_asia_victims,0
Indonesia_gov,comfort_women,0
Indonesia_gov,holocaust_victims,0
Indonesia_gov,other_multilateral,0
Indonesia_gov,slavery_victims,0
Indonesia_gov,wwii_asia_victims,0
Iraq_gov,comfort_women,0
Iraq_gov,holocaust_victims,0
Iraq_gov,other_multilateral,0
Iraq_gov,slavery_victims,0
Iraq_gov,wwii_asia_victims,0
Ireland_gov,comfort_women,0
Ireland_gov,holocaust_victims,0
Ireland_gov,other_multilateral,0
Ireland_gov,slavery_victims,0
Ireland_gov,wwii_asia_victims,0
Israel_gov,comfort_women,0
Israel_gov,holocaust_victims,0
Israel_gov,other_multilateral,0
Israel_gov,slavery_victims,0
Israel_gov,wwii_asia_victims,0
Italy_gov,comfort_women,0
Italy_gov,holocaust_victims,0
Italy_gov,other_multilateral,0
Italy_gov,slavery_victims,0
Italy_gov,wwii_asia_victims,0
Jamaica_gov,comfort_women,0
Jamaica_gov,holocaust_victims,0
Jamaica_gov,other_multilateral,0
Jamaica_gov,slavery_victims,0
Jamaica_gov,wwii_asia_victims,0
Japan_gov,comfort_women,0
Japan_gov,holocaust_victims,0
Japan_gov,other_multilateral,0
Japan_gov,slavery_victims,0
Japan_gov,wwii_asia_victims,0
Jordan_gov,comfort_women,0
Jordan_gov,holocaust_victims,0
Jordan_gov,other_multilateral,0
Jordan_gov,slavery_victims,0
Jordan_gov,wwii_asia_victims,0
Kenya_gov,comfort_women,0
Kenya_gov,holocaust_victims,0
Kenya_gov,other_multilateral,0
Kenya_gov,slavery_victims,0
Kenya_gov,wwii_asia_victims,0
Kuwait_gov,comfort_women,0
Kuwait_gov,holocaust_victims,0
Kuwait_gov,other_multilateral,0
Kuwait_gov,slavery_victims,0
Kuwait_gov,wwii_asia_victims,0
Latvia_gov,comfort_women,0
Latvia_gov,holocaust_victims,0
Latvia_gov,other_multilateral,0
Latvia_gov,slavery_victims,0
Latvia_gov,wwii_asia_victims,0
Libya_gov,comfort_women,0
Libya_gov,holocaust_victims,0
Libya_gov,other_multilateral,0
Libya_gov,slavery_victims,0
Libya_gov,wwii_asia_victims,0
Lithuania_gov,comfort_women,0
Lithuania_gov,holocaust_victims,0
Lithuania_gov,other_multilateral,0
Lithuania_gov,slavery_victims,0
Lithuania_gov,wwii_asia_victims,0
Luxembourg_gov,comfort_women,0
Luxembourg_gov,holocaust_victims,0
Luxembourg_gov,other_multilateral,0
Luxembourg_gov,slavery_victims,0
Luxembourg_gov,wwii_asia_victims,0
Mexico_gov,comfort_women,0
Mexico_gov,holocaust_victims,0
Mexico_gov,other_multilateral,0
Mexico_gov,slavery_victims,0
Mexico_gov,wwii_asia_victims,0
Monaco_gov,comfort_women,0
Monaco_gov,holocaust_victims,0
Monaco_gov,other_multilateral,0
Monaco_gov,slavery_victims,0
Monaco_gov,wwii_asia_victims,0
Montenegro_gov,comfort_women,0
Montenegro_gov,holocaust_victims,0
Montenegro_gov,other_multilateral,0
Montenegro_gov,slavery_victims,0
Montenegro_gov,wwii_asia_victims,0
Myanmar_gov,comfort_women,0
Myanmar_gov,holocaust_victims,0
Myanmar_gov,other_multilateral,0
Myanmar_gov,slavery_victims,0
Myanmar_gov,wwii_asia_victims,0
Namibia_gov,comfort_women,0
Namibia_gov,holocaust_victims,0
Namibia_gov,other_multilateral,0
Namibia_gov,slavery_victims,0
Namibia_gov,wwii_asia_victims,0
Nepal_gov,comfort_women,0
Nepal_gov,holocaust_victims,0
Nepal_gov,other_multilateral,0
Nepal_gov,slavery_victims,0
Nepal_gov,wwii_asia_victims,0
Netherlands_gov,comfort_women,0
Netherlands_gov,holocaust_victims,0
Netherlands_gov,other_multilateral,0
Netherlands_gov,slavery_victims,0
Netherlands_gov,wwii_asia_victims,0
New Zealand_gov,comfort_women,0
New Zealand_gov,holocaust_victims,0
New Zealand_gov,other_multilateral,0
New Zealand_gov,slavery_victims,0
New Zealand_gov,wwii_asia_victims,0
Nigeria_gov,comfort_women,0
Nigeria_gov,holocaust_victims,0
Nigeria_gov,other_multilateral,0
Nigeria_gov,slavery_victims,0
Nigeria_gov,wwii_asia_victims,0
North Korea_gov,comfort_women,0
North Korea_gov,holocaust_victims,0
North Korea_gov,other_multilateral,0
North Korea_gov,slavery_victims,0
North Korea_gov,wwii_asia_victims,0
Norway_gov,comfort_women,0
Norway_gov,holocaust_victims,0
Norway_gov,other_multilateral,0
Norway_gov,slavery_victims,0
Norway_gov,wwii_asia_victims,0
Pakistan_gov,comfort_women,0
Pakistan_gov,holocaust_victims,0
Pakistan_gov,other_multilateral,0
Pakistan_gov,slavery_victims,0
Pakistan_gov,wwii_asia_victims,0
Paraguay_gov,comfort_women,0
Paraguay_gov,holocaust_victims,0
Paraguay_gov,other_multilateral,0
Paraguay_gov,slavery_victims,0
Paraguay_gov,wwii_asia_victims,0
Peru_gov,comfort_women,0
Peru_gov,holocaust_victims,0
Peru_gov,other_multilateral,0
Peru_gov,slavery_victims,0
Peru_gov,wwii_asia_victims,0
Poland_gov,comfort_women,0
Poland_gov,holocaust_victims,0
Poland_gov,other_multilateral,0
Poland_gov,slavery_victims,0
Poland_gov,wwii_asia_victims,0
Portugal_gov,comfort_women,0
Portugal_gov,holocaust_victims,0
Portugal_gov,other_multilateral,0
Portugal_gov,slavery_victims,0
Portugal_gov,wwii_asia_victims,0
Qatar_gov,comfort_women,0
Qatar_gov,holocaust_victims,0
Qatar_gov,other_multilateral,0
Qatar_gov,slavery_victims,0
Qatar_gov,wwii_asia_victims,0
Russia_gov,comfort_women,0
Russia_gov,holocaust_victims,0
Russia_gov,other_multilateral,0
Russia_gov,slavery_victims,0
Russia_gov,wwii_asia_victims,0
Rwanda_gov,comfort_women,0
Rwanda_gov,holocaust_victims,0
Rwanda_gov,other_multilateral,0
Rwanda_gov,slavery_victims,0
Rwanda_gov,wwii_asia_victims,0
Samoa_gov,comfort_women,0
Samoa_gov,holocaust_victims,0
Samoa_gov,other_multilateral,0
Samoa_gov,slavery_victims,0
Samoa_gov,wwii_asia_victims,0
Serbia_gov,comfort_women,0
Serbia_gov,holocaust_victims,0
Serbia_gov,other_multilateral,0
Serbia_gov,slavery_victims,0
Serbia_gov,wwii_asia_victims,0
Sierra Leone_gov,comfort_women,0
Sierra Leone_gov,holocaust_victims,0
Sierra Leone_gov,other_multilateral,0
Sierra Leone_gov,slavery_victims,0
Sierra Leone_gov,wwii_asia_victims,0
Slovakia_gov,comfort_women,0
Slovakia_gov,holocaust_victims,0
Slovakia_gov,other_multilateral,0
Slovakia_gov,slavery_victims,0
Slovakia_gov,wwii_asia_victims,0
Solomon Islands_gov,comfort_women,0
Solomon Islands_gov,holocaust_victims,0
Solomon Islands_gov,other_multilateral,0
Solomon Islands_gov,slavery_victims,0
Solomon Islands_gov,wwii_asia_victims,0
South Africa_gov,comfort_women,0
South Africa_gov,holocaust_victims,0
South Africa_gov,other_multilateral,0
South Africa_gov,slavery_victims,0
South Africa_gov,wwii_asia_victims,0
South Korea_gov,comfort_women,0
South Korea_gov,holocaust_victims,0
South Korea_gov,other_multilateral,0
South Korea_gov,slavery_victims,0
South Korea_gov,wwii_asia_victims,0
South Sudan_gov,comfort_women,0
South Sudan_gov,holocaust_victims,0
South Sudan_gov,other_multilateral,0
South Sudan_gov,slavery_victims,0
South Sudan_gov,wwii_asia_victims,0
Spain_gov,comfort_women,0
Spain_gov,holocaust_victims,0
Spain_gov,other_multilateral,0
Spain_gov,slavery_victims,0
Spain_gov,wwii_asia_victims,0
Sri Lanka_gov,comfort_women,0
Sri Lanka_gov,holocaust_victims,0
Sri Lanka_gov,other_multilateral,0
Sri Lanka_gov,slavery_victims,0
Sri Lanka_gov,wwii_asia_victims,0
State of Palestine_gov,comfort_women,0
State of Palestine_gov,holocaust_victims,0
State of Palestine_gov,other_multilateral,0
State of Palestine_gov,slavery_victims,0
State of Palestine_gov,wwii_asia_victims,0
Suriname_gov,comfort_women,0
Suriname_gov,holocaust_victims,0
Suriname_gov,other_multilateral,0
Suriname_gov,slavery_victims,0
Suriname_gov,wwii_asia_victims,0
Sweden_gov,comfort_women,0
Sweden_gov,holocaust_victims,0
Sweden_gov,other_multilateral,0
Sweden_gov,slavery_victims,0
Sweden_gov,wwii_asia_victims,0
Switzerland_gov,comfort_women,0
Switzerland_gov,holocaust_victims,0
Switzerland_gov,other_multilateral,0
Switzerland_gov,slavery_victims,0
Switzerland_gov,wwii_asia_victims,0
Taiwan_gov,comfort_women,0
Taiwan_gov,holocaust_victims,0
Taiwan_gov,other_multilateral,0
Taiwan_gov,slavery_victims,0
Taiwan_gov,wwii_asia_victims,0
Timor-Leste_gov,comfort_women,0
Timor-Leste_gov,holocaust_victims,0
Timor-Leste_gov,other_multilateral,0
Timor-Leste_gov,slavery_victims,0
Timor-Leste_gov,wwii_asia_victims,0
Togo_gov,comfort_women,0
Togo_gov,holocaust_victims,0
Togo_gov,other_multilateral,0
Togo_gov,slavery_victims,0
Togo_gov,wwii_asia_victims,0
Turkey_gov,comfort_women,0
Turkey_gov,holocaust_victims,0
Turkey_gov,other_multilateral,0
Turkey_gov,slavery_victims,0
Turkey_gov,wwii_asia_victims,0
Uganda_gov,comfort_women,0
Uganda_gov,holocaust_victims,0
Uganda_gov,other_multilateral,0
Uganda_gov,slavery_victims,0
Uganda_gov,wwii_asia_victims,0
United Kingdom_gov,comfort_women,0
United Kingdom_gov,holocaust_victims,0
United Kingdom_gov,other_multilateral,0
United Kingdom_gov,slavery_victims,0
United Kingdom_gov,wwii_asia_victims,0
United States_gov,comfort_women,0
United States_gov,holocaust_victims,0
United States_gov,other_multilateral,0
United States_gov,slavery_victims,0
United States_gov,wwii_asia_victims,0
Vietnam_gov,comfort_women,0
Vietnam_gov,holocaust_victims,0
Vietnam_gov,other_multilateral,0
Vietnam_gov,slavery_victims,0
Vietnam_gov,wwii_asia_victims,0
Yemen_gov,comfort_women,0
Yemen_gov,holocaust_victims,0
Yemen_gov,other_multilateral,0
Yemen_gov,slavery_victims,0
Yemen_gov,wwii_asia_victims,0
