"name","year","date","cinc"
"USA",1816,1816-12-30,0.039697491
"USA",1817,1817-12-30,0.03581661
"USA",1818,1818-12-30,0.036126547
"USA",1819,1819-12-30,0.03713325
"USA",1820,1820-12-30,0.037086867
"USA",1821,1821-12-30,0.034173075
"USA",1822,1822-12-30,0.032939076
"USA",1823,1823-12-30,0.033107504
"USA",1824,1824-12-30,0.032977588
"USA",1825,1825-12-30,0.034215014
"USA",1826,1826-12-30,0.036425188
"USA",1827,1827-12-30,0.035708901
"USA",1828,1828-12-30,0.035687946
"USA",1829,1829-12-30,0.03748225
"USA",1830,1830-12-30,0.038483679
"USA",1831,1831-12-30,0.042001393
"USA",1832,1832-12-30,0.044544697
"USA",1833,1833-12-30,0.048138127
"USA",1834,1834-12-30,0.04777348
"USA",1835,1835-12-30,0.048520003
"USA",1836,1836-12-30,0.050953005
"USA",1837,1837-12-30,0.053536404
"USA",1838,1838-12-30,0.053272706
"USA",1839,1839-12-30,0.050800554
"USA",1840,1840-12-30,0.049549963
"USA",1841,1841-12-30,0.050864942
"USA",1842,1842-12-30,0.049301073
"USA",1843,1843-12-30,0.051081475
"USA",1844,1844-12-30,0.057326183
"USA",1845,1845-12-30,0.061653126
"USA",1846,1846-12-30,0.082757324
"USA",1847,1847-12-30,0.084509611
"USA",1848,1848-12-30,0.087174244
"USA",1849,1849-12-30,0.073096491
"USA",1850,1850-12-30,0.072471224
"USA",1851,1851-12-30,0.067707323
"USA",1852,1852-12-30,0.071873814
"USA",1853,1853-12-30,0.078743748
"USA",1854,1854-12-30,0.074200429
"USA",1855,1855-12-30,0.075997368
"USA",1856,1856-12-30,0.07840921
"USA",1857,1857-12-30,0.083294868
"USA",1858,1858-12-30,0.083430812
"USA",1859,1859-12-30,0.083074376
"USA",1860,1860-12-30,0.077372178
"USA",1861,1861-12-30,0.14442921
"USA",1862,1862-12-30,0.1763908
"USA",1863,1863-12-30,0.17896698
"USA",1864,1864-12-30,0.19291268
"USA",1865,1865-12-30,0.13546522
"USA",1866,1866-12-30,0.098171704
"USA",1867,1867-12-30,0.11413383
"USA",1868,1868-12-30,0.10664034
"USA",1869,1869-12-30,0.10800558
"USA",1870,1870-12-30,0.098999612
"USA",1871,1871-12-30,0.098380953
"USA",1872,1872-12-30,0.1152826
"USA",1873,1873-12-30,0.11626876
"USA",1874,1874-12-30,0.11424514
"USA",1875,1875-12-30,0.10696469
"USA",1876,1876-12-30,0.10191685
"USA",1877,1877-12-30,0.10465261
"USA",1878,1878-12-30,0.10834531
"USA",1879,1879-12-30,0.12033306
"USA",1880,1880-12-30,0.1254597
"USA",1881,1881-12-30,0.12642455
"USA",1882,1882-12-30,0.1310108
"USA",1883,1883-12-30,0.13134626
"USA",1884,1884-12-30,0.13138734
"USA",1885,1885-12-30,0.13126135
"USA",1886,1886-12-30,0.1461353
"USA",1887,1887-12-30,0.15109947
"USA",1888,1888-12-30,0.1523269
"USA",1889,1889-12-30,0.15484266
"USA",1890,1890-12-30,0.16539624
"USA",1891,1891-12-30,0.16558971
"USA",1892,1892-12-30,0.17333591
"USA",1893,1893-12-30,0.16572861
"USA",1894,1894-12-30,0.15442234
"USA",1895,1895-12-30,0.16809899
"USA",1896,1896-12-30,0.16001122
"USA",1897,1897-12-30,0.16910996
"USA",1898,1898-12-30,0.19706185
"USA",1899,1899-12-30,0.18547629
"USA",1900,1900-12-30,0.18799882
"USA",1901,1901-12-30,0.2026186
"USA",1902,1902-12-30,0.2076682
"USA",1903,1903-12-30,0.21049646
"USA",1904,1904-12-30,0.20494163
"USA",1905,1905-12-30,0.21378319
"USA",1906,1906-12-30,0.21827872
"USA",1907,1907-12-30,0.22772999
"USA",1908,1908-12-30,0.20318815
"USA",1909,1909-12-30,0.22519203
"USA",1910,1910-12-30,0.22648241
"USA",1911,1911-12-30,0.21620536
"USA",1912,1912-12-30,0.22481573
"USA",1913,1913-12-30,0.21991131
"USA",1914,1914-12-29,0.20636405
"USA",1915,1915-12-29,0.2220827
"USA",1916,1916-12-29,0.23293602
"USA",1917,1917-12-29,0.24402818
"USA",1918,1918-12-30,0.29487148
"USA",1919,1919-12-30,0.38128334
"USA",1920,1920-12-30,0.28956637
"USA",1921,1921-12-30,0.2532295
"USA",1922,1922-12-30,0.25559509
"USA",1923,1923-12-30,0.27207768
"USA",1924,1924-12-30,0.25359103
"USA",1925,1925-12-30,0.25404567
"USA",1926,1926-12-30,0.26326758
"USA",1927,1927-12-30,0.23862661
"USA",1928,1928-12-30,0.2400723
"USA",1929,1929-12-30,0.23979345
"USA",1930,1930-12-30,0.22811012
"USA",1931,1931-12-30,0.21601571
"USA",1932,1932-12-30,0.19717696
"USA",1933,1933-12-30,0.20514032
"USA",1934,1934-12-30,0.19744284
"USA",1935,1935-12-30,0.19324611
"USA",1936,1936-12-30,0.20598476
"USA",1937,1937-12-30,0.20089963
"USA",1938,1938-12-30,0.1707712
"USA",1939,1939-12-30,0.18197109
"USA",1940,1940-12-29,0.20190711
"USA",1941,1941-12-29,0.24449451
"USA",1942,1942-12-29,0.2854552
"USA",1943,1943-12-29,0.3456322
"USA",1944,1944-12-29,0.3506417
"USA",1945,1945-12-29,0.38386354
"USA",1946,1946-12-29,0.36398837
"USA",1947,1947-12-29,0.30994186
"USA",1948,1948-12-29,0.2946597
"USA",1949,1949-12-29,0.27316636
"USA",1950,1950-12-29,0.28444302
"USA",1951,1951-12-29,0.31949946
"USA",1952,1952-12-29,0.31136742
"USA",1953,1953-12-29,0.31115836
"USA",1954,1954-12-29,0.28094009
"USA",1955,1955-12-29,0.26642248
"USA",1956,1956-12-29,0.2606138
"USA",1957,1957-12-29,0.2550486
"USA",1958,1958-12-29,0.23446997
"USA",1959,1959-12-29,0.22896473
"USA",1960,1960-12-29,0.21544383
"USA",1961,1961-12-29,0.21065485
"USA",1962,1962-12-29,0.20991142
"USA",1963,1963-12-29,0.20796648
"USA",1964,1964-12-29,0.20298257
"USA",1965,1965-12-29,0.2015391
"USA",1966,1966-12-29,0.20866945
"USA",1967,1967-12-29,0.20854811
"USA",1968,1968-12-29,0.20341188
"USA",1969,1969-12-29,0.19795081
"USA",1970,1970-12-29,0.18096918
"USA",1971,1971-12-29,0.16995624
"USA",1972,1972-12-29,0.16474316
"USA",1973,1973-12-29,0.15881944
"USA",1974,1974-12-29,0.15269861
"USA",1975,1975-12-29,0.14394777
"USA",1976,1976-12-29,0.14246269
"USA",1977,1977-12-29,0.14182441
"USA",1978,1978-12-29,0.13967438
"USA",1979,1979-12-29,0.13721611
"USA",1980,1980-12-29,0.13311459
"USA",1981,1981-12-29,0.13800748
"USA",1982,1982-12-29,0.1295889
"USA",1983,1983-12-29,0.1329419
"USA",1984,1984-12-29,0.13559404
"USA",1985,1985-12-29,0.13731457
"USA",1986,1986-12-29,0.13528731
"USA",1987,1987-12-29,0.13402919
"USA",1988,1988-12-29,0.13446887
"USA",1989,1989-12-29,0.14823866
"USA",1990,1990-12-29,0.14125326
"USA",1991,1991-12-29,0.13713777
"USA",1992,1992-12-29,0.14824486
"USA",1993,1993-12-29,0.15345162
"USA",1994,1994-12-29,0.14568017
"USA",1995,1995-12-29,0.14037095
"USA",1996,1996-12-29,0.13841243
"USA",1997,1997-12-29,0.13955292
"USA",1998,1998-12-29,0.14151686
"USA",1999,1999-12-29,0.14250799
"USA",2000,2000-12-29,0.14268766
"USA",2001,2001-12-29,0.14141168
"USA",2002,2002-12-29,0.15347439
"USA",2003,2003-12-29,0.15177245
"USA",2004,2004-12-29,0.1514481
"USA",2005,2005-12-29,0.15630208
"USA",2006,2006-12-29,0.15419258
"USA",2007,2007-12-29,0.14972392
"USA",2008,2008-12-29,0.14751531
"USA",2009,2009-12-29,0.14588451
"USA",2010,2010-12-29,0.14757971
"USA",2011,2011-12-29,0.14285889
"USA",2012,2012-12-29,0.13892639
"USA",2013,2013-12-29,0.13264199
"USA",2014,2014-12-29,0.12940805
"USA",2015,2015-12-29,0.13303833
"USA",2016,2016-12-29,0.13305758
"CAN",1920,1920-12-30,0.01012836
"CAN",1921,1921-12-30,0.010542275
"CAN",1922,1922-12-30,0.0084077036
"CAN",1923,1923-12-30,0.0098605091
"CAN",1924,1924-12-30,0.0088946531
"CAN",1925,1925-12-30,0.0087038754
"CAN",1926,1926-12-30,0.0092399791
"CAN",1927,1927-12-30,0.0093703177
"CAN",1928,1928-12-30,0.0097021777
"CAN",1929,1929-12-30,0.0098029692
"CAN",1930,1930-12-30,0.0097882254
"CAN",1931,1931-12-30,0.0091850217
"CAN",1932,1932-12-30,0.0086330045
"CAN",1933,1933-12-30,0.0084307082
"CAN",1934,1934-12-30,0.0089084785
"CAN",1935,1935-12-30,0.0087363021
"CAN",1936,1936-12-30,0.0086480891
"CAN",1937,1937-12-30,0.0089261318
"CAN",1938,1938-12-30,0.0087165888
"CAN",1939,1939-12-30,0.0090911472
"CAN",1940,1940-12-29,0.012058837
"CAN",1941,1941-12-29,0.01507905
"CAN",1942,1942-12-29,0.017143585
"CAN",1943,1943-12-29,0.018521491
"CAN",1944,1944-12-29,0.01697485
"CAN",1945,1945-12-29,0.017041938
"CAN",1946,1946-12-29,0.015643977
"CAN",1947,1947-12-29,0.013187969
"CAN",1948,1948-12-29,0.012592783
"CAN",1949,1949-12-29,0.012812718
"CAN",1950,1950-12-29,0.012605249
"CAN",1951,1951-12-29,0.013534874
"CAN",1952,1952-12-29,0.014203724
"CAN",1953,1953-12-29,0.014219755
"CAN",1954,1954-12-29,0.01334111
"CAN",1955,1955-12-29,0.013189279
"CAN",1956,1956-12-29,0.013735953
"CAN",1957,1957-12-29,0.013207524
"CAN",1958,1958-12-29,0.012597365
"CAN",1959,1959-12-29,0.012827507
"CAN",1960,1960-12-29,0.012444773
"CAN",1961,1961-12-29,0.012568495
"CAN",1962,1962-12-29,0.012630004
"CAN",1963,1963-12-29,0.012449234
"CAN",1964,1964-12-29,0.012758554
"CAN",1965,1965-12-29,0.012746997
"CAN",1966,1966-12-29,0.012184688
"CAN",1967,1967-12-29,0.012022597
"CAN",1968,1968-12-29,0.011931072
"CAN",1969,1969-12-29,0.011099377
"CAN",1970,1970-12-29,0.011354282
"CAN",1971,1971-12-29,0.011483858
"CAN",1972,1972-12-29,0.011642309
"CAN",1973,1973-12-29,0.011570494
"CAN",1974,1974-12-29,0.011733489
"CAN",1975,1975-12-29,0.011700832
"CAN",1976,1976-12-29,0.011637148
"CAN",1977,1977-12-29,0.011730049
"CAN",1978,1978-12-29,0.011650193
"CAN",1979,1979-12-29,0.011783425
"CAN",1980,1980-12-29,0.011760736
"CAN",1981,1981-12-29,0.011713711
"CAN",1982,1982-12-29,0.011110692
"CAN",1983,1983-12-29,0.011199301
"CAN",1984,1984-12-29,0.011621215
"CAN",1985,1985-12-29,0.011122531
"CAN",1986,1986-12-29,0.011070146
"CAN",1987,1987-12-29,0.011249576
"CAN",1988,1988-12-29,0.011349097
"CAN",1989,1989-12-29,0.011969931
"CAN",1990,1990-12-29,0.011015653
"CAN",1991,1991-12-29,0.011731687
"CAN",1992,1992-12-29,0.012052817
"CAN",1993,1993-12-29,0.012016573
"CAN",1994,1994-12-29,0.01169921
"CAN",1995,1995-12-29,0.011476978
"CAN",1996,1996-12-29,0.01135161
"CAN",1997,1997-12-29,0.011202842
"CAN",1998,1998-12-29,0.011359061
"CAN",1999,1999-12-29,0.011492347
"CAN",2000,2000-12-29,0.011292482
"CAN",2001,2001-12-29,0.010798017
"CAN",2002,2002-12-29,0.0115449
"CAN",2003,2003-12-29,0.011360924
"CAN",2004,2004-12-29,0.01110299
"CAN",2005,2005-12-29,0.010919506
"CAN",2006,2006-12-29,0.01081054
"CAN",2007,2007-12-29,0.010836622
"CAN",2008,2008-12-29,0.010453145
"CAN",2009,2009-12-29,0.0096003301
"CAN",2010,2010-12-29,0.00965802
"CAN",2011,2011-12-29,0.0093720779
"CAN",2012,2012-12-29,0.0092022391
"CAN",2013,2013-12-29,0.0087339561
"CAN",2014,2014-12-29,0.0087198094
"CAN",2015,2015-12-29,0.0085933199
"CAN",2016,2016-12-29,0.0084070936
"CUB",1902,1902-12-30,0.0011214954
"CUB",1903,1903-12-30,0.0011200034
"CUB",1904,1904-12-30,0.0011527566
"CUB",1905,1905-12-30,0.0011217024
"CUB",1906,1906-12-30,0.0034079426
"CUB",1909,1909-12-30,0.0011668679
"CUB",1910,1910-12-30,0.0011720996
"CUB",1911,1911-12-30,0.0011660646
"CUB",1912,1912-12-30,0.0011763652
"CUB",1913,1913-12-30,0.0031744451
"CUB",1914,1914-12-29,0.0014208881
"CUB",1915,1915-12-29,0.0011777733
"CUB",1916,1916-12-29,0.0012201079
"CUB",1917,1917-12-29,0.0012402491
"CUB",1918,1918-12-30,0.0012452207
"CUB",1919,1919-12-30,0.001353588
"CUB",1920,1920-12-30,0.0016700639
"CUB",1921,1921-12-30,0.0017549171
"CUB",1922,1922-12-30,0.0016550444
"CUB",1923,1923-12-30,0.0015931007
"CUB",1924,1924-12-30,0.0017829695
"CUB",1925,1925-12-30,0.0018451679
"CUB",1926,1926-12-30,0.001876415
"CUB",1927,1927-12-30,0.0018457342
"CUB",1928,1928-12-30,0.0017728058
"CUB",1929,1929-12-30,0.001798469
"CUB",1930,1930-12-30,0.0017735991
"CUB",1931,1931-12-30,0.0017968075
"CUB",1932,1932-12-30,0.0018920132
"CUB",1933,1933-12-30,0.0018172119
"CUB",1934,1934-12-30,0.0018243855
"CUB",1935,1935-12-30,0.0017697593
"CUB",1936,1936-12-30,0.0018334549
"CUB",1937,1937-12-30,0.0018040766
"CUB",1938,1938-12-30,0.0017454737
"CUB",1939,1939-12-30,0.0015867949
"CUB",1940,1940-12-29,0.0014569231
"CUB",1941,1941-12-29,0.0017546256
"CUB",1942,1942-12-29,0.0014924143
"CUB",1943,1943-12-29,0.001826723
"CUB",1944,1944-12-29,0.0017596111
"CUB",1945,1945-12-29,0.0017084641
"CUB",1946,1946-12-29,0.002149998
"CUB",1947,1947-12-29,0.001898205
"CUB",1948,1948-12-29,0.0017359498
"CUB",1949,1949-12-29,0.0017946942
"CUB",1950,1950-12-29,0.0016774255
"CUB",1951,1951-12-29,0.0017868951
"CUB",1952,1952-12-29,0.0014931128
"CUB",1953,1953-12-29,0.001493723
"CUB",1954,1954-12-29,0.0016421061
"CUB",1955,1955-12-29,0.0013483645
"CUB",1956,1956-12-29,0.0013234533
"CUB",1957,1957-12-29,0.0014732383
"CUB",1958,1958-12-29,0.0017592495
"CUB",1959,1959-12-29,0.0017134912
"CUB",1960,1960-12-29,0.0018324672
"CUB",1961,1961-12-29,0.0037443023
"CUB",1962,1962-12-29,0.0036521628
"CUB",1963,1963-12-29,0.0019923216
"CUB",1964,1964-12-29,0.0021613606
"CUB",1965,1965-12-29,0.0021012598
"CUB",1966,1966-12-29,0.0020862762
"CUB",1967,1967-12-29,0.0019963172
"CUB",1968,1968-12-29,0.002098043
"CUB",1969,1969-12-29,0.0022413344
"CUB",1970,1970-12-29,0.0022710396
"CUB",1971,1971-12-29,0.0022520199
"CUB",1972,1972-12-29,0.002161426
"CUB",1973,1973-12-29,0.0021845661
"CUB",1974,1974-12-29,0.0021379085
"CUB",1975,1975-12-29,0.0020483625
"CUB",1976,1976-12-29,0.0023364043
"CUB",1977,1977-12-29,0.002782183
"CUB",1978,1978-12-29,0.0028752054
"CUB",1979,1979-12-29,0.002878482
"CUB",1980,1980-12-29,0.0028998344
"CUB",1981,1981-12-29,0.002950463
"CUB",1982,1982-12-29,0.0029672489
"CUB",1983,1983-12-29,0.0030725957
"CUB",1984,1984-12-29,0.0032743649
"CUB",1985,1985-12-29,0.0032881666
"CUB",1986,1986-12-29,0.0032609096
"CUB",1987,1987-12-29,0.0032813365
"CUB",1988,1988-12-29,0.0033445279
"CUB",1989,1989-12-29,0.0033451351
"CUB",1990,1990-12-29,0.003247815
"CUB",1991,1991-12-29,0.0032982575
"CUB",1992,1992-12-29,0.0027061875
"CUB",1993,1993-12-29,0.0026514567
"CUB",1994,1994-12-29,0.0019767873
"CUB",1995,1995-12-29,0.0016135538
"CUB",1996,1996-12-29,0.0015959943
"CUB",1997,1997-12-29,0.0014866642
"CUB",1998,1998-12-29,0.0014780174
"CUB",1999,1999-12-29,0.0014307521
"CUB",2000,2000-12-29,0.0014939543
"CUB",2001,2001-12-29,0.0014001738
"CUB",2002,2002-12-29,0.0013880959
"CUB",2003,2003-12-29,0.0013488694
"CUB",2004,2004-12-29,0.001332237
"CUB",2005,2005-12-29,0.0013511496
"CUB",2006,2006-12-29,0.001356856
"CUB",2007,2007-12-29,0.0013899988
"CUB",2008,2008-12-29,0.001395785
"CUB",2009,2009-12-29,0.0032792885
"CUB",2010,2010-12-29,0.0012997966
"CUB",2011,2011-12-29,0.0010868469
"CUB",2012,2012-12-29,0.0012746116
"CUB",2013,2013-12-29,0.0012535014
"CUB",2014,2014-12-29,0.0012356512
"CUB",2015,2015-12-29,0.0012347371
"CUB",2016,2016-12-29,0.0012124112
"HAI",1859,1859-12-30,0.0021028789
"HAI",1860,1860-12-30,0.00083716417
"HAI",1861,1861-12-30,0.00029791263
"HAI",1862,1862-12-30,0.00029637918
"HAI",1863,1863-12-30,0.00034724796
"HAI",1864,1864-12-30,0.00027519919
"HAI",1865,1865-12-30,0.00028847839
"HAI",1866,1866-12-30,0.00032804374
"HAI",1867,1867-12-30,0.00032954529
"HAI",1868,1868-12-30,0.00033817725
"HAI",1869,1869-12-30,0.00034564815
"HAI",1870,1870-12-30,0.00035098981
"HAI",1871,1871-12-30,0.00030153358
"HAI",1872,1872-12-30,0.00034983683
"HAI",1873,1873-12-30,0.00034811618
"HAI",1874,1874-12-30,0.00035673467
"HAI",1875,1875-12-30,0.00035488643
"HAI",1876,1876-12-30,0.00044024081
"HAI",1877,1877-12-30,0.00042509366
"HAI",1878,1878-12-30,0.0004561698
"HAI",1879,1879-12-30,0.00049779902
"HAI",1880,1880-12-30,0.00049811113
"HAI",1881,1881-12-30,0.00060483569
"HAI",1882,1882-12-30,0.00063209602
"HAI",1883,1883-12-30,0.00066264468
"HAI",1884,1884-12-30,0.0004189639
"HAI",1885,1885-12-30,0.00061968568
"HAI",1886,1886-12-30,0.00062239071
"HAI",1887,1887-12-30,0.00050378591
"HAI",1888,1888-12-30,0.00049724156
"HAI",1889,1889-12-30,0.00041195899
"HAI",1890,1890-12-30,0.00041329445
"HAI",1891,1891-12-30,0.00055831927
"HAI",1892,1892-12-30,0.00060867192
"HAI",1893,1893-12-30,0.00060170348
"HAI",1894,1894-12-30,0.00041678385
"HAI",1895,1895-12-30,0.00049437431
"HAI",1896,1896-12-30,0.00062256888
"HAI",1897,1897-12-30,0.0005775434
"HAI",1898,1898-12-30,0.00058805209
"HAI",1899,1899-12-30,0.00055902981
"HAI",1900,1900-12-30,0.00051574782
"HAI",1901,1901-12-30,0.00052644796
"HAI",1902,1902-12-30,0.00053410407
"HAI",1903,1903-12-30,0.00054256897
"HAI",1904,1904-12-30,0.00053472904
"HAI",1905,1905-12-30,0.00047725154
"HAI",1906,1906-12-30,0.00056885491
"HAI",1907,1907-12-30,0.00056531333
"HAI",1908,1908-12-30,0.00049589865
"HAI",1909,1909-12-30,0.00065731158
"HAI",1910,1910-12-30,0.00066948269
"HAI",1911,1911-12-30,0.00066874968
"HAI",1912,1912-12-30,0.00095535832
"HAI",1913,1913-12-30,0.00090609805
"HAI",1914,1914-12-29,0.00057953125
"HAI",1915,1915-12-29,0.00047307179
"HAI",1934,1934-12-30,0.00042887044
"HAI",1935,1935-12-30,0.00040724876
"HAI",1936,1936-12-30,0.00040840171
"HAI",1937,1937-12-30,0.00040274952
"HAI",1938,1938-12-30,0.00040151944
"HAI",1939,1939-12-30,0.00044501165
"HAI",1940,1940-12-29,0.00059896766
"HAI",1941,1941-12-29,0.00050434726
"HAI",1942,1942-12-29,0.00045446574
"HAI",1943,1943-12-29,0.00054447091
"HAI",1944,1944-12-29,0.00052491057
"HAI",1945,1945-12-29,0.00050887227
"HAI",1946,1946-12-29,0.00051548996
"HAI",1947,1947-12-29,0.00042661358
"HAI",1948,1948-12-29,0.00040925067
"HAI",1949,1949-12-29,0.00038858774
"HAI",1950,1950-12-29,0.0003660107
"HAI",1951,1951-12-29,0.00035863597
"HAI",1952,1952-12-29,0.00034050207
"HAI",1953,1953-12-29,0.00034724144
"HAI",1954,1954-12-29,0.00034194512
"HAI",1955,1955-12-29,0.00034330034
"HAI",1956,1956-12-29,0.00034476991
"HAI",1957,1957-12-29,0.00033805423
"HAI",1958,1958-12-29,0.0003408604
"HAI",1959,1959-12-29,0.00036080534
"HAI",1960,1960-12-29,0.00036403892
"HAI",1961,1961-12-29,0.00035555428
"HAI",1962,1962-12-29,0.00035057208
"HAI",1963,1963-12-29,0.00043640091
"HAI",1964,1964-12-29,0.00042624783
"HAI",1965,1965-12-29,0.00043097665
"HAI",1966,1966-12-29,0.00038339518
"HAI",1967,1967-12-29,0.00040178266
"HAI",1968,1968-12-29,0.00039330227
"HAI",1969,1969-12-29,0.00039147685
"HAI",1970,1970-12-29,0.00039704319
"HAI",1971,1971-12-29,0.00044075257
"HAI",1972,1972-12-29,0.00043480058
"HAI",1973,1973-12-29,0.0004290964
"HAI",1974,1974-12-29,0.00038554519
"HAI",1975,1975-12-29,0.0003834409
"HAI",1976,1976-12-29,0.00037992923
"HAI",1977,1977-12-29,0.00038439871
"HAI",1978,1978-12-29,0.00038147927
"HAI",1979,1979-12-29,0.00037796635
"HAI",1980,1980-12-29,0.0003782979
"HAI",1981,1981-12-29,0.00037473853
"HAI",1982,1982-12-29,0.00037277458
"HAI",1983,1983-12-29,0.00036959708
"HAI",1984,1984-12-29,0.00035122334
"HAI",1985,1985-12-29,0.00036484742
"HAI",1986,1986-12-29,0.00044796668
"HAI",1987,1987-12-29,0.00039320166
"HAI",1988,1988-12-29,0.00040337109
"HAI",1989,1989-12-29,0.00042599588
"HAI",1990,1990-12-29,0.00041991522
"HAI",1991,1991-12-29,0.00044041601
"HAI",1992,1992-12-29,0.00045532381
"HAI",1993,1993-12-29,0.00053024828
"HAI",1994,1994-12-29,0.00046222383
"HAI",1995,1995-12-29,0.00039675998
"HAI",1996,1996-12-29,0.00041746872
"HAI",1997,1997-12-29,0.00040469953
"HAI",1998,1998-12-29,0.00041553934
"HAI",1999,1999-12-29,0.00041434102
"HAI",2000,2000-12-29,0.00049730152
"HAI",2001,2001-12-29,0.00043940067
"HAI",2002,2002-12-29,0.00055880449
"HAI",2003,2003-12-29,0.00056012487
"HAI",2004,2004-12-29,0.00070081081
"HAI",2005,2005-12-29,0.00058367115
"HAI",2006,2006-12-29,0.00058999623
"HAI",2007,2007-12-29,0.00074579864
"HAI",2008,2008-12-29,0.0006318274
"HAI",2009,2009-12-29,0.0006107075
"HAI",2010,2010-12-29,0.00055057043
"HAI",2011,2011-12-29,0.00055053987
"HAI",2012,2012-12-29,0.00055144262
"HAI",2013,2013-12-29,0.00054839556
"HAI",2014,2014-12-29,0.00054754183
"HAI",2015,2015-12-29,0.00054865546
"HAI",2016,2016-12-29,0.00045888897
"DOM",1894,1894-12-30,0.00013925751
"DOM",1895,1895-12-30,0.00014120106
"DOM",1896,1896-12-30,0.00014403493
"DOM",1897,1897-12-30,0.00014442988
"DOM",1898,1898-12-30,0.00014286129
"DOM",1899,1899-12-30,0.00014669869
"DOM",1900,1900-12-30,0.00014577607
"DOM",1901,1901-12-30,0.00014648636
"DOM",1902,1902-12-30,0.00014751872
"DOM",1903,1903-12-30,0.00016685818
"DOM",1904,1904-12-30,0.00014682846
"DOM",1905,1905-12-30,0.00014512557
"DOM",1906,1906-12-30,0.00015282595
"DOM",1907,1907-12-30,0.00015600555
"DOM",1908,1908-12-30,0.00018067336
"DOM",1909,1909-12-30,0.00018850874
"DOM",1910,1910-12-30,0.00017222484
"DOM",1911,1911-12-30,0.00015629598
"DOM",1912,1912-12-30,0.00015960126
"DOM",1913,1913-12-30,0.00019834809
"DOM",1914,1914-12-29,0.00015960292
"DOM",1915,1915-12-29,0.00013864393
"DOM",1916,1916-12-29,0.00013977151
"DOM",1924,1924-12-30,0.00023232098
"DOM",1925,1925-12-30,0.00022283793
"DOM",1926,1926-12-30,0.00022206648
"DOM",1927,1927-12-30,0.0002699114
"DOM",1928,1928-12-30,0.00024492326
"DOM",1929,1929-12-30,0.00024280774
"DOM",1930,1930-12-30,0.00023308759
"DOM",1931,1931-12-30,0.00023690204
"DOM",1932,1932-12-30,0.00024870402
"DOM",1933,1933-12-30,0.00024500038
"DOM",1934,1934-12-30,0.00026287584
"DOM",1935,1935-12-30,0.00024083591
"DOM",1936,1936-12-30,0.00025710024
"DOM",1937,1937-12-30,0.00025425132
"DOM",1938,1938-12-30,0.00025246287
"DOM",1939,1939-12-30,0.00021563195
"DOM",1940,1940-12-29,0.00035422895
"DOM",1941,1941-12-29,0.00037491301
"DOM",1942,1942-12-29,0.00033100927
"DOM",1943,1943-12-29,0.000340862
"DOM",1944,1944-12-29,0.00033778496
"DOM",1945,1945-12-29,0.00033819687
"DOM",1946,1946-12-29,0.00045093423
"DOM",1947,1947-12-29,0.0004415673
"DOM",1948,1948-12-29,0.00056839449
"DOM",1949,1949-12-29,0.00053280097
"DOM",1950,1950-12-29,0.00049698335
"DOM",1951,1951-12-29,0.00050919002
"DOM",1952,1952-12-29,0.00048953568
"DOM",1953,1953-12-29,0.00045628005
"DOM",1954,1954-12-29,0.00045402366
"DOM",1955,1955-12-29,0.00041130808
"DOM",1956,1956-12-29,0.00043845444
"DOM",1957,1957-12-29,0.00053623779
"DOM",1958,1958-12-29,0.00050735584
"DOM",1959,1959-12-29,0.00052150746
"DOM",1960,1960-12-29,0.00051104993
"DOM",1961,1961-12-29,0.00052105397
"DOM",1962,1962-12-29,0.00051704631
"DOM",1963,1963-12-29,0.00052606704
"DOM",1964,1964-12-29,0.00052689476
"DOM",1965,1965-12-29,0.00052447309
"DOM",1966,1966-12-29,0.00053158822
"DOM",1967,1967-12-29,0.00053491729
"DOM",1968,1968-12-29,0.00054950884
"DOM",1969,1969-12-29,0.00055211253
"DOM",1970,1970-12-29,0.00055002602
"DOM",1971,1971-12-29,0.0005670067
"DOM",1972,1972-12-29,0.00058538612
"DOM",1973,1973-12-29,0.00060086604
"DOM",1974,1974-12-29,0.00065395533
"DOM",1975,1975-12-29,0.00067864673
"DOM",1976,1976-12-29,0.00069791905
"DOM",1977,1977-12-29,0.0007339131
"DOM",1978,1978-12-29,0.00074584573
"DOM",1979,1979-12-29,0.00077633816
"DOM",1980,1980-12-29,0.0008108202
"DOM",1981,1981-12-29,0.00080508419
"DOM",1982,1982-12-29,0.00079793314
"DOM",1983,1983-12-29,0.00078035431
"DOM",1984,1984-12-29,0.00075907964
"DOM",1985,1985-12-29,0.000728101
"DOM",1986,1986-12-29,0.00071394106
"DOM",1987,1987-12-29,0.00071681512
"DOM",1988,1988-12-29,0.00069852063
"DOM",1989,1989-12-29,0.00071040407
"DOM",1990,1990-12-29,0.00069871981
"DOM",1991,1991-12-29,0.0007317657
"DOM",1992,1992-12-29,0.00074988464
"DOM",1993,1993-12-29,0.00076103373
"DOM",1994,1994-12-29,0.00077329518
"DOM",1995,1995-12-29,0.00077803485
"DOM",1996,1996-12-29,0.00078604807
"DOM",1997,1997-12-29,0.00079718372
"DOM",1998,1998-12-29,0.00082244264
"DOM",1999,1999-12-29,0.0008599913
"DOM",2000,2000-12-29,0.00082597323
"DOM",2001,2001-12-29,0.00084684999
"DOM",2002,2002-12-29,0.00080935506
"DOM",2003,2003-12-29,0.00082322262
"DOM",2004,2004-12-29,0.00080108008
"DOM",2005,2005-12-29,0.00082010578
"DOM",2006,2006-12-29,0.00081888522
"DOM",2007,2007-12-29,0.00082163647
"DOM",2008,2008-12-29,0.0010173593
"DOM",2009,2009-12-29,0.0010013258
"DOM",2010,2010-12-29,0.00099095621
"DOM",2011,2011-12-29,0.00080067496
"DOM",2012,2012-12-29,0.00080134079
"DOM",2013,2013-12-29,0.00079879985
"DOM",2014,2014-12-29,0.0009733339
"DOM",2015,2015-12-29,0.00097943773
"DOM",2016,2016-12-29,0.0010733992
"MEX",1831,1831-12-30,0.0094523551
"MEX",1832,1832-12-30,0.0096307229
"MEX",1833,1833-12-30,0.009579475
"MEX",1834,1834-12-30,0.0097105037
"MEX",1835,1835-12-30,0.0098031396
"MEX",1836,1836-12-30,0.0094143115
"MEX",1837,1837-12-30,0.0097467899
"MEX",1838,1838-12-30,0.0096587781
"MEX",1839,1839-12-30,0.0094782729
"MEX",1840,1840-12-30,0.0089768423
"MEX",1841,1841-12-30,0.0088399816
"MEX",1842,1842-12-30,0.0087672444
"MEX",1843,1843-12-30,0.0086916434
"MEX",1844,1844-12-30,0.011401067
"MEX",1845,1845-12-30,0.0088118156
"MEX",1846,1846-12-30,0.017939458
"MEX",1847,1847-12-30,0.0086195553
"MEX",1848,1848-12-30,0.0086817136
"MEX",1849,1849-12-30,0.0085954256
"MEX",1850,1850-12-30,0.0085846074
"MEX",1851,1851-12-30,0.0087979855
"MEX",1852,1852-12-30,0.008632889
"MEX",1853,1853-12-30,0.0085896514
"MEX",1854,1854-12-30,0.0084410813
"MEX",1855,1855-12-30,0.0078971004
"MEX",1856,1856-12-30,0.0077332254
"MEX",1857,1857-12-30,0.0080972137
"MEX",1858,1858-12-30,0.0082070688
"MEX",1859,1859-12-30,0.0081490958
"MEX",1860,1860-12-30,0.0051923366
"MEX",1861,1861-12-30,0.0051037692
"MEX",1862,1862-12-30,0.0052148192
"MEX",1863,1863-12-30,0.0044614282
"MEX",1864,1864-12-30,0.0046122498
"MEX",1865,1865-12-30,0.0065961028
"MEX",1866,1866-12-30,0.0077329068
"MEX",1867,1867-12-30,0.0055964789
"MEX",1868,1868-12-30,0.0062996889
"MEX",1869,1869-12-30,0.006195317
"MEX",1870,1870-12-30,0.0053070425
"MEX",1871,1871-12-30,0.0055929343
"MEX",1872,1872-12-30,0.006536568
"MEX",1873,1873-12-30,0.0063916198
"MEX",1874,1874-12-30,0.0065796459
"MEX",1875,1875-12-30,0.0066227037
"MEX",1876,1876-12-30,0.0061491313
"MEX",1877,1877-12-30,0.0059929979
"MEX",1878,1878-12-30,0.005239022
"MEX",1879,1879-12-30,0.0059532705
"MEX",1880,1880-12-30,0.0058869678
"MEX",1881,1881-12-30,0.0059916396
"MEX",1882,1882-12-30,0.00567589
"MEX",1883,1883-12-30,0.0057601416
"MEX",1884,1884-12-30,0.0055711893
"MEX",1885,1885-12-30,0.0055404091
"MEX",1886,1886-12-30,0.0062536797
"MEX",1887,1887-12-30,0.0060317027
"MEX",1888,1888-12-30,0.0064270049
"MEX",1889,1889-12-30,0.006671743
"MEX",1890,1890-12-30,0.0063882135
"MEX",1891,1891-12-30,0.0065287072
"MEX",1892,1892-12-30,0.0069378698
"MEX",1893,1893-12-30,0.0064615593
"MEX",1894,1894-12-30,0.0061699999
"MEX",1895,1895-12-30,0.0059407381
"MEX",1896,1896-12-30,0.0050736661
"MEX",1897,1897-12-30,0.0049480512
"MEX",1898,1898-12-30,0.0047825542
"MEX",1899,1899-12-30,0.0047436738
"MEX",1900,1900-12-30,0.0047950298
"MEX",1901,1901-12-30,0.0048922617
"MEX",1902,1902-12-30,0.0048195021
"MEX",1903,1903-12-30,0.0048289341
"MEX",1904,1904-12-30,0.0048417915
"MEX",1905,1905-12-30,0.004523742
"MEX",1906,1906-12-30,0.0047620181
"MEX",1907,1907-12-30,0.0049432828
"MEX",1908,1908-12-30,0.0051263561
"MEX",1909,1909-12-30,0.0051028905
"MEX",1910,1910-12-30,0.0051159719
"MEX",1911,1911-12-30,0.0053422973
"MEX",1912,1912-12-30,0.0060746078
"MEX",1913,1913-12-30,0.0053459615
"MEX",1914,1914-12-29,0.0045623509
"MEX",1915,1915-12-29,0.0045530661
"MEX",1916,1916-12-29,0.0054274891
"MEX",1917,1917-12-29,0.0042862119
"MEX",1918,1918-12-30,0.0038654439
"MEX",1919,1919-12-30,0.0059930342
"MEX",1920,1920-12-30,0.0069052605
"MEX",1921,1921-12-30,0.007108354
"MEX",1922,1922-12-30,0.0069531477
"MEX",1923,1923-12-30,0.0070270849
"MEX",1924,1924-12-30,0.0072455783
"MEX",1925,1925-12-30,0.0072574588
"MEX",1926,1926-12-30,0.0074400287
"MEX",1927,1927-12-30,0.0072401562
"MEX",1928,1928-12-30,0.0073753521
"MEX",1929,1929-12-30,0.0072942385
"MEX",1930,1930-12-30,0.0067745592
"MEX",1931,1931-12-30,0.0064985752
"MEX",1932,1932-12-30,0.006199236
"MEX",1933,1933-12-30,0.005993396
"MEX",1934,1934-12-30,0.0059330701
"MEX",1935,1935-12-30,0.0055269077
"MEX",1936,1936-12-30,0.0053757392
"MEX",1937,1937-12-30,0.005476302
"MEX",1938,1938-12-30,0.0056588231
"MEX",1939,1939-12-30,0.0052810302
"MEX",1940,1940-12-29,0.0055668233
"MEX",1941,1941-12-29,0.0058116997
"MEX",1942,1942-12-29,0.005286972
"MEX",1943,1943-12-29,0.0055367667
"MEX",1944,1944-12-29,0.0062339203
"MEX",1945,1945-12-29,0.0064861756
"MEX",1946,1946-12-29,0.007120451
"MEX",1947,1947-12-29,0.0065251146
"MEX",1948,1948-12-29,0.0066099172
"MEX",1949,1949-12-29,0.006461075
"MEX",1950,1950-12-29,0.0066975127
"MEX",1951,1951-12-29,0.0067984778
"MEX",1952,1952-12-29,0.0065768464
"MEX",1953,1953-12-29,0.0065431823
"MEX",1954,1954-12-29,0.0065470994
"MEX",1955,1955-12-29,0.0062768161
"MEX",1956,1956-12-29,0.0063226181
"MEX",1957,1957-12-29,0.0065242806
"MEX",1958,1958-12-29,0.0069274614
"MEX",1959,1959-12-29,0.0071271677
"MEX",1960,1960-12-29,0.0071328003
"MEX",1961,1961-12-29,0.007490254
"MEX",1962,1962-12-29,0.0076250639
"MEX",1963,1963-12-29,0.0076685366
"MEX",1964,1964-12-29,0.0079688374
"MEX",1965,1965-12-29,0.0081468495
"MEX",1966,1966-12-29,0.0083786491
"MEX",1967,1967-12-29,0.0087065259
"MEX",1968,1968-12-29,0.0086014206
"MEX",1969,1969-12-29,0.0082424078
"MEX",1970,1970-12-29,0.010004516
"MEX",1971,1971-12-29,0.0099521074
"MEX",1972,1972-12-29,0.0099671902
"MEX",1973,1973-12-29,0.0098998304
"MEX",1974,1974-12-29,0.010007672
"MEX",1975,1975-12-29,0.010188706
"MEX",1976,1976-12-29,0.010419272
"MEX",1977,1977-12-29,0.010800863
"MEX",1978,1978-12-29,0.011491411
"MEX",1979,1979-12-29,0.011815346
"MEX",1980,1980-12-29,0.012225123
"MEX",1981,1981-12-29,0.012473963
"MEX",1982,1982-12-29,0.012619035
"MEX",1983,1983-12-29,0.012199434
"MEX",1984,1984-12-29,0.012106846
"MEX",1985,1985-12-29,0.012232454
"MEX",1986,1986-12-29,0.01196913
"MEX",1987,1987-12-29,0.011981407
"MEX",1988,1988-12-29,0.011845606
"MEX",1989,1989-12-29,0.012262589
"MEX",1990,1990-12-29,0.012042532
"MEX",1991,1991-12-29,0.012396405
"MEX",1992,1992-12-29,0.01279306
"MEX",1993,1993-12-29,0.012726694
"MEX",1994,1994-12-29,0.013238957
"MEX",1995,1995-12-29,0.013357245
"MEX",1996,1996-12-29,0.013659887
"MEX",1997,1997-12-29,0.014192429
"MEX",1998,1998-12-29,0.014492374
"MEX",1999,1999-12-29,0.01463274
"MEX",2000,2000-12-29,0.014036591
"MEX",2001,2001-12-29,0.0138064
"MEX",2002,2002-12-29,0.015783384
"MEX",2003,2003-12-29,0.015711069
"MEX",2004,2004-12-29,0.015534741
"MEX",2005,2005-12-29,0.015336172
"MEX",2006,2006-12-29,0.015129529
"MEX",2007,2007-12-29,0.015416575
"MEX",2008,2008-12-29,0.01529388
"MEX",2009,2009-12-29,0.01513409
"MEX",2010,2010-12-29,0.015091559
"MEX",2011,2011-12-29,0.015197395
"MEX",2012,2012-12-29,0.015086647
"MEX",2013,2013-12-29,0.014834207
"MEX",2014,2014-12-29,0.014866905
"MEX",2015,2015-12-29,0.014727841
"MEX",2016,2016-12-29,0.014677403
"GUA",1868,1868-12-30,0.00027150367
"GUA",1869,1869-12-30,0.00029471991
"GUA",1870,1870-12-30,0.00027989564
"GUA",1871,1871-12-30,0.00024198732
"GUA",1872,1872-12-30,0.00042155638
"GUA",1873,1873-12-30,0.00050923479
"GUA",1874,1874-12-30,0.00045458513
"GUA",1875,1875-12-30,0.00027947355
"GUA",1876,1876-12-30,0.00027348782
"GUA",1877,1877-12-30,0.00040242838
"GUA",1878,1878-12-30,0.00026183022
"GUA",1879,1879-12-30,0.00048853253
"GUA",1880,1880-12-30,0.00028029372
"GUA",1881,1881-12-30,0.00042023553
"GUA",1882,1882-12-30,0.00040779627
"GUA",1883,1883-12-30,0.00024027366
"GUA",1884,1884-12-30,0.00024056189
"GUA",1885,1885-12-30,0.00028551972
"GUA",1886,1886-12-30,0.000285135
"GUA",1887,1887-12-30,0.00028198076
"GUA",1888,1888-12-30,0.00041283379
"GUA",1889,1889-12-30,0.00070272019
"GUA",1890,1890-12-30,0.00036959056
"GUA",1891,1891-12-30,0.00027731596
"GUA",1892,1892-12-30,0.00046762353
"GUA",1893,1893-12-30,0.00044076226
"GUA",1894,1894-12-30,0.00043246537
"GUA",1895,1895-12-30,0.00055002409
"GUA",1896,1896-12-30,0.00061948522
"GUA",1897,1897-12-30,0.00052781554
"GUA",1898,1898-12-30,0.00051401142
"GUA",1899,1899-12-30,0.00056346739
"GUA",1900,1900-12-30,0.00051514438
"GUA",1901,1901-12-30,0.00056742749
"GUA",1902,1902-12-30,0.00075920683
"GUA",1903,1903-12-30,0.00041141425
"GUA",1904,1904-12-30,0.00052487175
"GUA",1905,1905-12-30,0.00044610252
"GUA",1906,1906-12-30,0.00051779189
"GUA",1907,1907-12-30,0.00054721453
"GUA",1908,1908-12-30,0.00053890131
"GUA",1909,1909-12-30,0.0005387683
"GUA",1910,1910-12-30,0.0005302502
"GUA",1911,1911-12-30,0.00050736446
"GUA",1912,1912-12-30,0.00038194782
"GUA",1913,1913-12-30,0.00036671842
"GUA",1914,1914-12-29,0.00033031695
"GUA",1915,1915-12-29,0.00020410294
"GUA",1916,1916-12-29,0.00020509999
"GUA",1917,1917-12-29,0.00024157601
"GUA",1918,1918-12-30,0.00024463638
"GUA",1919,1919-12-30,0.00054654211
"GUA",1920,1920-12-30,0.00054364413
"GUA",1921,1921-12-30,0.00054484059
"GUA",1922,1922-12-30,0.00048240414
"GUA",1923,1923-12-30,0.00051579584
"GUA",1924,1924-12-30,0.00059645565
"GUA",1925,1925-12-30,0.00060332048
"GUA",1926,1926-12-30,0.00064019731
"GUA",1927,1927-12-30,0.00060114358
"GUA",1928,1928-12-30,0.00058693817
"GUA",1929,1929-12-30,0.00058513397
"GUA",1930,1930-12-30,0.00058385375
"GUA",1931,1931-12-30,0.00057825015
"GUA",1932,1932-12-30,0.000599386
"GUA",1933,1933-12-30,0.00055060594
"GUA",1934,1934-12-30,0.00056077499
"GUA",1935,1935-12-30,0.00050333608
"GUA",1936,1936-12-30,0.0005111678
"GUA",1937,1937-12-30,0.00049684278
"GUA",1938,1938-12-30,0.00050116878
"GUA",1939,1939-12-30,0.00046491003
"GUA",1940,1940-12-29,0.00057030615
"GUA",1941,1941-12-29,0.0006026401
"GUA",1942,1942-12-29,0.0005004179
"GUA",1943,1943-12-29,0.00063759118
"GUA",1944,1944-12-29,0.00049699587
"GUA",1945,1945-12-29,0.00061070319
"GUA",1946,1946-12-29,0.00068780553
"GUA",1947,1947-12-29,0.00066298281
"GUA",1948,1948-12-29,0.00066878612
"GUA",1949,1949-12-29,0.00063531188
"GUA",1950,1950-12-29,0.00063678843
"GUA",1951,1951-12-29,0.00060124265
"GUA",1952,1952-12-29,0.0004484308
"GUA",1953,1953-12-29,0.00044796101
"GUA",1954,1954-12-29,0.00044549839
"GUA",1955,1955-12-29,0.00043788916
"GUA",1956,1956-12-29,0.00044741193
"GUA",1957,1957-12-29,0.00044938299
"GUA",1958,1958-12-29,0.00045023393
"GUA",1959,1959-12-29,0.00045064709
"GUA",1960,1960-12-29,0.00045749391
"GUA",1961,1961-12-29,0.00045549276
"GUA",1962,1962-12-29,0.00046468774
"GUA",1963,1963-12-29,0.00047790504
"GUA",1964,1964-12-29,0.00048844278
"GUA",1965,1965-12-29,0.00051177124
"GUA",1966,1966-12-29,0.00050673232
"GUA",1967,1967-12-29,0.000509226
"GUA",1968,1968-12-29,0.00053837826
"GUA",1969,1969-12-29,0.00052839547
"GUA",1970,1970-12-29,0.00056901097
"GUA",1971,1971-12-29,0.00056749949
"GUA",1972,1972-12-29,0.00057203812
"GUA",1973,1973-12-29,0.00055851461
"GUA",1974,1974-12-29,0.00055681315
"GUA",1975,1975-12-29,0.00056302978
"GUA",1976,1976-12-29,0.00056357926
"GUA",1977,1977-12-29,0.00057119923
"GUA",1978,1978-12-29,0.00056400278
"GUA",1979,1979-12-29,0.00061866094
"GUA",1980,1980-12-29,0.00062377384
"GUA",1981,1981-12-29,0.00066292949
"GUA",1982,1982-12-29,0.00069040473
"GUA",1983,1983-12-29,0.00075252762
"GUA",1984,1984-12-29,0.0007494099
"GUA",1985,1985-12-29,0.00077055732
"GUA",1986,1986-12-29,0.00075730169
"GUA",1987,1987-12-29,0.00075378135
"GUA",1988,1988-12-29,0.00075738138
"GUA",1989,1989-12-29,0.00076986046
"GUA",1990,1990-12-29,0.00076061732
"GUA",1991,1991-12-29,0.00081544573
"GUA",1992,1992-12-29,0.00084473816
"GUA",1993,1993-12-29,0.00084915466
"GUA",1994,1994-12-29,0.00078833348
"GUA",1995,1995-12-29,0.00078763434
"GUA",1996,1996-12-29,0.00080250792
"GUA",1997,1997-12-29,0.00075920485
"GUA",1998,1998-12-29,0.00077116198
"GUA",1999,1999-12-29,0.00077782612
"GUA",2000,2000-12-29,0.00084375381
"GUA",2001,2001-12-29,0.00092104118
"GUA",2002,2002-12-29,0.00094816717
"GUA",2003,2003-12-29,0.00093912118
"GUA",2004,2004-12-29,0.00092607946
"GUA",2005,2005-12-29,0.00091380801
"GUA",2006,2006-12-29,0.00092409929
"GUA",2007,2007-12-29,0.00082588661
"GUA",2008,2008-12-29,0.00081309449
"GUA",2009,2009-12-29,0.00082121382
"GUA",2010,2010-12-29,0.00081486441
"GUA",2011,2011-12-29,0.00084664376
"GUA",2012,2012-12-29,0.00083318376
"GUA",2013,2013-12-29,0.00085150462
"GUA",2014,2014-12-29,0.00085859565
"GUA",2015,2015-12-29,0.00086581969
"GUA",2016,2016-12-29,0.00088594167
"HON",1899,1899-12-30,0.0001139766
"HON",1900,1900-12-30,0.00012359812
"HON",1901,1901-12-30,0.00013214099
"HON",1902,1902-12-30,0.00019051309
"HON",1903,1903-12-30,0.00012919313
"HON",1904,1904-12-30,0.00014166527
"HON",1905,1905-12-30,0.00012770027
"HON",1906,1906-12-30,0.00014353565
"HON",1907,1907-12-30,0.00016254798
"HON",1908,1908-12-30,0.00016077395
"HON",1909,1909-12-30,0.00015110083
"HON",1910,1910-12-30,0.00017734531
"HON",1911,1911-12-30,0.00017072774
"HON",1912,1912-12-30,0.00015891469
"HON",1913,1913-12-30,0.00016088143
"HON",1914,1914-12-29,0.00015003679
"HON",1915,1915-12-29,0.00011119939
"HON",1916,1916-12-29,0.00011258714
"HON",1917,1917-12-29,9.9941455e-05
"HON",1918,1918-12-30,0.00013204492
"HON",1919,1919-12-30,0.00016035918
"HON",1920,1920-12-30,0.00016599539
"HON",1921,1921-12-30,0.00016894376
"HON",1922,1922-12-30,0.00018518094
"HON",1923,1923-12-30,0.00020561396
"HON",1924,1924-12-30,0.00023152825
"HON",1925,1925-12-30,0.00019809583
"HON",1926,1926-12-30,0.00020092077
"HON",1927,1927-12-30,0.00019372549
"HON",1928,1928-12-30,0.00018998052
"HON",1929,1929-12-30,0.00019641389
"HON",1930,1930-12-30,0.00018402045
"HON",1931,1931-12-30,0.00018681573
"HON",1932,1932-12-30,0.00019217946
"HON",1933,1933-12-30,0.00016487931
"HON",1934,1934-12-30,0.0001841573
"HON",1935,1935-12-30,0.00017142596
"HON",1936,1936-12-30,0.00017358871
"HON",1937,1937-12-30,0.00017115056
"HON",1938,1938-12-30,0.00016984735
"HON",1939,1939-12-30,0.00014162897
"HON",1940,1940-12-29,0.00015484335
"HON",1941,1941-12-29,0.0001961972
"HON",1942,1942-12-29,0.00016489779
"HON",1943,1943-12-29,0.00016495035
"HON",1944,1944-12-29,0.00016151833
"HON",1945,1945-12-29,0.00015770893
"HON",1946,1946-12-29,0.00017926937
"HON",1947,1947-12-29,0.00015789601
"HON",1948,1948-12-29,0.0001637567
"HON",1949,1949-12-29,0.0001510197
"HON",1950,1950-12-29,0.00015178112
"HON",1951,1951-12-29,0.00014731073
"HON",1952,1952-12-29,0.00014106378
"HON",1953,1953-12-29,0.00014095218
"HON",1954,1954-12-29,0.00014040698
"HON",1955,1955-12-29,0.00014689202
"HON",1956,1956-12-29,0.00015069052
"HON",1957,1957-12-29,0.00015153387
"HON",1958,1958-12-29,0.00019662698
"HON",1959,1959-12-29,0.00019801709
"HON",1960,1960-12-29,0.00019759103
"HON",1961,1961-12-29,0.00021644532
"HON",1962,1962-12-29,0.00022186336
"HON",1963,1963-12-29,0.00020753228
"HON",1964,1964-12-29,0.00020809607
"HON",1965,1965-12-29,0.00022262194
"HON",1966,1966-12-29,0.00022348197
"HON",1967,1967-12-29,0.00022763229
"HON",1968,1968-12-29,0.00024572806
"HON",1969,1969-12-29,0.00026534943
"HON",1970,1970-12-29,0.00029171866
"HON",1971,1971-12-29,0.00030290656
"HON",1972,1972-12-29,0.00033328673
"HON",1973,1973-12-29,0.00033822173
"HON",1974,1974-12-29,0.00032334027
"HON",1975,1975-12-29,0.00034550429
"HON",1976,1976-12-29,0.00035044801
"HON",1977,1977-12-29,0.00035890075
"HON",1978,1978-12-29,0.00037632496
"HON",1979,1979-12-29,0.00038244942
"HON",1980,1980-12-29,0.00039640669
"HON",1981,1981-12-29,0.00040880847
"HON",1982,1982-12-29,0.00042099855
"HON",1983,1983-12-29,0.00044975069
"HON",1984,1984-12-29,0.0004642765
"HON",1985,1985-12-29,0.00047723381
"HON",1986,1986-12-29,0.00047654979
"HON",1987,1987-12-29,0.00049108866
"HON",1988,1988-12-29,0.00051979953
"HON",1989,1989-12-29,0.0004998098
"HON",1990,1990-12-29,0.00048740066
"HON",1991,1991-12-29,0.00050561491
"HON",1992,1992-12-29,0.00051359489
"HON",1993,1993-12-29,0.00050472765
"HON",1994,1994-12-29,0.00050374109
"HON",1995,1995-12-29,0.0005043514
"HON",1996,1996-12-29,0.00046035787
"HON",1997,1997-12-29,0.00045898237
"HON",1998,1998-12-29,0.0004290306
"HON",1999,1999-12-29,0.0004229616
"HON",2000,2000-12-29,0.00042210479
"HON",2001,2001-12-29,0.00042469421
"HON",2002,2002-12-29,0.00041335225
"HON",2003,2003-12-29,0.00044776095
"HON",2004,2004-12-29,0.00045012456
"HON",2005,2005-12-29,0.00045464881
"HON",2006,2006-12-29,0.00045740523
"HON",2007,2007-12-29,0.00046414984
"HON",2008,2008-12-29,0.00046525084
"HON",2009,2009-12-29,0.00046791838
"HON",2010,2010-12-29,0.00046984339
"HON",2011,2011-12-29,0.00050253514
"HON",2012,2012-12-29,0.00050922902
"HON",2013,2013-12-29,0.00049572921
"HON",2014,2014-12-29,0.00050238246
"HON",2015,2015-12-29,0.00051329337
"HON",2016,2016-12-29,0.00051437272
"SAL",1875,1875-12-30,0.00017804607
"SAL",1876,1876-12-30,0.00029629353
"SAL",1877,1877-12-30,0.00017754598
"SAL",1878,1878-12-30,0.00017464292
"SAL",1879,1879-12-30,0.00018245826
"SAL",1880,1880-12-30,0.00018356057
"SAL",1881,1881-12-30,0.00032484363
"SAL",1882,1882-12-30,0.00032484674
"SAL",1883,1883-12-30,0.0002668763
"SAL",1884,1884-12-30,0.0002582673
"SAL",1885,1885-12-30,0.00026738367
"SAL",1886,1886-12-30,0.00023273255
"SAL",1887,1887-12-30,0.00028473872
"SAL",1888,1888-12-30,0.00027939962
"SAL",1889,1889-12-30,0.00030183388
"SAL",1890,1890-12-30,0.00050219364
"SAL",1891,1891-12-30,0.0003054454
"SAL",1892,1892-12-30,0.00045232306
"SAL",1893,1893-12-30,0.00044624583
"SAL",1894,1894-12-30,0.00054973934
"SAL",1895,1895-12-30,0.00030476635
"SAL",1896,1896-12-30,0.00046185462
"SAL",1897,1897-12-30,0.0002630493
"SAL",1898,1898-12-30,0.00025378738
"SAL",1899,1899-12-30,0.00026003108
"SAL",1900,1900-12-30,0.00030612817
"SAL",1901,1901-12-30,0.00028600323
"SAL",1902,1902-12-30,0.00029714868
"SAL",1903,1903-12-30,0.00031159702
"SAL",1904,1904-12-30,0.00028136792
"SAL",1905,1905-12-30,0.00025738092
"SAL",1906,1906-12-30,0.00029293206
"SAL",1907,1907-12-30,0.00030674646
"SAL",1908,1908-12-30,0.00026106861
"SAL",1909,1909-12-30,0.0003188769
"SAL",1910,1910-12-30,0.00031418714
"SAL",1911,1911-12-30,0.00030464289
"SAL",1912,1912-12-30,0.00031819948
"SAL",1913,1913-12-30,0.00028989621
"SAL",1914,1914-12-29,0.00025306357
"SAL",1915,1915-12-29,0.0001944805
"SAL",1916,1916-12-29,0.00019886793
"SAL",1917,1917-12-29,0.00019730955
"SAL",1918,1918-12-30,0.00020031817
"SAL",1919,1919-12-30,0.00023554193
"SAL",1920,1920-12-30,0.00023946658
"SAL",1921,1921-12-30,0.00021940205
"SAL",1922,1922-12-30,0.00023446954
"SAL",1923,1923-12-30,0.00025084708
"SAL",1924,1924-12-30,0.00027620909
"SAL",1925,1925-12-30,0.0002526585
"SAL",1926,1926-12-30,0.00025463954
"SAL",1927,1927-12-30,0.00025678275
"SAL",1928,1928-12-30,0.00026062992
"SAL",1929,1929-12-30,0.00026042899
"SAL",1930,1930-12-30,0.00025990259
"SAL",1931,1931-12-30,0.00026067728
"SAL",1932,1932-12-30,0.00025916228
"SAL",1933,1933-12-30,0.00025316773
"SAL",1934,1934-12-30,0.00026624827
"SAL",1935,1935-12-30,0.00025576187
"SAL",1936,1936-12-30,0.00023590575
"SAL",1937,1937-12-30,0.0002287098
"SAL",1938,1938-12-30,0.00024769816
"SAL",1939,1939-12-30,0.00022598865
"SAL",1940,1940-12-29,0.00026695299
"SAL",1941,1941-12-29,0.00027668834
"SAL",1942,1942-12-29,0.00023044788
"SAL",1943,1943-12-29,0.00022995143
"SAL",1944,1944-12-29,0.00022391387
"SAL",1945,1945-12-29,0.00021795819
"SAL",1946,1946-12-29,0.00032076845
"SAL",1947,1947-12-29,0.00028049079
"SAL",1948,1948-12-29,0.00028468674
"SAL",1949,1949-12-29,0.00027479406
"SAL",1950,1950-12-29,0.00028113322
"SAL",1951,1951-12-29,0.00028195442
"SAL",1952,1952-12-29,0.00026975787
"SAL",1953,1953-12-29,0.00027195862
"SAL",1954,1954-12-29,0.00026956468
"SAL",1955,1955-12-29,0.00029580336
"SAL",1956,1956-12-29,0.00029656995
"SAL",1957,1957-12-29,0.00029941724
"SAL",1958,1958-12-29,0.00030070989
"SAL",1959,1959-12-29,0.00029925731
"SAL",1960,1960-12-29,0.00029947358
"SAL",1961,1961-12-29,0.00028516812
"SAL",1962,1962-12-29,0.00028557723
"SAL",1963,1963-12-29,0.00026051086
"SAL",1964,1964-12-29,0.00027003564
"SAL",1965,1965-12-29,0.00027559567
"SAL",1966,1966-12-29,0.00032448315
"SAL",1967,1967-12-29,0.00034142204
"SAL",1968,1968-12-29,0.00037667551
"SAL",1969,1969-12-29,0.00037230717
"SAL",1970,1970-12-29,0.00039344176
"SAL",1971,1971-12-29,0.00041904944
"SAL",1972,1972-12-29,0.00042657318
"SAL",1973,1973-12-29,0.00043649759
"SAL",1974,1974-12-29,0.00043357455
"SAL",1975,1975-12-29,0.00043451789
"SAL",1976,1976-12-29,0.00043868291
"SAL",1977,1977-12-29,0.00045803364
"SAL",1978,1978-12-29,0.00047633017
"SAL",1979,1979-12-29,0.00047789532
"SAL",1980,1980-12-29,0.00048707757
"SAL",1981,1981-12-29,0.00053390773
"SAL",1982,1982-12-29,0.00056596741
"SAL",1983,1983-12-29,0.00059291971
"SAL",1984,1984-12-29,0.00066891703
"SAL",1985,1985-12-29,0.00069833425
"SAL",1986,1986-12-29,0.00067029847
"SAL",1987,1987-12-29,0.00068282266
"SAL",1988,1988-12-29,0.00066863047
"SAL",1989,1989-12-29,0.00067295926
"SAL",1990,1990-12-29,0.00072285876
"SAL",1991,1991-12-29,0.00081820419
"SAL",1992,1992-12-29,0.00078135531
"SAL",1993,1993-12-29,0.00077321287
"SAL",1994,1994-12-29,0.00064754399
"SAL",1995,1995-12-29,0.00059788598
"SAL",1996,1996-12-29,0.00060286181
"SAL",1997,1997-12-29,0.00056141498
"SAL",1998,1998-12-29,0.00056762336
"SAL",1999,1999-12-29,0.00057349552
"SAL",2000,2000-12-29,0.00059063145
"SAL",2001,2001-12-29,0.0006034188
"SAL",2002,2002-12-29,0.00048250848
"SAL",2003,2003-12-29,0.00046697579
"SAL",2004,2004-12-29,0.00046096649
"SAL",2005,2005-12-29,0.00045596503
"SAL",2006,2006-12-29,0.00045262557
"SAL",2007,2007-12-29,0.00044344435
"SAL",2008,2008-12-29,0.00043421829
"SAL",2009,2009-12-29,0.00042669455
"SAL",2010,2010-12-29,0.00041890351
"SAL",2011,2011-12-29,0.00042074468
"SAL",2012,2012-12-29,0.00041110633
"SAL",2013,2013-12-29,0.00039329697
"SAL",2014,2014-12-29,0.00038980314
"SAL",2015,2015-12-29,0.00039074273
"SAL",2016,2016-12-29,0.00047068679
"NIC",1900,1900-12-30,0.00017280602
"NIC",1901,1901-12-30,0.00016838065
"NIC",1902,1902-12-30,0.00014945398
"NIC",1903,1903-12-30,0.00019554501
"NIC",1904,1904-12-30,0.00015413761
"NIC",1905,1905-12-30,0.0001426191
"NIC",1906,1906-12-30,0.00022263807
"NIC",1907,1907-12-30,0.00022492518
"NIC",1908,1908-12-30,0.00021982433
"NIC",1909,1909-12-30,0.00021660658
"NIC",1910,1910-12-30,0.00021698204
"NIC",1911,1911-12-30,0.00021640683
"NIC",1912,1912-12-30,0.00022198714
"NIC",1913,1913-12-30,0.00021106463
"NIC",1914,1914-12-29,0.00020871226
"NIC",1915,1915-12-29,0.00012323419
"NIC",1916,1916-12-29,0.0001112904
"NIC",1917,1917-12-29,0.00011062375
"NIC",1918,1918-12-30,0.00011243786
"NIC",1919,1919-12-30,0.00013469104
"NIC",1920,1920-12-30,0.00011852117
"NIC",1921,1921-12-30,0.00013624455
"NIC",1922,1922-12-30,0.00012112415
"NIC",1923,1923-12-30,0.00017899431
"NIC",1924,1924-12-30,0.00019828793
"NIC",1925,1925-12-30,0.00017110545
"NIC",1926,1926-12-30,0.00017068489
"NIC",1927,1927-12-30,0.00016921874
"NIC",1928,1928-12-30,0.00016805864
"NIC",1929,1929-12-30,0.00017020684
"NIC",1930,1930-12-30,0.00016898458
"NIC",1931,1931-12-30,0.00016801321
"NIC",1932,1932-12-30,0.00013965824
"NIC",1933,1933-12-30,0.00015985568
"NIC",1934,1934-12-30,0.0001323414
"NIC",1935,1935-12-30,0.00012282762
"NIC",1936,1936-12-30,0.00012430971
"NIC",1937,1937-12-30,0.00014250049
"NIC",1938,1938-12-30,0.00015270761
"NIC",1939,1939-12-30,0.0001751711
"NIC",1940,1940-12-29,0.00013511424
"NIC",1941,1941-12-29,0.00014153028
"NIC",1942,1942-12-29,0.00014597586
"NIC",1943,1943-12-29,0.00014854217
"NIC",1944,1944-12-29,0.00011731659
"NIC",1945,1945-12-29,0.00014283937
"NIC",1946,1946-12-29,0.00016497271
"NIC",1947,1947-12-29,0.00014269109
"NIC",1948,1948-12-29,0.00014295941
"NIC",1949,1949-12-29,0.00021557898
"NIC",1950,1950-12-29,0.00021470133
"NIC",1951,1951-12-29,0.0002140304
"NIC",1952,1952-12-29,0.00020520273
"NIC",1953,1953-12-29,0.00020759777
"NIC",1954,1954-12-29,0.00020637213
"NIC",1955,1955-12-29,0.00020332713
"NIC",1956,1956-12-29,0.00020947805
"NIC",1957,1957-12-29,0.00019580206
"NIC",1958,1958-12-29,0.00019499264
"NIC",1959,1959-12-29,0.00020837893
"NIC",1960,1960-12-29,0.00020551161
"NIC",1961,1961-12-29,0.00020687756
"NIC",1962,1962-12-29,0.00020500126
"NIC",1963,1963-12-29,0.00020426681
"NIC",1964,1964-12-29,0.00021236576
"NIC",1965,1965-12-29,0.00021734541
"NIC",1966,1966-12-29,0.00021471859
"NIC",1967,1967-12-29,0.00021811922
"NIC",1968,1968-12-29,0.00023404957
"NIC",1969,1969-12-29,0.00023675986
"NIC",1970,1970-12-29,0.00026215171
"NIC",1971,1971-12-29,0.000264526
"NIC",1972,1972-12-29,0.00027093364
"NIC",1973,1973-12-29,0.0002746172
"NIC",1974,1974-12-29,0.00027887255
"NIC",1975,1975-12-29,0.00029053568
"NIC",1976,1976-12-29,0.00028625762
"NIC",1977,1977-12-29,0.00029708468
"NIC",1978,1978-12-29,0.00029429633
"NIC",1979,1979-12-29,0.0002934596
"NIC",1980,1980-12-29,0.00041577203
"NIC",1981,1981-12-29,0.00053937599
"NIC",1982,1982-12-29,0.0005619757
"NIC",1983,1983-12-29,0.00061121082
"NIC",1984,1984-12-29,0.00078180764
"NIC",1985,1985-12-29,0.00084751489
"NIC",1986,1986-12-29,0.00078630814
"NIC",1987,1987-12-29,0.00076692976
"NIC",1988,1988-12-29,0.0007177908
"NIC",1989,1989-12-29,0.00077410892
"NIC",1990,1990-12-29,0.00049514254
"NIC",1991,1991-12-29,0.00045136444
"NIC",1992,1992-12-29,0.00042954914
"NIC",1993,1993-12-29,0.00043158454
"NIC",1994,1994-12-29,0.00038645897
"NIC",1995,1995-12-29,0.00038680973
"NIC",1996,1996-12-29,0.00037587201
"NIC",1997,1997-12-29,0.00037954163
"NIC",1998,1998-12-29,0.0003943819
"NIC",1999,1999-12-29,0.00037718436
"NIC",2000,2000-12-29,0.00040707976
"NIC",2001,2001-12-29,0.00041627354
"NIC",2002,2002-12-29,0.00038906158
"NIC",2003,2003-12-29,0.00038446611
"NIC",2004,2004-12-29,0.00038341709
"NIC",2005,2005-12-29,0.00038069006
"NIC",2006,2006-12-29,0.00037823396
"NIC",2007,2007-12-29,0.00037742581
"NIC",2008,2008-12-29,0.00037213127
"NIC",2009,2009-12-29,0.00035337196
"NIC",2010,2010-12-29,0.00034882899
"NIC",2011,2011-12-29,0.00035005625
"NIC",2012,2012-12-29,0.00034686906
"NIC",2013,2013-12-29,0.00034965706
"NIC",2014,2014-12-29,0.00034815
"NIC",2015,2015-12-29,0.00034824281
"NIC",2016,2016-12-29,0.00034743757
"COS",1920,1920-12-30,9.0035624e-05
"COS",1921,1921-12-30,8.5050102e-05
"COS",1922,1922-12-30,8.6815264e-05
"COS",1923,1923-12-30,9.2014685e-05
"COS",1924,1924-12-30,0.00010873359
"COS",1925,1925-12-30,0.00010833621
"COS",1926,1926-12-30,0.00010044796
"COS",1927,1927-12-30,7.9367746e-05
"COS",1928,1928-12-30,7.9362915e-05
"COS",1929,1929-12-30,7.8298806e-05
"COS",1930,1930-12-30,7.6758071e-05
"COS",1931,1931-12-30,7.704505e-05
"COS",1932,1932-12-30,8.1907485e-05
"COS",1933,1933-12-30,7.792798e-05
"COS",1934,1934-12-30,7.5915079e-05
"COS",1935,1935-12-30,7.204806e-05
"COS",1936,1936-12-30,7.0501577e-05
"COS",1937,1937-12-30,7.1380731e-05
"COS",1938,1938-12-30,6.9938178e-05
"COS",1939,1939-12-30,7.0109229e-05
"COS",1940,1940-12-29,0.00010361704
"COS",1941,1941-12-29,0.00010748624
"COS",1942,1942-12-29,9.1405869e-05
"COS",1943,1943-12-29,8.1174287e-05
"COS",1944,1944-12-29,7.9592595e-05
"COS",1945,1945-12-29,7.8334771e-05
"COS",1946,1946-12-29,9.3721399e-05
"COS",1947,1947-12-29,8.155324e-05
"COS",1948,1948-12-29,8.898745e-05
"COS",1949,1949-12-29,6.6906177e-05
"COS",1950,1950-12-29,6.8260946e-05
"COS",1951,1951-12-29,6.9067086e-05
"COS",1952,1952-12-29,7.1594208e-05
"COS",1953,1953-12-29,7.2580602e-05
"COS",1954,1954-12-29,7.3303629e-05
"COS",1955,1955-12-29,7.3186668e-05
"COS",1956,1956-12-29,0.00011855931
"COS",1957,1957-12-29,0.00011886424
"COS",1958,1958-12-29,0.00011752543
"COS",1959,1959-12-29,0.00011697446
"COS",1960,1960-12-29,0.00011386913
"COS",1961,1961-12-29,0.00011228387
"COS",1962,1962-12-29,0.0001102738
"COS",1963,1963-12-29,0.00012553776
"COS",1964,1964-12-29,0.00014718412
"COS",1965,1965-12-29,0.00014905461
"COS",1966,1966-12-29,0.00014834946
"COS",1967,1967-12-29,0.00014891986
"COS",1968,1968-12-29,0.00016305553
"COS",1969,1969-12-29,0.00016398003
"COS",1970,1970-12-29,0.00017201398
"COS",1971,1971-12-29,0.00017797908
"COS",1972,1972-12-29,0.00017729911
"COS",1973,1973-12-29,0.000174306
"COS",1974,1974-12-29,0.00017376759
"COS",1975,1975-12-29,0.00017036035
"COS",1976,1976-12-29,0.00017643982
"COS",1977,1977-12-29,0.00019279044
"COS",1978,1978-12-29,0.00019471944
"COS",1979,1979-12-29,0.00019884577
"COS",1980,1980-12-29,0.00020290154
"COS",1981,1981-12-29,0.00020026394
"COS",1982,1982-12-29,0.00020377377
"COS",1983,1983-12-29,0.00020962655
"COS",1984,1984-12-29,0.000217448
"COS",1985,1985-12-29,0.00022581554
"COS",1986,1986-12-29,0.00023430513
"COS",1987,1987-12-29,0.00023714566
"COS",1988,1988-12-29,0.00023848294
"COS",1989,1989-12-29,0.00025225108
"COS",1990,1990-12-29,0.00023750598
"COS",1991,1991-12-29,0.0002480495
"COS",1992,1992-12-29,0.00025848876
"COS",1993,1993-12-29,0.00026922816
"COS",1994,1994-12-29,0.00026096945
"COS",1995,1995-12-29,0.00026994359
"COS",1996,1996-12-29,0.00026761863
"COS",1997,1997-12-29,0.00028168669
"COS",1998,1998-12-29,0.00028256234
"COS",1999,1999-12-29,0.00028350271
"COS",2000,2000-12-29,0.00025422376
"COS",2001,2001-12-29,0.00025501303
"COS",2002,2002-12-29,0.00025843052
"COS",2003,2003-12-29,0.00025504749
"COS",2004,2004-12-29,0.00025647032
"COS",2005,2005-12-29,0.00025406023
"COS",2006,2006-12-29,0.00025911312
"COS",2007,2007-12-29,0.00026257581
"COS",2008,2008-12-29,0.000256142
"COS",2009,2009-12-29,0.00025712204
"COS",2010,2010-12-29,0.0002556977
"COS",2011,2011-12-29,0.00025254517
"COS",2012,2012-12-29,0.0002576324
"COS",2013,2013-12-29,0.00028892877
"COS",2014,2014-12-29,0.00028891122
"COS",2015,2015-12-29,0.00029174628
"COS",2016,2016-12-29,0.0002873815
"PAN",1903,1903-12-30,0.00020071527
"PAN",1904,1904-12-30,0.00019878169
"PAN",1905,1905-12-30,0.00019710734
"PAN",1906,1906-12-30,0.00019740357
"PAN",1907,1907-12-30,0.00019649196
"PAN",1908,1908-12-30,0.00019403928
"PAN",1909,1909-12-30,0.00019155163
"PAN",1910,1910-12-30,0.00018957873
"PAN",1911,1911-12-30,0.00018778042
"PAN",1912,1912-12-30,0.00018590085
"PAN",1913,1913-12-30,0.00018556579
"PAN",1914,1914-12-29,0.00018450835
"PAN",1915,1915-12-29,0.00018318582
"PAN",1916,1916-12-29,0.00018235471
"PAN",1917,1917-12-29,0.00018100334
"PAN",1918,1918-12-30,0.00017944101
"PAN",1919,1919-12-30,0.00018387086
"PAN",1920,1920-12-30,7.1053903e-05
"PAN",1921,1921-12-30,7.0532638e-05
"PAN",1922,1922-12-30,7.0127433e-05
"PAN",1923,1923-12-30,5.9446942e-05
"PAN",1924,1924-12-30,5.9473688e-05
"PAN",1925,1925-12-30,5.898696e-05
"PAN",1926,1926-12-30,5.8522452e-05
"PAN",1927,1927-12-30,5.8465568e-05
"PAN",1928,1928-12-30,6.7998299e-05
"PAN",1929,1929-12-30,6.7497589e-05
"PAN",1930,1930-12-30,5.6594381e-05
"PAN",1931,1931-12-30,5.8488651e-05
"PAN",1932,1932-12-30,5.987029e-05
"PAN",1933,1933-12-30,6.0959406e-05
"PAN",1934,1934-12-30,6.1657789e-05
"PAN",1935,1935-12-30,6.25213e-05
"PAN",1936,1936-12-30,6.3665953e-05
"PAN",1937,1937-12-30,6.4428576e-05
"PAN",1938,1938-12-30,6.5206819e-05
"PAN",1939,1939-12-30,6.5842512e-05
"PAN",1940,1940-12-29,6.7837296e-05
"PAN",1941,1941-12-29,8.5320629e-05
"PAN",1942,1942-12-29,8.8092973e-05
"PAN",1943,1943-12-29,7.9721976e-05
"PAN",1944,1944-12-29,8.8558954e-05
"PAN",1945,1945-12-29,8.7706307e-05
"PAN",1946,1946-12-29,9.7636424e-05
"PAN",1947,1947-12-29,7.7739045e-05
"PAN",1948,1948-12-29,7.8060009e-05
"PAN",1949,1949-12-29,7.5516407e-05
"PAN",1950,1950-12-29,0.00015212112
"PAN",1951,1951-12-29,0.0001692535
"PAN",1952,1952-12-29,0.00016024546
"PAN",1953,1953-12-29,0.00019782736
"PAN",1954,1954-12-29,0.00019518628
"PAN",1955,1955-12-29,0.00018853218
"PAN",1956,1956-12-29,0.00018782516
"PAN",1957,1957-12-29,0.00018966144
"PAN",1958,1958-12-29,0.00018840024
"PAN",1959,1959-12-29,0.00019038022
"PAN",1960,1960-12-29,0.00016231452
"PAN",1961,1961-12-29,0.00016337313
"PAN",1962,1962-12-29,0.00016233952
"PAN",1963,1963-12-29,0.0001867453
"PAN",1964,1964-12-29,0.00018731874
"PAN",1965,1965-12-29,0.00019626408
"PAN",1966,1966-12-29,0.00019249607
"PAN",1967,1967-12-29,0.00019170568
"PAN",1968,1968-12-29,0.00030402528
"PAN",1969,1969-12-29,0.00033087967
"PAN",1970,1970-12-29,0.00032345811
"PAN",1971,1971-12-29,0.00034149317
"PAN",1972,1972-12-29,0.00033823081
"PAN",1973,1973-12-29,0.00032264416
"PAN",1974,1974-12-29,0.00031811697
"PAN",1975,1975-12-29,0.00032893129
"PAN",1976,1976-12-29,0.00029797282
"PAN",1977,1977-12-29,0.00029961285
"PAN",1978,1978-12-29,0.00028891818
"PAN",1979,1979-12-29,0.00029939369
"PAN",1980,1980-12-29,0.00028337681
"PAN",1981,1981-12-29,0.00029032995
"PAN",1982,1982-12-29,0.00030182977
"PAN",1983,1983-12-29,0.00030169907
"PAN",1984,1984-12-29,0.00030264616
"PAN",1985,1985-12-29,0.00030150998
"PAN",1986,1986-12-29,0.00029341277
"PAN",1987,1987-12-29,0.00030057636
"PAN",1988,1988-12-29,0.00028193713
"PAN",1989,1989-12-29,0.00031162438
"PAN",1990,1990-12-29,0.00029101534
"PAN",1991,1991-12-29,0.00029612752
"PAN",1992,1992-12-29,0.00030701311
"PAN",1993,1993-12-29,0.00030757187
"PAN",1994,1994-12-29,0.00029397014
"PAN",1995,1995-12-29,0.00029616267
"PAN",1996,1996-12-29,0.00031590907
"PAN",1997,1997-12-29,0.00032035759
"PAN",1998,1998-12-29,0.00033269924
"PAN",1999,1999-12-29,0.00033323115
"PAN",2000,2000-12-29,0.00027157503
"PAN",2001,2001-12-29,0.00027211531
"PAN",2002,2002-12-29,0.00026929739
"PAN",2003,2003-12-29,0.00025163381
"PAN",2004,2004-12-29,0.00025228516
"PAN",2005,2005-12-29,0.00025478532
"PAN",2006,2006-12-29,0.00025545151
"PAN",2007,2007-12-29,0.00025618807
"PAN",2008,2008-12-29,0.00025413971
"PAN",2009,2009-12-29,0.00025900552
"PAN",2010,2010-12-29,0.00026318099
"PAN",2011,2011-12-29,0.00028086393
"PAN",2012,2012-12-29,0.00028841797
"PAN",2013,2013-12-29,0.00029510562
"PAN",2014,2014-12-29,0.00030241656
"PAN",2015,2015-12-29,0.00029985118
"PAN",2016,2016-12-29,0.00031067207
"COL",1831,1831-12-30,0.0013724891
"COL",1832,1832-12-30,0.0014048949
"COL",1833,1833-12-30,0.00140986
"COL",1834,1834-12-30,0.0014364148
"COL",1835,1835-12-30,0.0014590222
"COL",1836,1836-12-30,0.0014244268
"COL",1837,1837-12-30,0.001474594
"COL",1838,1838-12-30,0.0014758892
"COL",1839,1839-12-30,0.001724391
"COL",1840,1840-12-30,0.0028975306
"COL",1841,1841-12-30,0.0032611291
"COL",1842,1842-12-30,0.0016999112
"COL",1843,1843-12-30,0.0028783705
"COL",1844,1844-12-30,0.001564199
"COL",1845,1845-12-30,0.0016082342
"COL",1846,1846-12-30,0.0015950453
"COL",1847,1847-12-30,0.0015927139
"COL",1848,1848-12-30,0.0015976945
"COL",1849,1849-12-30,0.0015813753
"COL",1850,1850-12-30,0.0015775828
"COL",1851,1851-12-30,0.0016148398
"COL",1852,1852-12-30,0.0014551283
"COL",1853,1853-12-30,0.0014565063
"COL",1854,1854-12-30,0.001450392
"COL",1855,1855-12-30,0.0014107998
"COL",1856,1856-12-30,0.0014065558
"COL",1857,1857-12-30,0.0013850026
"COL",1858,1858-12-30,0.0013953794
"COL",1859,1859-12-30,0.0013976441
"COL",1860,1860-12-30,0.00067529932
"COL",1861,1861-12-30,0.0006887996
"COL",1862,1862-12-30,0.00070447166
"COL",1863,1863-12-30,0.000825361
"COL",1864,1864-12-30,0.00075322227
"COL",1865,1865-12-30,0.00072279637
"COL",1866,1866-12-30,0.00072195835
"COL",1867,1867-12-30,0.00081705541
"COL",1868,1868-12-30,0.00073380291
"COL",1869,1869-12-30,0.00088593893
"COL",1870,1870-12-30,0.00075381348
"COL",1871,1871-12-30,0.0007424315
"COL",1872,1872-12-30,0.00084611878
"COL",1873,1873-12-30,0.00089405489
"COL",1874,1874-12-30,0.00081274705
"COL",1875,1875-12-30,0.00071455864
"COL",1876,1876-12-30,0.00080028019
"COL",1877,1877-12-30,0.00087478512
"COL",1878,1878-12-30,0.00090552366
"COL",1879,1879-12-30,0.00092612498
"COL",1880,1880-12-30,0.000898414
"COL",1881,1881-12-30,0.00091049052
"COL",1882,1882-12-30,0.0011244339
"COL",1883,1883-12-30,0.0008834374
"COL",1884,1884-12-30,0.00088227767
"COL",1885,1885-12-30,0.00088025135
"COL",1886,1886-12-30,0.00087674567
"COL",1887,1887-12-30,0.0010373018
"COL",1888,1888-12-30,0.0010263725
"COL",1889,1889-12-30,0.001021912
"COL",1890,1890-12-30,0.00097675109
"COL",1891,1891-12-30,0.0013507259
"COL",1892,1892-12-30,0.0013518577
"COL",1893,1893-12-30,0.0013323477
"COL",1894,1894-12-30,0.0013208061
"COL",1895,1895-12-30,0.0013076456
"COL",1896,1896-12-30,0.0013029883
"COL",1897,1897-12-30,0.0010263479
"COL",1898,1898-12-30,0.0010012732
"COL",1899,1899-12-30,0.0011679233
"COL",1900,1900-12-30,0.0011118568
"COL",1901,1901-12-30,0.001011389
"COL",1902,1902-12-30,0.0010518892
"COL",1903,1903-12-30,0.0015275379
"COL",1904,1904-12-30,0.001356569
"COL",1905,1905-12-30,0.0010578409
"COL",1906,1906-12-30,0.0011621923
"COL",1907,1907-12-30,0.0013122137
"COL",1908,1908-12-30,0.0012950769
"COL",1909,1909-12-30,0.0012398071
"COL",1910,1910-12-30,0.0012726381
"COL",1911,1911-12-30,0.0012082057
"COL",1912,1912-12-30,0.0012876868
"COL",1913,1913-12-30,0.001178742
"COL",1914,1914-12-29,0.0011517161
"COL",1915,1915-12-29,0.0010233383
"COL",1916,1916-12-29,0.0010441364
"COL",1917,1917-12-29,0.001246719
"COL",1918,1918-12-30,0.0012650981
"COL",1919,1919-12-30,0.0011704988
"COL",1920,1920-12-30,0.0012386946
"COL",1921,1921-12-30,0.0012655295
"COL",1922,1922-12-30,0.0012856126
"COL",1923,1923-12-30,0.0012896449
"COL",1924,1924-12-30,0.0013899616
"COL",1925,1925-12-30,0.0014268444
"COL",1926,1926-12-30,0.0015355455
"COL",1927,1927-12-30,0.0017150054
"COL",1928,1928-12-30,0.0017956208
"COL",1929,1929-12-30,0.0018045515
"COL",1930,1930-12-30,0.001654575
"COL",1931,1931-12-30,0.0017129646
"COL",1932,1932-12-30,0.0017595086
"COL",1933,1933-12-30,0.0018504233
"COL",1934,1934-12-30,0.0020625673
"COL",1935,1935-12-30,0.0019821767
"COL",1936,1936-12-30,0.0020624942
"COL",1937,1937-12-30,0.0021062004
"COL",1938,1938-12-30,0.002218867
"COL",1939,1939-12-30,0.0022349865
"COL",1940,1940-12-29,0.0023906273
"COL",1941,1941-12-29,0.0025327546
"COL",1942,1942-12-29,0.0026465396
"COL",1943,1943-12-29,0.0023336667
"COL",1944,1944-12-29,0.0023493578
"COL",1945,1945-12-29,0.002337564
"COL",1946,1946-12-29,0.002922483
"COL",1947,1947-12-29,0.0026433112
"COL",1948,1948-12-29,0.0026279886
"COL",1949,1949-12-29,0.0025651564
"COL",1950,1950-12-29,0.0026284331
"COL",1951,1951-12-29,0.0026143882
"COL",1952,1952-12-29,0.0025595487
"COL",1953,1953-12-29,0.0027105256
"COL",1954,1954-12-29,0.0027654518
"COL",1955,1955-12-29,0.0028343971
"COL",1956,1956-12-29,0.002974801
"COL",1957,1957-12-29,0.0030797319
"COL",1958,1958-12-29,0.0031245647
"COL",1959,1959-12-29,0.0032738126
"COL",1960,1960-12-29,0.0032872579
"COL",1961,1961-12-29,0.0036812269
"COL",1962,1962-12-29,0.0037175214
"COL",1963,1963-12-29,0.0036358528
"COL",1964,1964-12-29,0.0036596975
"COL",1965,1965-12-29,0.0037318673
"COL",1966,1966-12-29,0.0037196458
"COL",1967,1967-12-29,0.0037986883
"COL",1968,1968-12-29,0.0038107296
"COL",1969,1969-12-29,0.0038637384
"COL",1970,1970-12-29,0.0037852305
"COL",1971,1971-12-29,0.0038121799
"COL",1972,1972-12-29,0.0037028596
"COL",1973,1973-12-29,0.0036429858
"COL",1974,1974-12-29,0.0035848729
"COL",1975,1975-12-29,0.0035834422
"COL",1976,1976-12-29,0.0036167298
"COL",1977,1977-12-29,0.0036009946
"COL",1978,1978-12-29,0.0036002817
"COL",1979,1979-12-29,0.003583675
"COL",1980,1980-12-29,0.0036470792
"COL",1981,1981-12-29,0.0036911098
"COL",1982,1982-12-29,0.0037513885
"COL",1983,1983-12-29,0.0041731768
"COL",1984,1984-12-29,0.0040979241
"COL",1985,1985-12-29,0.0040212367
"COL",1986,1986-12-29,0.0041132234
"COL",1987,1987-12-29,0.0041465946
"COL",1988,1988-12-29,0.0040569566
"COL",1989,1989-12-29,0.0042671883
"COL",1990,1990-12-29,0.004431739
"COL",1991,1991-12-29,0.0046393233
"COL",1992,1992-12-29,0.0048175682
"COL",1993,1993-12-29,0.0048188749
"COL",1994,1994-12-29,0.0048450409
"COL",1995,1995-12-29,0.0049726618
"COL",1996,1996-12-29,0.0051336568
"COL",1997,1997-12-29,0.0051679988
"COL",1998,1998-12-29,0.0053692544
"COL",1999,1999-12-29,0.0052494337
"COL",2000,2000-12-29,0.0054190364
"COL",2001,2001-12-29,0.0054939147
"COL",2002,2002-12-29,0.0054507642
"COL",2003,2003-12-29,0.0057789921
"COL",2004,2004-12-29,0.0058608172
"COL",2005,2005-12-29,0.0060625495
"COL",2006,2006-12-29,0.0062178927
"COL",2007,2007-12-29,0.0063730692
"COL",2008,2008-12-29,0.0069517931
"COL",2009,2009-12-29,0.0070230304
"COL",2010,2010-12-29,0.0071658241
"COL",2011,2011-12-29,0.0066435575
"COL",2012,2012-12-29,0.0066955187
"COL",2013,2013-12-29,0.0066775642
"COL",2014,2014-12-29,0.0073275445
"COL",2015,2015-12-29,0.0071232012
"COL",2016,2016-12-29,0.0071017276
"VEN",1841,1841-12-30,0.00091777864
"VEN",1842,1842-12-30,0.00092762458
"VEN",1843,1843-12-30,0.00093772734
"VEN",1844,1844-12-30,0.00094908598
"VEN",1845,1845-12-30,0.00095219282
"VEN",1846,1846-12-30,0.00095483114
"VEN",1847,1847-12-30,0.00095694861
"VEN",1848,1848-12-30,0.00095960399
"VEN",1849,1849-12-30,0.00096501899
"VEN",1850,1850-12-30,0.00097011629
"VEN",1851,1851-12-30,0.00097357359
"VEN",1852,1852-12-30,0.00097777066
"VEN",1853,1853-12-30,0.00098283519
"VEN",1854,1854-12-30,0.00098537758
"VEN",1855,1855-12-30,0.00097482355
"VEN",1856,1856-12-30,0.00097963784
"VEN",1857,1857-12-30,0.0013661053
"VEN",1858,1858-12-30,0.0014177326
"VEN",1859,1859-12-30,0.0014102305
"VEN",1860,1860-12-30,0.0008226388
"VEN",1861,1861-12-30,0.00082134461
"VEN",1862,1862-12-30,0.00081621495
"VEN",1863,1863-12-30,0.00078155316
"VEN",1864,1864-12-30,0.000757984
"VEN",1865,1865-12-30,0.00078823295
"VEN",1866,1866-12-30,0.00088424812
"VEN",1867,1867-12-30,0.0011373551
"VEN",1868,1868-12-30,0.00093909795
"VEN",1869,1869-12-30,0.00098511658
"VEN",1870,1870-12-30,0.00067730946
"VEN",1871,1871-12-30,0.00061275531
"VEN",1872,1872-12-30,0.00067447027
"VEN",1873,1873-12-30,0.00067116768
"VEN",1874,1874-12-30,0.0011317359
"VEN",1875,1875-12-30,0.00092030806
"VEN",1876,1876-12-30,0.00067442574
"VEN",1877,1877-12-30,0.00067421782
"VEN",1878,1878-12-30,0.00094354933
"VEN",1879,1879-12-30,0.0011083339
"VEN",1880,1880-12-30,0.0010164197
"VEN",1881,1881-12-30,0.00055951893
"VEN",1882,1882-12-30,0.00055762124
"VEN",1883,1883-12-30,0.00061640301
"VEN",1884,1884-12-30,0.00061656459
"VEN",1885,1885-12-30,0.00061534805
"VEN",1886,1886-12-30,0.00061355287
"VEN",1887,1887-12-30,0.00060945627
"VEN",1888,1888-12-30,0.00058985123
"VEN",1889,1889-12-30,0.00059883203
"VEN",1890,1890-12-30,0.00063228898
"VEN",1891,1891-12-30,0.00073287234
"VEN",1892,1892-12-30,0.00068766344
"VEN",1893,1893-12-30,0.00075852161
"VEN",1894,1894-12-30,0.00079140003
"VEN",1895,1895-12-30,0.00072355714
"VEN",1896,1896-12-30,0.0006770094
"VEN",1897,1897-12-30,0.00066819921
"VEN",1898,1898-12-30,0.00060556055
"VEN",1899,1899-12-30,0.00061031251
"VEN",1900,1900-12-30,0.0006073066
"VEN",1901,1901-12-30,0.00083106133
"VEN",1902,1902-12-30,0.00087908085
"VEN",1903,1903-12-30,0.00090805127
"VEN",1904,1904-12-30,0.00072685408
"VEN",1905,1905-12-30,0.00070552505
"VEN",1906,1906-12-30,0.00082562939
"VEN",1907,1907-12-30,0.00080573972
"VEN",1908,1908-12-30,0.00079863815
"VEN",1909,1909-12-30,0.00082081009
"VEN",1910,1910-12-30,0.00078840245
"VEN",1911,1911-12-30,0.00075678329
"VEN",1912,1912-12-30,0.00080930081
"VEN",1913,1913-12-30,0.00078273402
"VEN",1914,1914-12-29,0.0007003058
"VEN",1915,1915-12-29,0.0004417774
"VEN",1916,1916-12-29,0.00044280209
"VEN",1917,1917-12-29,0.00043571572
"VEN",1918,1918-12-30,0.00044237397
"VEN",1919,1919-12-30,0.00052148197
"VEN",1920,1920-12-30,0.00058496353
"VEN",1921,1921-12-30,0.00060058141
"VEN",1922,1922-12-30,0.00076647807
"VEN",1923,1923-12-30,0.00078548095
"VEN",1924,1924-12-30,0.00083910854
"VEN",1925,1925-12-30,0.00085628842
"VEN",1926,1926-12-30,0.00087648712
"VEN",1927,1927-12-30,0.00089235837
"VEN",1928,1928-12-30,0.0009352105
"VEN",1929,1929-12-30,0.00096087833
"VEN",1930,1930-12-30,0.00097610615
"VEN",1931,1931-12-30,0.00094990828
"VEN",1932,1932-12-30,0.0010095292
"VEN",1933,1933-12-30,0.00095204136
"VEN",1934,1934-12-30,0.0010608521
"VEN",1935,1935-12-30,0.00098121713
"VEN",1936,1936-12-30,0.0010034045
"VEN",1937,1937-12-30,0.0010043257
"VEN",1938,1938-12-30,0.0009415712
"VEN",1939,1939-12-30,0.00090001069
"VEN",1940,1940-12-29,0.0010371184
"VEN",1941,1941-12-29,0.00093295396
"VEN",1942,1942-12-29,0.00082950958
"VEN",1943,1943-12-29,0.00098430936
"VEN",1944,1944-12-29,0.0011853181
"VEN",1945,1945-12-29,0.0010924481
"VEN",1946,1946-12-29,0.0012336721
"VEN",1947,1947-12-29,0.0013649516
"VEN",1948,1948-12-29,0.0013441505
"VEN",1949,1949-12-29,0.0019895348
"VEN",1950,1950-12-29,0.004075632
"VEN",1951,1951-12-29,0.0045294212
"VEN",1952,1952-12-29,0.0046836608
"VEN",1953,1953-12-29,0.0048665241
"VEN",1954,1954-12-29,0.0050231009
"VEN",1955,1955-12-29,0.0051448252
"VEN",1956,1956-12-29,0.0054720216
"VEN",1957,1957-12-29,0.0060714921
"VEN",1958,1958-12-29,0.005976114
"VEN",1959,1959-12-29,0.0062442636
"VEN",1960,1960-12-29,0.006192124
"VEN",1961,1961-12-29,0.006247336
"VEN",1962,1962-12-29,0.0064961105
"VEN",1963,1963-12-29,0.0065675732
"VEN",1964,1964-12-29,0.0065333503
"VEN",1965,1965-12-29,0.006706283
"VEN",1966,1966-12-29,0.0062614419
"VEN",1967,1967-12-29,0.0062815282
"VEN",1968,1968-12-29,0.0043863873
"VEN",1969,1969-12-29,0.0041588075
"VEN",1970,1970-12-29,0.0043763635
"VEN",1971,1971-12-29,0.004396515
"VEN",1972,1972-12-29,0.0041682944
"VEN",1973,1973-12-29,0.004346034
"VEN",1974,1974-12-29,0.0043624658
"VEN",1975,1975-12-29,0.0039737066
"VEN",1976,1976-12-29,0.0038633433
"VEN",1977,1977-12-29,0.0038743266
"VEN",1978,1978-12-29,0.0037930377
"VEN",1979,1979-12-29,0.0039971177
"VEN",1980,1980-12-29,0.0040661115
"VEN",1981,1981-12-29,0.0040865685
"VEN",1982,1982-12-29,0.0044759288
"VEN",1983,1983-12-29,0.0042535854
"VEN",1984,1984-12-29,0.0043543647
"VEN",1985,1985-12-29,0.004373475
"VEN",1986,1986-12-29,0.0044415407
"VEN",1987,1987-12-29,0.0043777609
"VEN",1988,1988-12-29,0.0044245813
"VEN",1989,1989-12-29,0.0043759504
"VEN",1990,1990-12-29,0.0043823738
"VEN",1991,1991-12-29,0.004806852
"VEN",1992,1992-12-29,0.0044430178
"VEN",1993,1993-12-29,0.0047700992
"VEN",1994,1994-12-29,0.0048700781
"VEN",1995,1995-12-29,0.0049229893
"VEN",1996,1996-12-29,0.0049695461
"VEN",1997,1997-12-29,0.005137437
"VEN",1998,1998-12-29,0.0051816306
"VEN",1999,1999-12-29,0.0050802249
"VEN",2000,2000-12-29,0.0047308109
"VEN",2001,2001-12-29,0.0051687718
"VEN",2002,2002-12-29,0.0051065441
"VEN",2003,2003-12-29,0.004768007
"VEN",2004,2004-12-29,0.0046265996
"VEN",2005,2005-12-29,0.0047812723
"VEN",2006,2006-12-29,0.004728388
"VEN",2007,2007-12-29,0.0046001114
"VEN",2008,2008-12-29,0.0049104118
"VEN",2009,2009-12-29,0.0049032201
"VEN",2010,2010-12-29,0.004388717
"VEN",2011,2011-12-29,0.004458915
"VEN",2012,2012-12-29,0.0048591704
"VEN",2013,2013-12-29,0.004487135
"VEN",2014,2014-12-29,0.0043438585
"VEN",2015,2015-12-29,0.0038696937
"VEN",2016,2016-12-29,0.0037543573
"ECU",1854,1854-12-30,0.00063350768
"ECU",1855,1855-12-30,0.00062588102
"ECU",1856,1856-12-30,0.00062858948
"ECU",1857,1857-12-30,0.00063087273
"ECU",1858,1858-12-30,0.00063284818
"ECU",1859,1859-12-30,0.00063375413
"ECU",1860,1860-12-30,0.0002389329
"ECU",1861,1861-12-30,0.00024409957
"ECU",1862,1862-12-30,0.00025029766
"ECU",1863,1863-12-30,0.00025352469
"ECU",1864,1864-12-30,0.00025703965
"ECU",1865,1865-12-30,0.00026026129
"ECU",1866,1866-12-30,0.00026368166
"ECU",1867,1867-12-30,0.00026519934
"ECU",1868,1868-12-30,0.00026920153
"ECU",1869,1869-12-30,0.00027028657
"ECU",1870,1870-12-30,0.00037146721
"ECU",1871,1871-12-30,0.00034498659
"ECU",1872,1872-12-30,0.00037097587
"ECU",1873,1873-12-30,0.000370022
"ECU",1874,1874-12-30,0.00037403629
"ECU",1875,1875-12-30,0.00037287796
"ECU",1876,1876-12-30,0.00032395864
"ECU",1877,1877-12-30,0.00032389365
"ECU",1878,1878-12-30,0.00048250437
"ECU",1879,1879-12-30,0.00051261234
"ECU",1880,1880-12-30,0.00032874761
"ECU",1881,1881-12-30,0.00032468943
"ECU",1882,1882-12-30,0.00032438355
"ECU",1883,1883-12-30,0.00032587728
"ECU",1884,1884-12-30,0.00050599989
"ECU",1885,1885-12-30,0.00057581952
"ECU",1886,1886-12-30,0.00060436624
"ECU",1887,1887-12-30,0.00057883706
"ECU",1888,1888-12-30,0.000477756
"ECU",1889,1889-12-30,0.00052815449
"ECU",1890,1890-12-30,0.00043610585
"ECU",1891,1891-12-30,0.00045675383
"ECU",1892,1892-12-30,0.00037818836
"ECU",1893,1893-12-30,0.00043845875
"ECU",1894,1894-12-30,0.00037216724
"ECU",1895,1895-12-30,0.00036801957
"ECU",1896,1896-12-30,0.00036766363
"ECU",1897,1897-12-30,0.00041973867
"ECU",1898,1898-12-30,0.00034938805
"ECU",1899,1899-12-30,0.0003544577
"ECU",1900,1900-12-30,0.0003640246
"ECU",1901,1901-12-30,0.00034521127
"ECU",1902,1902-12-30,0.00046053549
"ECU",1903,1903-12-30,0.00045005986
"ECU",1904,1904-12-30,0.0003788264
"ECU",1905,1905-12-30,0.00037702944
"ECU",1906,1906-12-30,0.00037585173
"ECU",1907,1907-12-30,0.00043220789
"ECU",1908,1908-12-30,0.00040774644
"ECU",1909,1909-12-30,0.00042458196
"ECU",1910,1910-12-30,0.00047443205
"ECU",1911,1911-12-30,0.00046146684
"ECU",1912,1912-12-30,0.00050872756
"ECU",1913,1913-12-30,0.00047051799
"ECU",1914,1914-12-29,0.00047473289
"ECU",1915,1915-12-29,0.00027402191
"ECU",1916,1916-12-29,0.00030028643
"ECU",1917,1917-12-29,0.00029557943
"ECU",1918,1918-12-30,0.00024416827
"ECU",1919,1919-12-30,0.00034925985
"ECU",1920,1920-12-30,0.00029952032
"ECU",1921,1921-12-30,0.00035668138
"ECU",1922,1922-12-30,0.00037985903
"ECU",1923,1923-12-30,0.00041300667
"ECU",1924,1924-12-30,0.00045525847
"ECU",1925,1925-12-30,0.00043858946
"ECU",1926,1926-12-30,0.00060588366
"ECU",1927,1927-12-30,0.0006099504
"ECU",1928,1928-12-30,0.00061596365
"ECU",1929,1929-12-30,0.00060555356
"ECU",1930,1930-12-30,0.0006467512
"ECU",1931,1931-12-30,0.00064624962
"ECU",1932,1932-12-30,0.0006407625
"ECU",1933,1933-12-30,0.00062950986
"ECU",1934,1934-12-30,0.00062146108
"ECU",1935,1935-12-30,0.00066175481
"ECU",1936,1936-12-30,0.00069349614
"ECU",1937,1937-12-30,0.00069219549
"ECU",1938,1938-12-30,0.00071301975
"ECU",1939,1939-12-30,0.00067200052
"ECU",1940,1940-12-29,0.00084526604
"ECU",1941,1941-12-29,0.00070101093
"ECU",1942,1942-12-29,0.00073248305
"ECU",1943,1943-12-29,0.00074958114
"ECU",1944,1944-12-29,0.00074628659
"ECU",1945,1945-12-29,0.0007359712
"ECU",1946,1946-12-29,0.00084458664
"ECU",1947,1947-12-29,0.00076116883
"ECU",1948,1948-12-29,0.00088515464
"ECU",1949,1949-12-29,0.00072516024
"ECU",1950,1950-12-29,0.00070827606
"ECU",1951,1951-12-29,0.00067648385
"ECU",1952,1952-12-29,0.00064887071
"ECU",1953,1953-12-29,0.00065252284
"ECU",1954,1954-12-29,0.00065814308
"ECU",1955,1955-12-29,0.00072560535
"ECU",1956,1956-12-29,0.00072818546
"ECU",1957,1957-12-29,0.0007170295
"ECU",1958,1958-12-29,0.0007284024
"ECU",1959,1959-12-29,0.00073188532
"ECU",1960,1960-12-29,0.0007450782
"ECU",1961,1961-12-29,0.00081636308
"ECU",1962,1962-12-29,0.0007863185
"ECU",1963,1963-12-29,0.00072082959
"ECU",1964,1964-12-29,0.00069773046
"ECU",1965,1965-12-29,0.00071507227
"ECU",1966,1966-12-29,0.00072006613
"ECU",1967,1967-12-29,0.00072101515
"ECU",1968,1968-12-29,0.00074318529
"ECU",1969,1969-12-29,0.00076275325
"ECU",1970,1970-12-29,0.00078104442
"ECU",1971,1971-12-29,0.00081216812
"ECU",1972,1972-12-29,0.00083116448
"ECU",1973,1973-12-29,0.00084391172
"ECU",1974,1974-12-29,0.00084648619
"ECU",1975,1975-12-29,0.00088511262
"ECU",1976,1976-12-29,0.00092295959
"ECU",1977,1977-12-29,0.0010007542
"ECU",1978,1978-12-29,0.0010744145
"ECU",1979,1979-12-29,0.0010954385
"ECU",1980,1980-12-29,0.0011193834
"ECU",1981,1981-12-29,0.0011455987
"ECU",1982,1982-12-29,0.001183397
"ECU",1983,1983-12-29,0.0011867208
"ECU",1984,1984-12-29,0.0012654344
"ECU",1985,1985-12-29,0.0012432932
"ECU",1986,1986-12-29,0.0011708619
"ECU",1987,1987-12-29,0.0012793415
"ECU",1988,1988-12-29,0.0013065032
"ECU",1989,1989-12-29,0.0013132434
"ECU",1990,1990-12-29,0.0012769263
"ECU",1991,1991-12-29,0.0013341564
"ECU",1992,1992-12-29,0.0016262123
"ECU",1993,1993-12-29,0.0014921156
"ECU",1994,1994-12-29,0.001465456
"ECU",1995,1995-12-29,0.001547653
"ECU",1996,1996-12-29,0.0016177631
"ECU",1997,1997-12-29,0.0016035223
"ECU",1998,1998-12-29,0.0016173167
"ECU",1999,1999-12-29,0.0015535712
"ECU",2000,2000-12-29,0.0015691345
"ECU",2001,2001-12-29,0.0015938116
"ECU",2002,2002-12-29,0.0014731968
"ECU",2003,2003-12-29,0.0014856253
"ECU",2004,2004-12-29,0.0014237651
"ECU",2005,2005-12-29,0.0013668166
"ECU",2006,2006-12-29,0.0013894443
"ECU",2007,2007-12-29,0.0014850979
"ECU",2008,2008-12-29,0.0015103305
"ECU",2009,2009-12-29,0.0016131011
"ECU",2010,2010-12-29,0.00153632
"ECU",2011,2011-12-29,0.0015786279
"ECU",2012,2012-12-29,0.001530854
"ECU",2013,2013-12-29,0.0016716842
"ECU",2014,2014-12-29,0.0016000887
"ECU",2015,2015-12-29,0.0016398255
"ECU",2016,2016-12-29,0.0014541625
"PER",1839,1839-12-30,0.0014260062
"PER",1840,1840-12-30,0.0015019629
"PER",1841,1841-12-30,0.0015690051
"PER",1842,1842-12-30,0.0016368103
"PER",1843,1843-12-30,0.001701892
"PER",1844,1844-12-30,0.0017170807
"PER",1845,1845-12-30,0.0018595168
"PER",1846,1846-12-30,0.0018998177
"PER",1847,1847-12-30,0.0019642531
"PER",1848,1848-12-30,0.0019770125
"PER",1849,1849-12-30,0.0019403138
"PER",1850,1850-12-30,0.0036184925
"PER",1851,1851-12-30,0.0020446233
"PER",1852,1852-12-30,0.0019934929
"PER",1853,1853-12-30,0.0019841632
"PER",1854,1854-12-30,0.001935493
"PER",1855,1855-12-30,0.0017841741
"PER",1856,1856-12-30,0.0017334734
"PER",1857,1857-12-30,0.0034439899
"PER",1858,1858-12-30,0.0020284711
"PER",1859,1859-12-30,0.0018974874
"PER",1860,1860-12-30,0.0034425161
"PER",1861,1861-12-30,0.0027588771
"PER",1862,1862-12-30,0.0024312711
"PER",1863,1863-12-30,0.00113765
"PER",1864,1864-12-30,0.0012821695
"PER",1865,1865-12-30,0.0013310988
"PER",1866,1866-12-30,0.0023584005
"PER",1867,1867-12-30,0.0020244471
"PER",1868,1868-12-30,0.0011349234
"PER",1869,1869-12-30,0.0023499159
"PER",1870,1870-12-30,0.0019258824
"PER",1871,1871-12-30,0.0019951253
"PER",1872,1872-12-30,0.0022077821
"PER",1873,1873-12-30,0.0011196658
"PER",1874,1874-12-30,0.0011329482
"PER",1875,1875-12-30,0.0017280556
"PER",1876,1876-12-30,0.0016859277
"PER",1877,1877-12-30,0.0016645772
"PER",1878,1878-12-30,0.0014025526
"PER",1879,1879-12-30,0.0013776509
"PER",1880,1880-12-30,0.0014937874
"PER",1881,1881-12-30,0.0014491924
"PER",1882,1882-12-30,0.0014279929
"PER",1883,1883-12-30,0.0013603538
"PER",1884,1884-12-30,0.0018056814
"PER",1885,1885-12-30,0.001330261
"PER",1886,1886-12-30,0.0013138513
"PER",1887,1887-12-30,0.0013403073
"PER",1888,1888-12-30,0.0013449389
"PER",1889,1889-12-30,0.0013986506
"PER",1890,1890-12-30,0.0012855694
"PER",1891,1891-12-30,0.0013428975
"PER",1892,1892-12-30,0.0014955709
"PER",1893,1893-12-30,0.00134628
"PER",1894,1894-12-30,0.001182802
"PER",1895,1895-12-30,0.0012094071
"PER",1896,1896-12-30,0.0011040942
"PER",1897,1897-12-30,0.0010840832
"PER",1898,1898-12-30,0.001050803
"PER",1899,1899-12-30,0.0010547064
"PER",1900,1900-12-30,0.0010081212
"PER",1901,1901-12-30,0.0010553099
"PER",1902,1902-12-30,0.0010774803
"PER",1903,1903-12-30,0.0010807549
"PER",1904,1904-12-30,0.0010950828
"PER",1905,1905-12-30,0.0010615181
"PER",1906,1906-12-30,0.0011133839
"PER",1907,1907-12-30,0.0011262521
"PER",1908,1908-12-30,0.0011709613
"PER",1909,1909-12-30,0.0011675742
"PER",1910,1910-12-30,0.0011636155
"PER",1911,1911-12-30,0.0011275008
"PER",1912,1912-12-30,0.001208811
"PER",1913,1913-12-30,0.0011930873
"PER",1914,1914-12-29,0.0010348601
"PER",1915,1915-12-29,0.00097419589
"PER",1916,1916-12-29,0.00096626644
"PER",1917,1917-12-29,0.00098416
"PER",1918,1918-12-30,0.001193517
"PER",1919,1919-12-30,0.0013434365
"PER",1920,1920-12-30,0.0011739547
"PER",1921,1921-12-30,0.0014116977
"PER",1922,1922-12-30,0.0014622656
"PER",1923,1923-12-30,0.0014980657
"PER",1924,1924-12-30,0.0016219233
"PER",1925,1925-12-30,0.0015086747
"PER",1926,1926-12-30,0.0015118499
"PER",1927,1927-12-30,0.0014834208
"PER",1928,1928-12-30,0.0015572006
"PER",1929,1929-12-30,0.0015643548
"PER",1930,1930-12-30,0.0014966811
"PER",1931,1931-12-30,0.001465605
"PER",1932,1932-12-30,0.0014885735
"PER",1933,1933-12-30,0.001380212
"PER",1934,1934-12-30,0.001368306
"PER",1935,1935-12-30,0.0014668092
"PER",1936,1936-12-30,0.0015230234
"PER",1937,1937-12-30,0.0014314995
"PER",1938,1938-12-30,0.0014552865
"PER",1939,1939-12-30,0.0013782674
"PER",1940,1940-12-29,0.0014500627
"PER",1941,1941-12-29,0.0014717887
"PER",1942,1942-12-29,0.0014576544
"PER",1943,1943-12-29,0.0014733149
"PER",1944,1944-12-29,0.0014469846
"PER",1945,1945-12-29,0.0014238328
"PER",1946,1946-12-29,0.0019486714
"PER",1947,1947-12-29,0.00175668
"PER",1948,1948-12-29,0.0017403216
"PER",1949,1949-12-29,0.0017164393
"PER",1950,1950-12-29,0.0017363596
"PER",1951,1951-12-29,0.0017284454
"PER",1952,1952-12-29,0.0016797169
"PER",1953,1953-12-29,0.0016989933
"PER",1954,1954-12-29,0.0017157637
"PER",1955,1955-12-29,0.0015390781
"PER",1956,1956-12-29,0.0016010527
"PER",1957,1957-12-29,0.0017069948
"PER",1958,1958-12-29,0.0018544425
"PER",1959,1959-12-29,0.0018497331
"PER",1960,1960-12-29,0.0018252551
"PER",1961,1961-12-29,0.0019132509
"PER",1962,1962-12-29,0.0019265751
"PER",1963,1963-12-29,0.0020920141
"PER",1964,1964-12-29,0.0021750147
"PER",1965,1965-12-29,0.0022388888
"PER",1966,1966-12-29,0.0022160776
"PER",1967,1967-12-29,0.0022858845
"PER",1968,1968-12-29,0.002343809
"PER",1969,1969-12-29,0.002361363
"PER",1970,1970-12-29,0.0023998283
"PER",1971,1971-12-29,0.0025292868
"PER",1972,1972-12-29,0.0025542146
"PER",1973,1973-12-29,0.0026567432
"PER",1974,1974-12-29,0.0027807138
"PER",1975,1975-12-29,0.0028928686
"PER",1976,1976-12-29,0.0029218921
"PER",1977,1977-12-29,0.0031822829
"PER",1978,1978-12-29,0.0031098053
"PER",1979,1979-12-29,0.0031143725
"PER",1980,1980-12-29,0.0033899993
"PER",1981,1981-12-29,0.0032795412
"PER",1982,1982-12-29,0.0035123981
"PER",1983,1983-12-29,0.0035012455
"PER",1984,1984-12-29,0.0033340121
"PER",1985,1985-12-29,0.003202118
"PER",1986,1986-12-29,0.0032443984
"PER",1987,1987-12-29,0.0035985203
"PER",1988,1988-12-29,0.0031904711
"PER",1989,1989-12-29,0.0031911666
"PER",1990,1990-12-29,0.0032206064
"PER",1991,1991-12-29,0.0033851571
"PER",1992,1992-12-29,0.0033549799
"PER",1993,1993-12-29,0.0033176795
"PER",1994,1994-12-29,0.003295254
"PER",1995,1995-12-29,0.0032825482
"PER",1996,1996-12-29,0.0033013504
"PER",1997,1997-12-29,0.0033075237
"PER",1998,1998-12-29,0.0032883324
"PER",1999,1999-12-29,0.0031947792
"PER",2000,2000-12-29,0.0031887817
"PER",2001,2001-12-29,0.0031077594
"PER",2002,2002-12-29,0.0032102459
"PER",2003,2003-12-29,0.0031244536
"PER",2004,2004-12-29,0.0030385097
"PER",2005,2005-12-29,0.0030093759
"PER",2006,2006-12-29,0.0029959707
"PER",2007,2007-12-29,0.0030153976
"PER",2008,2008-12-29,0.0032850308
"PER",2009,2009-12-29,0.0032707411
"PER",2010,2010-12-29,0.0032388871
"PER",2011,2011-12-29,0.003320423
"PER",2012,2012-12-29,0.0033787331
"PER",2013,2013-12-29,0.0033790106
"PER",2014,2014-12-29,0.0033641129
"PER",2015,2015-12-29,0.0033421996
"PER",2016,2016-12-29,0.003064597
"BRA",1822,1822-12-30,0.0095884893
"BRA",1823,1823-12-30,0.0096393181
"BRA",1824,1824-12-30,0.0096883448
"BRA",1825,1825-12-30,0.0097003542
"BRA",1826,1826-12-30,0.0057870308
"BRA",1827,1827-12-30,0.0057107136
"BRA",1828,1828-12-30,0.0057053883
"BRA",1829,1829-12-30,0.0056495001
"BRA",1830,1830-12-30,0.005488513
"BRA",1831,1831-12-30,0.0052840286
"BRA",1832,1832-12-30,0.007383428
"BRA",1833,1833-12-30,0.0077536209
"BRA",1834,1834-12-30,0.0073449952
"BRA",1835,1835-12-30,0.0072215647
"BRA",1836,1836-12-30,0.0074072084
"BRA",1837,1837-12-30,0.0077570928
"BRA",1838,1838-12-30,0.0085036652
"BRA",1839,1839-12-30,0.0087945526
"BRA",1840,1840-12-30,0.010638636
"BRA",1841,1841-12-30,0.0094227148
"BRA",1842,1842-12-30,0.010721835
"BRA",1843,1843-12-30,0.013169582
"BRA",1844,1844-12-30,0.0098455334
"BRA",1845,1845-12-30,0.011049342
"BRA",1846,1846-12-30,0.0096216695
"BRA",1847,1847-12-30,0.0074363095
"BRA",1848,1848-12-30,0.0074526118
"BRA",1849,1849-12-30,0.0073611219
"BRA",1850,1850-12-30,0.0073365839
"BRA",1851,1851-12-30,0.0074406732
"BRA",1852,1852-12-30,0.011416717
"BRA",1853,1853-12-30,0.011370969
"BRA",1854,1854-12-30,0.0085979914
"BRA",1855,1855-12-30,0.0087024961
"BRA",1856,1856-12-30,0.0093911225
"BRA",1857,1857-12-30,0.010310742
"BRA",1858,1858-12-30,0.0093084276
"BRA",1859,1859-12-30,0.0087122973
"BRA",1860,1860-12-30,0.00847294
"BRA",1861,1861-12-30,0.0046680681
"BRA",1862,1862-12-30,0.0047632884
"BRA",1863,1863-12-30,0.0054494375
"BRA",1864,1864-12-30,0.0055130571
"BRA",1865,1865-12-30,0.0071418933
"BRA",1866,1866-12-30,0.009340086
"BRA",1867,1867-12-30,0.013731361
"BRA",1868,1868-12-30,0.0097605335
"BRA",1869,1869-12-30,0.010052106
"BRA",1870,1870-12-30,0.0094169565
"BRA",1871,1871-12-30,0.0076852166
"BRA",1872,1872-12-30,0.0090675242
"BRA",1873,1873-12-30,0.011184826
"BRA",1874,1874-12-30,0.009632783
"BRA",1875,1875-12-30,0.0092426827
"BRA",1876,1876-12-30,0.0086515648
"BRA",1877,1877-12-30,0.008402206
"BRA",1878,1878-12-30,0.0082582859
"BRA",1879,1879-12-30,0.0088132489
"BRA",1880,1880-12-30,0.0089468323
"BRA",1881,1881-12-30,0.0085955318
"BRA",1882,1882-12-30,0.0087686265
"BRA",1883,1883-12-30,0.0091313105
"BRA",1884,1884-12-30,0.0085209766
"BRA",1885,1885-12-30,0.0084929243
"BRA",1886,1886-12-30,0.0084105181
"BRA",1887,1887-12-30,0.0084584439
"BRA",1888,1888-12-30,0.0087445453
"BRA",1889,1889-12-30,0.0089547886
"BRA",1890,1890-12-30,0.0087641273
"BRA",1891,1891-12-30,0.0084268209
"BRA",1892,1892-12-30,0.0091961222
"BRA",1893,1893-12-30,0.0088963555
"BRA",1894,1894-12-30,0.0090676332
"BRA",1895,1895-12-30,0.009018545
"BRA",1896,1896-12-30,0.009932288
"BRA",1897,1897-12-30,0.0098624146
"BRA",1898,1898-12-30,0.0092074946
"BRA",1899,1899-12-30,0.0091101956
"BRA",1900,1900-12-30,0.0092038931
"BRA",1901,1901-12-30,0.0091465786
"BRA",1902,1902-12-30,0.0092965448
"BRA",1903,1903-12-30,0.0099395066
"BRA",1904,1904-12-30,0.010135396
"BRA",1905,1905-12-30,0.0092447335
"BRA",1906,1906-12-30,0.010503066
"BRA",1907,1907-12-30,0.010842432
"BRA",1908,1908-12-30,0.011087283
"BRA",1909,1909-12-30,0.011563078
"BRA",1910,1910-12-30,0.011264177
"BRA",1911,1911-12-30,0.011557619
"BRA",1912,1912-12-30,0.011310219
"BRA",1913,1913-12-30,0.010570697
"BRA",1914,1914-12-29,0.0087416451
"BRA",1915,1915-12-29,0.0079553043
"BRA",1916,1916-12-29,0.0079970043
"BRA",1917,1917-12-29,0.0080041019
"BRA",1918,1918-12-30,0.0080798697
"BRA",1919,1919-12-30,0.0091989767
"BRA",1920,1920-12-30,0.0087464983
"BRA",1921,1921-12-30,0.0099007096
"BRA",1922,1922-12-30,0.01062424
"BRA",1923,1923-12-30,0.01038266
"BRA",1924,1924-12-30,0.010614306
"BRA",1925,1925-12-30,0.011210014
"BRA",1926,1926-12-30,0.010872328
"BRA",1927,1927-12-30,0.010402625
"BRA",1928,1928-12-30,0.010228123
"BRA",1929,1929-12-30,0.010550925
"BRA",1930,1930-12-30,0.010439132
"BRA",1931,1931-12-30,0.010055522
"BRA",1932,1932-12-30,0.011439234
"BRA",1933,1933-12-30,0.01079544
"BRA",1934,1934-12-30,0.011545049
"BRA",1935,1935-12-30,0.010399377
"BRA",1936,1936-12-30,0.010334337
"BRA",1937,1937-12-30,0.010552593
"BRA",1938,1938-12-30,0.010332678
"BRA",1939,1939-12-30,0.0096466392
"BRA",1940,1940-12-29,0.0092597762
"BRA",1941,1941-12-29,0.010643599
"BRA",1942,1942-12-29,0.0096395146
"BRA",1943,1943-12-29,0.011079143
"BRA",1944,1944-12-29,0.011035967
"BRA",1945,1945-12-29,0.01114075
"BRA",1946,1946-12-29,0.012812508
"BRA",1947,1947-12-29,0.012078462
"BRA",1948,1948-12-29,0.01219251
"BRA",1949,1949-12-29,0.013095957
"BRA",1950,1950-12-29,0.012736919
"BRA",1951,1951-12-29,0.012406301
"BRA",1952,1952-12-29,0.011982895
"BRA",1953,1953-12-29,0.012266609
"BRA",1954,1954-12-29,0.011856579
"BRA",1955,1955-12-29,0.010774112
"BRA",1956,1956-12-29,0.011787763
"BRA",1957,1957-12-29,0.012512778
"BRA",1958,1958-12-29,0.013892398
"BRA",1959,1959-12-29,0.014129935
"BRA",1960,1960-12-29,0.014623535
"BRA",1961,1961-12-29,0.014678566
"BRA",1962,1962-12-29,0.014916664
"BRA",1963,1963-12-29,0.016172145
"BRA",1964,1964-12-29,0.016653888
"BRA",1965,1965-12-29,0.016859975
"BRA",1966,1966-12-29,0.017180637
"BRA",1967,1967-12-29,0.017620709
"BRA",1968,1968-12-29,0.018120492
"BRA",1969,1969-12-29,0.018427504
"BRA",1970,1970-12-29,0.019316193
"BRA",1971,1971-12-29,0.019651107
"BRA",1972,1972-12-29,0.020028815
"BRA",1973,1973-12-29,0.020354815
"BRA",1974,1974-12-29,0.020479985
"BRA",1975,1975-12-29,0.021114944
"BRA",1976,1976-12-29,0.021450134
"BRA",1977,1977-12-29,0.022031575
"BRA",1978,1978-12-29,0.022213938
"BRA",1979,1979-12-29,0.022408206
"BRA",1980,1980-12-29,0.02285938
"BRA",1981,1981-12-29,0.022437077
"BRA",1982,1982-12-29,0.02285916
"BRA",1983,1983-12-29,0.023254612
"BRA",1984,1984-12-29,0.024052178
"BRA",1985,1985-12-29,0.024954721
"BRA",1986,1986-12-29,0.025472766
"BRA",1987,1987-12-29,0.025667854
"BRA",1988,1988-12-29,0.024507929
"BRA",1989,1989-12-29,0.025715135
"BRA",1990,1990-12-29,0.023121554
"BRA",1991,1991-12-29,0.02393844
"BRA",1992,1992-12-29,0.024980864
"BRA",1993,1993-12-29,0.025086535
"BRA",1994,1994-12-29,0.025149306
"BRA",1995,1995-12-29,0.025050078
"BRA",1996,1996-12-29,0.025665844
"BRA",1997,1997-12-29,0.026329955
"BRA",1998,1998-12-29,0.026459632
"BRA",1999,1999-12-29,0.025754342
"BRA",2000,2000-12-29,0.025058106
"BRA",2001,2001-12-29,0.024349533
"BRA",2002,2002-12-29,0.025254341
"BRA",2003,2003-12-29,0.024780996
"BRA",2004,2004-12-29,0.02471485
"BRA",2005,2005-12-29,0.024707537
"BRA",2006,2006-12-29,0.024340358
"BRA",2007,2007-12-29,0.024725745
"BRA",2008,2008-12-29,0.025693065
"BRA",2009,2009-12-29,0.024382021
"BRA",2010,2010-12-29,0.025338296
"BRA",2011,2011-12-29,0.025337497
"BRA",2012,2012-12-29,0.025006916
"BRA",2013,2013-12-29,0.024802815
"BRA",2014,2014-12-29,0.024388229
"BRA",2015,2015-12-29,0.023635525
"BRA",2016,2016-12-29,0.023257591
"BOL",1848,1848-12-30,0.0019766369
"BOL",1849,1849-12-30,0.0018666729
"BOL",1850,1850-12-30,0.0017426878
"BOL",1851,1851-12-30,0.0018666568
"BOL",1852,1852-12-30,0.0017624346
"BOL",1853,1853-12-30,0.0016500205
"BOL",1854,1854-12-30,0.0015706972
"BOL",1855,1855-12-30,0.001367255
"BOL",1856,1856-12-30,0.0012377177
"BOL",1857,1857-12-30,0.00080743129
"BOL",1858,1858-12-30,0.00082246237
"BOL",1859,1859-12-30,0.00075713487
"BOL",1860,1860-12-30,0.00038766427
"BOL",1861,1861-12-30,0.00039167749
"BOL",1862,1862-12-30,0.00039556794
"BOL",1863,1863-12-30,0.0003910877
"BOL",1864,1864-12-30,0.00038878585
"BOL",1865,1865-12-30,0.0003969954
"BOL",1866,1866-12-30,0.00041854088
"BOL",1867,1867-12-30,0.0004191011
"BOL",1868,1868-12-30,0.00047378504
"BOL",1869,1869-12-30,0.0004290306
"BOL",1870,1870-12-30,0.00043109467
"BOL",1871,1871-12-30,0.0004039155
"BOL",1872,1872-12-30,0.00052659586
"BOL",1873,1873-12-30,0.00062320661
"BOL",1874,1874-12-30,0.00058464025
"BOL",1875,1875-12-30,0.00047802567
"BOL",1876,1876-12-30,0.00047102373
"BOL",1877,1877-12-30,0.00046877284
"BOL",1878,1878-12-30,0.00045683712
"BOL",1879,1879-12-30,0.00066017587
"BOL",1880,1880-12-30,0.00083268783
"BOL",1881,1881-12-30,0.00080283766
"BOL",1882,1882-12-30,0.00047237799
"BOL",1883,1883-12-30,0.00047984364
"BOL",1884,1884-12-30,0.00043338008
"BOL",1885,1885-12-30,0.00043212887
"BOL",1886,1886-12-30,0.0004305183
"BOL",1887,1887-12-30,0.00037901587
"BOL",1888,1888-12-30,0.00037722394
"BOL",1889,1889-12-30,0.00037628724
"BOL",1890,1890-12-30,0.00037576334
"BOL",1891,1891-12-30,0.00037390119
"BOL",1892,1892-12-30,0.0004141203
"BOL",1893,1893-12-30,0.0004846451
"BOL",1894,1894-12-30,0.00039628614
"BOL",1895,1895-12-30,0.00040428541
"BOL",1896,1896-12-30,0.00045004801
"BOL",1897,1897-12-30,0.00043621002
"BOL",1898,1898-12-30,0.00040599366
"BOL",1899,1899-12-30,0.00040278264
"BOL",1900,1900-12-30,0.00043176828
"BOL",1901,1901-12-30,0.00047344962
"BOL",1902,1902-12-30,0.00045779828
"BOL",1903,1903-12-30,0.00045448446
"BOL",1904,1904-12-30,0.00044539003
"BOL",1905,1905-12-30,0.00040029237
"BOL",1906,1906-12-30,0.00040684815
"BOL",1907,1907-12-30,0.00046446445
"BOL",1908,1908-12-30,0.00042664882
"BOL",1909,1909-12-30,0.00042313544
"BOL",1910,1910-12-30,0.0004474115
"BOL",1911,1911-12-30,0.00043884121
"BOL",1912,1912-12-30,0.00049105939
"BOL",1913,1913-12-30,0.00048406227
"BOL",1914,1914-12-29,0.00044784369
"BOL",1915,1915-12-29,0.00032922174
"BOL",1916,1916-12-29,0.00031834052
"BOL",1917,1917-12-29,0.00036585436
"BOL",1918,1918-12-30,0.00032067727
"BOL",1919,1919-12-30,0.00052718114
"BOL",1920,1920-12-30,0.00055184378
"BOL",1921,1921-12-30,0.00054420094
"BOL",1922,1922-12-30,0.00055434374
"BOL",1923,1923-12-30,0.00058676617
"BOL",1924,1924-12-30,0.00065637077
"BOL",1925,1925-12-30,0.00064221479
"BOL",1926,1926-12-30,0.00078364665
"BOL",1927,1927-12-30,0.00078497455
"BOL",1928,1928-12-30,0.00075845077
"BOL",1929,1929-12-30,0.00074065622
"BOL",1930,1930-12-30,0.00072605256
"BOL",1931,1931-12-30,0.00070518057
"BOL",1932,1932-12-30,0.00071546528
"BOL",1933,1933-12-30,0.0014096451
"BOL",1934,1934-12-30,0.0015640744
"BOL",1935,1935-12-30,0.0018463022
"BOL",1936,1936-12-30,0.00073966786
"BOL",1937,1937-12-30,0.00071001711
"BOL",1938,1938-12-30,0.00074540381
"BOL",1939,1939-12-30,0.00066826341
"BOL",1940,1940-12-29,0.0007120035
"BOL",1941,1941-12-29,0.00061377679
"BOL",1942,1942-12-29,0.00060795509
"BOL",1943,1943-12-29,0.00067168759
"BOL",1944,1944-12-29,0.0006852888
"BOL",1945,1945-12-29,0.00065939251
"BOL",1946,1946-12-29,0.00069969951
"BOL",1947,1947-12-29,0.00061062357
"BOL",1948,1948-12-29,0.00060918008
"BOL",1949,1949-12-29,0.00065515441
"BOL",1950,1950-12-29,0.00055400119
"BOL",1951,1951-12-29,0.00061490352
"BOL",1952,1952-12-29,0.00051622163
"BOL",1953,1953-12-29,0.00052253669
"BOL",1954,1954-12-29,0.00047779776
"BOL",1955,1955-12-29,0.00046744698
"BOL",1956,1956-12-29,0.00053101761
"BOL",1957,1957-12-29,0.00052701007
"BOL",1958,1958-12-29,0.00048897695
"BOL",1959,1959-12-29,0.00049891451
"BOL",1960,1960-12-29,0.00046632663
"BOL",1961,1961-12-29,0.00052785
"BOL",1962,1962-12-29,0.00052268995
"BOL",1963,1963-12-29,0.00048774522
"BOL",1964,1964-12-29,0.00049717072
"BOL",1965,1965-12-29,0.00053366553
"BOL",1966,1966-12-29,0.00059791864
"BOL",1967,1967-12-29,0.00058161689
"BOL",1968,1968-12-29,0.00054354646
"BOL",1969,1969-12-29,0.00057117851
"BOL",1970,1970-12-29,0.00055770471
"BOL",1971,1971-12-29,0.00056860165
"BOL",1972,1972-12-29,0.00057211221
"BOL",1973,1973-12-29,0.00058113015
"BOL",1974,1974-12-29,0.00059420441
"BOL",1975,1975-12-29,0.00062741101
"BOL",1976,1976-12-29,0.0006689321
"BOL",1977,1977-12-29,0.00065888977
"BOL",1978,1978-12-29,0.00066778564
"BOL",1979,1979-12-29,0.00068295939
"BOL",1980,1980-12-29,0.00072320789
"BOL",1981,1981-12-29,0.00074577297
"BOL",1982,1982-12-29,0.00077169132
"BOL",1983,1983-12-29,0.00075715495
"BOL",1984,1984-12-29,0.000766162
"BOL",1985,1985-12-29,0.00076231471
"BOL",1986,1986-12-29,0.00074889982
"BOL",1987,1987-12-29,0.00076966884
"BOL",1988,1988-12-29,0.00075566623
"BOL",1989,1989-12-29,0.00077774114
"BOL",1990,1990-12-29,0.00078819226
"BOL",1991,1991-12-29,0.00083690265
"BOL",1992,1992-12-29,0.00085334998
"BOL",1993,1993-12-29,0.00086424139
"BOL",1994,1994-12-29,0.00085094559
"BOL",1995,1995-12-29,0.00086227298
"BOL",1996,1996-12-29,0.00091011863
"BOL",1997,1997-12-29,0.00091755099
"BOL",1998,1998-12-29,0.00094416254
"BOL",1999,1999-12-29,0.00094982015
"BOL",2000,2000-12-29,0.00096565974
"BOL",2001,2001-12-29,0.00099324423
"BOL",2002,2002-12-29,0.00095776014
"BOL",2003,2003-12-29,0.00095770461
"BOL",2004,2004-12-29,0.00095891469
"BOL",2005,2005-12-29,0.00096924463
"BOL",2006,2006-12-29,0.00099953974
"BOL",2007,2007-12-29,0.0010927815
"BOL",2008,2008-12-29,0.0011008068
"BOL",2009,2009-12-29,0.0010998594
"BOL",2010,2010-12-29,0.0011019286
"BOL",2011,2011-12-29,0.0011376329
"BOL",2012,2012-12-29,0.0011517587
"BOL",2013,2013-12-29,0.001073817
"BOL",2014,2014-12-29,0.0010799898
"BOL",2015,2015-12-29,0.0010938147
"BOL",2016,2016-12-29,0.0010022843
"PAR",1846,1846-12-30,0.00083677552
"PAR",1847,1847-12-30,0.00082591106
"PAR",1848,1848-12-30,0.000827768
"PAR",1849,1849-12-30,0.00077905698
"PAR",1850,1850-12-30,0.00075622537
"PAR",1851,1851-12-30,0.00082139659
"PAR",1852,1852-12-30,0.000772817
"PAR",1853,1853-12-30,0.00075342041
"PAR",1854,1854-12-30,0.00071477774
"PAR",1855,1855-12-30,0.00061122683
"PAR",1856,1856-12-30,0.00056892849
"PAR",1857,1857-12-30,0.00069010671
"PAR",1858,1858-12-30,0.00073304935
"PAR",1859,1859-12-30,0.0007288793
"PAR",1860,1860-12-30,0.00047148511
"PAR",1861,1861-12-30,0.00077552057
"PAR",1862,1862-12-30,0.00075723551
"PAR",1863,1863-12-30,0.0007005909
"PAR",1864,1864-12-30,0.0011915861
"PAR",1865,1865-12-30,0.0018965531
"PAR",1866,1866-12-30,0.0029196278
"PAR",1867,1867-12-30,0.0019558044
"PAR",1868,1868-12-30,0.0014176844
"PAR",1869,1869-12-30,0.0004599813
"PAR",1870,1870-12-30,0.0002075443
"PAR",1876,1876-12-30,0.00014455151
"PAR",1877,1877-12-30,0.00013247743
"PAR",1878,1878-12-30,0.00013779623
"PAR",1879,1879-12-30,0.00017918189
"PAR",1880,1880-12-30,0.00010430496
"PAR",1881,1881-12-30,0.00010311077
"PAR",1882,1882-12-30,9.9226825e-05
"PAR",1883,1883-12-30,0.00010556082
"PAR",1884,1884-12-30,0.0001083414
"PAR",1885,1885-12-30,0.00010865471
"PAR",1886,1886-12-30,0.00010916217
"PAR",1887,1887-12-30,0.00010833656
"PAR",1888,1888-12-30,0.00010794715
"PAR",1889,1889-12-30,0.00012667739
"PAR",1890,1890-12-30,0.0001778061
"PAR",1891,1891-12-30,0.00017559702
"PAR",1892,1892-12-30,0.00022011959
"PAR",1893,1893-12-30,0.00015386629
"PAR",1894,1894-12-30,0.00015637894
"PAR",1895,1895-12-30,0.00015685319
"PAR",1896,1896-12-30,0.00012011066
"PAR",1897,1897-12-30,0.00025996077
"PAR",1898,1898-12-30,0.00012042248
"PAR",1899,1899-12-30,0.00018142733
"PAR",1900,1900-12-30,0.00019006194
"PAR",1901,1901-12-30,0.00019434631
"PAR",1902,1902-12-30,0.00016187086
"PAR",1903,1903-12-30,0.00021824316
"PAR",1904,1904-12-30,0.00021072946
"PAR",1905,1905-12-30,0.00015628521
"PAR",1906,1906-12-30,0.00015217766
"PAR",1907,1907-12-30,0.00017839312
"PAR",1908,1908-12-30,0.00017638113
"PAR",1909,1909-12-30,0.00019838152
"PAR",1910,1910-12-30,0.00023127809
"PAR",1911,1911-12-30,0.00022198485
"PAR",1912,1912-12-30,0.0002576905
"PAR",1913,1913-12-30,0.00026010934
"PAR",1914,1914-12-29,0.00018704403
"PAR",1915,1915-12-29,0.00011077415
"PAR",1916,1916-12-29,0.00011166751
"PAR",1917,1917-12-29,0.00012812605
"PAR",1918,1918-12-30,0.0001301368
"PAR",1919,1919-12-30,0.00016035918
"PAR",1920,1920-12-30,0.00015916971
"PAR",1921,1921-12-30,0.00014843048
"PAR",1922,1922-12-30,0.000160585
"PAR",1923,1923-12-30,0.00018601639
"PAR",1924,1924-12-30,0.000213236
"PAR",1925,1925-12-30,0.00021789888
"PAR",1926,1926-12-30,0.00034299583
"PAR",1927,1927-12-30,0.00034559114
"PAR",1928,1928-12-30,0.00033588556
"PAR",1929,1929-12-30,0.00034057407
"PAR",1930,1930-12-30,0.00033180564
"PAR",1931,1931-12-30,0.00033533922
"PAR",1932,1932-12-30,0.00035390517
"PAR",1933,1933-12-30,0.00078146334
"PAR",1934,1934-12-30,0.00081513211
"PAR",1935,1935-12-30,0.00060860516
"PAR",1936,1936-12-30,0.00028791119
"PAR",1937,1937-12-30,0.00028434602
"PAR",1938,1938-12-30,0.00039269793
"PAR",1939,1939-12-30,0.00026784374
"PAR",1940,1940-12-29,0.00029435655
"PAR",1941,1941-12-29,0.00030785569
"PAR",1942,1942-12-29,0.00031129218
"PAR",1943,1943-12-29,0.00031833764
"PAR",1944,1944-12-29,0.00031187176
"PAR",1945,1945-12-29,0.0003179794
"PAR",1946,1946-12-29,0.00033892639
"PAR",1947,1947-12-29,0.00036852848
"PAR",1948,1948-12-29,0.00041794736
"PAR",1949,1949-12-29,0.00039541439
"PAR",1950,1950-12-29,0.00033102476
"PAR",1951,1951-12-29,0.00032258074
"PAR",1952,1952-12-29,0.00028686435
"PAR",1953,1953-12-29,0.00032754874
"PAR",1954,1954-12-29,0.0002978683
"PAR",1955,1955-12-29,0.00028594563
"PAR",1956,1956-12-29,0.00027734417
"PAR",1957,1957-12-29,0.00027648715
"PAR",1958,1958-12-29,0.00028549583
"PAR",1959,1959-12-29,0.00030838087
"PAR",1960,1960-12-29,0.00030405459
"PAR",1961,1961-12-29,0.000375014
"PAR",1962,1962-12-29,0.00035594791
"PAR",1963,1963-12-29,0.00033992334
"PAR",1964,1964-12-29,0.00036483264
"PAR",1965,1965-12-29,0.0003714817
"PAR",1966,1966-12-29,0.0003572953
"PAR",1967,1967-12-29,0.00034684595
"PAR",1968,1968-12-29,0.00035750217
"PAR",1969,1969-12-29,0.00036307817
"PAR",1970,1970-12-29,0.00037230094
"PAR",1971,1971-12-29,0.00033623679
"PAR",1972,1972-12-29,0.00032849418
"PAR",1973,1973-12-29,0.00032894759
"PAR",1974,1974-12-29,0.00032474182
"PAR",1975,1975-12-29,0.00032758329
"PAR",1976,1976-12-29,0.00032966267
"PAR",1977,1977-12-29,0.00033244261
"PAR",1978,1978-12-29,0.00033372402
"PAR",1979,1979-12-29,0.00033178422
"PAR",1980,1980-12-29,0.00033583309
"PAR",1981,1981-12-29,0.00033568143
"PAR",1982,1982-12-29,0.00034369854
"PAR",1983,1983-12-29,0.00034061799
"PAR",1984,1984-12-29,0.0003365076
"PAR",1985,1985-12-29,0.00031695596
"PAR",1986,1986-12-29,0.00033060636
"PAR",1987,1987-12-29,0.00033020793
"PAR",1988,1988-12-29,0.00033310859
"PAR",1989,1989-12-29,0.00033318842
"PAR",1990,1990-12-29,0.00033999342
"PAR",1991,1991-12-29,0.00037047834
"PAR",1992,1992-12-29,0.00038641074
"PAR",1993,1993-12-29,0.00039545566
"PAR",1994,1994-12-29,0.0004044525
"PAR",1995,1995-12-29,0.00042088449
"PAR",1996,1996-12-29,0.00043414021
"PAR",1997,1997-12-29,0.00043571362
"PAR",1998,1998-12-29,0.00046328583
"PAR",1999,1999-12-29,0.00047029406
"PAR",2000,2000-12-29,0.00049332326
"PAR",2001,2001-12-29,0.00049477175
"PAR",2002,2002-12-29,0.0005347532
"PAR",2003,2003-12-29,0.00053465209
"PAR",2004,2004-12-29,0.00050432427
"PAR",2005,2005-12-29,0.00046286068
"PAR",2006,2006-12-29,0.00046372091
"PAR",2007,2007-12-29,0.00046609392
"PAR",2008,2008-12-29,0.00048796335
"PAR",2009,2009-12-29,0.00050875294
"PAR",2010,2010-12-29,0.00051090616
"PAR",2011,2011-12-29,0.00051757414
"PAR",2012,2012-12-29,0.00053074182
"PAR",2013,2013-12-29,0.00053747685
"PAR",2014,2014-12-29,0.0005330696
"PAR",2015,2015-12-29,0.00053874135
"PAR",2016,2016-12-29,0.00055098231
"CHL",1839,1839-12-30,0.00091772358
"CHL",1840,1840-12-30,0.00091911602
"CHL",1841,1841-12-30,0.00092558179
"CHL",1842,1842-12-30,0.00085478899
"CHL",1843,1843-12-30,0.00086340826
"CHL",1844,1844-12-30,0.00087552884
"CHL",1845,1845-12-30,0.00090661005
"CHL",1846,1846-12-30,0.00090595958
"CHL",1847,1847-12-30,0.00098767853
"CHL",1848,1848-12-30,0.0009241142
"CHL",1849,1849-12-30,0.00099782972
"CHL",1850,1850-12-30,0.001010278
"CHL",1851,1851-12-30,0.001044146
"CHL",1852,1852-12-30,0.001035965
"CHL",1853,1853-12-30,0.0014998642
"CHL",1854,1854-12-30,0.0010935954
"CHL",1855,1855-12-30,0.0022320338
"CHL",1856,1856-12-30,0.002179194
"CHL",1857,1857-12-30,0.0022602472
"CHL",1858,1858-12-30,0.0022148662
"CHL",1859,1859-12-30,0.002266926
"CHL",1860,1860-12-30,0.0016662821
"CHL",1861,1861-12-30,0.0016111399
"CHL",1862,1862-12-30,0.0016512058
"CHL",1863,1863-12-30,0.0016306756
"CHL",1864,1864-12-30,0.0015757366
"CHL",1865,1865-12-30,0.0016179272
"CHL",1866,1866-12-30,0.0016573883
"CHL",1867,1867-12-30,0.0017917457
"CHL",1868,1868-12-30,0.0019008702
"CHL",1869,1869-12-30,0.0019857141
"CHL",1870,1870-12-30,0.0018812611
"CHL",1871,1871-12-30,0.0019094304
"CHL",1872,1872-12-30,0.0021110068
"CHL",1873,1873-12-30,0.0021311271
"CHL",1874,1874-12-30,0.0020315011
"CHL",1875,1875-12-30,0.0020453278
"CHL",1876,1876-12-30,0.0018039463
"CHL",1877,1877-12-30,0.0016725871
"CHL",1878,1878-12-30,0.0016941221
"CHL",1879,1879-12-30,0.0017914348
"CHL",1880,1880-12-30,0.0018513275
"CHL",1881,1881-12-30,0.0023155345
"CHL",1882,1882-12-30,0.0024428987
"CHL",1883,1883-12-30,0.0025644326
"CHL",1884,1884-12-30,0.0025022221
"CHL",1885,1885-12-30,0.0021589529
"CHL",1886,1886-12-30,0.0020850403
"CHL",1887,1887-12-30,0.0020417364
"CHL",1888,1888-12-30,0.0020278725
"CHL",1889,1889-12-30,0.0021394314
"CHL",1890,1890-12-30,0.0021280858
"CHL",1891,1891-12-30,0.0022810032
"CHL",1892,1892-12-30,0.0020122244
"CHL",1893,1893-12-30,0.0019407691
"CHL",1894,1894-12-30,0.0019219799
"CHL",1895,1895-12-30,0.002673984
"CHL",1896,1896-12-30,0.0028442054
"CHL",1897,1897-12-30,0.0028764594
"CHL",1898,1898-12-30,0.0030651428
"CHL",1899,1899-12-30,0.0031414791
"CHL",1900,1900-12-30,0.0027050965
"CHL",1901,1901-12-30,0.0027006289
"CHL",1902,1902-12-30,0.0030116364
"CHL",1903,1903-12-30,0.0030133456
"CHL",1904,1904-12-30,0.0023426411
"CHL",1905,1905-12-30,0.0024912606
"CHL",1906,1906-12-30,0.0028102554
"CHL",1907,1907-12-30,0.0032267722
"CHL",1908,1908-12-30,0.0026963979
"CHL",1909,1909-12-30,0.0039177984
"CHL",1910,1910-12-30,0.0035705171
"CHL",1911,1911-12-30,0.0036015122
"CHL",1912,1912-12-30,0.0040316069
"CHL",1913,1913-12-30,0.0037849152
"CHL",1914,1914-12-29,0.002683365
"CHL",1915,1915-12-29,0.0018763569
"CHL",1916,1916-12-29,0.0019327226
"CHL",1917,1917-12-29,0.0022314519
"CHL",1918,1918-12-30,0.0019170949
"CHL",1919,1919-12-30,0.0023081047
"CHL",1920,1920-12-30,0.0024408074
"CHL",1921,1921-12-30,0.0028472689
"CHL",1922,1922-12-30,0.0026910561
"CHL",1923,1923-12-30,0.0027475748
"CHL",1924,1924-12-30,0.0030023509
"CHL",1925,1925-12-30,0.0028732626
"CHL",1926,1926-12-30,0.0032718524
"CHL",1927,1927-12-30,0.0032618553
"CHL",1928,1928-12-30,0.0030092457
"CHL",1929,1929-12-30,0.0029471414
"CHL",1930,1930-12-30,0.0027159639
"CHL",1931,1931-12-30,0.0025624197
"CHL",1932,1932-12-30,0.0025766694
"CHL",1933,1933-12-30,0.0023375126
"CHL",1934,1934-12-30,0.0021643464
"CHL",1935,1935-12-30,0.0021264881
"CHL",1936,1936-12-30,0.002097259
"CHL",1937,1937-12-30,0.0020713184
"CHL",1938,1938-12-30,0.0020006911
"CHL",1939,1939-12-30,0.0017904751
"CHL",1940,1940-12-29,0.0017738595
"CHL",1941,1941-12-29,0.0018427272
"CHL",1942,1942-12-29,0.001832864
"CHL",1943,1943-12-29,0.0018546429
"CHL",1944,1944-12-29,0.0017819311
"CHL",1945,1945-12-29,0.0017800406
"CHL",1946,1946-12-29,0.0020726162
"CHL",1947,1947-12-29,0.002041846
"CHL",1948,1948-12-29,0.0020532478
"CHL",1949,1949-12-29,0.0020182333
"CHL",1950,1950-12-29,0.002100141
"CHL",1951,1951-12-29,0.002066097
"CHL",1952,1952-12-29,0.0020470887
"CHL",1953,1953-12-29,0.0024450277
"CHL",1954,1954-12-29,0.0020817432
"CHL",1955,1955-12-29,0.0019890387
"CHL",1956,1956-12-29,0.0020856815
"CHL",1957,1957-12-29,0.0020980514
"CHL",1958,1958-12-29,0.0021476564
"CHL",1959,1959-12-29,0.0022294309
"CHL",1960,1960-12-29,0.0022778024
"CHL",1961,1961-12-29,0.0025305704
"CHL",1962,1962-12-29,0.0026600254
"CHL",1963,1963-12-29,0.0027617093
"CHL",1964,1964-12-29,0.0027401496
"CHL",1965,1965-12-29,0.0026848719
"CHL",1966,1966-12-29,0.0026130346
"CHL",1967,1967-12-29,0.0026321933
"CHL",1968,1968-12-29,0.0022841275
"CHL",1969,1969-12-29,0.0023181678
"CHL",1970,1970-12-29,0.0023006445
"CHL",1971,1971-12-29,0.0024694619
"CHL",1972,1972-12-29,0.0024940183
"CHL",1973,1973-12-29,0.0024745271
"CHL",1974,1974-12-29,0.002620036
"CHL",1975,1975-12-29,0.0025804068
"CHL",1976,1976-12-29,0.0025755872
"CHL",1977,1977-12-29,0.0026411032
"CHL",1978,1978-12-29,0.0026481107
"CHL",1979,1979-12-29,0.0027443185
"CHL",1980,1980-12-29,0.0029326214
"CHL",1981,1981-12-29,0.0030294035
"CHL",1982,1982-12-29,0.0027473541
"CHL",1983,1983-12-29,0.0028888118
"CHL",1984,1984-12-29,0.0028510077
"CHL",1985,1985-12-29,0.0027086705
"CHL",1986,1986-12-29,0.0027114954
"CHL",1987,1987-12-29,0.0027099
"CHL",1988,1988-12-29,0.0025469775
"CHL",1989,1989-12-29,0.0025900439
"CHL",1990,1990-12-29,0.0025378473
"CHL",1991,1991-12-29,0.0026972042
"CHL",1992,1992-12-29,0.0028101122
"CHL",1993,1993-12-29,0.0027846554
"CHL",1994,1994-12-29,0.002941079
"CHL",1995,1995-12-29,0.0029688613
"CHL",1996,1996-12-29,0.003053444
"CHL",1997,1997-12-29,0.0032890348
"CHL",1998,1998-12-29,0.0033212639
"CHL",1999,1999-12-29,0.0031769169
"CHL",2000,2000-12-29,0.0032481861
"CHL",2001,2001-12-29,0.0031970374
"CHL",2002,2002-12-29,0.0030523303
"CHL",2003,2003-12-29,0.0029569697
"CHL",2004,2004-12-29,0.0030728916
"CHL",2005,2005-12-29,0.0031387075
"CHL",2006,2006-12-29,0.00316986
"CHL",2007,2007-12-29,0.0031302583
"CHL",2008,2008-12-29,0.0029486793
"CHL",2009,2009-12-29,0.0028061587
"CHL",2010,2010-12-29,0.0025272539
"CHL",2011,2011-12-29,0.002681389
"CHL",2012,2012-12-29,0.0027046797
"CHL",2013,2013-12-29,0.0026552742
"CHL",2014,2014-12-29,0.0024801898
"CHL",2015,2015-12-29,0.0024626111
"CHL",2016,2016-12-29,0.0024902169
"ARG",1841,1841-12-30,0.0033368804
"ARG",1842,1842-12-30,0.003159072
"ARG",1843,1843-12-30,0.0030012666
"ARG",1844,1844-12-30,0.0031099059
"ARG",1845,1845-12-30,0.0029713346
"ARG",1846,1846-12-30,0.0027282489
"ARG",1847,1847-12-30,0.0030051859
"ARG",1848,1848-12-30,0.0028589242
"ARG",1849,1849-12-30,0.0027303013
"ARG",1850,1850-12-30,0.0031368476
"ARG",1851,1851-12-30,0.0026585178
"ARG",1852,1852-12-30,0.0027388467
"ARG",1853,1853-12-30,0.0026164777
"ARG",1854,1854-12-30,0.0024462736
"ARG",1855,1855-12-30,0.0023502083
"ARG",1856,1856-12-30,0.0024457921
"ARG",1857,1857-12-30,0.0024760554
"ARG",1858,1858-12-30,0.0026184067
"ARG",1859,1859-12-30,0.0026540738
"ARG",1860,1860-12-30,0.0020699492
"ARG",1861,1861-12-30,0.0020664453
"ARG",1862,1862-12-30,0.0021621767
"ARG",1863,1863-12-30,0.0023729159
"ARG",1864,1864-12-30,0.0023463997
"ARG",1865,1865-12-30,0.0027370458
"ARG",1866,1866-12-30,0.0026791273
"ARG",1867,1867-12-30,0.0025382179
"ARG",1868,1868-12-30,0.0029383532
"ARG",1869,1869-12-30,0.0031576469
"ARG",1870,1870-12-30,0.002905065
"ARG",1871,1871-12-30,0.0020758621
"ARG",1872,1872-12-30,0.0020649664
"ARG",1873,1873-12-30,0.0021498629
"ARG",1874,1874-12-30,0.0021266495
"ARG",1875,1875-12-30,0.0021030812
"ARG",1876,1876-12-30,0.0022106366
"ARG",1877,1877-12-30,0.0022152662
"ARG",1878,1878-12-30,0.002939533
"ARG",1879,1879-12-30,0.0030103778
"ARG",1880,1880-12-30,0.0029934007
"ARG",1881,1881-12-30,0.0032496026
"ARG",1882,1882-12-30,0.0033775638
"ARG",1883,1883-12-30,0.0035969769
"ARG",1884,1884-12-30,0.0037524446
"ARG",1885,1885-12-30,0.0039539076
"ARG",1886,1886-12-30,0.0040270337
"ARG",1887,1887-12-30,0.0039658402
"ARG",1888,1888-12-30,0.0040795123
"ARG",1889,1889-12-30,0.0036458266
"ARG",1890,1890-12-30,0.0035455648
"ARG",1891,1891-12-30,0.003663077
"ARG",1892,1892-12-30,0.0035525716
"ARG",1893,1893-12-30,0.0040826425
"ARG",1894,1894-12-30,0.0040921043
"ARG",1895,1895-12-30,0.0043000323
"ARG",1896,1896-12-30,0.0057525653
"ARG",1897,1897-12-30,0.0055301734
"ARG",1898,1898-12-30,0.0052247401
"ARG",1899,1899-12-30,0.0043356735
"ARG",1900,1900-12-30,0.0045465846
"ARG",1901,1901-12-30,0.0044702906
"ARG",1902,1902-12-30,0.0048406483
"ARG",1903,1903-12-30,0.0048947716
"ARG",1904,1904-12-30,0.0048416615
"ARG",1905,1905-12-30,0.0046880879
"ARG",1906,1906-12-30,0.0051275864
"ARG",1907,1907-12-30,0.0054690312
"ARG",1908,1908-12-30,0.0052468358
"ARG",1909,1909-12-30,0.0057676663
"ARG",1910,1910-12-30,0.0059828386
"ARG",1911,1911-12-30,0.006035225
"ARG",1912,1912-12-30,0.0063464469
"ARG",1913,1913-12-30,0.0060418677
"ARG",1914,1914-12-29,0.0050069857
"ARG",1915,1915-12-29,0.0043979208
"ARG",1916,1916-12-29,0.0042712721
"ARG",1917,1917-12-29,0.0043891454
"ARG",1918,1918-12-30,0.0044701961
"ARG",1919,1919-12-30,0.0058802939
"ARG",1920,1920-12-30,0.0055596945
"ARG",1921,1921-12-30,0.005880598
"ARG",1922,1922-12-30,0.00604945
"ARG",1923,1923-12-30,0.0070243608
"ARG",1924,1924-12-30,0.00762475
"ARG",1925,1925-12-30,0.0076568811
"ARG",1926,1926-12-30,0.0082993247
"ARG",1927,1927-12-30,0.0077393199
"ARG",1928,1928-12-30,0.0073599382
"ARG",1929,1929-12-30,0.0073053031
"ARG",1930,1930-12-30,0.007545555
"ARG",1931,1931-12-30,0.0074674883
"ARG",1932,1932-12-30,0.0076808189
"ARG",1933,1933-12-30,0.0078218179
"ARG",1934,1934-12-30,0.0073078158
"ARG",1935,1935-12-30,0.0069790836
"ARG",1936,1936-12-30,0.0072560944
"ARG",1937,1937-12-30,0.0075130477
"ARG",1938,1938-12-30,0.0070845331
"ARG",1939,1939-12-30,0.0067641088
"ARG",1940,1940-12-29,0.0071154446
"ARG",1941,1941-12-29,0.0074865031
"ARG",1942,1942-12-29,0.0076581696
"ARG",1943,1943-12-29,0.0077742958
"ARG",1944,1944-12-29,0.0078393323
"ARG",1945,1945-12-29,0.0079482002
"ARG",1946,1946-12-29,0.00850977
"ARG",1947,1947-12-29,0.0082282061
"ARG",1948,1948-12-29,0.0082709379
"ARG",1949,1949-12-29,0.0084501058
"ARG",1950,1950-12-29,0.0080032013
"ARG",1951,1951-12-29,0.0075661168
"ARG",1952,1952-12-29,0.0072041727
"ARG",1953,1953-12-29,0.0073376745
"ARG",1954,1954-12-29,0.0074128611
"ARG",1955,1955-12-29,0.0073767556
"ARG",1956,1956-12-29,0.0071589341
"ARG",1957,1957-12-29,0.0073707844
"ARG",1958,1958-12-29,0.0070228749
"ARG",1959,1959-12-29,0.0069331038
"ARG",1960,1960-12-29,0.0067580915
"ARG",1961,1961-12-29,0.0068013249
"ARG",1962,1962-12-29,0.0068319356
"ARG",1963,1963-12-29,0.006813427
"ARG",1964,1964-12-29,0.0068577719
"ARG",1965,1965-12-29,0.006999047
"ARG",1966,1966-12-29,0.0068939044
"ARG",1967,1967-12-29,0.0065740165
"ARG",1968,1968-12-29,0.0064259483
"ARG",1969,1969-12-29,0.0064217378
"ARG",1970,1970-12-29,0.0062267538
"ARG",1971,1971-12-29,0.0061448994
"ARG",1972,1972-12-29,0.0060025584
"ARG",1973,1973-12-29,0.0060081892
"ARG",1974,1974-12-29,0.0059684366
"ARG",1975,1975-12-29,0.005882944
"ARG",1976,1976-12-29,0.0058498844
"ARG",1977,1977-12-29,0.0061343326
"ARG",1978,1978-12-29,0.0061692204
"ARG",1979,1979-12-29,0.0065482939
"ARG",1980,1980-12-29,0.0065317294
"ARG",1981,1981-12-29,0.0065189232
"ARG",1982,1982-12-29,0.0068101771
"ARG",1983,1983-12-29,0.0063545364
"ARG",1984,1984-12-29,0.0061096698
"ARG",1985,1985-12-29,0.0057769269
"ARG",1986,1986-12-29,0.0054862238
"ARG",1987,1987-12-29,0.0056297188
"ARG",1988,1988-12-29,0.0054716337
"ARG",1989,1989-12-29,0.0055137631
"ARG",1990,1990-12-29,0.0052962177
"ARG",1991,1991-12-29,0.0056880293
"ARG",1992,1992-12-29,0.0056676441
"ARG",1993,1993-12-29,0.0055865971
"ARG",1994,1994-12-29,0.0057988674
"ARG",1995,1995-12-29,0.0058118305
"ARG",1996,1996-12-29,0.0060251588
"ARG",1997,1997-12-29,0.0060915914
"ARG",1998,1998-12-29,0.0062650894
"ARG",1999,1999-12-29,0.0061895275
"ARG",2000,2000-12-29,0.0060171359
"ARG",2001,2001-12-29,0.0058226939
"ARG",2002,2002-12-29,0.0058793537
"ARG",2003,2003-12-29,0.0060192449
"ARG",2004,2004-12-29,0.0059394236
"ARG",2005,2005-12-29,0.0058833924
"ARG",2006,2006-12-29,0.0058386503
"ARG",2007,2007-12-29,0.0057482687
"ARG",2008,2008-12-29,0.0057362397
"ARG",2009,2009-12-29,0.0056028096
"ARG",2010,2010-12-29,0.0056014508
"ARG",2011,2011-12-29,0.0056773312
"ARG",2012,2012-12-29,0.0056348848
"ARG",2013,2013-12-29,0.0055532842
"ARG",2014,2014-12-29,0.0054654861
"ARG",2015,2015-12-29,0.005698394
"ARG",2016,2016-12-29,0.0054371413
"UKG",1816,1816-12-30,0.33661938
"UKG",1817,1817-12-30,0.32798749
"UKG",1818,1818-12-30,0.32924843
"UKG",1819,1819-12-30,0.3172054
"UKG",1820,1820-12-30,0.31653079
"UKG",1821,1821-12-30,0.31734112
"UKG",1822,1822-12-30,0.31113026
"UKG",1823,1823-12-30,0.31781355
"UKG",1824,1824-12-30,0.32966271
"UKG",1825,1825-12-30,0.33095324
"UKG",1826,1826-12-30,0.32982478
"UKG",1827,1827-12-30,0.33283046
"UKG",1828,1828-12-30,0.32693341
"UKG",1829,1829-12-30,0.32304364
"UKG",1830,1830-12-30,0.30559736
"UKG",1831,1831-12-30,0.29890975
"UKG",1832,1832-12-30,0.30077034
"UKG",1833,1833-12-30,0.3034555
"UKG",1834,1834-12-30,0.30485412
"UKG",1835,1835-12-30,0.30514959
"UKG",1836,1836-12-30,0.29951063
"UKG",1837,1837-12-30,0.30079472
"UKG",1838,1838-12-30,0.30391559
"UKG",1839,1839-12-30,0.30937037
"UKG",1840,1840-12-30,0.31130517
"UKG",1841,1841-12-30,0.30774412
"UKG",1842,1842-12-30,0.29763517
"UKG",1843,1843-12-30,0.2985971
"UKG",1844,1844-12-30,0.30550161
"UKG",1845,1845-12-30,0.31820506
"UKG",1846,1846-12-30,0.30288824
"UKG",1847,1847-12-30,0.29752919
"UKG",1848,1848-12-30,0.3041608
"UKG",1849,1849-12-30,0.30476904
"UKG",1850,1850-12-30,0.30417126
"UKG",1851,1851-12-30,0.30549419
"UKG",1852,1852-12-30,0.29861397
"UKG",1853,1853-12-30,0.28743204
"UKG",1854,1854-12-30,0.33608904
"UKG",1855,1855-12-30,0.29753003
"UKG",1856,1856-12-30,0.29569957
"UKG",1857,1857-12-30,0.2900489
"UKG",1858,1858-12-30,0.2895613
"UKG",1859,1859-12-30,0.29049847
"UKG",1860,1860-12-30,0.27644563
"UKG",1861,1861-12-30,0.25838923
"UKG",1862,1862-12-30,0.25059426
"UKG",1863,1863-12-30,0.25099146
"UKG",1864,1864-12-30,0.24339506
"UKG",1865,1865-12-30,0.25641209
"UKG",1866,1866-12-30,0.2482816
"UKG",1867,1867-12-30,0.25313851
"UKG",1868,1868-12-30,0.25310051
"UKG",1869,1869-12-30,0.24635541
"UKG",1870,1870-12-30,0.24163413
"UKG",1871,1871-12-30,0.24156334
"UKG",1872,1872-12-30,0.23775452
"UKG",1873,1873-12-30,0.2324554
"UKG",1874,1874-12-30,0.23162983
"UKG",1875,1875-12-30,0.23551512
"UKG",1876,1876-12-30,0.23495723
"UKG",1877,1877-12-30,0.23322026
"UKG",1878,1878-12-30,0.2282531
"UKG",1879,1879-12-30,0.22366062
"UKG",1880,1880-12-30,0.21847081
"UKG",1881,1881-12-30,0.21647711
"UKG",1882,1882-12-30,0.21167623
"UKG",1883,1883-12-30,0.21137862
"UKG",1884,1884-12-30,0.20805319
"UKG",1885,1885-12-30,0.21573649
"UKG",1886,1886-12-30,0.20053303
"UKG",1887,1887-12-30,0.19465719
"UKG",1888,1888-12-30,0.18865056
"UKG",1889,1889-12-30,0.18929829
"UKG",1890,1890-12-30,0.17947489
"UKG",1891,1891-12-30,0.17837462
"UKG",1892,1892-12-30,0.17299923
"UKG",1893,1893-12-30,0.17039311
"UKG",1894,1894-12-30,0.17792574
"UKG",1895,1895-12-30,0.17192414
"UKG",1896,1896-12-30,0.17365743
"UKG",1897,1897-12-30,0.16582127
"UKG",1898,1898-12-30,0.15743132
"UKG",1899,1899-12-30,0.16864486
"UKG",1900,1900-12-30,0.17752758
"UKG",1901,1901-12-30,0.17421079
"UKG",1902,1902-12-30,0.16125357
"UKG",1903,1903-12-30,0.14297678
"UKG",1904,1904-12-30,0.13484053
"UKG",1905,1905-12-30,0.12066734
"UKG",1906,1906-12-30,0.12337847
"UKG",1907,1907-12-30,0.12187503
"UKG",1908,1908-12-30,0.12142919
"UKG",1909,1909-12-30,0.11707886
"UKG",1910,1910-12-30,0.11631605
"UKG",1911,1911-12-30,0.11844888
"UKG",1912,1912-12-30,0.11680599
"UKG",1913,1913-12-30,0.11274751
"UKG",1914,1914-12-29,0.13790944
"UKG",1915,1915-12-29,0.15022437
"UKG",1916,1916-12-29,0.15320748
"UKG",1917,1917-12-29,0.14989476
"UKG",1918,1918-12-30,0.14279717
"UKG",1919,1919-12-30,0.11094158
"UKG",1920,1920-12-30,0.12763593
"UKG",1921,1921-12-30,0.098188579
"UKG",1922,1922-12-30,0.094510414
"UKG",1923,1923-12-30,0.099045977
"UKG",1924,1924-12-30,0.10715396
"UKG",1925,1925-12-30,0.09558408
"UKG",1926,1926-12-30,0.077437341
"UKG",1927,1927-12-30,0.091088228
"UKG",1928,1928-12-30,0.083025701
"UKG",1929,1929-12-30,0.081035264
"UKG",1930,1930-12-30,0.078413725
"UKG",1931,1931-12-30,0.078214243
"UKG",1932,1932-12-30,0.082675807
"UKG",1933,1933-12-30,0.079487242
"UKG",1934,1934-12-30,0.080427863
"UKG",1935,1935-12-30,0.074027531
"UKG",1936,1936-12-30,0.076583385
"UKG",1937,1937-12-30,0.077035435
"UKG",1938,1938-12-30,0.077787034
"UKG",1939,1939-12-30,0.09968365
"UKG",1940,1940-12-29,0.094957143
"UKG",1941,1941-12-29,0.09925472
"UKG",1942,1942-12-29,0.093587227
"UKG",1943,1943-12-29,0.087379321
"UKG",1944,1944-12-29,0.083234124
"UKG",1945,1945-12-29,0.087990418
"UKG",1946,1946-12-29,0.11617274
"UKG",1947,1947-12-29,0.091218181
"UKG",1948,1948-12-29,0.075426005
"UKG",1949,1949-12-29,0.070787571
"UKG",1950,1950-12-29,0.061348703
"UKG",1951,1951-12-29,0.058534522
"UKG",1952,1952-12-29,0.057508342
"UKG",1953,1953-12-29,0.0560323
"UKG",1954,1954-12-29,0.056514081
"UKG",1955,1955-12-29,0.050592918
"UKG",1956,1956-12-29,0.049223699
"UKG",1957,1957-12-29,0.04731892
"UKG",1958,1958-12-29,0.045203067
"UKG",1959,1959-12-29,0.042031895
"UKG",1960,1960-12-29,0.042334341
"UKG",1961,1961-12-29,0.040090885
"UKG",1962,1962-12-29,0.037689179
"UKG",1963,1963-12-29,0.037132248
"UKG",1964,1964-12-29,0.036883671
"UKG",1965,1965-12-29,0.037077088
"UKG",1966,1966-12-29,0.035364255
"UKG",1967,1967-12-29,0.032703549
"UKG",1968,1968-12-29,0.03224675
"UKG",1969,1969-12-29,0.030919744
"UKG",1970,1970-12-29,0.030100347
"UKG",1971,1971-12-29,0.029027199
"UKG",1972,1972-12-29,0.028456321
"UKG",1973,1973-12-29,0.0276301
"UKG",1974,1974-12-29,0.028552137
"UKG",1975,1975-12-29,0.028055243
"UKG",1976,1976-12-29,0.027410002
"UKG",1977,1977-12-29,0.026294015
"UKG",1978,1978-12-29,0.026024332
"UKG",1979,1979-12-29,0.026726052
"UKG",1980,1980-12-29,0.025267087
"UKG",1981,1981-12-29,0.025179429
"UKG",1982,1982-12-29,0.023727851
"UKG",1983,1983-12-29,0.023615718
"UKG",1984,1984-12-29,0.022145307
"UKG",1985,1985-12-29,0.022880143
"UKG",1986,1986-12-29,0.023358725
"UKG",1987,1987-12-29,0.024666317
"UKG",1988,1988-12-29,0.024329383
"UKG",1989,1989-12-29,0.025360327
"UKG",1990,1990-12-29,0.02515359
"UKG",1991,1991-12-29,0.026299302
"UKG",1992,1992-12-29,0.027364021
"UKG",1993,1993-12-29,0.025521658
"UKG",1994,1994-12-29,0.024923373
"UKG",1995,1995-12-29,0.023635319
"UKG",1996,1996-12-29,0.02405473
"UKG",1997,1997-12-29,0.023836318
"UKG",1998,1998-12-29,0.024106532
"UKG",1999,1999-12-29,0.023144318
"UKG",2000,2000-12-29,0.022179939
"UKG",2001,2001-12-29,0.02134474
"UKG",2002,2002-12-29,0.01926473
"UKG",2003,2003-12-29,0.01914165
"UKG",2004,2004-12-29,0.01919131
"UKG",2005,2005-12-29,0.019929947
"UKG",2006,2006-12-29,0.019661628
"UKG",2007,2007-12-29,0.018874692
"UKG",2008,2008-12-29,0.017427566
"UKG",2009,2009-12-29,0.016214643
"UKG",2010,2010-12-29,0.01559524
"UKG",2011,2011-12-29,0.015217654
"UKG",2012,2012-12-29,0.015242264
"UKG",2013,2013-12-29,0.014700845
"UKG",2014,2014-12-29,0.014876427
"UKG",2015,2015-12-29,0.014322306
"UKG",2016,2016-12-29,0.013423994
"NTH",1816,1816-12-30,0.039914221
"NTH",1817,1817-12-30,0.040566765
"NTH",1818,1818-12-30,0.040477853
"NTH",1819,1819-12-30,0.039386198
"NTH",1820,1820-12-30,0.040109817
"NTH",1821,1821-12-30,0.038703915
"NTH",1822,1822-12-30,0.039189573
"NTH",1823,1823-12-30,0.039456494
"NTH",1824,1824-12-30,0.038766857
"NTH",1825,1825-12-30,0.038317978
"NTH",1826,1826-12-30,0.039812647
"NTH",1827,1827-12-30,0.037911795
"NTH",1828,1828-12-30,0.037568942
"NTH",1829,1829-12-30,0.037107993
"NTH",1830,1830-12-30,0.033643749
"NTH",1831,1831-12-30,0.022987362
"NTH",1832,1832-12-30,0.02156111
"NTH",1833,1833-12-30,0.019783022
"NTH",1834,1834-12-30,0.018130435
"NTH",1835,1835-12-30,0.015906528
"NTH",1836,1836-12-30,0.015821895
"NTH",1837,1837-12-30,0.01664144
"NTH",1838,1838-12-30,0.015278287
"NTH",1839,1839-12-30,0.014669918
"NTH",1840,1840-12-30,0.013047213
"NTH",1841,1841-12-30,0.012445033
"NTH",1842,1842-12-30,0.012544447
"NTH",1843,1843-12-30,0.012245338
"NTH",1844,1844-12-30,0.012682608
"NTH",1845,1845-12-30,0.012735645
"NTH",1846,1846-12-30,0.011881429
"NTH",1847,1847-12-30,0.012752856
"NTH",1848,1848-12-30,0.012003434
"NTH",1849,1849-12-30,0.011429237
"NTH",1850,1850-12-30,0.011022341
"NTH",1851,1851-12-30,0.011270929
"NTH",1852,1852-12-30,0.01130323
"NTH",1853,1853-12-30,0.011389285
"NTH",1854,1854-12-30,0.010661469
"NTH",1855,1855-12-30,0.010031117
"NTH",1856,1856-12-30,0.010070983
"NTH",1857,1857-12-30,0.011073322
"NTH",1858,1858-12-30,0.011119149
"NTH",1859,1859-12-30,0.010297509
"NTH",1860,1860-12-30,0.009437249
"NTH",1861,1861-12-30,0.0081530157
"NTH",1862,1862-12-30,0.0082048718
"NTH",1863,1863-12-30,0.0074593523
"NTH",1864,1864-12-30,0.0068445746
"NTH",1865,1865-12-30,0.0080760336
"NTH",1866,1866-12-30,0.0081838928
"NTH",1867,1867-12-30,0.0087071257
"NTH",1868,1868-12-30,0.0083871773
"NTH",1869,1869-12-30,0.0084790252
"NTH",1870,1870-12-30,0.0078139817
"NTH",1871,1871-12-30,0.0074524363
"NTH",1872,1872-12-30,0.0084708659
"NTH",1873,1873-12-30,0.0083621796
"NTH",1874,1874-12-30,0.008505038
"NTH",1875,1875-12-30,0.0090088714
"NTH",1876,1876-12-30,0.0090383291
"NTH",1877,1877-12-30,0.0086386288
"NTH",1878,1878-12-30,0.0086492281
"NTH",1879,1879-12-30,0.0089581236
"NTH",1880,1880-12-30,0.0091500552
"NTH",1881,1881-12-30,0.0088891573
"NTH",1882,1882-12-30,0.008819649
"NTH",1883,1883-12-30,0.0093007842
"NTH",1884,1884-12-30,0.0090878103
"NTH",1885,1885-12-30,0.0089726774
"NTH",1886,1886-12-30,0.008980196
"NTH",1887,1887-12-30,0.008590553
"NTH",1888,1888-12-30,0.0083853817
"NTH",1889,1889-12-30,0.0085208099
"NTH",1890,1890-12-30,0.0083485721
"NTH",1891,1891-12-30,0.008354581
"NTH",1892,1892-12-30,0.0081373975
"NTH",1893,1893-12-30,0.0083114952
"NTH",1894,1894-12-30,0.008140971
"NTH",1895,1895-12-30,0.0079630408
"NTH",1896,1896-12-30,0.0082360711
"NTH",1897,1897-12-30,0.0078576244
"NTH",1898,1898-12-30,0.0073922225
"NTH",1899,1899-12-30,0.0073409472
"NTH",1900,1900-12-30,0.0070613185
"NTH",1901,1901-12-30,0.0070705158
"NTH",1902,1902-12-30,0.0072028423
"NTH",1903,1903-12-30,0.0071294573
"NTH",1904,1904-12-30,0.0070463056
"NTH",1905,1905-12-30,0.0064769769
"NTH",1906,1906-12-30,0.0067454972
"NTH",1907,1907-12-30,0.0067930045
"NTH",1908,1908-12-30,0.0068268236
"NTH",1909,1909-12-30,0.006705523
"NTH",1910,1910-12-30,0.0067412895
"NTH",1911,1911-12-30,0.0070429826
"NTH",1912,1912-12-30,0.0071719685
"NTH",1913,1913-12-30,0.0068645766
"NTH",1914,1914-12-29,0.0058020833
"NTH",1915,1915-12-29,0.0049299765
"NTH",1916,1916-12-29,0.0048559783
"NTH",1917,1917-12-29,0.0045179771
"NTH",1918,1918-12-30,0.0044176821
"NTH",1919,1919-12-30,0.00522822
"NTH",1920,1920-12-30,0.0055484436
"NTH",1921,1921-12-30,0.0060617933
"NTH",1922,1922-12-30,0.0063248603
"NTH",1923,1923-12-30,0.0062448769
"NTH",1924,1924-12-30,0.0067017903
"NTH",1925,1925-12-30,0.0065870844
"NTH",1926,1926-12-30,0.0065843677
"NTH",1927,1927-12-30,0.0060561458
"NTH",1928,1928-12-30,0.0057519088
"NTH",1929,1929-12-30,0.005734398
"NTH",1930,1930-12-30,0.0057918811
"NTH",1931,1931-12-30,0.0060692271
"NTH",1932,1932-12-30,0.0062102727
"NTH",1933,1933-12-30,0.0057649766
"NTH",1934,1934-12-30,0.0056000035
"NTH",1935,1935-12-30,0.0052680443
"NTH",1936,1936-12-30,0.0052655223
"NTH",1937,1937-12-30,0.0050525167
"NTH",1938,1938-12-30,0.0050908593
"NTH",1939,1939-12-30,0.0053620045
"NTH",1940,1940-12-29,0.0050485814
"NTH",1945,1945-12-29,0.0038845413
"NTH",1946,1946-12-29,0.0060418802
"NTH",1947,1947-12-29,0.0079912739
"NTH",1948,1948-12-29,0.008319458
"NTH",1949,1949-12-29,0.0080646118
"NTH",1950,1950-12-29,0.0081174439
"NTH",1951,1951-12-29,0.0076385359
"NTH",1952,1952-12-29,0.0073166201
"NTH",1953,1953-12-29,0.0072992602
"NTH",1954,1954-12-29,0.0075273872
"NTH",1955,1955-12-29,0.0070863133
"NTH",1956,1956-12-29,0.007088142
"NTH",1957,1957-12-29,0.0069896271
"NTH",1958,1958-12-29,0.0069758622
"NTH",1959,1959-12-29,0.0066679157
"NTH",1960,1960-12-29,0.0068122945
"NTH",1961,1961-12-29,0.0067847972
"NTH",1962,1962-12-29,0.0067621595
"NTH",1963,1963-12-29,0.006585144
"NTH",1964,1964-12-29,0.0066190832
"NTH",1965,1965-12-29,0.0067613903
"NTH",1966,1966-12-29,0.0065402216
"NTH",1967,1967-12-29,0.0065306057
"NTH",1968,1968-12-29,0.0065541887
"NTH",1969,1969-12-29,0.0069994144
"NTH",1970,1970-12-29,0.0072448291
"NTH",1971,1971-12-29,0.007225283
"NTH",1972,1972-12-29,0.007615739
"NTH",1973,1973-12-29,0.0075288978
"NTH",1974,1974-12-29,0.0073396293
"NTH",1975,1975-12-29,0.0070545836
"NTH",1976,1976-12-29,0.0071370043
"NTH",1977,1977-12-29,0.0070267073
"NTH",1978,1978-12-29,0.007004987
"NTH",1979,1979-12-29,0.0071248305
"NTH",1980,1980-12-29,0.006663302
"NTH",1981,1981-12-29,0.0062512807
"NTH",1982,1982-12-29,0.0056950524
"NTH",1983,1983-12-29,0.0057645007
"NTH",1984,1984-12-29,0.0058279736
"NTH",1985,1985-12-29,0.0057291761
"NTH",1986,1986-12-29,0.0059562591
"NTH",1987,1987-12-29,0.0059317406
"NTH",1988,1988-12-29,0.0059541822
"NTH",1989,1989-12-29,0.0062806155
"NTH",1990,1990-12-29,0.0061462196
"NTH",1991,1991-12-29,0.0065313065
"NTH",1992,1992-12-29,0.0066595511
"NTH",1993,1993-12-29,0.0066845957
"NTH",1994,1994-12-29,0.0065618274
"NTH",1995,1995-12-29,0.0065413835
"NTH",1996,1996-12-29,0.0064765895
"NTH",1997,1997-12-29,0.0061616264
"NTH",1998,1998-12-29,0.0062538059
"NTH",1999,1999-12-29,0.0057901004
"NTH",2000,2000-12-29,0.0055032605
"NTH",2001,2001-12-29,0.0056016729
"NTH",2002,2002-12-29,0.005397479
"NTH",2003,2003-12-29,0.0054796855
"NTH",2004,2004-12-29,0.0054348134
"NTH",2005,2005-12-29,0.0053236075
"NTH",2006,2006-12-29,0.0050667878
"NTH",2007,2007-12-29,0.0050590406
"NTH",2008,2008-12-29,0.0048757154
"NTH",2009,2009-12-29,0.0046134978
"NTH",2010,2010-12-29,0.0045742057
"NTH",2011,2011-12-29,0.0043338435
"NTH",2012,2012-12-29,0.0041158623
"NTH",2013,2013-12-29,0.0040214616
"NTH",2014,2014-12-29,0.0040002847
"NTH",2015,2015-12-29,0.0039268071
"NTH",2016,2016-12-29,0.0039520366
"BEL",1830,1830-12-30,0.037564769
"BEL",1831,1831-12-30,0.035279308
"BEL",1832,1832-12-30,0.035414238
"BEL",1833,1833-12-30,0.031753067
"BEL",1834,1834-12-30,0.029565029
"BEL",1835,1835-12-30,0.029868515
"BEL",1836,1836-12-30,0.030761173
"BEL",1837,1837-12-30,0.033067495
"BEL",1838,1838-12-30,0.031491712
"BEL",1839,1839-12-30,0.02977079
"BEL",1840,1840-12-30,0.026867211
"BEL",1841,1841-12-30,0.02534087
"BEL",1842,1842-12-30,0.02580216
"BEL",1843,1843-12-30,0.024230454
"BEL",1844,1844-12-30,0.023950579
"BEL",1845,1845-12-30,0.024000896
"BEL",1846,1846-12-30,0.024814166
"BEL",1847,1847-12-30,0.027083093
"BEL",1848,1848-12-30,0.023560191
"BEL",1849,1849-12-30,0.022702526
"BEL",1850,1850-12-30,0.022496564
"BEL",1851,1851-12-30,0.024517668
"BEL",1852,1852-12-30,0.024761695
"BEL",1853,1853-12-30,0.025100691
"BEL",1854,1854-12-30,0.024501983
"BEL",1855,1855-12-30,0.023892172
"BEL",1856,1856-12-30,0.023416763
"BEL",1857,1857-12-30,0.024114121
"BEL",1858,1858-12-30,0.025372269
"BEL",1859,1859-12-30,0.024720332
"BEL",1860,1860-12-30,0.021708345
"BEL",1861,1861-12-30,0.021209251
"BEL",1862,1862-12-30,0.021033118
"BEL",1863,1863-12-30,0.020758463
"BEL",1864,1864-12-30,0.020971429
"BEL",1865,1865-12-30,0.022316912
"BEL",1866,1866-12-30,0.022900216
"BEL",1867,1867-12-30,0.021907629
"BEL",1868,1868-12-30,0.020827724
"BEL",1869,1869-12-30,0.021847602
"BEL",1870,1870-12-30,0.023138925
"BEL",1871,1871-12-30,0.022011355
"BEL",1872,1872-12-30,0.021973914
"BEL",1873,1873-12-30,0.021278763
"BEL",1874,1874-12-30,0.020798946
"BEL",1875,1875-12-30,0.020968312
"BEL",1876,1876-12-30,0.019937079
"BEL",1877,1877-12-30,0.019112449
"BEL",1878,1878-12-30,0.019140732
"BEL",1879,1879-12-30,0.019181835
"BEL",1880,1880-12-30,0.019406825
"BEL",1881,1881-12-30,0.018721815
"BEL",1882,1882-12-30,0.019072674
"BEL",1883,1883-12-30,0.019650221
"BEL",1884,1884-12-30,0.019591028
"BEL",1885,1885-12-30,0.019129472
"BEL",1886,1886-12-30,0.01843567
"BEL",1887,1887-12-30,0.01812526
"BEL",1888,1888-12-30,0.018092647
"BEL",1889,1889-12-30,0.017756298
"BEL",1890,1890-12-30,0.016938718
"BEL",1891,1891-12-30,0.016191492
"BEL",1892,1892-12-30,0.016509118
"BEL",1893,1893-12-30,0.016379425
"BEL",1894,1894-12-30,0.01691708
"BEL",1895,1895-12-30,0.015960833
"BEL",1896,1896-12-30,0.016506953
"BEL",1897,1897-12-30,0.016193476
"BEL",1898,1898-12-30,0.015125887
"BEL",1899,1899-12-30,0.014682084
"BEL",1900,1900-12-30,0.013917479
"BEL",1901,1901-12-30,0.0123719
"BEL",1902,1902-12-30,0.013456127
"BEL",1903,1903-12-30,0.014955273
"BEL",1904,1904-12-30,0.01529636
"BEL",1905,1905-12-30,0.014029781
"BEL",1906,1906-12-30,0.014697101
"BEL",1907,1907-12-30,0.014563496
"BEL",1908,1908-12-30,0.014434446
"BEL",1909,1909-12-30,0.014483277
"BEL",1910,1910-12-30,0.01484623
"BEL",1911,1911-12-30,0.01496683
"BEL",1912,1912-12-30,0.015025571
"BEL",1913,1913-12-30,0.013770692
"BEL",1914,1914-12-29,0.011732684
"BEL",1915,1915-12-29,0.0057097608
"BEL",1916,1916-12-29,0.0061160969
"BEL",1917,1917-12-29,0.0054986272
"BEL",1918,1918-12-30,0.0053980025
"BEL",1919,1919-12-30,0.0090446584
"BEL",1920,1920-12-30,0.011111208
"BEL",1921,1921-12-30,0.010628625
"BEL",1922,1922-12-30,0.012238408
"BEL",1923,1923-12-30,0.014197453
"BEL",1924,1924-12-30,0.015121828
"BEL",1925,1925-12-30,0.013594486
"BEL",1926,1926-12-30,0.014537212
"BEL",1927,1927-12-30,0.014205825
"BEL",1928,1928-12-30,0.013955797
"BEL",1929,1929-12-30,0.013832906
"BEL",1930,1930-12-30,0.014404684
"BEL",1931,1931-12-30,0.015991524
"BEL",1932,1932-12-30,0.017586006
"BEL",1933,1933-12-30,0.015227281
"BEL",1934,1934-12-30,0.014202328
"BEL",1935,1935-12-30,0.011749508
"BEL",1936,1936-12-30,0.010937243
"BEL",1937,1937-12-30,0.01170631
"BEL",1938,1938-12-30,0.010377872
"BEL",1939,1939-12-30,0.0096204747
"BEL",1940,1940-12-29,0.0075866552
"BEL",1945,1945-12-29,0.0047495971
"BEL",1946,1946-12-29,0.0098076724
"BEL",1947,1947-12-29,0.010505538
"BEL",1948,1948-12-29,0.010908438
"BEL",1949,1949-12-29,0.0094229029
"BEL",1950,1950-12-29,0.0082221264
"BEL",1951,1951-12-29,0.0091781151
"BEL",1952,1952-12-29,0.0090423869
"BEL",1953,1953-12-29,0.0079596164
"BEL",1954,1954-12-29,0.0085987197
"BEL",1955,1955-12-29,0.0078549981
"BEL",1956,1956-12-29,0.0079785567
"BEL",1957,1957-12-29,0.0077318265
"BEL",1958,1958-12-29,0.0076894751
"BEL",1959,1959-12-29,0.0073392033
"BEL",1960,1960-12-29,0.0072474219
"BEL",1961,1961-12-29,0.0070954426
"BEL",1962,1962-12-29,0.0070632081
"BEL",1963,1963-12-29,0.0069929701
"BEL",1964,1964-12-29,0.0070917113
"BEL",1965,1965-12-29,0.0070623723
"BEL",1966,1966-12-29,0.0065907603
"BEL",1967,1967-12-29,0.0066708759
"BEL",1968,1968-12-29,0.0071780523
"BEL",1969,1969-12-29,0.0073097316
"BEL",1970,1970-12-29,0.0069500702
"BEL",1971,1971-12-29,0.0069667348
"BEL",1972,1972-12-29,0.0074494984
"BEL",1973,1973-12-29,0.0074047302
"BEL",1974,1974-12-29,0.0073481337
"BEL",1975,1975-12-29,0.0064660171
"BEL",1976,1976-12-29,0.0064535905
"BEL",1977,1977-12-29,0.0064561763
"BEL",1978,1978-12-29,0.0066291532
"BEL",1979,1979-12-29,0.0067072543
"BEL",1980,1980-12-29,0.0064708064
"BEL",1981,1981-12-29,0.006184726
"BEL",1982,1982-12-29,0.0055935602
"BEL",1983,1983-12-29,0.0053167455
"BEL",1984,1984-12-29,0.0053018997
"BEL",1985,1985-12-29,0.0049201944
"BEL",1986,1986-12-29,0.0049444917
"BEL",1987,1987-12-29,0.0049726078
"BEL",1988,1988-12-29,0.0049326532
"BEL",1989,1989-12-29,0.0049744528
"BEL",1990,1990-12-29,0.0050272807
"BEL",1991,1991-12-29,0.0053852382
"BEL",1992,1992-12-29,0.0051304102
"BEL",1993,1993-12-29,0.0051820599
"BEL",1994,1994-12-29,0.0052430299
"BEL",1995,1995-12-29,0.0052048573
"BEL",1996,1996-12-29,0.0050560217
"BEL",1997,1997-12-29,0.004807611
"BEL",1998,1998-12-29,0.0050511733
"BEL",1999,1999-12-29,0.0047675273
"BEL",2000,2000-12-29,0.0046689678
"BEL",2001,2001-12-29,0.0043996875
"BEL",2002,2002-12-29,0.0046887752
"BEL",2003,2003-12-29,0.0045691719
"BEL",2004,2004-12-29,0.0044212313
"BEL",2005,2005-12-29,0.0040015681
"BEL",2006,2006-12-29,0.0039700507
"BEL",2007,2007-12-29,0.0037901984
"BEL",2008,2008-12-29,0.0037590053
"BEL",2009,2009-12-29,0.0031228545
"BEL",2010,2010-12-29,0.0032206057
"BEL",2011,2011-12-29,0.0030799452
"BEL",2012,2012-12-29,0.002916707
"BEL",2013,2013-12-29,0.0027985566
"BEL",2014,2014-12-29,0.002763293
"BEL",2015,2015-12-29,0.0026894291
"BEL",2016,2016-12-29,0.0027156102
"LUX",1920,1920-12-30,0.001482636
"LUX",1921,1921-12-30,0.0029765507
"LUX",1922,1922-12-30,0.0035850857
"LUX",1923,1923-12-30,0.0027373028
"LUX",1924,1924-12-30,0.0042608213
"LUX",1925,1925-12-30,0.0040836888
"LUX",1926,1926-12-30,0.0042631179
"LUX",1927,1927-12-30,0.004305426
"LUX",1928,1928-12-30,0.0041399123
"LUX",1929,1929-12-30,0.0039873123
"LUX",1930,1930-12-30,0.0042249984
"LUX",1931,1931-12-30,0.0052035684
"LUX",1932,1932-12-30,0.006846637
"LUX",1933,1933-12-30,0.0048368378
"LUX",1934,1934-12-30,0.0042047915
"LUX",1935,1935-12-30,0.0032489672
"LUX",1936,1936-12-30,0.002819394
"LUX",1937,1937-12-30,0.003299403
"LUX",1938,1938-12-30,0.0023470982
"LUX",1939,1939-12-30,0.0023211932
"LUX",1940,1940-12-29,0.0016441891
"LUX",1944,1944-12-29,0.0018095744
"LUX",1945,1945-12-29,0.00051868451
"LUX",1946,1946-12-29,0.0021543968
"LUX",1947,1947-12-29,0.0023244165
"LUX",1948,1948-12-29,0.002949687
"LUX",1949,1949-12-29,0.0027704274
"LUX",1950,1950-12-29,0.0025657355
"LUX",1951,1951-12-29,0.002910492
"LUX",1952,1952-12-29,0.0027810968
"LUX",1953,1953-12-29,0.002220456
"LUX",1954,1954-12-29,0.0024754875
"LUX",1955,1955-12-29,0.00214897
"LUX",1956,1956-12-29,0.0021872243
"LUX",1957,1957-12-29,0.0021452445
"LUX",1958,1958-12-29,0.0022324354
"LUX",1959,1959-12-29,0.0021104207
"LUX",1960,1960-12-29,0.0020712044
"LUX",1961,1961-12-29,0.0020903233
"LUX",1962,1962-12-29,0.0019982085
"LUX",1963,1963-12-29,0.0018628458
"LUX",1964,1964-12-29,0.0018569583
"LUX",1965,1965-12-29,0.0017770249
"LUX",1966,1966-12-29,0.0016264047
"LUX",1967,1967-12-29,0.0016063947
"LUX",1968,1968-12-29,0.0015804595
"LUX",1969,1969-12-29,0.0016541563
"LUX",1970,1970-12-29,0.0015719866
"LUX",1971,1971-12-29,0.001545759
"LUX",1972,1972-12-29,0.0014956077
"LUX",1973,1973-12-29,0.001324754
"LUX",1974,1974-12-29,0.0015937478
"LUX",1975,1975-12-29,0.001256442
"LUX",1976,1976-12-29,0.0011873936
"LUX",1977,1977-12-29,0.0011331767
"LUX",1978,1978-12-29,0.0011815553
"LUX",1979,1979-12-29,0.0011729256
"LUX",1980,1980-12-29,0.0011295021
"LUX",1981,1981-12-29,0.00094213738
"LUX",1982,1982-12-29,0.00095150433
"LUX",1983,1983-12-29,0.00087034627
"LUX",1984,1984-12-29,0.00097798801
"LUX",1985,1985-12-29,0.00095440529
"LUX",1986,1986-12-29,0.00090689043
"LUX",1987,1987-12-29,0.00079937698
"LUX",1988,1988-12-29,0.00083412527
"LUX",1989,1989-12-29,0.00084612158
"LUX",1990,1990-12-29,0.00077428133
"LUX",1991,1991-12-29,0.00083079358
"LUX",1992,1992-12-29,0.00077722187
"LUX",1993,1993-12-29,0.00082247087
"LUX",1994,1994-12-29,0.00077407353
"LUX",1995,1995-12-29,0.00065128924
"LUX",1996,1996-12-29,0.00062755815
"LUX",1997,1997-12-29,0.00060847745
"LUX",1998,1998-12-29,0.00060424587
"LUX",1999,1999-12-29,0.00061970216
"LUX",2000,2000-12-29,0.00057456375
"LUX",2001,2001-12-29,0.00060748099
"LUX",2002,2002-12-29,0.00057964021
"LUX",2003,2003-12-29,0.00054055842
"LUX",2004,2004-12-29,0.00050539535
"LUX",2005,2005-12-29,0.00040441347
"LUX",2006,2006-12-29,0.00045926034
"LUX",2007,2007-12-29,0.00043706954
"LUX",2008,2008-12-29,0.00039358242
"LUX",2009,2009-12-29,0.00036230244
"LUX",2010,2010-12-29,0.00037219754
"LUX",2011,2011-12-29,0.00034896453
"LUX",2012,2012-12-29,0.00030645565
"LUX",2013,2013-12-29,0.00027819443
"LUX",2014,2014-12-29,0.0002857022
"LUX",2015,2015-12-29,0.00028218733
"LUX",2016,2016-12-29,0.00028637529
"FRN",1816,1816-12-30,0.11728597
"FRN",1817,1817-12-30,0.11448922
"FRN",1818,1818-12-30,0.11519466
"FRN",1819,1819-12-30,0.12446312
"FRN",1820,1820-12-30,0.12334281
"FRN",1821,1821-12-30,0.12044277
"FRN",1822,1822-12-30,0.13191886
"FRN",1823,1823-12-30,0.14634448
"FRN",1824,1824-12-30,0.13659611
"FRN",1825,1825-12-30,0.13539125
"FRN",1826,1826-12-30,0.13833293
"FRN",1827,1827-12-30,0.13470338
"FRN",1828,1828-12-30,0.14371914
"FRN",1829,1829-12-30,0.13611235
"FRN",1830,1830-12-30,0.14012429
"FRN",1831,1831-12-30,0.14994995
"FRN",1832,1832-12-30,0.14152753
"FRN",1833,1833-12-30,0.13856739
"FRN",1834,1834-12-30,0.13724898
"FRN",1835,1835-12-30,0.13641316
"FRN",1836,1836-12-30,0.13215245
"FRN",1837,1837-12-30,0.13733016
"FRN",1838,1838-12-30,0.13651399
"FRN",1839,1839-12-30,0.13286948
"FRN",1840,1840-12-30,0.15030976
"FRN",1841,1841-12-30,0.15787783
"FRN",1842,1842-12-30,0.15799318
"FRN",1843,1843-12-30,0.14974315
"FRN",1844,1844-12-30,0.14351484
"FRN",1845,1845-12-30,0.14144173
"FRN",1846,1846-12-30,0.13734689
"FRN",1847,1847-12-30,0.14644141
"FRN",1848,1848-12-30,0.1356841
"FRN",1849,1849-12-30,0.13217121
"FRN",1850,1850-12-30,0.12703255
"FRN",1851,1851-12-30,0.12775838
"FRN",1852,1852-12-30,0.12766138
"FRN",1853,1853-12-30,0.13097121
"FRN",1854,1854-12-30,0.1253639
"FRN",1855,1855-12-30,0.14639424
"FRN",1856,1856-12-30,0.14040212
"FRN",1857,1857-12-30,0.13946189
"FRN",1858,1858-12-30,0.13142549
"FRN",1859,1859-12-30,0.13871507
"FRN",1860,1860-12-30,0.12207968
"FRN",1861,1861-12-30,0.10858
"FRN",1862,1862-12-30,0.10611962
"FRN",1863,1863-12-30,0.10237439
"FRN",1864,1864-12-30,0.097338997
"FRN",1865,1865-12-30,0.11067817
"FRN",1866,1866-12-30,0.10932036
"FRN",1867,1867-12-30,0.1166648
"FRN",1868,1868-12-30,0.11405138
"FRN",1869,1869-12-30,0.11330133
"FRN",1870,1870-12-30,0.12739821
"FRN",1871,1871-12-30,0.13732347
"FRN",1872,1872-12-30,0.10322177
"FRN",1873,1873-12-30,0.1059417
"FRN",1874,1874-12-30,0.10459169
"FRN",1875,1875-12-30,0.10544706
"FRN",1876,1876-12-30,0.10198574
"FRN",1877,1877-12-30,0.10031287
"FRN",1878,1878-12-30,0.10080682
"FRN",1879,1879-12-30,0.10443855
"FRN",1880,1880-12-30,0.10831094
"FRN",1881,1881-12-30,0.11053617
"FRN",1882,1882-12-30,0.11164106
"FRN",1883,1883-12-30,0.11087704
"FRN",1884,1884-12-30,0.10452312
"FRN",1885,1885-12-30,0.10103118
"FRN",1886,1886-12-30,0.099005818
"FRN",1887,1887-12-30,0.096357249
"FRN",1888,1888-12-30,0.093499266
"FRN",1889,1889-12-30,0.095539734
"FRN",1890,1890-12-30,0.095301703
"FRN",1891,1891-12-30,0.096423917
"FRN",1892,1892-12-30,0.093824074
"FRN",1893,1893-12-30,0.094615422
"FRN",1894,1894-12-30,0.093133435
"FRN",1895,1895-12-30,0.088578321
"FRN",1896,1896-12-30,0.090413094
"FRN",1897,1897-12-30,0.08693561
"FRN",1898,1898-12-30,0.082131833
"FRN",1899,1899-12-30,0.081703275
"FRN",1900,1900-12-30,0.074714355
"FRN",1901,1901-12-30,0.073027797
"FRN",1902,1902-12-30,0.071741864
"FRN",1903,1903-12-30,0.072874635
"FRN",1904,1904-12-30,0.0702518
"FRN",1905,1905-12-30,0.062362906
"FRN",1906,1906-12-30,0.069414817
"FRN",1907,1907-12-30,0.070359178
"FRN",1908,1908-12-30,0.072249435
"FRN",1909,1909-12-30,0.070060745
"FRN",1910,1910-12-30,0.070466116
"FRN",1911,1911-12-30,0.071317449
"FRN",1912,1912-12-30,0.072193287
"FRN",1913,1913-12-30,0.068043686
"FRN",1914,1914-12-29,0.074748203
"FRN",1915,1915-12-29,0.079156175
"FRN",1916,1916-12-29,0.085812397
"FRN",1917,1917-12-29,0.08403413
"FRN",1918,1918-12-30,0.088411272
"FRN",1919,1919-12-30,0.061298519
"FRN",1920,1920-12-30,0.058174662
"FRN",1921,1921-12-30,0.050118662
"FRN",1922,1922-12-30,0.057333771
"FRN",1923,1923-12-30,0.057659145
"FRN",1924,1924-12-30,0.060981933
"FRN",1925,1925-12-30,0.06017074
"FRN",1926,1926-12-30,0.060311053
"FRN",1927,1927-12-30,0.062701881
"FRN",1928,1928-12-30,0.058791768
"FRN",1929,1929-12-30,0.055517986
"FRN",1930,1930-12-30,0.061126642
"FRN",1931,1931-12-30,0.064720146
"FRN",1932,1932-12-30,0.068937846
"FRN",1933,1933-12-30,0.063829891
"FRN",1934,1934-12-30,0.057531592
"FRN",1935,1935-12-30,0.051831778
"FRN",1936,1936-12-30,0.053061351
"FRN",1937,1937-12-30,0.047534354
"FRN",1938,1938-12-30,0.045568597
"FRN",1939,1939-12-30,0.039596099
"FRN",1940,1940-12-29,0.07583493
"FRN",1941,1941-12-29,0.01578795
"FRN",1942,1942-12-29,0.015556114
"FRN",1944,1944-12-29,0.018232403
"FRN",1945,1945-12-29,0.017945377
"FRN",1946,1946-12-29,0.031308327
"FRN",1947,1947-12-29,0.034978829
"FRN",1948,1948-12-29,0.032588579
"FRN",1949,1949-12-29,0.035492346
"FRN",1950,1950-12-29,0.033221595
"FRN",1951,1951-12-29,0.032991547
"FRN",1952,1952-12-29,0.033362042
"FRN",1953,1953-12-29,0.031759739
"FRN",1954,1954-12-29,0.032968372
"FRN",1955,1955-12-29,0.030630589
"FRN",1956,1956-12-29,0.032562353
"FRN",1957,1957-12-29,0.032730341
"FRN",1958,1958-12-29,0.033753257
"FRN",1959,1959-12-29,0.032590225
"FRN",1960,1960-12-29,0.032849308
"FRN",1961,1961-12-29,0.030387744
"FRN",1962,1962-12-29,0.029400688
"FRN",1963,1963-12-29,0.029225565
"FRN",1964,1964-12-29,0.028832881
"FRN",1965,1965-12-29,0.027735332
"FRN",1966,1966-12-29,0.026293693
"FRN",1967,1967-12-29,0.026074069
"FRN",1968,1968-12-29,0.02495471
"FRN",1969,1969-12-29,0.024646496
"FRN",1970,1970-12-29,0.024395268
"FRN",1971,1971-12-29,0.024150513
"FRN",1972,1972-12-29,0.024278672
"FRN",1973,1973-12-29,0.024798686
"FRN",1974,1974-12-29,0.024257071
"FRN",1975,1975-12-29,0.023470555
"FRN",1976,1976-12-29,0.02372063
"FRN",1977,1977-12-29,0.023332542
"FRN",1978,1978-12-29,0.023703795
"FRN",1979,1979-12-29,0.02421101
"FRN",1980,1980-12-29,0.024040133
"FRN",1981,1981-12-29,0.021946136
"FRN",1982,1982-12-29,0.020229265
"FRN",1983,1983-12-29,0.019225948
"FRN",1984,1984-12-29,0.018553305
"FRN",1985,1985-12-29,0.017772263
"FRN",1986,1986-12-29,0.018496968
"FRN",1987,1987-12-29,0.018743785
"FRN",1988,1988-12-29,0.018714683
"FRN",1989,1989-12-29,0.019117823
"FRN",1990,1990-12-29,0.020168373
"FRN",1991,1991-12-29,0.021559888
"FRN",1992,1992-12-29,0.021653056
"FRN",1993,1993-12-29,0.021989603
"FRN",1994,1994-12-29,0.022904044
"FRN",1995,1995-12-29,0.023131192
"FRN",1996,1996-12-29,0.022893263
"FRN",1997,1997-12-29,0.021976389
"FRN",1998,1998-12-29,0.022080885
"FRN",1999,1999-12-29,0.020881752
"FRN",2000,2000-12-29,0.01883278
"FRN",2001,2001-12-29,0.018021695
"FRN",2002,2002-12-29,0.019471815
"FRN",2003,2003-12-29,0.019778015
"FRN",2004,2004-12-29,0.019740557
"FRN",2005,2005-12-29,0.019447366
"FRN",2006,2006-12-29,0.018735487
"FRN",2007,2007-12-29,0.018468909
"FRN",2008,2008-12-29,0.018204316
"FRN",2009,2009-12-29,0.016560782
"FRN",2010,2010-12-29,0.015947869
"FRN",2011,2011-12-29,0.014671733
"FRN",2012,2012-12-29,0.01417267
"FRN",2013,2013-12-29,0.01422869
"FRN",2014,2014-12-29,0.013928858
"FRN",2015,2015-12-29,0.013420071
"FRN",2016,2016-12-29,0.013378492
"SPN",1816,1816-12-30,0.046393115
"SPN",1817,1817-12-30,0.042420778
"SPN",1818,1818-12-30,0.044029813
"SPN",1819,1819-12-30,0.042777225
"SPN",1820,1820-12-30,0.042795278
"SPN",1821,1821-12-30,0.034272246
"SPN",1822,1822-12-30,0.032343104
"SPN",1823,1823-12-30,0.029989449
"SPN",1824,1824-12-30,0.026790705
"SPN",1825,1825-12-30,0.028657101
"SPN",1826,1826-12-30,0.029690003
"SPN",1827,1827-12-30,0.028541436
"SPN",1828,1828-12-30,0.028379247
"SPN",1829,1829-12-30,0.033772226
"SPN",1830,1830-12-30,0.025803164
"SPN",1831,1831-12-30,0.02592843
"SPN",1832,1832-12-30,0.024465896
"SPN",1833,1833-12-30,0.023139449
"SPN",1834,1834-12-30,0.027767902
"SPN",1835,1835-12-30,0.028091883
"SPN",1836,1836-12-30,0.026519191
"SPN",1837,1837-12-30,0.029902302
"SPN",1838,1838-12-30,0.03018813
"SPN",1839,1839-12-30,0.030361401
"SPN",1840,1840-12-30,0.028354596
"SPN",1841,1841-12-30,0.027543141
"SPN",1842,1842-12-30,0.027146421
"SPN",1843,1843-12-30,0.027024513
"SPN",1844,1844-12-30,0.027538311
"SPN",1845,1845-12-30,0.02776525
"SPN",1846,1846-12-30,0.027495656
"SPN",1847,1847-12-30,0.028826362
"SPN",1848,1848-12-30,0.030083882
"SPN",1849,1849-12-30,0.029859666
"SPN",1850,1850-12-30,0.030798828
"SPN",1851,1851-12-30,0.031282056
"SPN",1852,1852-12-30,0.029924113
"SPN",1853,1853-12-30,0.028813148
"SPN",1854,1854-12-30,0.02389068
"SPN",1855,1855-12-30,0.022323659
"SPN",1856,1856-12-30,0.0229687
"SPN",1857,1857-12-30,0.028493252
"SPN",1858,1858-12-30,0.030112812
"SPN",1859,1859-12-30,0.026724456
"SPN",1860,1860-12-30,0.021951724
"SPN",1861,1861-12-30,0.019012036
"SPN",1862,1862-12-30,0.018166743
"SPN",1863,1863-12-30,0.017803475
"SPN",1864,1864-12-30,0.017674536
"SPN",1865,1865-12-30,0.021129759
"SPN",1866,1866-12-30,0.020437209
"SPN",1867,1867-12-30,0.020460865
"SPN",1868,1868-12-30,0.020238383
"SPN",1869,1869-12-30,0.021259142
"SPN",1870,1870-12-30,0.019300269
"SPN",1871,1871-12-30,0.016831055
"SPN",1872,1872-12-30,0.021615224
"SPN",1873,1873-12-30,0.023910617
"SPN",1874,1874-12-30,0.025599005
"SPN",1875,1875-12-30,0.023910407
"SPN",1876,1876-12-30,0.019213278
"SPN",1877,1877-12-30,0.01855039
"SPN",1878,1878-12-30,0.020572824
"SPN",1879,1879-12-30,0.022236153
"SPN",1880,1880-12-30,0.02228803
"SPN",1881,1881-12-30,0.021909779
"SPN",1882,1882-12-30,0.021392867
"SPN",1883,1883-12-30,0.022139732
"SPN",1884,1884-12-30,0.021768225
"SPN",1885,1885-12-30,0.023436245
"SPN",1886,1886-12-30,0.02250232
"SPN",1887,1887-12-30,0.021838108
"SPN",1888,1888-12-30,0.020374503
"SPN",1889,1889-12-30,0.020327594
"SPN",1890,1890-12-30,0.019773912
"SPN",1891,1891-12-30,0.019665936
"SPN",1892,1892-12-30,0.018829832
"SPN",1893,1893-12-30,0.019203313
"SPN",1894,1894-12-30,0.018440694
"SPN",1895,1895-12-30,0.018094925
"SPN",1896,1896-12-30,0.018368188
"SPN",1897,1897-12-30,0.018030534
"SPN",1898,1898-12-30,0.017012449
"SPN",1899,1899-12-30,0.016421596
"SPN",1900,1900-12-30,0.014750766
"SPN",1901,1901-12-30,0.014290716
"SPN",1902,1902-12-30,0.014104389
"SPN",1903,1903-12-30,0.014084276
"SPN",1904,1904-12-30,0.01406482
"SPN",1905,1905-12-30,0.012588767
"SPN",1906,1906-12-30,0.013708876
"SPN",1907,1907-12-30,0.014558038
"SPN",1908,1908-12-30,0.014454043
"SPN",1909,1909-12-30,0.014516886
"SPN",1910,1910-12-30,0.014651992
"SPN",1911,1911-12-30,0.014743097
"SPN",1912,1912-12-30,0.014705612
"SPN",1913,1913-12-30,0.014811927
"SPN",1914,1914-12-29,0.014107997
"SPN",1915,1915-12-29,0.0099360738
"SPN",1916,1916-12-29,0.0099355737
"SPN",1917,1917-12-29,0.010066836
"SPN",1918,1918-12-30,0.009875467
"SPN",1919,1919-12-30,0.012835686
"SPN",1920,1920-12-30,0.015270649
"SPN",1921,1921-12-30,0.016228182
"SPN",1922,1922-12-30,0.016951175
"SPN",1923,1923-12-30,0.017776504
"SPN",1924,1924-12-30,0.01976257
"SPN",1925,1925-12-30,0.018216178
"SPN",1926,1926-12-30,0.018143071
"SPN",1927,1927-12-30,0.016873851
"SPN",1928,1928-12-30,0.016557414
"SPN",1929,1929-12-30,0.016629135
"SPN",1930,1930-12-30,0.015360113
"SPN",1931,1931-12-30,0.014599724
"SPN",1932,1932-12-30,0.014669552
"SPN",1933,1933-12-30,0.013869697
"SPN",1934,1934-12-30,0.013536571
"SPN",1935,1935-12-30,0.012377628
"SPN",1936,1936-12-30,0.018312272
"SPN",1937,1937-12-30,0.016940879
"SPN",1938,1938-12-30,0.019413833
"SPN",1939,1939-12-30,0.015841126
"SPN",1940,1940-12-29,0.012473424
"SPN",1941,1941-12-29,0.012107746
"SPN",1942,1942-12-29,0.011158
"SPN",1943,1943-12-29,0.011454394
"SPN",1944,1944-12-29,0.010665945
"SPN",1945,1945-12-29,0.010472073
"SPN",1946,1946-12-29,0.015371992
"SPN",1947,1947-12-29,0.014866414
"SPN",1948,1948-12-29,0.014860287
"SPN",1949,1949-12-29,0.013822625
"SPN",1950,1950-12-29,0.013112396
"SPN",1951,1951-12-29,0.012514353
"SPN",1952,1952-12-29,0.011893775
"SPN",1953,1953-12-29,0.011480809
"SPN",1954,1954-12-29,0.011478437
"SPN",1955,1955-12-29,0.010908903
"SPN",1956,1956-12-29,0.010713694
"SPN",1957,1957-12-29,0.010724442
"SPN",1958,1958-12-29,0.010771476
"SPN",1959,1959-12-29,0.010407722
"SPN",1960,1960-12-29,0.0097790137
"SPN",1961,1961-12-29,0.0098128486
"SPN",1962,1962-12-29,0.0096202148
"SPN",1963,1963-12-29,0.0096331686
"SPN",1964,1964-12-29,0.0096911089
"SPN",1965,1965-12-29,0.0099110045
"SPN",1966,1966-12-29,0.0097764088
"SPN",1967,1967-12-29,0.010003808
"SPN",1968,1968-12-29,0.010247918
"SPN",1969,1969-12-29,0.010196801
"SPN",1970,1970-12-29,0.010383336
"SPN",1971,1971-12-29,0.010782651
"SPN",1972,1972-12-29,0.011092824
"SPN",1973,1973-12-29,0.011328856
"SPN",1974,1974-12-29,0.011710375
"SPN",1975,1975-12-29,0.012004889
"SPN",1976,1976-12-29,0.011836438
"SPN",1977,1977-12-29,0.01178867
"SPN",1978,1978-12-29,0.011586366
"SPN",1979,1979-12-29,0.011780801
"SPN",1980,1980-12-29,0.011842602
"SPN",1981,1981-12-29,0.012048078
"SPN",1982,1982-12-29,0.01227715
"SPN",1983,1983-12-29,0.011804345
"SPN",1984,1984-12-29,0.011351052
"SPN",1985,1985-12-29,0.011156702
"SPN",1986,1986-12-29,0.010493643
"SPN",1987,1987-12-29,0.010433063
"SPN",1988,1988-12-29,0.010326404
"SPN",1989,1989-12-29,0.010825827
"SPN",1990,1990-12-29,0.010900912
"SPN",1991,1991-12-29,0.011350317
"SPN",1992,1992-12-29,0.011002198
"SPN",1993,1993-12-29,0.010978862
"SPN",1994,1994-12-29,0.010886195
"SPN",1995,1995-12-29,0.010921729
"SPN",1996,1996-12-29,0.010289663
"SPN",1997,1997-12-29,0.010244569
"SPN",1998,1998-12-29,0.010528285
"SPN",1999,1999-12-29,0.010115552
"SPN",2000,2000-12-29,0.010014599
"SPN",2001,2001-12-29,0.0098870695
"SPN",2002,2002-12-29,0.010759861
"SPN",2003,2003-12-29,0.010334353
"SPN",2004,2004-12-29,0.010420955
"SPN",2005,2005-12-29,0.010383561
"SPN",2006,2006-12-29,0.010232573
"SPN",2007,2007-12-29,0.010302461
"SPN",2008,2008-12-29,0.010121673
"SPN",2009,2009-12-29,0.0097874599
"SPN",2010,2010-12-29,0.0085143261
"SPN",2011,2011-12-29,0.0083869891
"SPN",2012,2012-12-29,0.0080714766
"SPN",2013,2013-12-29,0.0075848456
"SPN",2014,2014-12-29,0.0078359991
"SPN",2015,2015-12-29,0.0076193735
"SPN",2016,2016-12-29,0.0075121229
"POR",1816,1816-12-30,0.010605883
"POR",1817,1817-12-30,0.010746774
"POR",1818,1818-12-30,0.010872561
"POR",1819,1819-12-30,0.010589282
"POR",1820,1820-12-30,0.010267658
"POR",1821,1821-12-30,0.0099827982
"POR",1822,1822-12-30,0.01000036
"POR",1823,1823-12-30,0.010477768
"POR",1824,1824-12-30,0.010524981
"POR",1825,1825-12-30,0.010472598
"POR",1826,1826-12-30,0.010855423
"POR",1827,1827-12-30,0.0098624825
"POR",1828,1828-12-30,0.011394241
"POR",1829,1829-12-30,0.011170823
"POR",1830,1830-12-30,0.010698348
"POR",1831,1831-12-30,0.01035741
"POR",1832,1832-12-30,0.01158849
"POR",1833,1833-12-30,0.011478663
"POR",1834,1834-12-30,0.011743929
"POR",1835,1835-12-30,0.014059111
"POR",1836,1836-12-30,0.013230477
"POR",1837,1837-12-30,0.013406548
"POR",1838,1838-12-30,0.012984649
"POR",1839,1839-12-30,0.012140554
"POR",1840,1840-12-30,0.0098208943
"POR",1841,1841-12-30,0.0093336245
"POR",1842,1842-12-30,0.009176393
"POR",1843,1843-12-30,0.0091504427
"POR",1844,1844-12-30,0.0092234341
"POR",1845,1845-12-30,0.0089425817
"POR",1846,1846-12-30,0.008233238
"POR",1847,1847-12-30,0.0082376581
"POR",1848,1848-12-30,0.0084273936
"POR",1849,1849-12-30,0.0078571988
"POR",1850,1850-12-30,0.0078898156
"POR",1851,1851-12-30,0.0080339769
"POR",1852,1852-12-30,0.0077821063
"POR",1853,1853-12-30,0.007596327
"POR",1854,1854-12-30,0.0065740501
"POR",1855,1855-12-30,0.0064228005
"POR",1856,1856-12-30,0.0062674228
"POR",1857,1857-12-30,0.006940932
"POR",1858,1858-12-30,0.0068893209
"POR",1859,1859-12-30,0.0067745252
"POR",1860,1860-12-30,0.0051679923
"POR",1861,1861-12-30,0.0045814039
"POR",1862,1862-12-30,0.0044755004
"POR",1863,1863-12-30,0.0045125131
"POR",1864,1864-12-30,0.0044147177
"POR",1865,1865-12-30,0.004998012
"POR",1866,1866-12-30,0.0050947564
"POR",1867,1867-12-30,0.0052075251
"POR",1868,1868-12-30,0.0052163461
"POR",1869,1869-12-30,0.0052991398
"POR",1870,1870-12-30,0.0048448741
"POR",1871,1871-12-30,0.0048466846
"POR",1872,1872-12-30,0.0051537747
"POR",1873,1873-12-30,0.0053873179
"POR",1874,1874-12-30,0.0053787357
"POR",1875,1875-12-30,0.0056808884
"POR",1876,1876-12-30,0.0054648169
"POR",1877,1877-12-30,0.0050411718
"POR",1878,1878-12-30,0.0049823592
"POR",1879,1879-12-30,0.0053060888
"POR",1880,1880-12-30,0.0051774131
"POR",1881,1881-12-30,0.0050446386
"POR",1882,1882-12-30,0.0049635558
"POR",1883,1883-12-30,0.005031297
"POR",1884,1884-12-30,0.0049848002
"POR",1885,1885-12-30,0.0052974275
"POR",1886,1886-12-30,0.0052006571
"POR",1887,1887-12-30,0.0048880274
"POR",1888,1888-12-30,0.0046257074
"POR",1889,1889-12-30,0.0047359918
"POR",1890,1890-12-30,0.0047317613
"POR",1891,1891-12-30,0.0048668208
"POR",1892,1892-12-30,0.0046377312
"POR",1893,1893-12-30,0.0045384965
"POR",1894,1894-12-30,0.0045335577
"POR",1895,1895-12-30,0.0044914479
"POR",1896,1896-12-30,0.0044318493
"POR",1897,1897-12-30,0.0042461078
"POR",1898,1898-12-30,0.0040951376
"POR",1899,1899-12-30,0.0041102031
"POR",1900,1900-12-30,0.0038403675
"POR",1901,1901-12-30,0.0039887438
"POR",1902,1902-12-30,0.004130885
"POR",1903,1903-12-30,0.0041102758
"POR",1904,1904-12-30,0.0040652994
"POR",1905,1905-12-30,0.0036813768
"POR",1906,1906-12-30,0.0042960793
"POR",1907,1907-12-30,0.0043482268
"POR",1908,1908-12-30,0.0042008706
"POR",1909,1909-12-30,0.003988408
"POR",1910,1910-12-30,0.0041107708
"POR",1911,1911-12-30,0.0035793569
"POR",1912,1912-12-30,0.0038652562
"POR",1913,1913-12-30,0.0034796575
"POR",1914,1914-12-29,0.0028442331
"POR",1915,1915-12-29,0.0026666748
"POR",1916,1916-12-29,0.0026710515
"POR",1917,1917-12-29,0.0025796839
"POR",1918,1918-12-30,0.0025923187
"POR",1919,1919-12-30,0.0023402381
"POR",1920,1920-12-30,0.0027142288
"POR",1921,1921-12-30,0.0027747531
"POR",1922,1922-12-30,0.0028223847
"POR",1923,1923-12-30,0.0028192974
"POR",1924,1924-12-30,0.0030580314
"POR",1925,1925-12-30,0.0036025599
"POR",1926,1926-12-30,0.0037357474
"POR",1927,1927-12-30,0.0037750835
"POR",1928,1928-12-30,0.0036967301
"POR",1929,1929-12-30,0.0036440354
"POR",1930,1930-12-30,0.0033249259
"POR",1931,1931-12-30,0.0033217091
"POR",1932,1932-12-30,0.0033523431
"POR",1933,1933-12-30,0.0032960225
"POR",1934,1934-12-30,0.0031249148
"POR",1935,1935-12-30,0.0027571679
"POR",1936,1936-12-30,0.0027249316
"POR",1937,1937-12-30,0.0026723798
"POR",1938,1938-12-30,0.0026738232
"POR",1939,1939-12-30,0.0024302893
"POR",1940,1940-12-29,0.0020838473
"POR",1941,1941-12-29,0.0020914336
"POR",1942,1942-12-29,0.0021730913
"POR",1943,1943-12-29,0.0021591838
"POR",1944,1944-12-29,0.0020829204
"POR",1945,1945-12-29,0.0020457671
"POR",1946,1946-12-29,0.0024148989
"POR",1947,1947-12-29,0.0022026377
"POR",1948,1948-12-29,0.0026258829
"POR",1949,1949-12-29,0.0024620506
"POR",1950,1950-12-29,0.0023414153
"POR",1951,1951-12-29,0.0021546155
"POR",1952,1952-12-29,0.0020012173
"POR",1953,1953-12-29,0.0019595351
"POR",1954,1954-12-29,0.0019737377
"POR",1955,1955-12-29,0.0019248268
"POR",1956,1956-12-29,0.0019266293
"POR",1957,1957-12-29,0.0019205953
"POR",1958,1958-12-29,0.0019109193
"POR",1959,1959-12-29,0.0019043677
"POR",1960,1960-12-29,0.0018515112
"POR",1961,1961-12-29,0.0018870721
"POR",1962,1962-12-29,0.0018670046
"POR",1963,1963-12-29,0.0024248441
"POR",1964,1964-12-29,0.0036154017
"POR",1965,1965-12-29,0.002542071
"POR",1966,1966-12-29,0.0026087242
"POR",1967,1967-12-29,0.0026296857
"POR",1968,1968-12-29,0.0027164649
"POR",1969,1969-12-29,0.0027404937
"POR",1970,1970-12-29,0.0027882387
"POR",1971,1971-12-29,0.002903427
"POR",1972,1972-12-29,0.0029517871
"POR",1973,1973-12-29,0.0030673465
"POR",1974,1974-12-29,0.0031212424
"POR",1975,1975-12-29,0.0018817323
"POR",1976,1976-12-29,0.0016620078
"POR",1977,1977-12-29,0.0015903515
"POR",1978,1978-12-29,0.0015952076
"POR",1979,1979-12-29,0.0016701357
"POR",1980,1980-12-29,0.0017148325
"POR",1981,1981-12-29,0.0016322432
"POR",1982,1982-12-29,0.001658372
"POR",1983,1983-12-29,0.0016765499
"POR",1984,1984-12-29,0.0016587977
"POR",1985,1985-12-29,0.0016224294
"POR",1986,1986-12-29,0.0016394304
"POR",1987,1987-12-29,0.001714441
"POR",1988,1988-12-29,0.0017238122
"POR",1989,1989-12-29,0.0017962639
"POR",1990,1990-12-29,0.0017334847
"POR",1991,1991-12-29,0.0017205741
"POR",1992,1992-12-29,0.001864114
"POR",1993,1993-12-29,0.0019219272
"POR",1994,1994-12-29,0.0023107675
"POR",1995,1995-12-29,0.0020827006
"POR",1996,1996-12-29,0.0020102914
"POR",1997,1997-12-29,0.0019661549
"POR",1998,1998-12-29,0.0020211292
"POR",1999,1999-12-29,0.002041684
"POR",2000,2000-12-29,0.0017819884
"POR",2001,2001-12-29,0.0017300511
"POR",2002,2002-12-29,0.0019646501
"POR",2003,2003-12-29,0.0019775152
"POR",2004,2004-12-29,0.0020225288
"POR",2005,2005-12-29,0.00207507
"POR",2006,2006-12-29,0.0020092952
"POR",2007,2007-12-29,0.002010226
"POR",2008,2008-12-29,0.0019417591
"POR",2009,2009-12-29,0.0019046247
"POR",2010,2010-12-29,0.0017398527
"POR",2011,2011-12-29,0.0017255959
"POR",2012,2012-12-29,0.0016992154
"POR",2013,2013-12-29,0.0016969037
"POR",2014,2014-12-29,0.0016461464
"POR",2015,2015-12-29,0.0015891305
"POR",2016,2016-12-29,0.0015626999
"GMY",1816,1816-12-30,0.052219804
"GMY",1817,1817-12-30,0.05235434
"GMY",1818,1818-12-30,0.053028341
"GMY",1819,1819-12-30,0.053746283
"GMY",1820,1820-12-30,0.052319482
"GMY",1821,1821-12-30,0.049972206
"GMY",1822,1822-12-30,0.05064315
"GMY",1823,1823-12-30,0.049205691
"GMY",1824,1824-12-30,0.048098873
"GMY",1825,1825-12-30,0.04840878
"GMY",1826,1826-12-30,0.050164476
"GMY",1827,1827-12-30,0.04891444
"GMY",1828,1828-12-30,0.048526339
"GMY",1829,1829-12-30,0.047125239
"GMY",1830,1830-12-30,0.045426339
"GMY",1831,1831-12-30,0.047164716
"GMY",1832,1832-12-30,0.048633911
"GMY",1833,1833-12-30,0.049288698
"GMY",1834,1834-12-30,0.050329056
"GMY",1835,1835-12-30,0.049377486
"GMY",1836,1836-12-30,0.052964438
"GMY",1837,1837-12-30,0.054830119
"GMY",1838,1838-12-30,0.056689326
"GMY",1839,1839-12-30,0.05277428
"GMY",1840,1840-12-30,0.051312674
"GMY",1841,1841-12-30,0.051883262
"GMY",1842,1842-12-30,0.054387104
"GMY",1843,1843-12-30,0.052822083
"GMY",1844,1844-12-30,0.052000713
"GMY",1845,1845-12-30,0.051602554
"GMY",1846,1846-12-30,0.050576039
"GMY",1847,1847-12-30,0.050712228
"GMY",1848,1848-12-30,0.048538107
"GMY",1849,1849-12-30,0.048293713
"GMY",1850,1850-12-30,0.049034484
"GMY",1851,1851-12-30,0.054287441
"GMY",1852,1852-12-30,0.053987082
"GMY",1853,1853-12-30,0.05273626
"GMY",1854,1854-12-30,0.048294354
"GMY",1855,1855-12-30,0.04803827
"GMY",1856,1856-12-30,0.051690832
"GMY",1857,1857-12-30,0.05584833
"GMY",1858,1858-12-30,0.05895178
"GMY",1859,1859-12-30,0.053789373
"GMY",1860,1860-12-30,0.051544353
"GMY",1861,1861-12-30,0.052483875
"GMY",1862,1862-12-30,0.054490443
"GMY",1863,1863-12-30,0.055332314
"GMY",1864,1864-12-30,0.056731492
"GMY",1865,1865-12-30,0.064812467
"GMY",1866,1866-12-30,0.065841906
"GMY",1867,1867-12-30,0.07031934
"GMY",1868,1868-12-30,0.081541047
"GMY",1869,1869-12-30,0.083696641
"GMY",1870,1870-12-30,0.10604604
"GMY",1871,1871-12-30,0.1198476
"GMY",1872,1872-12-30,0.097507112
"GMY",1873,1873-12-30,0.098793954
"GMY",1874,1874-12-30,0.10116117
"GMY",1875,1875-12-30,0.10344455
"GMY",1876,1876-12-30,0.098724939
"GMY",1877,1877-12-30,0.098763414
"GMY",1878,1878-12-30,0.099859565
"GMY",1879,1879-12-30,0.10560764
"GMY",1880,1880-12-30,0.10560779
"GMY",1881,1881-12-30,0.10653359
"GMY",1882,1882-12-30,0.10663672
"GMY",1883,1883-12-30,0.11077441
"GMY",1884,1884-12-30,0.11334331
"GMY",1885,1885-12-30,0.11463291
"GMY",1886,1886-12-30,0.11360407
"GMY",1887,1887-12-30,0.12310402
"GMY",1888,1888-12-30,0.12728682
"GMY",1889,1889-12-30,0.1188932
"GMY",1890,1890-12-30,0.12595853
"GMY",1891,1891-12-30,0.12272226
"GMY",1892,1892-12-30,0.12665534
"GMY",1893,1893-12-30,0.13419484
"GMY",1894,1894-12-30,0.13210894
"GMY",1895,1895-12-30,0.12557141
"GMY",1896,1896-12-30,0.12973258
"GMY",1897,1897-12-30,0.13222976
"GMY",1898,1898-12-30,0.12493378
"GMY",1899,1899-12-30,0.12672231
"GMY",1900,1900-12-30,0.13152538
"GMY",1901,1901-12-30,0.12783954
"GMY",1902,1902-12-30,0.13113244
"GMY",1903,1903-12-30,0.13464612
"GMY",1904,1904-12-30,0.13375366
"GMY",1905,1905-12-30,0.12306968
"GMY",1906,1906-12-30,0.13150726
"GMY",1907,1907-12-30,0.13589956
"GMY",1908,1908-12-30,0.1459929
"GMY",1909,1909-12-30,0.1352272
"GMY",1910,1910-12-30,0.13572359
"GMY",1911,1911-12-30,0.13731502
"GMY",1912,1912-12-30,0.13733648
"GMY",1913,1913-12-30,0.14331791
"GMY",1914,1914-12-29,0.15820104
"GMY",1915,1915-12-29,0.15111271
"GMY",1916,1916-12-29,0.15011773
"GMY",1917,1917-12-29,0.15816878
"GMY",1918,1918-12-30,0.17243373
"GMY",1919,1919-12-30,0.07680358
"GMY",1920,1920-12-30,0.072021477
"GMY",1921,1921-12-30,0.092638321
"GMY",1922,1922-12-30,0.083895728
"GMY",1923,1923-12-30,0.090668082
"GMY",1924,1924-12-30,0.079636589
"GMY",1925,1925-12-30,0.081592843
"GMY",1926,1926-12-30,0.079375401
"GMY",1927,1927-12-30,0.084240593
"GMY",1928,1928-12-30,0.077653617
"GMY",1929,1929-12-30,0.076651402
"GMY",1930,1930-12-30,0.073917799
"GMY",1931,1931-12-30,0.070113152
"GMY",1932,1932-12-30,0.070043691
"GMY",1933,1933-12-30,0.077673413
"GMY",1934,1934-12-30,0.089128353
"GMY",1935,1935-12-30,0.10258716
"GMY",1936,1936-12-30,0.11511528
"GMY",1937,1937-12-30,0.11785953
"GMY",1938,1938-12-30,0.15422215
"GMY",1939,1939-12-30,0.1779559
"GMY",1940,1940-12-29,0.17135082
"GMY",1941,1941-12-29,0.20238717
"GMY",1942,1942-12-29,0.17555024
"GMY",1943,1943-12-29,0.15359831
"GMY",1944,1944-12-29,0.13621277
"GMY",1945,1945-12-29,0.079876572
"GMY",1990,1990-12-29,0.029267116
"GMY",1991,1991-12-29,0.031236051
"GMY",1992,1992-12-29,0.03153953
"GMY",1993,1993-12-29,0.031412087
"GMY",1994,1994-12-29,0.030594533
"GMY",1995,1995-12-29,0.0311909
"GMY",1996,1996-12-29,0.030039914
"GMY",1997,1997-12-29,0.029110087
"GMY",1998,1998-12-29,0.029356653
"GMY",1999,1999-12-29,0.027760297
"GMY",2000,2000-12-29,0.026201505
"GMY",2001,2001-12-29,0.026277268
"GMY",2002,2002-12-29,0.02525737
"GMY",2003,2003-12-29,0.024657244
"GMY",2004,2004-12-29,0.023875449
"GMY",2005,2005-12-29,0.023106351
"GMY",2006,2006-12-29,0.02238599
"GMY",2007,2007-12-29,0.021608284
"GMY",2008,2008-12-29,0.020993518
"GMY",2009,2009-12-29,0.019252539
"GMY",2010,2010-12-29,0.019416943
"GMY",2011,2011-12-29,0.018717172
"GMY",2012,2012-12-29,0.01782185
"GMY",2013,2013-12-29,0.017428882
"GMY",2014,2014-12-29,0.016987702
"GMY",2015,2015-12-29,0.016500173
"GMY",2016,2016-12-29,0.016592627
"GFR",1955,1955-12-29,0.037784725
"GFR",1956,1956-12-29,0.037591804
"GFR",1957,1957-12-29,0.037253745
"GFR",1958,1958-12-29,0.035825282
"GFR",1959,1959-12-29,0.039920256
"GFR",1960,1960-12-29,0.040735226
"GFR",1961,1961-12-29,0.040470645
"GFR",1962,1962-12-29,0.040152412
"GFR",1963,1963-12-29,0.039770029
"GFR",1964,1964-12-29,0.04004918
"GFR",1965,1965-12-29,0.038725883
"GFR",1966,1966-12-29,0.036576618
"GFR",1967,1967-12-29,0.036045428
"GFR",1968,1968-12-29,0.036387153
"GFR",1969,1969-12-29,0.036633819
"GFR",1970,1970-12-29,0.035735894
"GFR",1971,1971-12-29,0.034901418
"GFR",1972,1972-12-29,0.035169441
"GFR",1973,1973-12-29,0.036092423
"GFR",1974,1974-12-29,0.036560275
"GFR",1975,1975-12-29,0.033488765
"GFR",1976,1976-12-29,0.033395655
"GFR",1977,1977-12-29,0.032193836
"GFR",1978,1978-12-29,0.032400295
"GFR",1979,1979-12-29,0.033399042
"GFR",1980,1980-12-29,0.032455169
"GFR",1981,1981-12-29,0.029759727
"GFR",1982,1982-12-29,0.028524548
"GFR",1983,1983-12-29,0.027837086
"GFR",1984,1984-12-29,0.026866492
"GFR",1985,1985-12-29,0.026081393
"GFR",1986,1986-12-29,0.026057754
"GFR",1987,1987-12-29,0.025921142
"GFR",1988,1988-12-29,0.026303709
"GFR",1989,1989-12-29,0.027101472
"GFR",1990,1990-12-29,0.027701119
"GDR",1954,1954-12-29,0.012099718
"GDR",1955,1955-12-29,0.010964268
"GDR",1956,1956-12-29,0.010703123
"GDR",1957,1957-12-29,0.009507833
"GDR",1958,1958-12-29,0.0096851718
"GDR",1959,1959-12-29,0.0092387469
"GDR",1960,1960-12-29,0.0087853344
"GDR",1961,1961-12-29,0.0090420097
"GDR",1962,1962-12-29,0.0095002204
"GDR",1963,1963-12-29,0.0096538775
"GDR",1964,1964-12-29,0.0094971042
"GDR",1965,1965-12-29,0.0092041073
"GDR",1966,1966-12-29,0.0088006472
"GDR",1967,1967-12-29,0.0085281096
"GDR",1968,1968-12-29,0.0094627384
"GDR",1969,1969-12-29,0.0093200542
"GDR",1970,1970-12-29,0.0091476524
"GDR",1971,1971-12-29,0.0093948664
"GDR",1972,1972-12-29,0.0092277955
"GDR",1973,1973-12-29,0.0090188552
"GDR",1974,1974-12-29,0.0090430258
"GDR",1975,1975-12-29,0.0091169253
"GDR",1976,1976-12-29,0.0090938956
"GDR",1977,1977-12-29,0.0091773756
"GDR",1978,1978-12-29,0.0089673437
"GDR",1979,1979-12-29,0.0087275431
"GDR",1980,1980-12-29,0.0088886507
"GDR",1981,1981-12-29,0.0090985149
"GDR",1982,1982-12-29,0.0092436643
"GDR",1983,1983-12-29,0.0092219338
"GDR",1984,1984-12-29,0.0084151095
"GDR",1985,1985-12-29,0.0088509154
"GDR",1986,1986-12-29,0.0088873729
"GDR",1987,1987-12-29,0.0091113746
"GDR",1988,1988-12-29,0.0089584216
"GDR",1989,1989-12-29,0.0096714199
"GDR",1990,1990-12-29,0.0061563607
"POL",1918,1918-12-30,0.014133242
"POL",1919,1919-12-30,0.018781014
"POL",1920,1920-12-30,0.027165325
"POL",1921,1921-12-30,0.021068059
"POL",1922,1922-12-30,0.018835058
"POL",1923,1923-12-30,0.022642778
"POL",1924,1924-12-30,0.023692811
"POL",1925,1925-12-30,0.022613753
"POL",1926,1926-12-30,0.021930469
"POL",1927,1927-12-30,0.022026872
"POL",1928,1928-12-30,0.021977277
"POL",1929,1929-12-30,0.021855548
"POL",1930,1930-12-30,0.020932071
"POL",1931,1931-12-30,0.021809764
"POL",1932,1932-12-30,0.021431215
"POL",1933,1933-12-30,0.020802783
"POL",1934,1934-12-30,0.020392358
"POL",1935,1935-12-30,0.018183799
"POL",1936,1936-12-30,0.018347373
"POL",1937,1937-12-30,0.018396191
"POL",1938,1938-12-30,0.019572916
"POL",1939,1939-12-30,0.018311104
"POL",1945,1945-12-29,0.0097796405
"POL",1946,1946-12-29,0.017290814
"POL",1947,1947-12-29,0.024601864
"POL",1948,1948-12-29,0.029853862
"POL",1949,1949-12-29,0.033627756
"POL",1950,1950-12-29,0.016926695
"POL",1951,1951-12-29,0.014259422
"POL",1952,1952-12-29,0.014721982
"POL",1953,1953-12-29,0.014943969
"POL",1954,1954-12-29,0.014331462
"POL",1955,1955-12-29,0.013612044
"POL",1956,1956-12-29,0.013921893
"POL",1957,1957-12-29,0.013802982
"POL",1958,1958-12-29,0.014212188
"POL",1959,1959-12-29,0.013418187
"POL",1960,1960-12-29,0.013174114
"POL",1961,1961-12-29,0.014440515
"POL",1962,1962-12-29,0.014321775
"POL",1963,1963-12-29,0.014206131
"POL",1964,1964-12-29,0.013808454
"POL",1965,1965-12-29,0.013877843
"POL",1966,1966-12-29,0.013553076
"POL",1967,1967-12-29,0.013461824
"POL",1968,1968-12-29,0.014098695
"POL",1969,1969-12-29,0.013915212
"POL",1970,1970-12-29,0.013758488
"POL",1971,1971-12-29,0.014801396
"POL",1972,1972-12-29,0.014775747
"POL",1973,1973-12-29,0.014459563
"POL",1974,1974-12-29,0.014690616
"POL",1975,1975-12-29,0.015730191
"POL",1976,1976-12-29,0.015876826
"POL",1977,1977-12-29,0.016272504
"POL",1978,1978-12-29,0.01613638
"POL",1979,1979-12-29,0.01593704
"POL",1980,1980-12-29,0.016146133
"POL",1981,1981-12-29,0.015163055
"POL",1982,1982-12-29,0.015604797
"POL",1983,1983-12-29,0.015655799
"POL",1984,1984-12-29,0.015312443
"POL",1985,1985-12-29,0.014234437
"POL",1986,1986-12-29,0.01457053
"POL",1987,1987-12-29,0.01380099
"POL",1988,1988-12-29,0.012379727
"POL",1989,1989-12-29,0.011798318
"POL",1990,1990-12-29,0.010411924
"POL",1991,1991-12-29,0.010059462
"POL",1992,1992-12-29,0.0095685339
"POL",1993,1993-12-29,0.0095848041
"POL",1994,1994-12-29,0.0096232221
"POL",1995,1995-12-29,0.0096851792
"POL",1996,1996-12-29,0.0093763191
"POL",1997,1997-12-29,0.0091909561
"POL",1998,1998-12-29,0.0088746827
"POL",1999,1999-12-29,0.0080556236
"POL",2000,2000-12-29,0.0082896445
"POL",2001,2001-12-29,0.0079678865
"POL",2002,2002-12-29,0.0070346026
"POL",2003,2003-12-29,0.0069807051
"POL",2004,2004-12-29,0.0069354586
"POL",2005,2005-12-29,0.0064588883
"POL",2006,2006-12-29,0.0066304365
"POL",2007,2007-12-29,0.006698085
"POL",2008,2008-12-29,0.0065320474
"POL",2009,2009-12-29,0.0057679657
"POL",2010,2010-12-29,0.0056312424
"POL",2011,2011-12-29,0.0056995335
"POL",2012,2012-12-29,0.0054640654
"POL",2013,2013-12-29,0.005443715
"POL",2014,2014-12-29,0.0054679033
"POL",2015,2015-12-29,0.0056043328
"POL",2016,2016-12-29,0.0054556746
"AUH",1816,1816-12-30,0.086052172
"AUH",1817,1817-12-30,0.09377902
"AUH",1818,1818-12-30,0.090829872
"AUH",1819,1819-12-30,0.093057774
"AUH",1820,1820-12-30,0.093170315
"AUH",1821,1821-12-30,0.098549381
"AUH",1822,1822-12-30,0.096073203
"AUH",1823,1823-12-30,0.092076972
"AUH",1824,1824-12-30,0.089853875
"AUH",1825,1825-12-30,0.087909363
"AUH",1826,1826-12-30,0.090177596
"AUH",1827,1827-12-30,0.087245867
"AUH",1828,1828-12-30,0.087373234
"AUH",1829,1829-12-30,0.08605209
"AUH",1830,1830-12-30,0.079436123
"AUH",1831,1831-12-30,0.084743887
"AUH",1832,1832-12-30,0.083548717
"AUH",1833,1833-12-30,0.082786448
"AUH",1834,1834-12-30,0.086030856
"AUH",1835,1835-12-30,0.084154651
"AUH",1836,1836-12-30,0.080006436
"AUH",1837,1837-12-30,0.081965834
"AUH",1838,1838-12-30,0.082675755
"AUH",1839,1839-12-30,0.082038522
"AUH",1840,1840-12-30,0.072335362
"AUH",1841,1841-12-30,0.076722369
"AUH",1842,1842-12-30,0.080163956
"AUH",1843,1843-12-30,0.082804695
"AUH",1844,1844-12-30,0.07839679
"AUH",1845,1845-12-30,0.073204026
"AUH",1846,1846-12-30,0.070203304
"AUH",1847,1847-12-30,0.071446173
"AUH",1848,1848-12-30,0.076032154
"AUH",1849,1849-12-30,0.08976455
"AUH",1850,1850-12-30,0.08371532
"AUH",1851,1851-12-30,0.087445773
"AUH",1852,1852-12-30,0.084528752
"AUH",1853,1853-12-30,0.087248854
"AUH",1854,1854-12-30,0.080342166
"AUH",1855,1855-12-30,0.070129156
"AUH",1856,1856-12-30,0.063567445
"AUH",1857,1857-12-30,0.075959027
"AUH",1858,1858-12-30,0.079993032
"AUH",1859,1859-12-30,0.082244679
"AUH",1860,1860-12-30,0.049570404
"AUH",1861,1861-12-30,0.03936509
"AUH",1862,1862-12-30,0.040828895
"AUH",1863,1863-12-30,0.04051045
"AUH",1864,1864-12-30,0.039720401
"AUH",1865,1865-12-30,0.043824513
"AUH",1866,1866-12-30,0.057254829
"AUH",1867,1867-12-30,0.041771051
"AUH",1868,1868-12-30,0.042935286
"AUH",1869,1869-12-30,0.044333957
"AUH",1870,1870-12-30,0.042529006
"AUH",1871,1871-12-30,0.04251615
"AUH",1872,1872-12-30,0.04615099
"AUH",1873,1873-12-30,0.047668118
"AUH",1874,1874-12-30,0.047428142
"AUH",1875,1875-12-30,0.046975262
"AUH",1876,1876-12-30,0.044007171
"AUH",1877,1877-12-30,0.041688945
"AUH",1878,1878-12-30,0.045858972
"AUH",1879,1879-12-30,0.048589889
"AUH",1880,1880-12-30,0.043918639
"AUH",1881,1881-12-30,0.043540325
"AUH",1882,1882-12-30,0.045667142
"AUH",1883,1883-12-30,0.046686266
"AUH",1884,1884-12-30,0.046266679
"AUH",1885,1885-12-30,0.046369575
"AUH",1886,1886-12-30,0.046096113
"AUH",1887,1887-12-30,0.047868639
"AUH",1888,1888-12-30,0.045705833
"AUH",1889,1889-12-30,0.045618802
"AUH",1890,1890-12-30,0.047116082
"AUH",1891,1891-12-30,0.047579743
"AUH",1892,1892-12-30,0.047419522
"AUH",1893,1893-12-30,0.048632644
"AUH",1894,1894-12-30,0.047440507
"AUH",1895,1895-12-30,0.046997391
"AUH",1896,1896-12-30,0.047199987
"AUH",1897,1897-12-30,0.046542391
"AUH",1898,1898-12-30,0.045001522
"AUH",1899,1899-12-30,0.044060662
"AUH",1900,1900-12-30,0.042398997
"AUH",1901,1901-12-30,0.041982532
"AUH",1902,1902-12-30,0.041756272
"AUH",1903,1903-12-30,0.04186352
"AUH",1904,1904-12-30,0.042100165
"AUH",1905,1905-12-30,0.038261406
"AUH",1906,1906-12-30,0.04107194
"AUH",1907,1907-12-30,0.041990068
"AUH",1908,1908-12-30,0.04685317
"AUH",1909,1909-12-30,0.044432528
"AUH",1910,1910-12-30,0.043635119
"AUH",1911,1911-12-30,0.041724104
"AUH",1912,1912-12-30,0.043674219
"AUH",1913,1913-12-30,0.044727746
"AUH",1914,1914-12-29,0.068234459
"AUH",1915,1915-12-29,0.062424302
"AUH",1916,1916-12-29,0.043211572
"AUH",1917,1917-12-29,0.040061295
"AUH",1918,1918-12-30,0.031868663
"AUS",1919,1919-12-30,0.0065546893
"AUS",1920,1920-12-30,0.0056446576
"AUS",1921,1921-12-30,0.0065644328
"AUS",1922,1922-12-30,0.0069369231
"AUS",1923,1923-12-30,0.006434314
"AUS",1924,1924-12-30,0.0064632553
"AUS",1925,1925-12-30,0.0063438229
"AUS",1926,1926-12-30,0.0060593495
"AUS",1927,1927-12-30,0.0059709651
"AUS",1928,1928-12-30,0.0057810647
"AUS",1929,1929-12-30,0.0056731594
"AUS",1930,1930-12-30,0.0054063173
"AUS",1931,1931-12-30,0.0053476132
"AUS",1932,1932-12-30,0.0051377709
"AUS",1933,1933-12-30,0.0048335441
"AUS",1934,1934-12-30,0.004796748
"AUS",1935,1935-12-30,0.0045575341
"AUS",1936,1936-12-30,0.0044385996
"AUS",1937,1937-12-30,0.0050165141
"AUS",1938,1938-12-30,0.005123815
"AUS",1955,1955-12-29,0.0033667302
"AUS",1956,1956-12-29,0.0034575721
"AUS",1957,1957-12-29,0.0036775521
"AUS",1958,1958-12-29,0.0036472306
"AUS",1959,1959-12-29,0.0034667919
"AUS",1960,1960-12-29,0.0036312772
"AUS",1961,1961-12-29,0.0035611603
"AUS",1962,1962-12-29,0.0034131727
"AUS",1963,1963-12-29,0.0035972986
"AUS",1964,1964-12-29,0.0033686243
"AUS",1965,1965-12-29,0.0032424629
"AUS",1966,1966-12-29,0.003108904
"AUS",1967,1967-12-29,0.0029992806
"AUS",1968,1968-12-29,0.0030087701
"AUS",1969,1969-12-29,0.0030325241
"AUS",1970,1970-12-29,0.0029814504
"AUS",1971,1971-12-29,0.0030118311
"AUS",1972,1972-12-29,0.0029528907
"AUS",1973,1973-12-29,0.0028944337
"AUS",1974,1974-12-29,0.002965023
"AUS",1975,1975-12-29,0.0028150682
"AUS",1976,1976-12-29,0.0027818398
"AUS",1977,1977-12-29,0.0026623879
"AUS",1978,1978-12-29,0.0026986746
"AUS",1979,1979-12-29,0.0027898953
"AUS",1980,1980-12-29,0.0026605602
"AUS",1981,1981-12-29,0.0026225501
"AUS",1982,1982-12-29,0.0025888537
"AUS",1983,1983-12-29,0.0026283851
"AUS",1984,1984-12-29,0.0025669637
"AUS",1985,1985-12-29,0.0025119712
"AUS",1986,1986-12-29,0.002470362
"AUS",1987,1987-12-29,0.0026306403
"AUS",1988,1988-12-29,0.0025071893
"AUS",1989,1989-12-29,0.0026086462
"AUS",1990,1990-12-29,0.0024686249
"AUS",1991,1991-12-29,0.0026181543
"AUS",1992,1992-12-29,0.0026072976
"AUS",1993,1993-12-29,0.0026573713
"AUS",1994,1994-12-29,0.0025918381
"AUS",1995,1995-12-29,0.0027842603
"AUS",1996,1996-12-29,0.0026471606
"AUS",1997,1997-12-29,0.0027052185
"AUS",1998,1998-12-29,0.0028537463
"AUS",1999,1999-12-29,0.0026914468
"AUS",2000,2000-12-29,0.0025877673
"AUS",2001,2001-12-29,0.0025550581
"AUS",2002,2002-12-29,0.0025200748
"AUS",2003,2003-12-29,0.0024816617
"AUS",2004,2004-12-29,0.0024336572
"AUS",2005,2005-12-29,0.0024712866
"AUS",2006,2006-12-29,0.0024114838
"AUS",2007,2007-12-29,0.0024760796
"AUS",2008,2008-12-29,0.0023728276
"AUS",2009,2009-12-29,0.002075088
"AUS",2010,2010-12-29,0.0020489767
"AUS",2011,2011-12-29,0.0020798345
"AUS",2012,2012-12-29,0.0020154244
"AUS",2013,2013-12-29,0.0020046895
"AUS",2014,2014-12-29,0.0019667128
"AUS",2015,2015-12-29,0.0018609982
"AUS",2016,2016-12-29,0.0018544428
"HUN",1918,1918-12-30,0.0047659487
"HUN",1919,1919-12-30,0.0037790004
"HUN",1920,1920-12-30,0.0039827344
"HUN",1921,1921-12-30,0.00468081
"HUN",1922,1922-12-30,0.0051827529
"HUN",1923,1923-12-30,0.0055369944
"HUN",1924,1924-12-30,0.0061172713
"HUN",1925,1925-12-30,0.0051564653
"HUN",1926,1926-12-30,0.0053200363
"HUN",1927,1927-12-30,0.0053959675
"HUN",1928,1928-12-30,0.0052301344
"HUN",1929,1929-12-30,0.0051482911
"HUN",1930,1930-12-30,0.0049297996
"HUN",1931,1931-12-30,0.0049802135
"HUN",1932,1932-12-30,0.0049017575
"HUN",1933,1933-12-30,0.0046575363
"HUN",1934,1934-12-30,0.0047259047
"HUN",1935,1935-12-30,0.0045099799
"HUN",1936,1936-12-30,0.0045462865
"HUN",1937,1937-12-30,0.0046028295
"HUN",1938,1938-12-30,0.0046944129
"HUN",1939,1939-12-30,0.0042843735
"HUN",1940,1940-12-29,0.0053604739
"HUN",1941,1941-12-29,0.0048100883
"HUN",1942,1942-12-29,0.0066142417
"HUN",1943,1943-12-29,0.0047857515
"HUN",1944,1944-12-29,0.0045461338
"HUN",1945,1945-12-29,0.0036055406
"HUN",1946,1946-12-29,0.0035614115
"HUN",1947,1947-12-29,0.0037017225
"HUN",1948,1948-12-29,0.004156854
"HUN",1949,1949-12-29,0.0044192211
"HUN",1950,1950-12-29,0.0048074811
"HUN",1951,1951-12-29,0.0051204856
"HUN",1952,1952-12-29,0.0052081039
"HUN",1953,1953-12-29,0.0052973949
"HUN",1954,1954-12-29,0.0054141325
"HUN",1955,1955-12-29,0.0051515349
"HUN",1956,1956-12-29,0.0050237193
"HUN",1957,1957-12-29,0.0031168489
"HUN",1958,1958-12-29,0.0035653077
"HUN",1959,1959-12-29,0.00369064
"HUN",1960,1960-12-29,0.0038596061
"HUN",1961,1961-12-29,0.0042927573
"HUN",1962,1962-12-29,0.0044507813
"HUN",1963,1963-12-29,0.0047387527
"HUN",1964,1964-12-29,0.0046198647
"HUN",1965,1965-12-29,0.0045245532
"HUN",1966,1966-12-29,0.0043418375
"HUN",1967,1967-12-29,0.0042239423
"HUN",1968,1968-12-29,0.004179636
"HUN",1969,1969-12-29,0.0044282735
"HUN",1970,1970-12-29,0.0041600266
"HUN",1971,1971-12-29,0.0044983439
"HUN",1972,1972-12-29,0.0043835165
"HUN",1973,1973-12-29,0.0042303768
"HUN",1974,1974-12-29,0.0041016503
"HUN",1975,1975-12-29,0.0041695731
"HUN",1976,1976-12-29,0.0040518488
"HUN",1977,1977-12-29,0.0040775109
"HUN",1978,1978-12-29,0.0040841787
"HUN",1979,1979-12-29,0.0039235731
"HUN",1980,1980-12-29,0.003966176
"HUN",1981,1981-12-29,0.0039416617
"HUN",1982,1982-12-29,0.0039987848
"HUN",1983,1983-12-29,0.0039070984
"HUN",1984,1984-12-29,0.0036156131
"HUN",1985,1985-12-29,0.0033876817
"HUN",1986,1986-12-29,0.003513597
"HUN",1987,1987-12-29,0.0033886193
"HUN",1988,1988-12-29,0.0030206395
"HUN",1989,1989-12-29,0.0030641134
"HUN",1990,1990-12-29,0.0026707046
"HUN",1991,1991-12-29,0.0024931401
"HUN",1992,1992-12-29,0.0022611481
"HUN",1993,1993-12-29,0.0021880721
"HUN",1994,1994-12-29,0.002154392
"HUN",1995,1995-12-29,0.0020825011
"HUN",1996,1996-12-29,0.0020091541
"HUN",1997,1997-12-29,0.0019093285
"HUN",1998,1998-12-29,0.0018888535
"HUN",1999,1999-12-29,0.0019386865
"HUN",2000,2000-12-29,0.0018279748
"HUN",2001,2001-12-29,0.001807159
"HUN",2002,2002-12-29,0.0017269888
"HUN",2003,2003-12-29,0.0017142777
"HUN",2004,2004-12-29,0.0016454933
"HUN",2005,2005-12-29,0.0016228427
"HUN",2006,2006-12-29,0.0015491291
"HUN",2007,2007-12-29,0.001522003
"HUN",2008,2008-12-29,0.001499439
"HUN",2009,2009-12-29,0.0012760331
"HUN",2010,2010-12-29,0.0012883099
"HUN",2011,2011-12-29,0.0012702576
"HUN",2012,2012-12-29,0.001151773
"HUN",2013,2013-12-29,0.0010619148
"HUN",2014,2014-12-29,0.0010598792
"HUN",2015,2015-12-29,0.001111718
"HUN",2016,2016-12-29,0.0010860977
"CZE",1918,1918-12-30,0.0082969321
"CZE",1919,1919-12-30,0.01059422
"CZE",1920,1920-12-30,0.010699328
"CZE",1921,1921-12-30,0.012391515
"CZE",1922,1922-12-30,0.01101692
"CZE",1923,1923-12-30,0.013396276
"CZE",1924,1924-12-30,0.015789362
"CZE",1925,1925-12-30,0.013956031
"CZE",1926,1926-12-30,0.013144182
"CZE",1927,1927-12-30,0.013534748
"CZE",1928,1928-12-30,0.013846901
"CZE",1929,1929-12-30,0.013851803
"CZE",1930,1930-12-30,0.013637611
"CZE",1931,1931-12-30,0.014280181
"CZE",1932,1932-12-30,0.012639793
"CZE",1933,1933-12-30,0.011584866
"CZE",1934,1934-12-30,0.011605155
"CZE",1935,1935-12-30,0.010219913
"CZE",1936,1936-12-30,0.01145352
"CZE",1937,1937-12-30,0.012969039
"CZE",1938,1938-12-30,0.013047683
"CZE",1939,1939-12-30,0.012163654
"CZE",1945,1945-12-29,0.0068648243
"CZE",1946,1946-12-29,0.011035377
"CZE",1947,1947-12-29,0.012043812
"CZE",1948,1948-12-29,0.012601429
"CZE",1949,1949-12-29,0.012612962
"CZE",1950,1950-12-29,0.012465068
"CZE",1951,1951-12-29,0.011553113
"CZE",1952,1952-12-29,0.010937763
"CZE",1953,1953-12-29,0.010800662
"CZE",1954,1954-12-29,0.010871126
"CZE",1955,1955-12-29,0.0099774776
"CZE",1956,1956-12-29,0.010273449
"CZE",1957,1957-12-29,0.010396131
"CZE",1958,1958-12-29,0.010942933
"CZE",1959,1959-12-29,0.011091102
"CZE",1960,1960-12-29,0.010995697
"CZE",1961,1961-12-29,0.011334441
"CZE",1962,1962-12-29,0.011406307
"CZE",1963,1963-12-29,0.010946894
"CZE",1964,1964-12-29,0.010634249
"CZE",1965,1965-12-29,0.010133322
"CZE",1966,1966-12-29,0.0097609134
"CZE",1967,1967-12-29,0.0098640714
"CZE",1968,1968-12-29,0.0096778441
"CZE",1969,1969-12-29,0.0092760036
"CZE",1970,1970-12-29,0.0092771789
"CZE",1971,1971-12-29,0.0097144349
"CZE",1972,1972-12-29,0.0095449015
"CZE",1973,1973-12-29,0.0092441142
"CZE",1974,1974-12-29,0.009130477
"CZE",1975,1975-12-29,0.0095648039
"CZE",1976,1976-12-29,0.0094656236
"CZE",1977,1977-12-29,0.0093088243
"CZE",1978,1978-12-29,0.0091486722
"CZE",1979,1979-12-29,0.0087682512
"CZE",1980,1980-12-29,0.0089429682
"CZE",1981,1981-12-29,0.0090174014
"CZE",1982,1982-12-29,0.0093291206
"CZE",1983,1983-12-29,0.0092564868
"CZE",1984,1984-12-29,0.0084349094
"CZE",1985,1985-12-29,0.0083813732
"CZE",1986,1986-12-29,0.0083281109
"CZE",1987,1987-12-29,0.0082992027
"CZE",1988,1988-12-29,0.0079233758
"CZE",1989,1989-12-29,0.0077113034
"CZE",1990,1990-12-29,0.0073487121
"CZE",1991,1991-12-29,0.0060761091
"CZE",1992,1992-12-29,0.0046325102
"ITA",1816,1816-12-30,0.0069693732
"ITA",1817,1817-12-30,0.0090775164
"ITA",1818,1818-12-30,0.0095309969
"ITA",1819,1819-12-30,0.0093102036
"ITA",1820,1820-12-30,0.0092054997
"ITA",1821,1821-12-30,0.010869882
"ITA",1822,1822-12-30,0.011979829
"ITA",1823,1823-12-30,0.0092126038
"ITA",1824,1824-12-30,0.0099204155
"ITA",1825,1825-12-30,0.010164818
"ITA",1826,1826-12-30,0.010473724
"ITA",1827,1827-12-30,0.012420513
"ITA",1828,1828-12-30,0.012856016
"ITA",1829,1829-12-30,0.012716059
"ITA",1830,1830-12-30,0.012334516
"ITA",1831,1831-12-30,0.01259157
"ITA",1832,1832-12-30,0.012531201
"ITA",1833,1833-12-30,0.012617742
"ITA",1834,1834-12-30,0.013353845
"ITA",1835,1835-12-30,0.013804441
"ITA",1836,1836-12-30,0.013258953
"ITA",1837,1837-12-30,0.013682416
"ITA",1838,1838-12-30,0.013390771
"ITA",1839,1839-12-30,0.013402776
"ITA",1840,1840-12-30,0.013284139
"ITA",1841,1841-12-30,0.012560867
"ITA",1842,1842-12-30,0.012118696
"ITA",1843,1843-12-30,0.011675111
"ITA",1844,1844-12-30,0.01177948
"ITA",1845,1845-12-30,0.011600398
"ITA",1846,1846-12-30,0.011094116
"ITA",1847,1847-12-30,0.011383209
"ITA",1848,1848-12-30,0.018390941
"ITA",1849,1849-12-30,0.017559942
"ITA",1850,1850-12-30,0.011952404
"ITA",1851,1851-12-30,0.012931786
"ITA",1852,1852-12-30,0.012285295
"ITA",1853,1853-12-30,0.011540403
"ITA",1854,1854-12-30,0.0095716938
"ITA",1855,1855-12-30,0.0097849537
"ITA",1856,1856-12-30,0.010030236
"ITA",1857,1857-12-30,0.010384034
"ITA",1858,1858-12-30,0.010522448
"ITA",1859,1859-12-30,0.01479145
"ITA",1860,1860-12-30,0.028627535
"ITA",1861,1861-12-30,0.033831552
"ITA",1862,1862-12-30,0.034035634
"ITA",1863,1863-12-30,0.035056494
"ITA",1864,1864-12-30,0.035745651
"ITA",1865,1865-12-30,0.034381118
"ITA",1866,1866-12-30,0.050006986
"ITA",1867,1867-12-30,0.040646281
"ITA",1868,1868-12-30,0.036712527
"ITA",1869,1869-12-30,0.03374061
"ITA",1870,1870-12-30,0.031308502
"ITA",1871,1871-12-30,0.035308041
"ITA",1872,1872-12-30,0.033640359
"ITA",1873,1873-12-30,0.033182494
"ITA",1874,1874-12-30,0.032856546
"ITA",1875,1875-12-30,0.033067279
"ITA",1876,1876-12-30,0.030690994
"ITA",1877,1877-12-30,0.030208644
"ITA",1878,1878-12-30,0.031478003
"ITA",1879,1879-12-30,0.03139193
"ITA",1880,1880-12-30,0.032166198
"ITA",1881,1881-12-30,0.032165471
"ITA",1882,1882-12-30,0.032406162
"ITA",1883,1883-12-30,0.034941461
"ITA",1884,1884-12-30,0.036618881
"ITA",1885,1885-12-30,0.036638048
"ITA",1886,1886-12-30,0.036632404
"ITA",1887,1887-12-30,0.039171334
"ITA",1888,1888-12-30,0.041048642
"ITA",1889,1889-12-30,0.03812699
"ITA",1890,1890-12-30,0.036450621
"ITA",1891,1891-12-30,0.035582643
"ITA",1892,1892-12-30,0.034046374
"ITA",1893,1893-12-30,0.034133889
"ITA",1894,1894-12-30,0.031884339
"ITA",1895,1895-12-30,0.034491409
"ITA",1896,1896-12-30,0.031737391
"ITA",1897,1897-12-30,0.030870173
"ITA",1898,1898-12-30,0.030992012
"ITA",1899,1899-12-30,0.028868014
"ITA",1900,1900-12-30,0.028164502
"ITA",1901,1901-12-30,0.027915481
"ITA",1902,1902-12-30,0.028455384
"ITA",1903,1903-12-30,0.028958663
"ITA",1904,1904-12-30,0.028060548
"ITA",1905,1905-12-30,0.025222303
"ITA",1906,1906-12-30,0.028322315
"ITA",1907,1907-12-30,0.027930573
"ITA",1908,1908-12-30,0.029404696
"ITA",1909,1909-12-30,0.029807327
"ITA",1910,1910-12-30,0.030566756
"ITA",1911,1911-12-30,0.033263136
"ITA",1912,1912-12-30,0.039231259
"ITA",1913,1913-12-30,0.033501688
"ITA",1914,1914-12-29,0.025674975
"ITA",1915,1915-12-29,0.033980358
"ITA",1916,1916-12-29,0.03445188
"ITA",1917,1917-12-29,0.032299984
"ITA",1918,1918-12-30,0.033296362
"ITA",1919,1919-12-30,0.04496327
"ITA",1920,1920-12-30,0.035323199
"ITA",1921,1921-12-30,0.035228934
"ITA",1922,1922-12-30,0.033509158
"ITA",1923,1923-12-30,0.029086083
"ITA",1924,1924-12-30,0.034937054
"ITA",1925,1925-12-30,0.031109817
"ITA",1926,1926-12-30,0.032194875
"ITA",1927,1927-12-30,0.034717001
"ITA",1928,1928-12-30,0.032499652
"ITA",1929,1929-12-30,0.032135502
"ITA",1930,1930-12-30,0.032103278
"ITA",1931,1931-12-30,0.032886222
"ITA",1932,1932-12-30,0.036739919
"ITA",1933,1933-12-30,0.03721441
"ITA",1934,1934-12-30,0.035118788
"ITA",1935,1935-12-30,0.051195353
"ITA",1936,1936-12-30,0.039337985
"ITA",1937,1937-12-30,0.038718957
"ITA",1938,1938-12-30,0.031848751
"ITA",1939,1939-12-30,0.027029654
"ITA",1940,1940-12-29,0.029523287
"ITA",1941,1941-12-29,0.020050535
"ITA",1942,1942-12-29,0.035217088
"ITA",1943,1943-12-29,0.021931492
"ITA",1944,1944-12-29,0.013994579
"ITA",1945,1945-12-29,0.01277117
"ITA",1946,1946-12-29,0.018289957
"ITA",1947,1947-12-29,0.018207604
"ITA",1948,1948-12-29,0.019262198
"ITA",1949,1949-12-29,0.01856897
"ITA",1950,1950-12-29,0.017447038
"ITA",1951,1951-12-29,0.018105831
"ITA",1952,1952-12-29,0.017691705
"ITA",1953,1953-12-29,0.017313348
"ITA",1954,1954-12-29,0.018190045
"ITA",1955,1955-12-29,0.017580846
"ITA",1956,1956-12-29,0.017790334
"ITA",1957,1957-12-29,0.018172342
"ITA",1958,1958-12-29,0.018217111
"ITA",1959,1959-12-29,0.01783289
"ITA",1960,1960-12-29,0.018160017
"ITA",1961,1961-12-29,0.019967197
"ITA",1962,1962-12-29,0.020029061
"ITA",1963,1963-12-29,0.02051105
"ITA",1964,1964-12-29,0.020631894
"ITA",1965,1965-12-29,0.021055188
"ITA",1966,1966-12-29,0.02093651
"ITA",1967,1967-12-29,0.021303155
"ITA",1968,1968-12-29,0.021195831
"ITA",1969,1969-12-29,0.020471374
"ITA",1970,1970-12-29,0.020350998
"ITA",1971,1971-12-29,0.020585911
"ITA",1972,1972-12-29,0.021376513
"ITA",1973,1973-12-29,0.021250425
"ITA",1974,1974-12-29,0.021106226
"ITA",1975,1975-12-29,0.019877775
"ITA",1976,1976-12-29,0.019669609
"ITA",1977,1977-12-29,0.01978926
"ITA",1978,1978-12-29,0.019787565
"ITA",1979,1979-12-29,0.019592471
"ITA",1980,1980-12-29,0.02003083
"ITA",1981,1981-12-29,0.018916721
"ITA",1982,1982-12-29,0.019137098
"ITA",1983,1983-12-29,0.017938716
"ITA",1984,1984-12-29,0.017849229
"ITA",1985,1985-12-29,0.017414331
"ITA",1986,1986-12-29,0.017381884
"ITA",1987,1987-12-29,0.017383976
"ITA",1988,1988-12-29,0.017513033
"ITA",1989,1989-12-29,0.018577183
"ITA",1990,1990-12-29,0.018678904
"ITA",1991,1991-12-29,0.019335635
"ITA",1992,1992-12-29,0.019853465
"ITA",1993,1993-12-29,0.020142213
"ITA",1994,1994-12-29,0.018592991
"ITA",1995,1995-12-29,0.019298725
"ITA",1996,1996-12-29,0.019159529
"ITA",1997,1997-12-29,0.019078458
"ITA",1998,1998-12-29,0.01956244
"ITA",1999,1999-12-29,0.018796369
"ITA",2000,2000-12-29,0.017141322
"ITA",2001,2001-12-29,0.016923029
"ITA",2002,2002-12-29,0.01806831
"ITA",2003,2003-12-29,0.018147077
"ITA",2004,2004-12-29,0.017953653
"ITA",2005,2005-12-29,0.017796053
"ITA",2006,2006-12-29,0.017203579
"ITA",2007,2007-12-29,0.01697257
"ITA",2008,2008-12-29,0.015310513
"ITA",2009,2009-12-29,0.014608028
"ITA",2010,2010-12-29,0.013783914
"ITA",2011,2011-12-29,0.013636108
"ITA",2012,2012-12-29,0.012837442
"ITA",2013,2013-12-29,0.011908185
"ITA",2014,2014-12-29,0.01142465
"ITA",2015,2015-12-29,0.011250377
"ITA",2016,2016-12-29,0.011425128
"ALB",1914,1914-12-29,0.00018365715
"ALB",1915,1915-12-29,0.00012404098
"ALB",1916,1916-12-29,0.00012361961
"ALB",1917,1917-12-29,0.00012117761
"ALB",1918,1918-12-30,0.00012649545
"ALB",1919,1919-12-30,0.00016248967
"ALB",1920,1920-12-30,0.00020397559
"ALB",1921,1921-12-30,0.00019342465
"ALB",1922,1922-12-30,0.00024040774
"ALB",1923,1923-12-30,0.00032223185
"ALB",1924,1924-12-30,0.00037464083
"ALB",1925,1925-12-30,0.00036664863
"ALB",1926,1926-12-30,0.00036455833
"ALB",1927,1927-12-30,0.00036926978
"ALB",1928,1928-12-30,0.00045679088
"ALB",1929,1929-12-30,0.00049710611
"ALB",1930,1930-12-30,0.00048804574
"ALB",1931,1931-12-30,0.00049481052
"ALB",1932,1932-12-30,0.00056574936
"ALB",1933,1933-12-30,0.00052178389
"ALB",1934,1934-12-30,0.00048115672
"ALB",1935,1935-12-30,0.00032410352
"ALB",1936,1936-12-30,0.00033411221
"ALB",1937,1937-12-30,0.00033120386
"ALB",1938,1938-12-30,0.00033921518
"ALB",1939,1939-12-30,0.00029760788
"ALB",1944,1944-12-29,0.00036957624
"ALB",1945,1945-12-29,0.00033730222
"ALB",1946,1946-12-29,0.00079292076
"ALB",1947,1947-12-29,0.00084381161
"ALB",1948,1948-12-29,0.00086094183
"ALB",1949,1949-12-29,0.00083752465
"ALB",1950,1950-12-29,0.00075164699
"ALB",1951,1951-12-29,0.0006304644
"ALB",1952,1952-12-29,0.00062915013
"ALB",1953,1953-12-29,0.00056441757
"ALB",1954,1954-12-29,0.00052960252
"ALB",1955,1955-12-29,0.0005176618
"ALB",1956,1956-12-29,0.00052025926
"ALB",1957,1957-12-29,0.00051145244
"ALB",1958,1958-12-29,0.0004986524
"ALB",1959,1959-12-29,0.00047096953
"ALB",1960,1960-12-29,0.00049330993
"ALB",1961,1961-12-29,0.00070534321
"ALB",1962,1962-12-29,0.00067962985
"ALB",1963,1963-12-29,0.00068057765
"ALB",1964,1964-12-29,0.00067939627
"ALB",1965,1965-12-29,0.00069436908
"ALB",1966,1966-12-29,0.00065788173
"ALB",1967,1967-12-29,0.0006401891
"ALB",1968,1968-12-29,0.00062801025
"ALB",1969,1969-12-29,0.00062051055
"ALB",1970,1970-12-29,0.00062811165
"ALB",1971,1971-12-29,0.00064014544
"ALB",1972,1972-12-29,0.00064206321
"ALB",1973,1973-12-29,0.00063165423
"ALB",1974,1974-12-29,0.00060567854
"ALB",1975,1975-12-29,0.00060290098
"ALB",1976,1976-12-29,0.00060523237
"ALB",1977,1977-12-29,0.00056257739
"ALB",1978,1978-12-29,0.00055715162
"ALB",1979,1979-12-29,0.00056320388
"ALB",1980,1980-12-29,0.00060061604
"ALB",1981,1981-12-29,0.00056947843
"ALB",1982,1982-12-29,0.00056399894
"ALB",1983,1983-12-29,0.00055544585
"ALB",1984,1984-12-29,0.00053423067
"ALB",1985,1985-12-29,0.00053507346
"ALB",1986,1986-12-29,0.00053567725
"ALB",1987,1987-12-29,0.00052984932
"ALB",1988,1988-12-29,0.00050827471
"ALB",1989,1989-12-29,0.00050566375
"ALB",1990,1990-12-29,0.00052127882
"ALB",1991,1991-12-29,0.00045564128
"ALB",1992,1992-12-29,0.00061477639
"ALB",1993,1993-12-29,0.00064122898
"ALB",1994,1994-12-29,0.00064389413
"ALB",1995,1995-12-29,0.00055602414
"ALB",1996,1996-12-29,0.00056857953
"ALB",1997,1997-12-29,0.00056763855
"ALB",1998,1998-12-29,0.00031482894
"ALB",1999,1999-12-29,0.00030372469
"ALB",2000,2000-12-29,0.00057008123
"ALB",2001,2001-12-29,0.00038574357
"ALB",2002,2002-12-29,0.00039901229
"ALB",2003,2003-12-29,0.00035525637
"ALB",2004,2004-12-29,0.0003560741
"ALB",2005,2005-12-29,0.00036053889
"ALB",2006,2006-12-29,0.00036410283
"ALB",2007,2007-12-29,0.00027983834
"ALB",2008,2008-12-29,0.00027965914
"ALB",2009,2009-12-29,0.00029872303
"ALB",2010,2010-12-29,0.00029431589
"ALB",2011,2011-12-29,0.00030973996
"ALB",2012,2012-12-29,0.00030776067
"ALB",2013,2013-12-29,0.00030319591
"ALB",2014,2014-12-29,0.00030233356
"ALB",2015,2015-12-29,0.00020949332
"ALB",2016,2016-12-29,0.00019515876
"CRO",1992,1992-12-29,0.001297972
"CRO",1993,1993-12-29,0.001348258
"CRO",1994,1994-12-29,0.0011680159
"CRO",1995,1995-12-29,0.0012369632
"CRO",1996,1996-12-29,0.0011127896
"CRO",1997,1997-12-29,0.001115853
"CRO",1998,1998-12-29,0.0010991184
"CRO",1999,1999-12-29,0.0010092732
"CRO",2000,2000-12-29,0.00096625491
"CRO",2001,2001-12-29,0.00095848041
"CRO",2002,2002-12-29,0.00088153972
"CRO",2003,2003-12-29,0.00062583166
"CRO",2004,2004-12-29,0.001360063
"CRO",2005,2005-12-29,0.0020999804
"CRO",2006,2006-12-29,0.000604523
"CRO",2007,2007-12-29,0.00061835581
"CRO",2008,2008-12-29,0.00059367396
"CRO",2009,2009-12-29,0.00057944708
"CRO",2010,2010-12-29,0.00056892866
"CRO",2011,2011-12-29,0.00052192708
"CRO",2012,2012-12-29,0.00050489471
"CRO",2013,2013-12-29,0.00051031186
"CRO",2014,2014-12-29,0.0004752207
"CRO",2015,2015-12-29,0.00047024188
"CRO",2016,2016-12-29,0.00045272926
"YUG",1878,1878-12-30,0.00077109074
"YUG",1879,1879-12-30,0.00092573802
"YUG",1880,1880-12-30,0.00097753166
"YUG",1881,1881-12-30,0.00095663365
"YUG",1882,1882-12-30,0.00099963835
"YUG",1883,1883-12-30,0.0012607779
"YUG",1884,1884-12-30,0.0016412635
"YUG",1885,1885-12-30,0.0014015232
"YUG",1886,1886-12-30,0.0013652253
"YUG",1887,1887-12-30,0.0013431089
"YUG",1888,1888-12-30,0.001291572
"YUG",1889,1889-12-30,0.0013061549
"YUG",1890,1890-12-30,0.0010290686
"YUG",1891,1891-12-30,0.0010398563
"YUG",1892,1892-12-30,0.0011547611
"YUG",1893,1893-12-30,0.0011756916
"YUG",1894,1894-12-30,0.0013300161
"YUG",1895,1895-12-30,0.001379384
"YUG",1896,1896-12-30,0.0015314417
"YUG",1897,1897-12-30,0.0014482134
"YUG",1898,1898-12-30,0.0014165257
"YUG",1899,1899-12-30,0.0014970376
"YUG",1900,1900-12-30,0.0013821922
"YUG",1901,1901-12-30,0.0013562258
"YUG",1902,1902-12-30,0.0014030121
"YUG",1903,1903-12-30,0.0015058413
"YUG",1904,1904-12-30,0.0015733031
"YUG",1905,1905-12-30,0.0012978389
"YUG",1906,1906-12-30,0.0015140043
"YUG",1907,1907-12-30,0.0017288674
"YUG",1908,1908-12-30,0.0015725879
"YUG",1909,1909-12-30,0.0019783238
"YUG",1910,1910-12-30,0.0019437782
"YUG",1911,1911-12-30,0.0018165791
"YUG",1912,1912-12-30,0.0018949802
"YUG",1913,1913-12-30,0.0017762586
"YUG",1914,1914-12-29,0.0018854915
"YUG",1915,1915-12-29,0.0014044226
"YUG",1916,1916-12-29,0.0015529635
"YUG",1917,1917-12-29,0.0018314368
"YUG",1918,1918-12-30,0.0021590511
"YUG",1919,1919-12-30,0.0057780915
"YUG",1920,1920-12-30,0.0059558791
"YUG",1921,1921-12-30,0.0056321966
"YUG",1922,1922-12-30,0.0076830992
"YUG",1923,1923-12-30,0.0062642163
"YUG",1924,1924-12-30,0.0075730742
"YUG",1925,1925-12-30,0.0081369216
"YUG",1926,1926-12-30,0.0072906963
"YUG",1927,1927-12-30,0.0069583287
"YUG",1928,1928-12-30,0.0069059497
"YUG",1929,1929-12-30,0.0068674604
"YUG",1930,1930-12-30,0.0068354029
"YUG",1931,1931-12-30,0.0068974989
"YUG",1932,1932-12-30,0.0068365745
"YUG",1933,1933-12-30,0.0064100469
"YUG",1934,1934-12-30,0.0063762283
"YUG",1935,1935-12-30,0.0057533197
"YUG",1936,1936-12-30,0.0058908258
"YUG",1937,1937-12-30,0.0061047468
"YUG",1938,1938-12-30,0.0063461121
"YUG",1939,1939-12-30,0.0054650684
"YUG",1940,1940-12-29,0.0044671283
"YUG",1941,1941-12-29,0.0043764957
"YUG",1944,1944-12-29,0.0033642049
"YUG",1945,1945-12-29,0.0032198722
"YUG",1946,1946-12-29,0.0053407564
"YUG",1947,1947-12-29,0.0058899652
"YUG",1948,1948-12-29,0.0080174282
"YUG",1949,1949-12-29,0.007159424
"YUG",1950,1950-12-29,0.0082213935
"YUG",1951,1951-12-29,0.007559638
"YUG",1952,1952-12-29,0.006770771
"YUG",1953,1953-12-29,0.0065920944
"YUG",1954,1954-12-29,0.0066845831
"YUG",1955,1955-12-29,0.0065908013
"YUG",1956,1956-12-29,0.0066881478
"YUG",1957,1957-12-29,0.0068052863
"YUG",1958,1958-12-29,0.0070203072
"YUG",1959,1959-12-29,0.0071120798
"YUG",1960,1960-12-29,0.0070759463
"YUG",1961,1961-12-29,0.0062443363
"YUG",1962,1962-12-29,0.0054824245
"YUG",1963,1963-12-29,0.0061687795
"YUG",1964,1964-12-29,0.0060528847
"YUG",1965,1965-12-29,0.0060574529
"YUG",1966,1966-12-29,0.0056069302
"YUG",1967,1967-12-29,0.0053224778
"YUG",1968,1968-12-29,0.0049693398
"YUG",1969,1969-12-29,0.0049515995
"YUG",1970,1970-12-29,0.0050074221
"YUG",1971,1971-12-29,0.005028802
"YUG",1972,1972-12-29,0.0049406053
"YUG",1973,1973-12-29,0.0050485237
"YUG",1974,1974-12-29,0.0051960531
"YUG",1975,1975-12-29,0.0054259165
"YUG",1976,1976-12-29,0.0054394049
"YUG",1977,1977-12-29,0.005348423
"YUG",1978,1978-12-29,0.0055546649
"YUG",1979,1979-12-29,0.0053905728
"YUG",1980,1980-12-29,0.0055825948
"YUG",1981,1981-12-29,0.005508739
"YUG",1982,1982-12-29,0.0054374384
"YUG",1983,1983-12-29,0.0054358807
"YUG",1984,1984-12-29,0.0051670163
"YUG",1985,1985-12-29,0.0050129755
"YUG",1986,1986-12-29,0.0050701299
"YUG",1987,1987-12-29,0.0050468729
"YUG",1988,1988-12-29,0.00492536
"YUG",1989,1989-12-29,0.0047703832
"YUG",1990,1990-12-29,0.004458691
"YUG",1991,1991-12-29,0.0040924116
"YUG",1992,1992-12-29,0.0023300909
"YUG",1993,1993-12-29,0.0020322052
"YUG",1994,1994-12-29,0.002539739
"YUG",1995,1995-12-29,0.0026118502
"YUG",1996,1996-12-29,0.0022794777
"YUG",1997,1997-12-29,0.0024724307
"YUG",1998,1998-12-29,0.0023324944
"YUG",1999,1999-12-29,0.0020388458
"YUG",2000,2000-12-29,0.0020734437
"YUG",2001,2001-12-29,0.0019010724
"YUG",2002,2002-12-29,0.0015387665
"YUG",2003,2003-12-29,0.0015170944
"YUG",2004,2004-12-29,0.0015497745
"YUG",2005,2005-12-29,0.0014504007
"YUG",2006,2006-12-29,0.0015152225
"YUG",2007,2007-12-29,0.0012517874
"YUG",2008,2008-12-29,0.0010760722
"YUG",2009,2009-12-29,0.00098596397
"YUG",2010,2010-12-29,0.00099169323
"YUG",2011,2011-12-29,0.0010012924
"YUG",2012,2012-12-29,0.00085385283
"YUG",2013,2013-12-29,0.00083165691
"YUG",2014,2014-12-29,0.00081674266
"YUG",2015,2015-12-29,0.00086732244
"YUG",2016,2016-12-29,0.00088116329
"GRC",1828,1828-12-30,0.0010999576
"GRC",1829,1829-12-30,0.0010763876
"GRC",1830,1830-12-30,0.0010309384
"GRC",1831,1831-12-30,0.00096931064
"GRC",1832,1832-12-30,0.0012661926
"GRC",1833,1833-12-30,0.0013396733
"GRC",1834,1834-12-30,0.0015762731
"GRC",1835,1835-12-30,0.0017291835
"GRC",1836,1836-12-30,0.0013038088
"GRC",1837,1837-12-30,0.0016258522
"GRC",1838,1838-12-30,0.0016840617
"GRC",1839,1839-12-30,0.001619675
"GRC",1840,1840-12-30,0.0013442717
"GRC",1841,1841-12-30,0.0012376502
"GRC",1842,1842-12-30,0.0012103718
"GRC",1843,1843-12-30,0.0016623553
"GRC",1844,1844-12-30,0.0015662475
"GRC",1845,1845-12-30,0.0015713507
"GRC",1846,1846-12-30,0.0013589434
"GRC",1847,1847-12-30,0.0015232087
"GRC",1848,1848-12-30,0.0016203478
"GRC",1849,1849-12-30,0.0015301374
"GRC",1850,1850-12-30,0.0015530906
"GRC",1851,1851-12-30,0.0016275047
"GRC",1852,1852-12-30,0.001513662
"GRC",1853,1853-12-30,0.0015643621
"GRC",1854,1854-12-30,0.0012483719
"GRC",1855,1855-12-30,0.0011293446
"GRC",1856,1856-12-30,0.0011417683
"GRC",1857,1857-12-30,0.001379233
"GRC",1858,1858-12-30,0.0014678962
"GRC",1859,1859-12-30,0.0014062654
"GRC",1860,1860-12-30,0.0010615895
"GRC",1861,1861-12-30,0.00082233554
"GRC",1862,1862-12-30,0.00077927596
"GRC",1863,1863-12-30,0.00085663435
"GRC",1864,1864-12-30,0.00083488476
"GRC",1865,1865-12-30,0.0010808043
"GRC",1866,1866-12-30,0.0011813827
"GRC",1867,1867-12-30,0.0013064146
"GRC",1868,1868-12-30,0.0013503956
"GRC",1869,1869-12-30,0.0014416634
"GRC",1870,1870-12-30,0.0012470931
"GRC",1871,1871-12-30,0.0010752218
"GRC",1872,1872-12-30,0.0012261587
"GRC",1873,1873-12-30,0.0011352274
"GRC",1874,1874-12-30,0.0011532718
"GRC",1875,1875-12-30,0.0012797329
"GRC",1876,1876-12-30,0.0016000412
"GRC",1877,1877-12-30,0.0020413056
"GRC",1878,1878-12-30,0.0016919752
"GRC",1879,1879-12-30,0.0019197909
"GRC",1880,1880-12-30,0.0016645041
"GRC",1881,1881-12-30,0.0041181697
"GRC",1882,1882-12-30,0.0025742094
"GRC",1883,1883-12-30,0.0028299266
"GRC",1884,1884-12-30,0.0026107086
"GRC",1885,1885-12-30,0.002611699
"GRC",1886,1886-12-30,0.002660112
"GRC",1887,1887-12-30,0.0025334314
"GRC",1888,1888-12-30,0.0022081819
"GRC",1889,1889-12-30,0.0024177628
"GRC",1890,1890-12-30,0.0022817047
"GRC",1891,1891-12-30,0.0025444645
"GRC",1892,1892-12-30,0.0024523025
"GRC",1893,1893-12-30,0.0021707385
"GRC",1894,1894-12-30,0.0021645522
"GRC",1895,1895-12-30,0.0021952197
"GRC",1896,1896-12-30,0.0021859095
"GRC",1897,1897-12-30,0.0021063709
"GRC",1898,1898-12-30,0.0019632315
"GRC",1899,1899-12-30,0.0020329729
"GRC",1900,1900-12-30,0.001898792
"GRC",1901,1901-12-30,0.0018143189
"GRC",1902,1902-12-30,0.0018182816
"GRC",1903,1903-12-30,0.0018802907
"GRC",1904,1904-12-30,0.0020285991
"GRC",1905,1905-12-30,0.0017372051
"GRC",1906,1906-12-30,0.0018833671
"GRC",1907,1907-12-30,0.0018866853
"GRC",1908,1908-12-30,0.0019140175
"GRC",1909,1909-12-30,0.0018371332
"GRC",1910,1910-12-30,0.0020778475
"GRC",1911,1911-12-30,0.0020346849
"GRC",1912,1912-12-30,0.0019046267
"GRC",1913,1913-12-30,0.0073415614
"GRC",1914,1914-12-29,0.0022130215
"GRC",1915,1915-12-29,0.0016278821
"GRC",1916,1916-12-29,0.0016914775
"GRC",1917,1917-12-29,0.0018322686
"GRC",1918,1918-12-30,0.0018776725
"GRC",1919,1919-12-30,0.0027804319
"GRC",1920,1920-12-30,0.0041058492
"GRC",1921,1921-12-30,0.0068568951
"GRC",1922,1922-12-30,0.0058947583
"GRC",1923,1923-12-30,0.004394847
"GRC",1924,1924-12-30,0.0054089413
"GRC",1925,1925-12-30,0.0046089981
"GRC",1926,1926-12-30,0.005139662
"GRC",1927,1927-12-30,0.0044798856
"GRC",1928,1928-12-30,0.0042175585
"GRC",1929,1929-12-30,0.0041255942
"GRC",1930,1930-12-30,0.0039757048
"GRC",1931,1931-12-30,0.0039361753
"GRC",1932,1932-12-30,0.0040189316
"GRC",1933,1933-12-30,0.0034204365
"GRC",1934,1934-12-30,0.0034801282
"GRC",1935,1935-12-30,0.0031029577
"GRC",1936,1936-12-30,0.003550607
"GRC",1937,1937-12-30,0.0038089326
"GRC",1938,1938-12-30,0.0037246472
"GRC",1939,1939-12-30,0.0031935344
"GRC",1940,1940-12-29,0.0025271422
"GRC",1941,1941-12-29,0.0045833685
"GRC",1944,1944-12-29,0.0022435803
"GRC",1945,1945-12-29,0.0019176062
"GRC",1946,1946-12-29,0.0030764127
"GRC",1947,1947-12-29,0.0033106233
"GRC",1948,1948-12-29,0.0035731595
"GRC",1949,1949-12-29,0.0040128934
"GRC",1950,1950-12-29,0.0035524038
"GRC",1951,1951-12-29,0.0030119312
"GRC",1952,1952-12-29,0.002835514
"GRC",1953,1953-12-29,0.0027944457
"GRC",1954,1954-12-29,0.0026589551
"GRC",1955,1955-12-29,0.0023906433
"GRC",1956,1956-12-29,0.0024027221
"GRC",1957,1957-12-29,0.0024392044
"GRC",1958,1958-12-29,0.002498854
"GRC",1959,1959-12-29,0.0025909031
"GRC",1960,1960-12-29,0.0026411079
"GRC",1961,1961-12-29,0.0026485375
"GRC",1962,1962-12-29,0.0025180152
"GRC",1963,1963-12-29,0.0025760601
"GRC",1964,1964-12-29,0.0025695842
"GRC",1965,1965-12-29,0.0027701033
"GRC",1966,1966-12-29,0.0025635876
"GRC",1967,1967-12-29,0.0025403169
"GRC",1968,1968-12-29,0.0026755887
"GRC",1969,1969-12-29,0.0027073051
"GRC",1970,1970-12-29,0.0027143029
"GRC",1971,1971-12-29,0.0027682488
"GRC",1972,1972-12-29,0.002792239
"GRC",1973,1973-12-29,0.0030065924
"GRC",1974,1974-12-29,0.0030407798
"GRC",1975,1975-12-29,0.0031967852
"GRC",1976,1976-12-29,0.0033036857
"GRC",1977,1977-12-29,0.0033235927
"GRC",1978,1978-12-29,0.0032906153
"GRC",1979,1979-12-29,0.0033797626
"GRC",1980,1980-12-29,0.0032398556
"GRC",1981,1981-12-29,0.0032766461
"GRC",1982,1982-12-29,0.0032281601
"GRC",1983,1983-12-29,0.0030755966
"GRC",1984,1984-12-29,0.0030571118
"GRC",1985,1985-12-29,0.0030601579
"GRC",1986,1986-12-29,0.0030041256
"GRC",1987,1987-12-29,0.0030082278
"GRC",1988,1988-12-29,0.0030255383
"GRC",1989,1989-12-29,0.0032769479
"GRC",1990,1990-12-29,0.0033733493
"GRC",1991,1991-12-29,0.0035209442
"GRC",1992,1992-12-29,0.0037806793
"GRC",1993,1993-12-29,0.0037198933
"GRC",1994,1994-12-29,0.0035154044
"GRC",1995,1995-12-29,0.0039228466
"GRC",1996,1996-12-29,0.004067644
"GRC",1997,1997-12-29,0.0040648915
"GRC",1998,1998-12-29,0.0042160354
"GRC",1999,1999-12-29,0.0039731706
"GRC",2000,2000-12-29,0.0037409144
"GRC",2001,2001-12-29,0.0038214657
"GRC",2002,2002-12-29,0.0040626801
"GRC",2003,2003-12-29,0.0039279847
"GRC",2004,2004-12-29,0.00392849
"GRC",2005,2005-12-29,0.0040247487
"GRC",2006,2006-12-29,0.0039925752
"GRC",2007,2007-12-29,0.0039324695
"GRC",2008,2008-12-29,0.0039987024
"GRC",2009,2009-12-29,0.0038645545
"GRC",2010,2010-12-29,0.0034777322
"GRC",2011,2011-12-29,0.0033339481
"GRC",2012,2012-12-29,0.0029593527
"GRC",2013,2013-12-29,0.0029592349
"GRC",2014,2014-12-29,0.0029069856
"GRC",2015,2015-12-29,0.0028384177
"GRC",2016,2016-12-29,0.0028390044
"BUL",1908,1908-12-30,0.0027432181
"BUL",1909,1909-12-30,0.0028339499
"BUL",1910,1910-12-30,0.0029712408
"BUL",1911,1911-12-30,0.0029839578
"BUL",1912,1912-12-30,0.0030307963
"BUL",1913,1913-12-30,0.01573373
"BUL",1914,1914-12-29,0.0023796866
"BUL",1915,1915-12-29,0.0012694999
"BUL",1916,1916-12-29,0.0055836611
"BUL",1917,1917-12-29,0.0012137764
"BUL",1918,1918-12-30,0.0058053248
"BUL",1919,1919-12-30,0.0012688396
"BUL",1920,1920-12-30,0.0012826362
"BUL",1921,1921-12-30,0.0013091236
"BUL",1922,1922-12-30,0.0014031687
"BUL",1923,1923-12-30,0.0016409695
"BUL",1924,1924-12-30,0.0019366947
"BUL",1925,1925-12-30,0.0018756114
"BUL",1926,1926-12-30,0.0018681132
"BUL",1927,1927-12-30,0.001784854
"BUL",1928,1928-12-30,0.0017541839
"BUL",1929,1929-12-30,0.0017581474
"BUL",1930,1930-12-30,0.001731513
"BUL",1931,1931-12-30,0.0017312251
"BUL",1932,1932-12-30,0.0017554571
"BUL",1933,1933-12-30,0.0016856346
"BUL",1934,1934-12-30,0.0016634344
"BUL",1935,1935-12-30,0.0015742759
"BUL",1936,1936-12-30,0.0016258304
"BUL",1937,1937-12-30,0.0015962119
"BUL",1938,1938-12-30,0.0015646182
"BUL",1939,1939-12-30,0.0018033878
"BUL",1940,1940-12-29,0.0023734649
"BUL",1941,1941-12-29,0.0016613067
"BUL",1942,1942-12-29,0.0017159432
"BUL",1943,1943-12-29,0.0017660256
"BUL",1944,1944-12-29,0.0034024634
"BUL",1945,1945-12-29,0.0015556655
"BUL",1946,1946-12-29,0.0027007987
"BUL",1947,1947-12-29,0.0028154959
"BUL",1948,1948-12-29,0.0031111611
"BUL",1949,1949-12-29,0.0031785262
"BUL",1950,1950-12-29,0.0032881338
"BUL",1951,1951-12-29,0.0030831883
"BUL",1952,1952-12-29,0.0028586369
"BUL",1953,1953-12-29,0.0028966931
"BUL",1954,1954-12-29,0.003116166
"BUL",1955,1955-12-29,0.0030605511
"BUL",1956,1956-12-29,0.0029292773
"BUL",1957,1957-12-29,0.00299716
"BUL",1958,1958-12-29,0.0029090992
"BUL",1959,1959-12-29,0.0027232226
"BUL",1960,1960-12-29,0.0025170383
"BUL",1961,1961-12-29,0.0027722002
"BUL",1962,1962-12-29,0.0028221603
"BUL",1963,1963-12-29,0.0031869831
"BUL",1964,1964-12-29,0.0032051881
"BUL",1965,1965-12-29,0.0032996293
"BUL",1966,1966-12-29,0.0031798841
"BUL",1967,1967-12-29,0.003338543
"BUL",1968,1968-12-29,0.0032752843
"BUL",1969,1969-12-29,0.0032784308
"BUL",1970,1970-12-29,0.0033390645
"BUL",1971,1971-12-29,0.0041180979
"BUL",1972,1972-12-29,0.0041500013
"BUL",1973,1973-12-29,0.0040426017
"BUL",1974,1974-12-29,0.003990849
"BUL",1975,1975-12-29,0.0040515563
"BUL",1976,1976-12-29,0.004022216
"BUL",1977,1977-12-29,0.0041113193
"BUL",1978,1978-12-29,0.0040641711
"BUL",1979,1979-12-29,0.0039239689
"BUL",1980,1980-12-29,0.0039785597
"BUL",1981,1981-12-29,0.0039925482
"BUL",1982,1982-12-29,0.0041810987
"BUL",1983,1983-12-29,0.0042373021
"BUL",1984,1984-12-29,0.0041442676
"BUL",1985,1985-12-29,0.0035961794
"BUL",1986,1986-12-29,0.0036066291
"BUL",1987,1987-12-29,0.0036500937
"BUL",1988,1988-12-29,0.0033412399
"BUL",1989,1989-12-29,0.0033710012
"BUL",1990,1990-12-29,0.0028183823
"BUL",1991,1991-12-29,0.002497483
"BUL",1992,1992-12-29,0.0023196915
"BUL",1993,1993-12-29,0.0020273398
"BUL",1994,1994-12-29,0.0022666473
"BUL",1995,1995-12-29,0.0019068549
"BUL",1996,1996-12-29,0.0021882984
"BUL",1997,1997-12-29,0.0020900578
"BUL",1998,1998-12-29,0.0019866757
"BUL",1999,1999-12-29,0.0018105172
"BUL",2000,2000-12-29,0.0018547362
"BUL",2001,2001-12-29,0.0018583701
"BUL",2002,2002-12-29,0.00169207
"BUL",2003,2003-12-29,0.0016061226
"BUL",2004,2004-12-29,0.001527744
"BUL",2005,2005-12-29,0.0014937588
"BUL",2006,2006-12-29,0.0014932448
"BUL",2007,2007-12-29,0.0014680602
"BUL",2008,2008-12-29,0.0013200836
"BUL",2009,2009-12-29,0.0011575818
"BUL",2010,2010-12-29,0.0010594624
"BUL",2011,2011-12-29,0.0010332534
"BUL",2012,2012-12-29,0.00098207057
"BUL",2013,2013-12-29,0.00094106124
"BUL",2014,2014-12-29,0.00094105687
"BUL",2015,2015-12-29,0.00094148488
"BUL",2016,2016-12-29,0.00093337777
"ROM",1878,1878-12-30,0.0038988721
"ROM",1879,1879-12-30,0.0036044454
"ROM",1880,1880-12-30,0.0036727109
"ROM",1881,1881-12-30,0.0036167204
"ROM",1882,1882-12-30,0.0035627936
"ROM",1883,1883-12-30,0.0042511611
"ROM",1884,1884-12-30,0.004277302
"ROM",1885,1885-12-30,0.0041054972
"ROM",1886,1886-12-30,0.0040993332
"ROM",1887,1887-12-30,0.004120219
"ROM",1888,1888-12-30,0.0040892987
"ROM",1889,1889-12-30,0.0042814324
"ROM",1890,1890-12-30,0.0045541632
"ROM",1891,1891-12-30,0.0042652385
"ROM",1892,1892-12-30,0.0046682288
"ROM",1893,1893-12-30,0.0046159597
"ROM",1894,1894-12-30,0.0044424711
"ROM",1895,1895-12-30,0.0044591413
"ROM",1896,1896-12-30,0.0049229437
"ROM",1897,1897-12-30,0.0046881563
"ROM",1898,1898-12-30,0.0046405648
"ROM",1899,1899-12-30,0.0047991881
"ROM",1900,1900-12-30,0.0043080184
"ROM",1901,1901-12-30,0.0040667844
"ROM",1902,1902-12-30,0.004277607
"ROM",1903,1903-12-30,0.004330676
"ROM",1904,1904-12-30,0.0042466344
"ROM",1905,1905-12-30,0.0037997195
"ROM",1906,1906-12-30,0.0044102627
"ROM",1907,1907-12-30,0.0045474833
"ROM",1908,1908-12-30,0.0051006982
"ROM",1909,1909-12-30,0.0054329932
"ROM",1910,1910-12-30,0.0050370954
"ROM",1911,1911-12-30,0.005288675
"ROM",1912,1912-12-30,0.0054745977
"ROM",1913,1913-12-30,0.0053398558
"ROM",1914,1914-12-29,0.0057005277
"ROM",1915,1915-12-29,0.0035144831
"ROM",1916,1916-12-29,0.0038489236
"ROM",1917,1917-12-29,0.003991154
"ROM",1918,1918-12-30,0.004367908
"ROM",1919,1919-12-30,0.0072123534
"ROM",1920,1920-12-30,0.0081846155
"ROM",1921,1921-12-30,0.0080005871
"ROM",1922,1922-12-30,0.0083996998
"ROM",1923,1923-12-30,0.008903794
"ROM",1924,1924-12-30,0.0088772541
"ROM",1925,1925-12-30,0.0088587776
"ROM",1926,1926-12-30,0.0089270566
"ROM",1927,1927-12-30,0.0095267482
"ROM",1928,1928-12-30,0.010626859
"ROM",1929,1929-12-30,0.010636421
"ROM",1930,1930-12-30,0.01042346
"ROM",1931,1931-12-30,0.010263438
"ROM",1932,1932-12-30,0.0092499778
"ROM",1933,1933-12-30,0.0088727809
"ROM",1934,1934-12-30,0.0090330988
"ROM",1935,1935-12-30,0.0076779695
"ROM",1936,1936-12-30,0.0075764619
"ROM",1937,1937-12-30,0.0080319531
"ROM",1938,1938-12-30,0.0081259096
"ROM",1939,1939-12-30,0.0068203947
"ROM",1940,1940-12-29,0.011826822
"ROM",1941,1941-12-29,0.0053087017
"ROM",1942,1942-12-29,0.0054041408
"ROM",1943,1943-12-29,0.0054361103
"ROM",1944,1944-12-29,0.0081783533
"ROM",1945,1945-12-29,0.0042111287
"ROM",1946,1946-12-29,0.0050160363
"ROM",1947,1947-12-29,0.0048708469
"ROM",1948,1948-12-29,0.0054891384
"ROM",1949,1949-12-29,0.0056833476
"ROM",1950,1950-12-29,0.0065531894
"ROM",1951,1951-12-29,0.0068208496
"ROM",1952,1952-12-29,0.0069433274
"ROM",1953,1953-12-29,0.0072788764
"ROM",1954,1954-12-29,0.0068557453
"ROM",1955,1955-12-29,0.0067051458
"ROM",1956,1956-12-29,0.006465001
"ROM",1957,1957-12-29,0.0062649339
"ROM",1958,1958-12-29,0.0064503355
"ROM",1959,1959-12-29,0.0066783866
"ROM",1960,1960-12-29,0.006820668
"ROM",1961,1961-12-29,0.007722944
"ROM",1962,1962-12-29,0.0076842555
"ROM",1963,1963-12-29,0.0071549187
"ROM",1964,1964-12-29,0.0070767351
"ROM",1965,1965-12-29,0.007322886
"ROM",1966,1966-12-29,0.0067775259
"ROM",1967,1967-12-29,0.0066785361
"ROM",1968,1968-12-29,0.0068174759
"ROM",1969,1969-12-29,0.0069274334
"ROM",1970,1970-12-29,0.007302938
"ROM",1971,1971-12-29,0.0081332605
"ROM",1972,1972-12-29,0.008144225
"ROM",1973,1973-12-29,0.0079286946
"ROM",1974,1974-12-29,0.0082463175
"ROM",1975,1975-12-29,0.0087866513
"ROM",1976,1976-12-29,0.0090754749
"ROM",1977,1977-12-29,0.0091378987
"ROM",1978,1978-12-29,0.0091208955
"ROM",1979,1979-12-29,0.0091043748
"ROM",1980,1980-12-29,0.0091334917
"ROM",1981,1981-12-29,0.0091029331
"ROM",1982,1982-12-29,0.0094745178
"ROM",1983,1983-12-29,0.0094353035
"ROM",1984,1984-12-29,0.0094314972
"ROM",1985,1985-12-29,0.0084516862
"ROM",1986,1986-12-29,0.0085611027
"ROM",1987,1987-12-29,0.0083767651
"ROM",1988,1988-12-29,0.0079871109
"ROM",1989,1989-12-29,0.00815963
"ROM",1990,1990-12-29,0.0061542415
"ROM",1991,1991-12-29,0.0059326733
"ROM",1992,1992-12-29,0.0055712643
"ROM",1993,1993-12-29,0.0056226593
"ROM",1994,1994-12-29,0.005405548
"ROM",1995,1995-12-29,0.0055379998
"ROM",1996,1996-12-29,0.0053521935
"ROM",1997,1997-12-29,0.0052492088
"ROM",1998,1998-12-29,0.005190271
"ROM",1999,1999-12-29,0.0042917002
"ROM",2000,2000-12-29,0.0046035503
"ROM",2001,2001-12-29,0.0038863474
"ROM",2002,2002-12-29,0.0035754591
"ROM",2003,2003-12-29,0.0035668982
"ROM",2004,2004-12-29,0.0035002613
"ROM",2005,2005-12-29,0.0034950108
"ROM",2006,2006-12-29,0.003426214
"ROM",2007,2007-12-29,0.0031665105
"ROM",2008,2008-12-29,0.0029512011
"ROM",2009,2009-12-29,0.0024968872
"ROM",2010,2010-12-29,0.0025063255
"ROM",2011,2011-12-29,0.0024584739
"ROM",2012,2012-12-29,0.0023481876
"ROM",2013,2013-12-29,0.0022308589
"ROM",2014,2014-12-29,0.0022705004
"ROM",2015,2015-12-29,0.0022657425
"ROM",2016,2016-12-29,0.0022820814
"RUS",1816,1816-12-30,0.16430406
"RUS",1817,1817-12-30,0.15739873
"RUS",1818,1818-12-30,0.15421276
"RUS",1819,1819-12-30,0.15101138
"RUS",1820,1820-12-30,0.1609647
"RUS",1821,1821-12-30,0.17388773
"RUS",1822,1822-12-30,0.17327045
"RUS",1823,1823-12-30,0.15604092
"RUS",1824,1824-12-30,0.16972584
"RUS",1825,1825-12-30,0.16523911
"RUS",1826,1826-12-30,0.15005539
"RUS",1827,1827-12-30,0.15939838
"RUS",1828,1828-12-30,0.15256478
"RUS",1829,1829-12-30,0.16536036
"RUS",1830,1830-12-30,0.15725251
"RUS",1831,1831-12-30,0.15004583
"RUS",1832,1832-12-30,0.15701972
"RUS",1833,1833-12-30,0.1573244
"RUS",1834,1834-12-30,0.15398775
"RUS",1835,1835-12-30,0.15146647
"RUS",1836,1836-12-30,0.16574329
"RUS",1837,1837-12-30,0.1410758
"RUS",1838,1838-12-30,0.13725427
"RUS",1839,1839-12-30,0.13457638
"RUS",1840,1840-12-30,0.13782674
"RUS",1841,1841-12-30,0.13754211
"RUS",1842,1842-12-30,0.14296566
"RUS",1843,1843-12-30,0.14358051
"RUS",1844,1844-12-30,0.14037775
"RUS",1845,1845-12-30,0.13972017
"RUS",1846,1846-12-30,0.12871398
"RUS",1847,1847-12-30,0.13719809
"RUS",1848,1848-12-30,0.12257735
"RUS",1849,1849-12-30,0.13068518
"RUS",1850,1850-12-30,0.1443869
"RUS",1851,1851-12-30,0.12508324
"RUS",1852,1852-12-30,0.13029008
"RUS",1853,1853-12-30,0.13541539
"RUS",1854,1854-12-30,0.13696814
"RUS",1855,1855-12-30,0.15320642
"RUS",1856,1856-12-30,0.16403097
"RUS",1857,1857-12-30,0.12511094
"RUS",1858,1858-12-30,0.12083016
"RUS",1859,1859-12-30,0.1162068
"RUS",1860,1860-12-30,0.088906936
"RUS",1861,1861-12-30,0.078793563
"RUS",1862,1862-12-30,0.065881699
"RUS",1863,1863-12-30,0.073883981
"RUS",1864,1864-12-30,0.078400426
"RUS",1865,1865-12-30,0.076602273
"RUS",1866,1866-12-30,0.078528017
"RUS",1867,1867-12-30,0.07611046
"RUS",1868,1868-12-30,0.082191832
"RUS",1869,1869-12-30,0.088528574
"RUS",1870,1870-12-30,0.081253238
"RUS",1871,1871-12-30,0.08030422
"RUS",1872,1872-12-30,0.098270945
"RUS",1873,1873-12-30,0.096975185
"RUS",1874,1874-12-30,0.098605208
"RUS",1875,1875-12-30,0.099649981
"RUS",1876,1876-12-30,0.10154644
"RUS",1877,1877-12-30,0.13189262
"RUS",1878,1878-12-30,0.13070142
"RUS",1879,1879-12-30,0.10362113
"RUS",1880,1880-12-30,0.10448807
"RUS",1881,1881-12-30,0.10140941
"RUS",1882,1882-12-30,0.098436572
"RUS",1883,1883-12-30,0.092882037
"RUS",1884,1884-12-30,0.091820993
"RUS",1885,1885-12-30,0.094083942
"RUS",1886,1886-12-30,0.094627015
"RUS",1887,1887-12-30,0.092420265
"RUS",1888,1888-12-30,0.090270437
"RUS",1889,1889-12-30,0.093667708
"RUS",1890,1890-12-30,0.095077723
"RUS",1891,1891-12-30,0.10071474
"RUS",1892,1892-12-30,0.098250717
"RUS",1893,1893-12-30,0.10026192
"RUS",1894,1894-12-30,0.10433809
"RUS",1895,1895-12-30,0.10721838
"RUS",1896,1896-12-30,0.10878255
"RUS",1897,1897-12-30,0.107471
"RUS",1898,1898-12-30,0.10278738
"RUS",1899,1899-12-30,0.10750429
"RUS",1900,1900-12-30,0.10923852
"RUS",1901,1901-12-30,0.109645
"RUS",1902,1902-12-30,0.10996722
"RUS",1903,1903-12-30,0.11263378
"RUS",1904,1904-12-30,0.113226
"RUS",1905,1905-12-30,0.16313462
"RUS",1906,1906-12-30,0.12434474
"RUS",1907,1907-12-30,0.11946685
"RUS",1908,1908-12-30,0.12084527
"RUS",1909,1909-12-30,0.11901828
"RUS",1910,1910-12-30,0.11839617
"RUS",1911,1911-12-30,0.12008929
"RUS",1912,1912-12-30,0.12401763
"RUS",1913,1913-12-30,0.11613843
"RUS",1914,1914-12-29,0.11080456
"RUS",1915,1915-12-29,0.12333684
"RUS",1916,1916-12-29,0.14508086
"RUS",1917,1917-12-29,0.11721399
"RUS",1918,1918-12-30,0.037396926
"RUS",1919,1919-12-30,0.063060187
"RUS",1920,1920-12-30,0.10320065
"RUS",1921,1921-12-30,0.14851409
"RUS",1922,1922-12-30,0.14437908
"RUS",1923,1923-12-30,0.10475362
"RUS",1924,1924-12-30,0.084107772
"RUS",1925,1925-12-30,0.10169777
"RUS",1926,1926-12-30,0.11503564
"RUS",1927,1927-12-30,0.11878114
"RUS",1928,1928-12-30,0.12513877
"RUS",1929,1929-12-30,0.13374847
"RUS",1930,1930-12-30,0.14920901
"RUS",1931,1931-12-30,0.15810916
"RUS",1932,1932-12-30,0.15251012
"RUS",1933,1933-12-30,0.15757464
"RUS",1934,1934-12-30,0.16452362
"RUS",1935,1935-12-30,0.17958762
"RUS",1936,1936-12-30,0.1481709
"RUS",1937,1937-12-30,0.14786151
"RUS",1938,1938-12-30,0.16435921
"RUS",1939,1939-12-30,0.1381359
"RUS",1940,1940-12-29,0.13734491
"RUS",1941,1941-12-29,0.12433852
"RUS",1942,1942-12-29,0.11291923
"RUS",1943,1943-12-29,0.102841
"RUS",1944,1944-12-29,0.097617902
"RUS",1945,1945-12-29,0.11820719
"RUS",1946,1946-12-29,0.12254112
"RUS",1947,1947-12-29,0.14521742
"RUS",1948,1948-12-29,0.16399956
"RUS",1949,1949-12-29,0.16791792
"RUS",1950,1950-12-29,0.18059845
"RUS",1951,1951-12-29,0.17316288
"RUS",1952,1952-12-29,0.17019856
"RUS",1953,1953-12-29,0.17312087
"RUS",1954,1954-12-29,0.18452772
"RUS",1955,1955-12-29,0.17916556
"RUS",1956,1956-12-29,0.17019655
"RUS",1957,1957-12-29,0.16726664
"RUS",1958,1958-12-29,0.17095339
"RUS",1959,1959-12-29,0.17120118
"RUS",1960,1960-12-29,0.17179
"RUS",1961,1961-12-29,0.17375904
"RUS",1962,1962-12-29,0.1763372
"RUS",1963,1963-12-29,0.17128003
"RUS",1964,1964-12-29,0.16749364
"RUS",1965,1965-12-29,0.16454698
"RUS",1966,1966-12-29,0.16631645
"RUS",1967,1967-12-29,0.16674145
"RUS",1968,1968-12-29,0.17100362
"RUS",1969,1969-12-29,0.17033169
"RUS",1970,1970-12-29,0.17143483
"RUS",1971,1971-12-29,0.17227699
"RUS",1972,1972-12-29,0.1708357
"RUS",1973,1973-12-29,0.16740984
"RUS",1974,1974-12-29,0.16786845
"RUS",1975,1975-12-29,0.17459816
"RUS",1976,1976-12-29,0.17602737
"RUS",1977,1977-12-29,0.17355351
"RUS",1978,1978-12-29,0.17085177
"RUS",1979,1979-12-29,0.16732539
"RUS",1980,1980-12-29,0.16869275
"RUS",1981,1981-12-29,0.16949359
"RUS",1982,1982-12-29,0.17149168
"RUS",1983,1983-12-29,0.17217492
"RUS",1984,1984-12-29,0.16980217
"RUS",1985,1985-12-29,0.17565025
"RUS",1986,1986-12-29,0.17453718
"RUS",1987,1987-12-29,0.17318062
"RUS",1988,1988-12-29,0.17065641
"RUS",1989,1989-12-29,0.13682035
"RUS",1990,1990-12-29,0.12953205
"RUS",1991,1991-12-29,0.10326506
"RUS",1992,1992-12-29,0.067257561
"RUS",1993,1993-12-29,0.057996675
"RUS",1994,1994-12-29,0.06705483
"RUS",1995,1995-12-29,0.06291417
"RUS",1996,1996-12-29,0.05920456
"RUS",1997,1997-12-29,0.056003846
"RUS",1998,1998-12-29,0.051257394
"RUS",1999,1999-12-29,0.051476691
"RUS",2000,2000-12-29,0.051474065
"RUS",2001,2001-12-29,0.053511951
"RUS",2002,2002-12-29,0.049559519
"RUS",2003,2003-12-29,0.049654987
"RUS",2004,2004-12-29,0.047631226
"RUS",2005,2005-12-29,0.040723398
"RUS",2006,2006-12-29,0.041070685
"RUS",2007,2007-12-29,0.041069247
"RUS",2008,2008-12-29,0.040875051
"RUS",2009,2009-12-29,0.039313033
"RUS",2010,2010-12-29,0.039090596
"RUS",2011,2011-12-29,0.039848171
"RUS",2012,2012-12-29,0.039631136
"RUS",2013,2013-12-29,0.03902708
"RUS",2014,2014-12-29,0.039191708
"RUS",2015,2015-12-29,0.036756866
"RUS",2016,2016-12-29,0.036472768
"EST",1918,1918-12-30,0.00065276236
"EST",1919,1919-12-30,0.00081313978
"EST",1920,1920-12-30,0.00086081342
"EST",1921,1921-12-30,0.00091384043
"EST",1922,1922-12-30,0.00091926166
"EST",1923,1923-12-30,0.0010149474
"EST",1924,1924-12-30,0.0011410974
"EST",1925,1925-12-30,0.0011001166
"EST",1926,1926-12-30,0.0010706492
"EST",1927,1927-12-30,0.0010845929
"EST",1928,1928-12-30,0.00097438059
"EST",1929,1929-12-30,0.00093492237
"EST",1930,1930-12-30,0.0008666584
"EST",1931,1931-12-30,0.00085714611
"EST",1932,1932-12-30,0.00078191108
"EST",1933,1933-12-30,0.00074096344
"EST",1934,1934-12-30,0.00071278441
"EST",1935,1935-12-30,0.0006090455
"EST",1936,1936-12-30,0.0006291566
"EST",1937,1937-12-30,0.00061069988
"EST",1938,1938-12-30,0.00061112206
"EST",1939,1939-12-30,0.0005647181
"EST",1940,1940-12-29,0.00049081817
"EST",1991,1991-12-29,0.0002573774
"EST",1992,1992-12-29,0.00018631338
"EST",1993,1993-12-29,0.00019153628
"EST",1994,1994-12-29,0.00016966282
"EST",1995,1995-12-29,0.00019162413
"EST",1996,1996-12-29,0.00019933216
"EST",1997,1997-12-29,0.0001934715
"EST",1998,1998-12-29,0.00018812655
"EST",1999,1999-12-29,0.00018472639
"EST",2000,2000-12-29,0.00016776159
"EST",2001,2001-12-29,0.00016329771
"EST",2002,2002-12-29,0.00017468986
"EST",2003,2003-12-29,0.00018211603
"EST",2004,2004-12-29,0.00017079667
"EST",2005,2005-12-29,0.00017389837
"EST",2006,2006-12-29,0.00017429452
"EST",2007,2007-12-29,0.00017642578
"EST",2008,2008-12-29,0.00018198031
"EST",2009,2009-12-29,0.00017105829
"EST",2010,2010-12-29,0.00016640028
"EST",2011,2011-12-29,0.00017651421
"EST",2012,2012-12-29,0.00018065707
"EST",2013,2013-12-29,0.00018570421
"EST",2014,2014-12-29,0.00018658001
"EST",2015,2015-12-29,0.00018042173
"EST",2016,2016-12-29,0.0001885996
"LIT",1918,1918-12-30,0.00090604764
"LIT",1919,1919-12-30,0.0013948951
"LIT",1920,1920-12-30,0.0014884191
"LIT",1921,1921-12-30,0.0015188156
"LIT",1922,1922-12-30,0.001284178
"LIT",1923,1923-12-30,0.0013524407
"LIT",1924,1924-12-30,0.001474957
"LIT",1925,1925-12-30,0.0014649137
"LIT",1926,1926-12-30,0.0012016579
"LIT",1927,1927-12-30,0.0011977468
"LIT",1928,1928-12-30,0.0011375481
"LIT",1929,1929-12-30,0.0010655881
"LIT",1930,1930-12-30,0.0011658918
"LIT",1931,1931-12-30,0.0011260044
"LIT",1932,1932-12-30,0.0012515488
"LIT",1933,1933-12-30,0.0011963018
"LIT",1934,1934-12-30,0.0011518695
"LIT",1935,1935-12-30,0.0011285967
"LIT",1936,1936-12-30,0.0011244265
"LIT",1937,1937-12-30,0.0011293764
"LIT",1938,1938-12-30,0.0011314696
"LIT",1939,1939-12-30,0.00098277233
"LIT",1940,1940-12-29,0.00081485498
"LIT",1991,1991-12-29,0.00066821562
"LIT",1992,1992-12-29,0.00056807842
"LIT",1993,1993-12-29,0.00055221946
"LIT",1994,1994-12-29,0.0005082041
"LIT",1995,1995-12-29,0.00050932524
"LIT",1996,1996-12-29,0.00050884299
"LIT",1997,1997-12-29,0.00051395938
"LIT",1998,1998-12-29,0.000530057
"LIT",1999,1999-12-29,0.00047981058
"LIT",2000,2000-12-29,0.0004998293
"LIT",2001,2001-12-29,0.00051426119
"LIT",2002,2002-12-29,0.00047052046
"LIT",2003,2003-12-29,0.00047310567
"LIT",2004,2004-12-29,0.00047465196
"LIT",2005,2005-12-29,0.00048460957
"LIT",2006,2006-12-29,0.00046597046
"LIT",2007,2007-12-29,0.00041685492
"LIT",2008,2008-12-29,0.00044212479
"LIT",2009,2009-12-29,0.00040479697
"LIT",2010,2010-12-29,0.00040566953
"LIT",2011,2011-12-29,0.00040586744
"LIT",2012,2012-12-29,0.00039131471
"LIT",2013,2013-12-29,0.00039839681
"LIT",2014,2014-12-29,0.00038524138
"LIT",2015,2015-12-29,0.00039553529
"LIT",2016,2016-12-29,0.00045974099
"FIN",1917,1917-12-29,0.00089568249
"FIN",1918,1918-12-30,0.00097104092
"FIN",1919,1919-12-30,0.0013172193
"FIN",1920,1920-12-30,0.0015452906
"FIN",1921,1921-12-30,0.0015770105
"FIN",1922,1922-12-30,0.0015718592
"FIN",1923,1923-12-30,0.0018503204
"FIN",1924,1924-12-30,0.0022422408
"FIN",1925,1925-12-30,0.002260715
"FIN",1926,1926-12-30,0.002157633
"FIN",1927,1927-12-30,0.0021227612
"FIN",1928,1928-12-30,0.0020910117
"FIN",1929,1929-12-30,0.0020607221
"FIN",1930,1930-12-30,0.0019694827
"FIN",1931,1931-12-30,0.0021398966
"FIN",1932,1932-12-30,0.0020377466
"FIN",1933,1933-12-30,0.0020028632
"FIN",1934,1934-12-30,0.0020034742
"FIN",1935,1935-12-30,0.0017390602
"FIN",1936,1936-12-30,0.0017958682
"FIN",1937,1937-12-30,0.0017908161
"FIN",1938,1938-12-30,0.0019260689
"FIN",1939,1939-12-30,0.0017938904
"FIN",1940,1940-12-29,0.0033641518
"FIN",1941,1941-12-29,0.0013211212
"FIN",1942,1942-12-29,0.0012429528
"FIN",1943,1943-12-29,0.0025666999
"FIN",1944,1944-12-29,0.0022652268
"FIN",1945,1945-12-29,0.0010114621
"FIN",1946,1946-12-29,0.0016383337
"FIN",1947,1947-12-29,0.0017502594
"FIN",1948,1948-12-29,0.0019160043
"FIN",1949,1949-12-29,0.0017144434
"FIN",1950,1950-12-29,0.0013902328
"FIN",1951,1951-12-29,0.0014145572
"FIN",1952,1952-12-29,0.001297835
"FIN",1953,1953-12-29,0.0012480239
"FIN",1954,1954-12-29,0.0012795165
"FIN",1955,1955-12-29,0.0012335454
"FIN",1956,1956-12-29,0.0012438277
"FIN",1957,1957-12-29,0.0012567362
"FIN",1958,1958-12-29,0.0012414674
"FIN",1959,1959-12-29,0.0012947994
"FIN",1960,1960-12-29,0.0012792136
"FIN",1961,1961-12-29,0.0013344415
"FIN",1962,1962-12-29,0.0013447901
"FIN",1963,1963-12-29,0.0012295111
"FIN",1964,1964-12-29,0.0012621959
"FIN",1965,1965-12-29,0.0012613373
"FIN",1966,1966-12-29,0.0012183519
"FIN",1967,1967-12-29,0.0012463183
"FIN",1968,1968-12-29,0.0014028663
"FIN",1969,1969-12-29,0.0014600763
"FIN",1970,1970-12-29,0.0015397588
"FIN",1971,1971-12-29,0.0015007989
"FIN",1972,1972-12-29,0.0016045107
"FIN",1973,1973-12-29,0.0016107822
"FIN",1974,1974-12-29,0.0016392943
"FIN",1975,1975-12-29,0.001658885
"FIN",1976,1976-12-29,0.0016916846
"FIN",1977,1977-12-29,0.0018076805
"FIN",1978,1978-12-29,0.0017920788
"FIN",1979,1979-12-29,0.0017737632
"FIN",1980,1980-12-29,0.0018549064
"FIN",1981,1981-12-29,0.0017654197
"FIN",1982,1982-12-29,0.0017463667
"FIN",1983,1983-12-29,0.0017594357
"FIN",1984,1984-12-29,0.0017414213
"FIN",1985,1985-12-29,0.0017350523
"FIN",1986,1986-12-29,0.0017493382
"FIN",1987,1987-12-29,0.0018158171
"FIN",1988,1988-12-29,0.0018173257
"FIN",1989,1989-12-29,0.0018988317
"FIN",1990,1990-12-29,0.0018962381
"FIN",1991,1991-12-29,0.0020578506
"FIN",1992,1992-12-29,0.0021734401
"FIN",1993,1993-12-29,0.0021655739
"FIN",1994,1994-12-29,0.0022044755
"FIN",1995,1995-12-29,0.0021479696
"FIN",1996,1996-12-29,0.002240544
"FIN",1997,1997-12-29,0.002183516
"FIN",1998,1998-12-29,0.0022777289
"FIN",1999,1999-12-29,0.0021827135
"FIN",2000,2000-12-29,0.0020966486
"FIN",2001,2001-12-29,0.0020464459
"FIN",2002,2002-12-29,0.0020862818
"FIN",2003,2003-12-29,0.0021636318
"FIN",2004,2004-12-29,0.0020732752
"FIN",2005,2005-12-29,0.0019776418
"FIN",2006,2006-12-29,0.0019803811
"FIN",2007,2007-12-29,0.0018593776
"FIN",2008,2008-12-29,0.0018638952
"FIN",2009,2009-12-29,0.0017282235
"FIN",2010,2010-12-29,0.0016856149
"FIN",2011,2011-12-29,0.0016477696
"FIN",2012,2012-12-29,0.0015481089
"FIN",2013,2013-12-29,0.0015335215
"FIN",2014,2014-12-29,0.0015235716
"FIN",2015,2015-12-29,0.0014627469
"FIN",2016,2016-12-29,0.0015329943
"NOR",1905,1905-12-30,0.00310649
"NOR",1906,1906-12-30,0.0028620025
"NOR",1907,1907-12-30,0.003161327
"NOR",1908,1908-12-30,0.0036126
"NOR",1909,1909-12-30,0.0031815313
"NOR",1910,1910-12-30,0.0031167401
"NOR",1911,1911-12-30,0.0030912911
"NOR",1912,1912-12-30,0.001630695
"NOR",1913,1913-12-30,0.0014992199
"NOR",1914,1914-12-29,0.0014415402
"NOR",1915,1915-12-29,0.001274725
"NOR",1916,1916-12-29,0.0012279083
"NOR",1917,1917-12-29,0.0010142704
"NOR",1918,1918-12-30,0.0010679162
"NOR",1919,1919-12-30,0.0012915068
"NOR",1920,1920-12-30,0.001427016
"NOR",1921,1921-12-30,0.0013892134
"NOR",1922,1922-12-30,0.0014814443
"NOR",1923,1923-12-30,0.0015337217
"NOR",1924,1924-12-30,0.0016044666
"NOR",1925,1925-12-30,0.001517148
"NOR",1926,1926-12-30,0.001549099
"NOR",1927,1927-12-30,0.0015789185
"NOR",1928,1928-12-30,0.0015058531
"NOR",1929,1929-12-30,0.0014890444
"NOR",1930,1930-12-30,0.0013900095
"NOR",1931,1931-12-30,0.0014157523
"NOR",1932,1932-12-30,0.0015237241
"NOR",1933,1933-12-30,0.001459434
"NOR",1934,1934-12-30,0.0013852731
"NOR",1935,1935-12-30,0.0013173944
"NOR",1936,1936-12-30,0.0013110896
"NOR",1937,1937-12-30,0.0013088103
"NOR",1938,1938-12-30,0.0012714405
"NOR",1939,1939-12-30,0.0015337847
"NOR",1940,1940-12-29,0.0012623052
"NOR",1945,1945-12-29,0.00097819383
"NOR",1946,1946-12-29,0.001651153
"NOR",1947,1947-12-29,0.0017566285
"NOR",1948,1948-12-29,0.0015807457
"NOR",1949,1949-12-29,0.0016089934
"NOR",1950,1950-12-29,0.0012103231
"NOR",1951,1951-12-29,0.001201177
"NOR",1952,1952-12-29,0.0011633841
"NOR",1953,1953-12-29,0.001183673
"NOR",1954,1954-12-29,0.0012080309
"NOR",1955,1955-12-29,0.0011339317
"NOR",1956,1956-12-29,0.0011953863
"NOR",1957,1957-12-29,0.0012171074
"NOR",1958,1958-12-29,0.0012270606
"NOR",1959,1959-12-29,0.0012325291
"NOR",1960,1960-12-29,0.0012087765
"NOR",1961,1961-12-29,0.0012564297
"NOR",1962,1962-12-29,0.0012758526
"NOR",1963,1963-12-29,0.0012811649
"NOR",1964,1964-12-29,0.0012911328
"NOR",1965,1965-12-29,0.0013421424
"NOR",1966,1966-12-29,0.0012951908
"NOR",1967,1967-12-29,0.0012888706
"NOR",1968,1968-12-29,0.0015187439
"NOR",1969,1969-12-29,0.0014735437
"NOR",1970,1970-12-29,0.0014939156
"NOR",1971,1971-12-29,0.0015136123
"NOR",1972,1972-12-29,0.0015102443
"NOR",1973,1973-12-29,0.001562607
"NOR",1974,1974-12-29,0.0015261103
"NOR",1975,1975-12-29,0.0015801091
"NOR",1976,1976-12-29,0.0016009451
"NOR",1977,1977-12-29,0.0015485088
"NOR",1978,1978-12-29,0.0016032505
"NOR",1979,1979-12-29,0.0015858129
"NOR",1980,1980-12-29,0.0015922888
"NOR",1981,1981-12-29,0.0015716341
"NOR",1982,1982-12-29,0.001583592
"NOR",1983,1983-12-29,0.0016093986
"NOR",1984,1984-12-29,0.001615905
"NOR",1985,1985-12-29,0.0015506062
"NOR",1986,1986-12-29,0.0016544866
"NOR",1987,1987-12-29,0.001611131
"NOR",1988,1988-12-29,0.0016730957
"NOR",1989,1989-12-29,0.0018237387
"NOR",1990,1990-12-29,0.0017935188
"NOR",1991,1991-12-29,0.0017703074
"NOR",1992,1992-12-29,0.0019196456
"NOR",1993,1993-12-29,0.0018330127
"NOR",1994,1994-12-29,0.0017693662
"NOR",1995,1995-12-29,0.0018250392
"NOR",1996,1996-12-29,0.0018620477
"NOR",1997,1997-12-29,0.0017749502
"NOR",1998,1998-12-29,0.0018437469
"NOR",1999,1999-12-29,0.0018022446
"NOR",2000,2000-12-29,0.0016570357
"NOR",2001,2001-12-29,0.0016660178
"NOR",2002,2002-12-29,0.0018751872
"NOR",2003,2003-12-29,0.0018500248
"NOR",2004,2004-12-29,0.0017830477
"NOR",2005,2005-12-29,0.0017976866
"NOR",2006,2006-12-29,0.0017522306
"NOR",2007,2007-12-29,0.0017335495
"NOR",2008,2008-12-29,0.0016473313
"NOR",2009,2009-12-29,0.0016937712
"NOR",2010,2010-12-29,0.0015871539
"NOR",2011,2011-12-29,0.0016832101
"NOR",2012,2012-12-29,0.0016878028
"NOR",2013,2013-12-29,0.0017238256
"NOR",2014,2014-12-29,0.0016660169
"NOR",2015,2015-12-29,0.0015573943
"NOR",2016,2016-12-29,0.0015726793
"DEN",1816,1816-12-30,0.0050356295
"DEN",1817,1817-12-30,0.0052166963
"DEN",1818,1818-12-30,0.0053548757
"DEN",1819,1819-12-30,0.004920993
"DEN",1820,1820-12-30,0.0044976482
"DEN",1821,1821-12-30,0.0040525063
"DEN",1822,1822-12-30,0.0040584044
"DEN",1823,1823-12-30,0.0046228841
"DEN",1824,1824-12-30,0.0052377274
"DEN",1825,1825-12-30,0.0054974006
"DEN",1826,1826-12-30,0.0059707677
"DEN",1827,1827-12-30,0.0082117692
"DEN",1828,1828-12-30,0.0081910919
"DEN",1829,1829-12-30,0.0080142245
"DEN",1830,1830-12-30,0.0076572839
"DEN",1831,1831-12-30,0.0072811334
"DEN",1832,1832-12-30,0.0075990669
"DEN",1833,1833-12-30,0.0075655747
"DEN",1834,1834-12-30,0.0070846849
"DEN",1835,1835-12-30,0.0075943242
"DEN",1836,1836-12-30,0.0072847814
"DEN",1837,1837-12-30,0.0076822885
"DEN",1838,1838-12-30,0.0073333825
"DEN",1839,1839-12-30,0.0069061858
"DEN",1840,1840-12-30,0.0076078787
"DEN",1841,1841-12-30,0.0067616529
"DEN",1842,1842-12-30,0.0062492969
"DEN",1843,1843-12-30,0.0057394346
"DEN",1844,1844-12-30,0.0057987757
"DEN",1845,1845-12-30,0.0060533942
"DEN",1846,1846-12-30,0.0057919258
"DEN",1847,1847-12-30,0.0057799001
"DEN",1848,1848-12-30,0.0057543018
"DEN",1849,1849-12-30,0.0057162694
"DEN",1850,1850-12-30,0.0050504599
"DEN",1851,1851-12-30,0.0055974075
"DEN",1852,1852-12-30,0.0055560363
"DEN",1853,1853-12-30,0.0057349182
"DEN",1854,1854-12-30,0.0048617437
"DEN",1855,1855-12-30,0.0045560929
"DEN",1856,1856-12-30,0.0043482813
"DEN",1857,1857-12-30,0.0048829843
"DEN",1858,1858-12-30,0.0052038506
"DEN",1859,1859-12-30,0.00489617
"DEN",1860,1860-12-30,0.003815145
"DEN",1861,1861-12-30,0.0034755869
"DEN",1862,1862-12-30,0.0033364128
"DEN",1863,1863-12-30,0.0031946024
"DEN",1864,1864-12-30,0.0030962615
"DEN",1865,1865-12-30,0.003702464
"DEN",1866,1866-12-30,0.0040502353
"DEN",1867,1867-12-30,0.0041763051
"DEN",1868,1868-12-30,0.0045385025
"DEN",1869,1869-12-30,0.0042213579
"DEN",1870,1870-12-30,0.0040023918
"DEN",1871,1871-12-30,0.0036189626
"DEN",1872,1872-12-30,0.0041363323
"DEN",1873,1873-12-30,0.0040777712
"DEN",1874,1874-12-30,0.0041222405
"DEN",1875,1875-12-30,0.0032797998
"DEN",1876,1876-12-30,0.0032328714
"DEN",1877,1877-12-30,0.0029877659
"DEN",1878,1878-12-30,0.0028314837
"DEN",1879,1879-12-30,0.0027798237
"DEN",1880,1880-12-30,0.0027788463
"DEN",1881,1881-12-30,0.0028397718
"DEN",1882,1882-12-30,0.0027442584
"DEN",1883,1883-12-30,0.0029629241
"DEN",1884,1884-12-30,0.0030057253
"DEN",1885,1885-12-30,0.0028863165
"DEN",1886,1886-12-30,0.0028157202
"DEN",1887,1887-12-30,0.0028884963
"DEN",1888,1888-12-30,0.0028728219
"DEN",1889,1889-12-30,0.0029205182
"DEN",1890,1890-12-30,0.0031151918
"DEN",1891,1891-12-30,0.002871786
"DEN",1892,1892-12-30,0.00318831
"DEN",1893,1893-12-30,0.0029908079
"DEN",1894,1894-12-30,0.0029620174
"DEN",1895,1895-12-30,0.002955026
"DEN",1896,1896-12-30,0.0028954111
"DEN",1897,1897-12-30,0.002881011
"DEN",1898,1898-12-30,0.0026410916
"DEN",1899,1899-12-30,0.0026411694
"DEN",1900,1900-12-30,0.0024751285
"DEN",1901,1901-12-30,0.0025319192
"DEN",1902,1902-12-30,0.0024482873
"DEN",1903,1903-12-30,0.0025300283
"DEN",1904,1904-12-30,0.0024243838
"DEN",1905,1905-12-30,0.0021993797
"DEN",1906,1906-12-30,0.0023616757
"DEN",1907,1907-12-30,0.0023437298
"DEN",1908,1908-12-30,0.0024720668
"DEN",1909,1909-12-30,0.0025449444
"DEN",1910,1910-12-30,0.0026714136
"DEN",1911,1911-12-30,0.0024989673
"DEN",1912,1912-12-30,0.0026598587
"DEN",1913,1913-12-30,0.00246968
"DEN",1914,1914-12-29,0.0021549386
"DEN",1915,1915-12-29,0.0019132899
"DEN",1916,1916-12-29,0.001884178
"DEN",1917,1917-12-29,0.0016842517
"DEN",1918,1918-12-30,0.0016747167
"DEN",1919,1919-12-30,0.0019902347
"DEN",1920,1920-12-30,0.0022685376
"DEN",1921,1921-12-30,0.002423424
"DEN",1922,1922-12-30,0.0022901273
"DEN",1923,1923-12-30,0.0023128253
"DEN",1924,1924-12-30,0.0025121267
"DEN",1925,1925-12-30,0.0023758397
"DEN",1926,1926-12-30,0.0024511649
"DEN",1927,1927-12-30,0.0023955815
"DEN",1928,1928-12-30,0.0023234757
"DEN",1929,1929-12-30,0.0023028257
"DEN",1930,1930-12-30,0.0022047756
"DEN",1931,1931-12-30,0.0022922934
"DEN",1932,1932-12-30,0.0022501601
"DEN",1933,1933-12-30,0.0021413846
"DEN",1934,1934-12-30,0.0020631591
"DEN",1935,1935-12-30,0.0019331367
"DEN",1936,1936-12-30,0.0020043766
"DEN",1937,1937-12-30,0.0019633761
"DEN",1938,1938-12-30,0.0019908415
"DEN",1939,1939-12-30,0.0019542719
"DEN",1940,1940-12-29,0.0016678459
"DEN",1945,1945-12-29,0.0014975524
"DEN",1946,1946-12-29,0.0021046393
"DEN",1947,1947-12-29,0.0021111842
"DEN",1948,1948-12-29,0.0020571095
"DEN",1949,1949-12-29,0.0020820156
"DEN",1950,1950-12-29,0.0017323723
"DEN",1951,1951-12-29,0.0018307918
"DEN",1952,1952-12-29,0.0017071185
"DEN",1953,1953-12-29,0.0016725502
"DEN",1954,1954-12-29,0.0016729104
"DEN",1955,1955-12-29,0.0015702549
"DEN",1956,1956-12-29,0.0015824442
"DEN",1957,1957-12-29,0.0015798623
"DEN",1958,1958-12-29,0.0015095813
"DEN",1959,1959-12-29,0.0014765229
"DEN",1960,1960-12-29,0.0014777641
"DEN",1961,1961-12-29,0.0015845079
"DEN",1962,1962-12-29,0.0016749434
"DEN",1963,1963-12-29,0.0016689543
"DEN",1964,1964-12-29,0.0017029052
"DEN",1965,1965-12-29,0.00171679
"DEN",1966,1966-12-29,0.0017338643
"DEN",1967,1967-12-29,0.0017392766
"DEN",1968,1968-12-29,0.0016892666
"DEN",1969,1969-12-29,0.001693284
"DEN",1970,1970-12-29,0.0016440192
"DEN",1971,1971-12-29,0.0016467638
"DEN",1972,1972-12-29,0.0015866979
"DEN",1973,1973-12-29,0.0015663741
"DEN",1974,1974-12-29,0.0015457842
"DEN",1975,1975-12-29,0.0015658104
"DEN",1976,1976-12-29,0.0014974746
"DEN",1977,1977-12-29,0.0015365602
"DEN",1978,1978-12-29,0.0016128989
"DEN",1979,1979-12-29,0.0015736186
"DEN",1980,1980-12-29,0.001517375
"DEN",1981,1981-12-29,0.0013833245
"DEN",1982,1982-12-29,0.0013384395
"DEN",1983,1983-12-29,0.001313524
"DEN",1984,1984-12-29,0.0012641961
"DEN",1985,1985-12-29,0.0012769932
"DEN",1986,1986-12-29,0.0013481012
"DEN",1987,1987-12-29,0.0013094018
"DEN",1988,1988-12-29,0.0013716079
"DEN",1989,1989-12-29,0.0014056867
"DEN",1990,1990-12-29,0.0015062097
"DEN",1991,1991-12-29,0.0013419478
"DEN",1992,1992-12-29,0.0016560088
"DEN",1993,1993-12-29,0.0016550559
"DEN",1994,1994-12-29,0.0016286762
"DEN",1995,1995-12-29,0.0016848587
"DEN",1996,1996-12-29,0.0017664531
"DEN",1997,1997-12-29,0.0016405075
"DEN",1998,1998-12-29,0.0016078657
"DEN",1999,1999-12-29,0.0015178919
"DEN",2000,2000-12-29,0.0013966458
"DEN",2001,2001-12-29,0.001379721
"DEN",2002,2002-12-29,0.0013616858
"DEN",2003,2003-12-29,0.0013262116
"DEN",2004,2004-12-29,0.0012839951
"DEN",2005,2005-12-29,0.0012436619
"DEN",2006,2006-12-29,0.001296701
"DEN",2007,2007-12-29,0.0012424822
"DEN",2008,2008-12-29,0.0012861594
"DEN",2009,2009-12-29,0.0012475344
"DEN",2010,2010-12-29,0.0012073476
"DEN",2011,2011-12-29,0.0010914286
"DEN",2012,2012-12-29,0.0010720562
"DEN",2013,2013-12-29,0.0010607739
"DEN",2014,2014-12-29,0.001068162
"DEN",2015,2015-12-29,0.00093841244
"DEN",2016,2016-12-29,0.00095042237
"SEN",1960,1960-12-29,0.00034318995
"SEN",1961,1961-12-29,0.00037884837
"SEN",1962,1962-12-29,0.00038283164
"SEN",1963,1963-12-29,0.00042850894
"SEN",1964,1964-12-29,0.00041731345
"SEN",1965,1965-12-29,0.00043315077
"SEN",1966,1966-12-29,0.00043121443
"SEN",1967,1967-12-29,0.00043878914
"SEN",1968,1968-12-29,0.00046397018
"SEN",1969,1969-12-29,0.0004333503
"SEN",1970,1970-12-29,0.0004803316
"SEN",1971,1971-12-29,0.00048487916
"SEN",1972,1972-12-29,0.0004911932
"SEN",1973,1973-12-29,0.00049478083
"SEN",1974,1974-12-29,0.00049103342
"SEN",1975,1975-12-29,0.00049700646
"SEN",1976,1976-12-29,0.00052339426
"SEN",1977,1977-12-29,0.00054708647
"SEN",1978,1978-12-29,0.00055280508
"SEN",1979,1979-12-29,0.00052866776
"SEN",1980,1980-12-29,0.00053144252
"SEN",1981,1981-12-29,0.00057230436
"SEN",1982,1982-12-29,0.00058729114
"SEN",1983,1983-12-29,0.00058688282
"SEN",1984,1984-12-29,0.00058224279
"SEN",1985,1985-12-29,0.00058776577
"SEN",1986,1986-12-29,0.00060961407
"SEN",1987,1987-12-29,0.0006264468
"SEN",1988,1988-12-29,0.00061363395
"SEN",1989,1989-12-29,0.00064085895
"SEN",1990,1990-12-29,0.00066963152
"SEN",1991,1991-12-29,0.00070743554
"SEN",1992,1992-12-29,0.00073306024
"SEN",1993,1993-12-29,0.00070917886
"SEN",1994,1994-12-29,0.00066115434
"SEN",1995,1995-12-29,0.00065790903
"SEN",1996,1996-12-29,0.00065093953
"SEN",1997,1997-12-29,0.00064441166
"SEN",1998,1998-12-29,0.00063938845
"SEN",1999,1999-12-29,0.00063461717
"SEN",2000,2000-12-29,0.00060439436
"SEN",2001,2001-12-29,0.00062430114
"SEN",2002,2002-12-29,0.00062878459
"SEN",2003,2003-12-29,0.00067911088
"SEN",2004,2004-12-29,0.00068653264
"SEN",2005,2005-12-29,0.00069399236
"SEN",2006,2006-12-29,0.00069644279
"SEN",2007,2007-12-29,0.00071419351
"SEN",2008,2008-12-29,0.00072317704
"SEN",2009,2009-12-29,0.0007313544
"SEN",2010,2010-12-29,0.00073419575
"SEN",2011,2011-12-29,0.00075037905
"SEN",2012,2012-12-29,0.00075081456
"SEN",2013,2013-12-29,0.00072766951
"SEN",2014,2014-12-29,0.00073554175
"SEN",2015,2015-12-29,0.00074611604
"SEN",2016,2016-12-29,0.00075688265
"GUI",1958,1958-12-29,0.00024268971
"GUI",1959,1959-12-29,0.00024387884
"GUI",1960,1960-12-29,0.00025758095
"GUI",1961,1961-12-29,0.00026948922
"GUI",1962,1962-12-29,0.00027167698
"GUI",1963,1963-12-29,0.00031394311
"GUI",1964,1964-12-29,0.00029817075
"GUI",1965,1965-12-29,0.00031655442
"GUI",1966,1966-12-29,0.00031217907
"GUI",1967,1967-12-29,0.00028289505
"GUI",1968,1968-12-29,0.00030765601
"GUI",1969,1969-12-29,0.0003075639
"GUI",1970,1970-12-29,0.00036332707
"GUI",1971,1971-12-29,0.0003631872
"GUI",1972,1972-12-29,0.00040911947
"GUI",1973,1973-12-29,0.00040263921
"GUI",1974,1974-12-29,0.00039464148
"GUI",1975,1975-12-29,0.00033120951
"GUI",1976,1976-12-29,0.0004073029
"GUI",1977,1977-12-29,0.00036732975
"GUI",1978,1978-12-29,0.00046627654
"GUI",1979,1979-12-29,0.00046534801
"GUI",1980,1980-12-29,0.00054181844
"GUI",1981,1981-12-29,0.00046680478
"GUI",1982,1982-12-29,0.00047168534
"GUI",1983,1983-12-29,0.00046147735
"GUI",1984,1984-12-29,0.00045255414
"GUI",1985,1985-12-29,0.00053165253
"GUI",1986,1986-12-29,0.0005034206
"GUI",1987,1987-12-29,0.00050611672
"GUI",1988,1988-12-29,0.00037461793
"GUI",1989,1989-12-29,0.00039020993
"GUI",1990,1990-12-29,0.00039451642
"GUI",1991,1991-12-29,0.00041941056
"GUI",1992,1992-12-29,0.0004994034
"GUI",1993,1993-12-29,0.00043597177
"GUI",1994,1994-12-29,0.00042412727
"GUI",1995,1995-12-29,0.00044330739
"GUI",1996,1996-12-29,0.00044563509
"GUI",1997,1997-12-29,0.00042877754
"GUI",1998,1998-12-29,0.00042289009
"GUI",1999,1999-12-29,0.00043242596
"GUI",2000,2000-12-29,0.00041077076
"GUI",2001,2001-12-29,0.00041424992
"GUI",2002,2002-12-29,0.00051777821
"GUI",2003,2003-12-29,0.00051636191
"GUI",2004,2004-12-29,0.0005158381
"GUI",2005,2005-12-29,0.00051156501
"GUI",2006,2006-12-29,0.00051127892
"GUI",2007,2007-12-29,0.0005338561
"GUI",2008,2008-12-29,0.00053473428
"GUI",2009,2009-12-29,0.00054035312
"GUI",2010,2010-12-29,0.00063946628
"GUI",2011,2011-12-29,0.00054249569
"GUI",2012,2012-12-29,0.00064981979
"GUI",2013,2013-12-29,0.00060605397
"GUI",2014,2014-12-29,0.00060937257
"GUI",2015,2015-12-29,0.00061482406
"GUI",2016,2016-12-29,0.00062108156
"LBR",1920,1920-12-30,7.0934097e-05
"LBR",1921,1921-12-30,7.1667993e-05
"LBR",1922,1922-12-30,6.9780712e-05
"LBR",1923,1923-12-30,9.0327521e-05
"LBR",1924,1924-12-30,0.00010434593
"LBR",1925,1925-12-30,9.3083858e-05
"LBR",1926,1926-12-30,0.00010738873
"LBR",1927,1927-12-30,0.00010947626
"LBR",1928,1928-12-30,9.5458643e-05
"LBR",1929,1929-12-30,9.602448e-05
"LBR",1930,1930-12-30,0.00020875841
"LBR",1931,1931-12-30,0.00024887652
"LBR",1932,1932-12-30,0.00018103639
"LBR",1933,1933-12-30,6.7694004e-05
"LBR",1934,1934-12-30,0.00016797257
"LBR",1935,1935-12-30,0.00014524901
"LBR",1936,1936-12-30,0.00014700825
"LBR",1937,1937-12-30,0.00014527084
"LBR",1938,1938-12-30,8.0112804e-05
"LBR",1939,1939-12-30,7.4577547e-05
"LBR",1940,1940-12-29,0.00010498731
"LBR",1941,1941-12-29,8.7308334e-05
"LBR",1942,1942-12-29,9.923843e-05
"LBR",1943,1943-12-29,9.8693366e-05
"LBR",1944,1944-12-29,9.6364092e-05
"LBR",1945,1945-12-29,9.4496048e-05
"LBR",1946,1946-12-29,0.00015179426
"LBR",1947,1947-12-29,0.0001395718
"LBR",1948,1948-12-29,0.00014020063
"LBR",1949,1949-12-29,0.00013115218
"LBR",1950,1950-12-29,0.00013411585
"LBR",1951,1951-12-29,0.00012866402
"LBR",1952,1952-12-29,0.00012235968
"LBR",1953,1953-12-29,0.00012205833
"LBR",1954,1954-12-29,0.00012012912
"LBR",1955,1955-12-29,0.00011908279
"LBR",1956,1956-12-29,9.1858659e-05
"LBR",1957,1957-12-29,8.0242353e-05
"LBR",1958,1958-12-29,9.7776028e-05
"LBR",1959,1959-12-29,9.7403507e-05
"LBR",1960,1960-12-29,6.608016e-05
"LBR",1961,1961-12-29,6.2535546e-05
"LBR",1962,1962-12-29,7.1911192e-05
"LBR",1963,1963-12-29,8.0963175e-05
"LBR",1964,1964-12-29,8.1733728e-05
"LBR",1965,1965-12-29,8.5262494e-05
"LBR",1966,1966-12-29,8.4244872e-05
"LBR",1967,1967-12-29,8.5374122e-05
"LBR",1968,1968-12-29,9.6225624e-05
"LBR",1969,1969-12-29,0.00010481164
"LBR",1970,1970-12-29,0.00011854807
"LBR",1971,1971-12-29,0.00014862667
"LBR",1972,1972-12-29,0.00015800635
"LBR",1973,1973-12-29,0.00016064791
"LBR",1974,1974-12-29,0.00017213624
"LBR",1975,1975-12-29,0.00017416797
"LBR",1976,1976-12-29,0.00017684973
"LBR",1977,1977-12-29,0.00015983071
"LBR",1978,1978-12-29,0.00018372262
"LBR",1979,1979-12-29,0.00019840203
"LBR",1980,1980-12-29,0.00020752329
"LBR",1981,1981-12-29,0.00019834172
"LBR",1982,1982-12-29,0.00018410372
"LBR",1983,1983-12-29,0.00018317036
"LBR",1984,1984-12-29,0.00019149056
"LBR",1985,1985-12-29,0.0001912599
"LBR",1986,1986-12-29,0.00019469003
"LBR",1987,1987-12-29,0.00019362266
"LBR",1988,1988-12-29,0.00019575047
"LBR",1989,1989-12-29,0.00019928787
"LBR",1990,1990-12-29,0.00020011597
"LBR",1991,1991-12-29,0.00018961866
"LBR",1992,1992-12-29,0.0001941295
"LBR",1993,1993-12-29,0.00016086927
"LBR",1994,1994-12-29,0.00017718172
"LBR",1995,1995-12-29,0.0001814274
"LBR",1996,1996-12-29,0.00018395974
"LBR",1997,1997-12-29,0.00018790548
"LBR",1998,1998-12-29,0.00018435443
"LBR",1999,1999-12-29,0.00019754002
"LBR",2000,2000-12-29,0.00028074358
"LBR",2001,2001-12-29,0.00028851393
"LBR",2002,2002-12-29,0.00033109149
"LBR",2003,2003-12-29,0.00034168383
"LBR",2004,2004-12-29,0.00042403844
"LBR",2005,2005-12-29,0.00041103299
"LBR",2006,2006-12-29,0.00040055419
"LBR",2007,2007-12-29,0.00026129661
"LBR",2008,2008-12-29,0.00025628801
"LBR",2009,2009-12-29,0.00021851517
"LBR",2010,2010-12-29,0.00022087709
"LBR",2011,2011-12-29,0.00022435392
"LBR",2012,2012-12-29,0.00027042115
"LBR",2013,2013-12-29,0.00027047508
"LBR",2014,2014-12-29,0.00027381635
"LBR",2015,2015-12-29,0.0002331274
"LBR",2016,2016-12-29,0.00023610538
"SIE",1961,1961-12-29,0.00017798578
"SIE",1962,1962-12-29,0.00018435161
"SIE",1963,1963-12-29,0.00019070454
"SIE",1964,1964-12-29,0.00019027179
"SIE",1965,1965-12-29,0.00019175338
"SIE",1966,1966-12-29,0.0001890839
"SIE",1967,1967-12-29,0.0001888503
"SIE",1968,1968-12-29,0.00018817054
"SIE",1969,1969-12-29,0.00021634309
"SIE",1970,1970-12-29,0.00020945772
"SIE",1971,1971-12-29,0.00021000492
"SIE",1972,1972-12-29,0.00021014239
"SIE",1973,1973-12-29,0.0002070942
"SIE",1974,1974-12-29,0.00021781684
"SIE",1975,1975-12-29,0.0002195531
"SIE",1976,1976-12-29,0.0002069597
"SIE",1977,1977-12-29,0.0002161663
"SIE",1978,1978-12-29,0.00019991786
"SIE",1979,1979-12-29,0.00020746225
"SIE",1980,1980-12-29,0.00020799118
"SIE",1981,1981-12-29,0.00022255022
"SIE",1982,1982-12-29,0.00022508531
"SIE",1983,1983-12-29,0.00023896219
"SIE",1984,1984-12-29,0.00022701836
"SIE",1985,1985-12-29,0.00023781977
"SIE",1986,1986-12-29,0.00023766796
"SIE",1987,1987-12-29,0.00024846234
"SIE",1988,1988-12-29,0.00023665679
"SIE",1989,1989-12-29,0.00023799793
"SIE",1990,1990-12-29,0.00024788099
"SIE",1991,1991-12-29,0.00025618041
"SIE",1992,1992-12-29,0.00032516354
"SIE",1993,1993-12-29,0.00025005965
"SIE",1994,1994-12-29,0.00025447266
"SIE",1995,1995-12-29,0.00025219162
"SIE",1996,1996-12-29,0.00025314785
"SIE",1997,1997-12-29,0.00025651063
"SIE",1998,1998-12-29,0.00024740977
"SIE",1999,1999-12-29,0.00023854196
"SIE",2000,2000-12-29,0.00024170941
"SIE",2001,2001-12-29,0.00027499546
"SIE",2002,2002-12-29,0.00032541965
"SIE",2003,2003-12-29,0.00032877226
"SIE",2004,2004-12-29,0.00033213838
"SIE",2005,2005-12-29,0.00033530992
"SIE",2006,2006-12-29,0.00033837333
"SIE",2007,2007-12-29,0.00032380034
"SIE",2008,2008-12-29,0.00032099307
"SIE",2009,2009-12-29,0.00032027179
"SIE",2010,2010-12-29,0.00031938596
"SIE",2011,2011-12-29,0.00032171089
"SIE",2012,2012-12-29,0.00032228869
"SIE",2013,2013-12-29,0.00034222979
"SIE",2014,2014-12-29,0.00034411383
"SIE",2015,2015-12-29,0.00034709059
"SIE",2016,2016-12-29,0.00033356011
"GHA",1957,1957-12-29,0.00060966512
"GHA",1958,1958-12-29,0.00061482267
"GHA",1959,1959-12-29,0.00061997736
"GHA",1960,1960-12-29,0.00064218417
"GHA",1961,1961-12-29,0.00069474609
"GHA",1962,1962-12-29,0.00068736193
"GHA",1963,1963-12-29,0.00075243058
"GHA",1964,1964-12-29,0.00080722274
"GHA",1965,1965-12-29,0.00082291744
"GHA",1966,1966-12-29,0.00084224821
"GHA",1967,1967-12-29,0.00088929344
"GHA",1968,1968-12-29,0.00097992574
"GHA",1969,1969-12-29,0.00093800889
"GHA",1970,1970-12-29,0.00094809337
"GHA",1971,1971-12-29,0.00095078856
"GHA",1972,1972-12-29,0.00097790069
"GHA",1973,1973-12-29,0.00098326686
"GHA",1974,1974-12-29,0.00095796364
"GHA",1975,1975-12-29,0.00087694032
"GHA",1976,1976-12-29,0.00089695485
"GHA",1977,1977-12-29,0.00088971003
"GHA",1978,1978-12-29,0.00088241068
"GHA",1979,1979-12-29,0.00085151644
"GHA",1980,1980-12-29,0.00084364112
"GHA",1981,1981-12-29,0.00086257671
"GHA",1982,1982-12-29,0.00085498788
"GHA",1983,1983-12-29,0.00085138634
"GHA",1984,1984-12-29,0.00086567661
"GHA",1985,1985-12-29,0.00087210187
"GHA",1986,1986-12-29,0.00083043834
"GHA",1987,1987-12-29,0.00083930889
"GHA",1988,1988-12-29,0.00087579351
"GHA",1989,1989-12-29,0.00089109421
"GHA",1990,1990-12-29,0.00085216924
"GHA",1991,1991-12-29,0.00088116142
"GHA",1992,1992-12-29,0.00088935666
"GHA",1993,1993-12-29,0.00091667927
"GHA",1994,1994-12-29,0.00095433649
"GHA",1995,1995-12-29,0.00097004161
"GHA",1996,1996-12-29,0.00098015752
"GHA",1997,1997-12-29,0.00099501887
"GHA",1998,1998-12-29,0.0010223751
"GHA",1999,1999-12-29,0.0010384597
"GHA",2000,2000-12-29,0.0010194537
"GHA",2001,2001-12-29,0.0010092099
"GHA",2002,2002-12-29,0.0010567829
"GHA",2003,2003-12-29,0.0010566387
"GHA",2004,2004-12-29,0.0010623041
"GHA",2005,2005-12-29,0.0010727108
"GHA",2006,2006-12-29,0.0010777308
"GHA",2007,2007-12-29,0.0011780853
"GHA",2008,2008-12-29,0.0011843111
"GHA",2009,2009-12-29,0.0011834925
"GHA",2010,2010-12-29,0.0012221466
"GHA",2011,2011-12-29,0.0011963338
"GHA",2012,2012-12-29,0.0012361158
"GHA",2013,2013-12-29,0.0012623324
"GHA",2014,2014-12-29,0.0012711732
"GHA",2015,2015-12-29,0.001287414
"GHA",2016,2016-12-29,0.0013081454
"NIG",1960,1960-12-29,0.0041064196
"NIG",1961,1961-12-29,0.0041199299
"NIG",1962,1962-12-29,0.004083829
"NIG",1963,1963-12-29,0.0042166966
"NIG",1964,1964-12-29,0.0042616031
"NIG",1965,1965-12-29,0.0043846257
"NIG",1966,1966-12-29,0.0044657835
"NIG",1967,1967-12-29,0.0044944235
"NIG",1968,1968-12-29,0.0046816058
"NIG",1969,1969-12-29,0.0049732998
"NIG",1970,1970-12-29,0.0057988307
"NIG",1971,1971-12-29,0.0066852057
"NIG",1972,1972-12-29,0.0065554115
"NIG",1973,1973-12-29,0.0065655713
"NIG",1974,1974-12-29,0.0064571253
"NIG",1975,1975-12-29,0.0063648238
"NIG",1976,1976-12-29,0.0064625824
"NIG",1977,1977-12-29,0.0067795143
"NIG",1978,1978-12-29,0.0060884641
"NIG",1979,1979-12-29,0.0058360947
"NIG",1980,1980-12-29,0.0057958174
"NIG",1981,1981-12-29,0.0059160772
"NIG",1982,1982-12-29,0.0061087441
"NIG",1983,1983-12-29,0.0060563483
"NIG",1984,1984-12-29,0.0064894962
"NIG",1985,1985-12-29,0.0064534345
"NIG",1986,1986-12-29,0.0064618099
"NIG",1987,1987-12-29,0.0063935025
"NIG",1988,1988-12-29,0.0063853636
"NIG",1989,1989-12-29,0.0060746442
"NIG",1990,1990-12-29,0.0062136664
"NIG",1991,1991-12-29,0.0065159653
"NIG",1992,1992-12-29,0.0065111457
"NIG",1993,1993-12-29,0.0065572308
"NIG",1994,1994-12-29,0.0067358124
"NIG",1995,1995-12-29,0.0068596848
"NIG",1996,1996-12-29,0.0069941748
"NIG",1997,1997-12-29,0.0070267017
"NIG",1998,1998-12-29,0.0066887122
"NIG",1999,1999-12-29,0.0067880116
"NIG",2000,2000-12-29,0.0064053745
"NIG",2001,2001-12-29,0.0067733093
"NIG",2002,2002-12-29,0.0077090287
"NIG",2003,2003-12-29,0.0076932772
"NIG",2004,2004-12-29,0.0078222435
"NIG",2005,2005-12-29,0.008049787
"NIG",2006,2006-12-29,0.008064473
"NIG",2007,2007-12-29,0.0083799204
"NIG",2008,2008-12-29,0.0085136089
"NIG",2009,2009-12-29,0.0085591776
"NIG",2010,2010-12-29,0.0086956751
"NIG",2011,2011-12-29,0.0089528328
"NIG",2012,2012-12-29,0.0090637086
"NIG",2013,2013-12-29,0.0090241721
"NIG",2014,2014-12-29,0.00910326
"NIG",2015,2015-12-29,0.0092060883
"NIG",2016,2016-12-29,0.0094013708
"CEN",1960,1960-12-29,7.4291347e-05
"CEN",1961,1961-12-29,7.4990268e-05
"CEN",1962,1962-12-29,0.00010898875
"CEN",1963,1963-12-29,0.00011111793
"CEN",1964,1964-12-29,0.00012846592
"CEN",1965,1965-12-29,0.00013096549
"CEN",1966,1966-12-29,0.00013078023
"CEN",1967,1967-12-29,0.00013287338
"CEN",1968,1968-12-29,0.00013418138
"CEN",1969,1969-12-29,0.0001367369
"CEN",1970,1970-12-29,0.00016054616
"CEN",1971,1971-12-29,0.0001603991
"CEN",1972,1972-12-29,0.00016722883
"CEN",1973,1973-12-29,0.00016930388
"CEN",1974,1974-12-29,0.00016855053
"CEN",1975,1975-12-29,0.00018146745
"CEN",1976,1976-12-29,0.0001753894
"CEN",1977,1977-12-29,0.0001968579
"CEN",1978,1978-12-29,0.00017943107
"CEN",1979,1979-12-29,0.00018127907
"CEN",1980,1980-12-29,0.00018049685
"CEN",1981,1981-12-29,0.00018568872
"CEN",1982,1982-12-29,0.00019770487
"CEN",1983,1983-12-29,0.00019786337
"CEN",1984,1984-12-29,0.00020943387
"CEN",1985,1985-12-29,0.00020951951
"CEN",1986,1986-12-29,0.0002126149
"CEN",1987,1987-12-29,0.00021028231
"CEN",1988,1988-12-29,0.00021359658
"CEN",1989,1989-12-29,0.00021662629
"CEN",1990,1990-12-29,0.00020567981
"CEN",1991,1991-12-29,0.00025104097
"CEN",1992,1992-12-29,0.00021901575
"CEN",1993,1993-12-29,0.00021486387
"CEN",1994,1994-12-29,0.00021429626
"CEN",1995,1995-12-29,0.00021435619
"CEN",1996,1996-12-29,0.00022062592
"CEN",1997,1997-12-29,0.00021719809
"CEN",1998,1998-12-29,0.00021806385
"CEN",1999,1999-12-29,0.00020625201
"CEN",2000,2000-12-29,0.00019933905
"CEN",2001,2001-12-29,0.00020609472
"CEN",2002,2002-12-29,0.00019716979
"CEN",2003,2003-12-29,0.00019738959
"CEN",2004,2004-12-29,0.00019736175
"CEN",2005,2005-12-29,0.00019758327
"CEN",2006,2006-12-29,0.00019788659
"CEN",2007,2007-12-29,0.00019836801
"CEN",2008,2008-12-29,0.00019814007
"CEN",2009,2009-12-29,0.00019990928
"CEN",2010,2010-12-29,0.0002012279
"CEN",2011,2011-12-29,0.00019375596
"CEN",2012,2012-12-29,0.00022609923
"CEN",2013,2013-12-29,0.00022119874
"CEN",2014,2014-12-29,0.0002693003
"CEN",2015,2015-12-29,0.00026926716
"CEN",2016,2016-12-29,0.00026985726
"CHA",1960,1960-12-29,0.00017544795
"CHA",1961,1961-12-29,0.00017604353
"CHA",1962,1962-12-29,0.00017338495
"CHA",1963,1963-12-29,0.00018854409
"CHA",1964,1964-12-29,0.00018603068
"CHA",1965,1965-12-29,0.00020378949
"CHA",1966,1966-12-29,0.00023854063
"CHA",1967,1967-12-29,0.00023841127
"CHA",1968,1968-12-29,0.00024627466
"CHA",1969,1969-12-29,0.00024180241
"CHA",1970,1970-12-29,0.00025938029
"CHA",1971,1971-12-29,0.00027273656
"CHA",1972,1972-12-29,0.00028697992
"CHA",1973,1973-12-29,0.00028744582
"CHA",1974,1974-12-29,0.00028456989
"CHA",1975,1975-12-29,0.00029336801
"CHA",1976,1976-12-29,0.0002969983
"CHA",1977,1977-12-29,0.00028814218
"CHA",1978,1978-12-29,0.00026611143
"CHA",1979,1979-12-29,0.00026755952
"CHA",1980,1980-12-29,0.00025913602
"CHA",1981,1981-12-29,0.00025736669
"CHA",1982,1982-12-29,0.00025763363
"CHA",1983,1983-12-29,0.00026515094
"CHA",1984,1984-12-29,0.00033696208
"CHA",1985,1985-12-29,0.00033483858
"CHA",1986,1986-12-29,0.00038134315
"CHA",1987,1987-12-29,0.00043597596
"CHA",1988,1988-12-29,0.00046837295
"CHA",1989,1989-12-29,0.0004830634
"CHA",1990,1990-12-29,0.00060384453
"CHA",1991,1991-12-29,0.00064059137
"CHA",1992,1992-12-29,0.00058877032
"CHA",1993,1993-12-29,0.00053967349
"CHA",1994,1994-12-29,0.00061233755
"CHA",1995,1995-12-29,0.00061689666
"CHA",1996,1996-12-29,0.00062627572
"CHA",1997,1997-12-29,0.00059457246
"CHA",1998,1998-12-29,0.00058324187
"CHA",1999,1999-12-29,0.00058161776
"CHA",2000,2000-12-29,0.00057751616
"CHA",2001,2001-12-29,0.00061134959
"CHA",2002,2002-12-29,0.00059026328
"CHA",2003,2003-12-29,0.00059957191
"CHA",2004,2004-12-29,0.0006081913
"CHA",2005,2005-12-29,0.00061796949
"CHA",2006,2006-12-29,0.00062599732
"CHA",2007,2007-12-29,0.0005259231
"CHA",2008,2008-12-29,0.00060396397
"CHA",2009,2009-12-29,0.00060586422
"CHA",2010,2010-12-29,0.00061687874
"CHA",2011,2011-12-29,0.00063208269
"CHA",2012,2012-12-29,0.0006344358
"CHA",2013,2013-12-29,0.0007441527
"CHA",2014,2014-12-29,0.00075536146
"CHA",2015,2015-12-29,0.00076620246
"CHA",2016,2016-12-29,0.00072094786
"CON",1960,1960-12-29,6.0348506e-05
"CON",1961,1961-12-29,0.00010358015
"CON",1962,1962-12-29,0.00012036351
"CON",1963,1963-12-29,0.00012499793
"CON",1964,1964-12-29,0.00012339435
"CON",1965,1965-12-29,0.00013851747
"CON",1966,1966-12-29,0.00014364517
"CON",1967,1967-12-29,0.00014149662
"CON",1968,1968-12-29,0.00013366659
"CON",1969,1969-12-29,0.00013233753
"CON",1970,1970-12-29,0.00014805135
"CON",1971,1971-12-29,0.00015315885
"CON",1972,1972-12-29,0.00016996538
"CON",1973,1973-12-29,0.00015688315
"CON",1974,1974-12-29,0.00015509667
"CON",1975,1975-12-29,0.00017276141
"CON",1976,1976-12-29,0.00020763479
"CON",1977,1977-12-29,0.00019991495
"CON",1978,1978-12-29,0.00023469885
"CON",1979,1979-12-29,0.00028007344
"CON",1980,1980-12-29,0.00028837219
"CON",1981,1981-12-29,0.00028591673
"CON",1982,1982-12-29,0.00027863783
"CON",1983,1983-12-29,0.0003022569
"CON",1984,1984-12-29,0.00032514642
"CON",1985,1985-12-29,0.0003253168
"CON",1986,1986-12-29,0.00032579622
"CON",1987,1987-12-29,0.0003334184
"CON",1988,1988-12-29,0.00054469524
"CON",1989,1989-12-29,0.00055741676
"CON",1990,1990-12-29,0.00031056639
"CON",1991,1991-12-29,0.00037202585
"CON",1992,1992-12-29,0.00035391346
"CON",1993,1993-12-29,0.00039189338
"CON",1994,1994-12-29,0.0003371214
"CON",1995,1995-12-29,0.00033827906
"CON",1996,1996-12-29,0.00033827854
"CON",1997,1997-12-29,0.00034582865
"CON",1998,1998-12-29,0.00033922799
"CON",1999,1999-12-29,0.00033753228
"CON",2000,2000-12-29,0.00034319947
"CON",2001,2001-12-29,0.00035064609
"CON",2002,2002-12-29,0.00043352239
"CON",2003,2003-12-29,0.00037579381
"CON",2004,2004-12-29,0.0003800593
"CON",2005,2005-12-29,0.00038838695
"CON",2006,2006-12-29,0.0003947494
"CON",2007,2007-12-29,0.0004016521
"CON",2008,2008-12-29,0.00040417555
"CON",2009,2009-12-29,0.00041259133
"CON",2010,2010-12-29,0.00042381106
"CON",2011,2011-12-29,0.00043848995
"CON",2012,2012-12-29,0.00044992188
"CON",2013,2013-12-29,0.00051214808
"CON",2014,2014-12-29,0.00050715974
"CON",2015,2015-12-29,0.00052404264
"CON",2016,2016-12-29,0.00050604925
"DRC",1960,1960-12-29,0.0013257691
"DRC",1961,1961-12-29,0.0013244189
"DRC",1962,1962-12-29,0.0013850656
"DRC",1963,1963-12-29,0.001465072
"DRC",1964,1964-12-29,0.0015107102
"DRC",1965,1965-12-29,0.0016092054
"DRC",1966,1966-12-29,0.0016578289
"DRC",1967,1967-12-29,0.001803782
"DRC",1968,1968-12-29,0.0018793063
"DRC",1969,1969-12-29,0.0021593045
"DRC",1970,1970-12-29,0.0023030816
"DRC",1971,1971-12-29,0.0024334011
"DRC",1972,1972-12-29,0.0024664609
"DRC",1973,1973-12-29,0.0026256251
"DRC",1974,1974-12-29,0.0026533802
"DRC",1975,1975-12-29,0.0025043809
"DRC",1976,1976-12-29,0.0025013555
"DRC",1977,1977-12-29,0.0024826906
"DRC",1978,1978-12-29,0.0024669247
"DRC",1979,1979-12-29,0.0022805906
"DRC",1980,1980-12-29,0.0023882831
"DRC",1981,1981-12-29,0.0024903314
"DRC",1982,1982-12-29,0.0024857405
"DRC",1983,1983-12-29,0.0025101742
"DRC",1984,1984-12-29,0.0025505023
"DRC",1985,1985-12-29,0.0026031299
"DRC",1986,1986-12-29,0.0025363048
"DRC",1987,1987-12-29,0.0025513
"DRC",1988,1988-12-29,0.0025596505
"DRC",1989,1989-12-29,0.0026133587
"DRC",1990,1990-12-29,0.0026391894
"DRC",1991,1991-12-29,0.0028168089
"DRC",1992,1992-12-29,0.0034399
"DRC",1993,1993-12-29,0.0029304302
"DRC",1994,1994-12-29,0.0029447679
"DRC",1995,1995-12-29,0.002994946
"DRC",1996,1996-12-29,0.0030840717
"DRC",1997,1997-12-29,0.0029802958
"DRC",1998,1998-12-29,0.0031873274
"DRC",1999,1999-12-29,0.0032568425
"DRC",2000,2000-12-29,0.00328254
"DRC",2001,2001-12-29,0.0035293973
"DRC",2002,2002-12-29,0.0041493829
"DRC",2003,2003-12-29,0.0036881776
"DRC",2004,2004-12-29,0.0036032975
"DRC",2005,2005-12-29,0.0035404586
"DRC",2006,2006-12-29,0.0035893309
"DRC",2007,2007-12-29,0.0034800686
"DRC",2008,2008-12-29,0.0042581758
"DRC",2009,2009-12-29,0.0044812723
"DRC",2010,2010-12-29,0.0045130597
"DRC",2011,2011-12-29,0.0046849735
"DRC",2012,2012-12-29,0.0047835773
"DRC",2013,2013-12-29,0.0047053839
"DRC",2014,2014-12-29,0.0047797142
"DRC",2015,2015-12-29,0.0049215341
"DRC",2016,2016-12-29,0.0050301207
"UGA",1962,1962-12-29,0.00043601092
"UGA",1963,1963-12-29,0.00047733332
"UGA",1964,1964-12-29,0.00048752714
"UGA",1965,1965-12-29,0.00050547154
"UGA",1966,1966-12-29,0.00055694429
"UGA",1967,1967-12-29,0.00057301921
"UGA",1968,1968-12-29,0.00060459162
"UGA",1969,1969-12-29,0.00066496956
"UGA",1970,1970-12-29,0.00070892187
"UGA",1971,1971-12-29,0.0007225438
"UGA",1972,1972-12-29,0.00072333403
"UGA",1973,1973-12-29,0.00071434648
"UGA",1974,1974-12-29,0.00080180605
"UGA",1975,1975-12-29,0.00080988731
"UGA",1976,1976-12-29,0.00082055124
"UGA",1977,1977-12-29,0.00082968845
"UGA",1978,1978-12-29,0.00072784506
"UGA",1979,1979-12-29,0.00075506908
"UGA",1980,1980-12-29,0.00073975779
"UGA",1981,1981-12-29,0.00069848535
"UGA",1982,1982-12-29,0.00072988501
"UGA",1983,1983-12-29,0.00074885186
"UGA",1984,1984-12-29,0.00074779295
"UGA",1985,1985-12-29,0.00075040717
"UGA",1986,1986-12-29,0.00075928512
"UGA",1987,1987-12-29,0.00082842581
"UGA",1988,1988-12-29,0.00088853197
"UGA",1989,1989-12-29,0.00091871974
"UGA",1990,1990-12-29,0.0011119688
"UGA",1991,1991-12-29,0.0011687056
"UGA",1992,1992-12-29,0.0012759889
"UGA",1993,1993-12-29,0.0013023232
"UGA",1994,1994-12-29,0.0012532329
"UGA",1995,1995-12-29,0.0011983755
"UGA",1996,1996-12-29,0.00121265
"UGA",1997,1997-12-29,0.0012125068
"UGA",1998,1998-12-29,0.0012376357
"UGA",1999,1999-12-29,0.0012397446
"UGA",2000,2000-12-29,0.0012371318
"UGA",2001,2001-12-29,0.0013498962
"UGA",2002,2002-12-29,0.0014270551
"UGA",2003,2003-12-29,0.0014801455
"UGA",2004,2004-12-29,0.0014446366
"UGA",2005,2005-12-29,0.001400038
"UGA",2006,2006-12-29,0.0014183943
"UGA",2007,2007-12-29,0.0014449185
"UGA",2008,2008-12-29,0.0014628541
"UGA",2009,2009-12-29,0.001479771
"UGA",2010,2010-12-29,0.0014822097
"UGA",2011,2011-12-29,0.0015126336
"UGA",2012,2012-12-29,0.0015478454
"UGA",2013,2013-12-29,0.0016048464
"UGA",2014,2014-12-29,0.0016391395
"UGA",2015,2015-12-29,0.0016702826
"UGA",2016,2016-12-29,0.0017183628
"KEN",1963,1963-12-29,0.00065085391
"KEN",1964,1964-12-29,0.00076828268
"KEN",1965,1965-12-29,0.00079773803
"KEN",1966,1966-12-29,0.00079431641
"KEN",1967,1967-12-29,0.00079819513
"KEN",1968,1968-12-29,0.00082521123
"KEN",1969,1969-12-29,0.00083433057
"KEN",1970,1970-12-29,0.00094642054
"KEN",1971,1971-12-29,0.00097059156
"KEN",1972,1972-12-29,0.00097468594
"KEN",1973,1973-12-29,0.0010017873
"KEN",1974,1974-12-29,0.0010182301
"KEN",1975,1975-12-29,0.0010285354
"KEN",1976,1976-12-29,0.0010244604
"KEN",1977,1977-12-29,0.0010798983
"KEN",1978,1978-12-29,0.0011204651
"KEN",1979,1979-12-29,0.0011789394
"KEN",1980,1980-12-29,0.0012240312
"KEN",1981,1981-12-29,0.0012285647
"KEN",1982,1982-12-29,0.0012464769
"KEN",1983,1983-12-29,0.0012365496
"KEN",1984,1984-12-29,0.0012784388
"KEN",1985,1985-12-29,0.0013032471
"KEN",1986,1986-12-29,0.0012868757
"KEN",1987,1987-12-29,0.0013648652
"KEN",1988,1988-12-29,0.0013887815
"KEN",1989,1989-12-29,0.0014336192
"KEN",1990,1990-12-29,0.0013518895
"KEN",1991,1991-12-29,0.0014498191
"KEN",1992,1992-12-29,0.0014740983
"KEN",1993,1993-12-29,0.0015320703
"KEN",1994,1994-12-29,0.0015468284
"KEN",1995,1995-12-29,0.0015679036
"KEN",1996,1996-12-29,0.0016067418
"KEN",1997,1997-12-29,0.0016452485
"KEN",1998,1998-12-29,0.0015578121
"KEN",1999,1999-12-29,0.0015644536
"KEN",2000,2000-12-29,0.0015468467
"KEN",2001,2001-12-29,0.0016019779
"KEN",2002,2002-12-29,0.0016447291
"KEN",2003,2003-12-29,0.0016569697
"KEN",2004,2004-12-29,0.0016724035
"KEN",2005,2005-12-29,0.0017090919
"KEN",2006,2006-12-29,0.0017245354
"KEN",2007,2007-12-29,0.0017744271
"KEN",2008,2008-12-29,0.0017885541
"KEN",2009,2009-12-29,0.0017865248
"KEN",2010,2010-12-29,0.0017969849
"KEN",2011,2011-12-29,0.0018389566
"KEN",2012,2012-12-29,0.0018821006
"KEN",2013,2013-12-29,0.0019051437
"KEN",2014,2014-12-29,0.0019443855
"KEN",2015,2015-12-29,0.001992957
"KEN",2016,2016-12-29,0.0020401385
"TAZ",1961,1961-12-29,0.00064591697
"TAZ",1962,1962-12-29,0.00063933007
"TAZ",1963,1963-12-29,0.00069092563
"TAZ",1964,1964-12-29,0.00069535256
"TAZ",1965,1965-12-29,0.00074015377
"TAZ",1966,1966-12-29,0.00075537275
"TAZ",1967,1967-12-29,0.00077349396
"TAZ",1968,1968-12-29,0.00093535898
"TAZ",1969,1969-12-29,0.00095357571
"TAZ",1970,1970-12-29,0.00094279298
"TAZ",1971,1971-12-29,0.0009780135
"TAZ",1972,1972-12-29,0.0010282322
"TAZ",1973,1973-12-29,0.0010533654
"TAZ",1974,1974-12-29,0.0010344099
"TAZ",1975,1975-12-29,0.0010739043
"TAZ",1976,1976-12-29,0.001166531
"TAZ",1977,1977-12-29,0.0012273232
"TAZ",1978,1978-12-29,0.0014893191
"TAZ",1979,1979-12-29,0.0014230196
"TAZ",1980,1980-12-29,0.0014517248
"TAZ",1981,1981-12-29,0.0013789156
"TAZ",1982,1982-12-29,0.0013800962
"TAZ",1983,1983-12-29,0.0016467412
"TAZ",1984,1984-12-29,0.0013966887
"TAZ",1985,1985-12-29,0.001499814
"TAZ",1986,1986-12-29,0.0015337365
"TAZ",1987,1987-12-29,0.0014810717
"TAZ",1988,1988-12-29,0.0014867813
"TAZ",1989,1989-12-29,0.0015562699
"TAZ",1990,1990-12-29,0.0015829854
"TAZ",1991,1991-12-29,0.0017303819
"TAZ",1992,1992-12-29,0.0017589107
"TAZ",1993,1993-12-29,0.001787731
"TAZ",1994,1994-12-29,0.0018489449
"TAZ",1995,1995-12-29,0.0018787412
"TAZ",1996,1996-12-29,0.001890589
"TAZ",1997,1997-12-29,0.0017943707
"TAZ",1998,1998-12-29,0.0018358049
"TAZ",1999,1999-12-29,0.001857381
"TAZ",2000,2000-12-29,0.0018541329
"TAZ",2001,2001-12-29,0.0018240635
"TAZ",2002,2002-12-29,0.0017635195
"TAZ",2003,2003-12-29,0.0018090276
"TAZ",2004,2004-12-29,0.0018314249
"TAZ",2005,2005-12-29,0.001825758
"TAZ",2006,2006-12-29,0.0018564994
"TAZ",2007,2007-12-29,0.0018895761
"TAZ",2008,2008-12-29,0.0019435401
"TAZ",2009,2009-12-29,0.0019858647
"TAZ",2010,2010-12-29,0.0020362067
"TAZ",2011,2011-12-29,0.0020466247
"TAZ",2012,2012-12-29,0.0021083048
"TAZ",2013,2013-12-29,0.0021701164
"TAZ",2014,2014-12-29,0.0022222975
"TAZ",2015,2015-12-29,0.0022743172
"TAZ",2016,2016-12-29,0.0023353074
"RWA",1962,1962-12-29,0.00016205976
"RWA",1963,1963-12-29,0.00016611299
"RWA",1964,1964-12-29,0.00017594793
"RWA",1965,1965-12-29,0.00017984772
"RWA",1966,1966-12-29,0.00018850394
"RWA",1967,1967-12-29,0.00018866677
"RWA",1968,1968-12-29,0.00019556933
"RWA",1969,1969-12-29,0.00019702557
"RWA",1970,1970-12-29,0.00022708117
"RWA",1971,1971-12-29,0.00022811852
"RWA",1972,1972-12-29,0.00022743388
"RWA",1973,1973-12-29,0.00022870218
"RWA",1974,1974-12-29,0.00022867364
"RWA",1975,1975-12-29,0.00025123043
"RWA",1976,1976-12-29,0.00025165884
"RWA",1977,1977-12-29,0.00025198431
"RWA",1978,1978-12-29,0.00026577103
"RWA",1979,1979-12-29,0.00026327121
"RWA",1980,1980-12-29,0.00027662827
"RWA",1981,1981-12-29,0.00028165546
"RWA",1982,1982-12-29,0.00028630724
"RWA",1983,1983-12-29,0.00029088403
"RWA",1984,1984-12-29,0.00028924254
"RWA",1985,1985-12-29,0.00029364688
"RWA",1986,1986-12-29,0.00029965228
"RWA",1987,1987-12-29,0.00030656377
"RWA",1988,1988-12-29,0.00031102946
"RWA",1989,1989-12-29,0.00032359938
"RWA",1990,1990-12-29,0.00030871324
"RWA",1991,1991-12-29,0.00046859862
"RWA",1992,1992-12-29,0.00045884974
"RWA",1993,1993-12-29,0.00044313076
"RWA",1994,1994-12-29,0.00042792025
"RWA",1995,1995-12-29,0.00043167637
"RWA",1996,1996-12-29,0.00063003006
"RWA",1997,1997-12-29,0.0005419777
"RWA",1998,1998-12-29,0.00058001815
"RWA",1999,1999-12-29,0.00059404864
"RWA",2000,2000-12-29,0.00081843307
"RWA",2001,2001-12-29,0.00085162796
"RWA",2002,2002-12-29,0.00091760687
"RWA",2003,2003-12-29,0.00076619955
"RWA",2004,2004-12-29,0.00076519063
"RWA",2005,2005-12-29,0.00077737903
"RWA",2006,2006-12-29,0.0007863543
"RWA",2007,2007-12-29,0.00064156589
"RWA",2008,2008-12-29,0.00064299436
"RWA",2009,2009-12-29,0.00064915902
"RWA",2010,2010-12-29,0.00064592587
"RWA",2011,2011-12-29,0.00065692962
"RWA",2012,2012-12-29,0.0006621785
"RWA",2013,2013-12-29,0.00062766776
"RWA",2014,2014-12-29,0.00063116994
"RWA",2015,2015-12-29,0.00064041105
"RWA",2016,2016-12-29,0.00064837927
"SOM",1960,1960-12-29,0.00025280644
"SOM",1961,1961-12-29,0.00029103231
"SOM",1962,1962-12-29,0.00028923486
"SOM",1963,1963-12-29,0.00032921237
"SOM",1964,1964-12-29,0.00034504035
"SOM",1965,1965-12-29,0.00035856146
"SOM",1966,1966-12-29,0.00028647116
"SOM",1967,1967-12-29,0.00029194145
"SOM",1968,1968-12-29,0.0002778804
"SOM",1969,1969-12-29,0.00030541528
"SOM",1970,1970-12-29,0.00043845654
"SOM",1971,1971-12-29,0.00044047748
"SOM",1972,1972-12-29,0.00047300541
"SOM",1973,1973-12-29,0.00047388501
"SOM",1974,1974-12-29,0.00050240615
"SOM",1975,1975-12-29,0.00050800457
"SOM",1976,1976-12-29,0.00052251981
"SOM",1977,1977-12-29,0.00067573274
"SOM",1978,1978-12-29,0.00069441937
"SOM",1979,1979-12-29,0.00070669042
"SOM",1980,1980-12-29,0.00071701955
"SOM",1981,1981-12-29,0.00072957668
"SOM",1982,1982-12-29,0.00073189562
"SOM",1983,1983-12-29,0.00070473622
"SOM",1984,1984-12-29,0.00067068345
"SOM",1985,1985-12-29,0.00067932875
"SOM",1986,1986-12-29,0.00070919388
"SOM",1987,1987-12-29,0.00070314278
"SOM",1988,1988-12-29,0.00068650115
"SOM",1989,1989-12-29,0.00068729586
"SOM",1990,1990-12-29,0.0006841594
"SOM",1991,1991-12-29,0.0005485111
"SOM",1992,1992-12-29,0.00049963506
"SOM",1993,1993-12-29,0.00049683487
"SOM",1994,1994-12-29,0.00062170939
"SOM",1995,1995-12-29,0.00051080913
"SOM",1996,1996-12-29,0.00051419839
"SOM",1997,1997-12-29,0.00052226317
"SOM",1998,1998-12-29,0.00048591092
"SOM",1999,1999-12-29,0.00079813076
"SOM",2000,2000-12-29,0.00080493663
"SOM",2001,2001-12-29,0.00050515938
"SOM",2002,2002-12-29,0.00062967953
"SOM",2003,2003-12-29,0.00063911453
"SOM",2004,2004-12-29,0.0006918381
"SOM",2005,2005-12-29,0.00056086178
"SOM",2006,2006-12-29,0.00057000632
"SOM",2007,2007-12-29,0.00065856479
"SOM",2008,2008-12-29,0.00067680096
"SOM",2009,2009-12-29,0.00048600457
"SOM",2010,2010-12-29,0.00062154577
"SOM",2011,2011-12-29,0.000668875
"SOM",2012,2012-12-29,0.00068564987
"SOM",2013,2013-12-29,0.0007565553
"SOM",2014,2014-12-29,0.00093887839
"SOM",2015,2015-12-29,0.00086565531
"SOM",2016,2016-12-29,0.00094560935
"ETH",1898,1898-12-30,0.0067244144
"ETH",1899,1899-12-30,0.0070463228
"ETH",1900,1900-12-30,0.0066391518
"ETH",1901,1901-12-30,0.0066093225
"ETH",1902,1902-12-30,0.0065633343
"ETH",1903,1903-12-30,0.0064118202
"ETH",1904,1904-12-30,0.0066455542
"ETH",1905,1905-12-30,0.0056809704
"ETH",1906,1906-12-30,0.0064937728
"ETH",1907,1907-12-30,0.0065385033
"ETH",1908,1908-12-30,0.0063350149
"ETH",1909,1909-12-30,0.0061971848
"ETH",1910,1910-12-30,0.0061965515
"ETH",1911,1911-12-30,0.0061403904
"ETH",1912,1912-12-30,0.006329678
"ETH",1913,1913-12-30,0.0058778236
"ETH",1914,1914-12-29,0.0085933553
"ETH",1915,1915-12-29,0.0031847747
"ETH",1916,1916-12-29,0.0032181819
"ETH",1917,1917-12-29,0.0030672001
"ETH",1918,1918-12-30,0.0031815656
"ETH",1919,1919-12-30,0.0031460472
"ETH",1920,1920-12-30,0.0032994372
"ETH",1921,1921-12-30,0.0032893571
"ETH",1922,1922-12-30,0.0036490993
"ETH",1923,1923-12-30,0.0041233809
"ETH",1924,1924-12-30,0.0047735958
"ETH",1925,1925-12-30,0.0048536598
"ETH",1926,1926-12-30,0.0048799235
"ETH",1927,1927-12-30,0.004955871
"ETH",1928,1928-12-30,0.0049643805
"ETH",1929,1929-12-30,0.005020977
"ETH",1930,1930-12-30,0.005039962
"ETH",1931,1931-12-30,0.0050695799
"ETH",1932,1932-12-30,0.0050624814
"ETH",1933,1933-12-30,0.0049597672
"ETH",1934,1934-12-30,0.0048413733
"ETH",1935,1935-12-30,0.0042804251
"ETH",1936,1936-12-30,0.013747108
"ETH",1941,1941-12-29,0.0028082759
"ETH",1942,1942-12-29,0.0029163386
"ETH",1943,1943-12-29,0.0029991569
"ETH",1944,1944-12-29,0.0029556581
"ETH",1945,1945-12-29,0.0029150834
"ETH",1946,1946-12-29,0.0027566534
"ETH",1947,1947-12-29,0.002267149
"ETH",1948,1948-12-29,0.0022584682
"ETH",1949,1949-12-29,0.0021794795
"ETH",1950,1950-12-29,0.0023099598
"ETH",1951,1951-12-29,0.0023074765
"ETH",1952,1952-12-29,0.0022189775
"ETH",1953,1953-12-29,0.0022216362
"ETH",1954,1954-12-29,0.0021927147
"ETH",1955,1955-12-29,0.001984268
"ETH",1956,1956-12-29,0.0020159332
"ETH",1957,1957-12-29,0.0020597186
"ETH",1958,1958-12-29,0.0021029923
"ETH",1959,1959-12-29,0.0017079768
"ETH",1960,1960-12-29,0.0016590166
"ETH",1961,1961-12-29,0.0016496832
"ETH",1962,1962-12-29,0.0016515342
"ETH",1963,1963-12-29,0.0018357147
"ETH",1964,1964-12-29,0.0020808026
"ETH",1965,1965-12-29,0.0018911395
"ETH",1966,1966-12-29,0.0017076683
"ETH",1967,1967-12-29,0.0016984445
"ETH",1968,1968-12-29,0.001716478
"ETH",1969,1969-12-29,0.0017111342
"ETH",1970,1970-12-29,0.0018510618
"ETH",1971,1971-12-29,0.001886838
"ETH",1972,1972-12-29,0.0019241263
"ETH",1973,1973-12-29,0.0019182557
"ETH",1974,1974-12-29,0.0018947874
"ETH",1975,1975-12-29,0.0019708048
"ETH",1976,1976-12-29,0.0023648047
"ETH",1977,1977-12-29,0.0034103093
"ETH",1978,1978-12-29,0.0034495066
"ETH",1979,1979-12-29,0.0032804236
"ETH",1980,1980-12-29,0.0033099563
"ETH",1981,1981-12-29,0.0035011885
"ETH",1982,1982-12-29,0.0032256176
"ETH",1983,1983-12-29,0.0032902064
"ETH",1984,1984-12-29,0.003165602
"ETH",1985,1985-12-29,0.0034942515
"ETH",1986,1986-12-29,0.0038585314
"ETH",1987,1987-12-29,0.0039107949
"ETH",1988,1988-12-29,0.0036123665
"ETH",1989,1989-12-29,0.0036766818
"ETH",1990,1990-12-29,0.0038449431
"ETH",1991,1991-12-29,0.0030256417
"ETH",1992,1992-12-29,0.0031940804
"ETH",1993,1993-12-29,0.0029753593
"ETH",1994,1994-12-29,0.0031162538
"ETH",1995,1995-12-29,0.0031602178
"ETH",1996,1996-12-29,0.0030627414
"ETH",1997,1997-12-29,0.0031037894
"ETH",1998,1998-12-29,0.0039276048
"ETH",1999,1999-12-29,0.0047257058
"ETH",2000,2000-12-29,0.0051864516
"ETH",2001,2001-12-29,0.004597981
"ETH",2002,2002-12-29,0.0045484016
"ETH",2003,2003-12-29,0.0038432844
"ETH",2004,2004-12-29,0.0039422195
"ETH",2005,2005-12-29,0.0040611783
"ETH",2006,2006-12-29,0.0040994491
"ETH",2007,2007-12-29,0.0038816212
"ETH",2008,2008-12-29,0.0037605502
"ETH",2009,2009-12-29,0.0037791745
"ETH",2010,2010-12-29,0.0037676999
"ETH",2011,2011-12-29,0.0038115967
"ETH",2012,2012-12-29,0.0038328751
"ETH",2013,2013-12-29,0.0039644782
"ETH",2014,2014-12-29,0.0040059267
"ETH",2015,2015-12-29,0.0040891455
"ETH",2016,2016-12-29,0.0041730599
"ERI",1993,1993-12-29,0.00064718205
"ERI",1994,1994-12-29,0.00056041696
"ERI",1995,1995-12-29,0.00049149065
"ERI",1996,1996-12-29,0.00050604861
"ERI",1997,1997-12-29,0.00061024423
"ERI",1998,1998-12-29,0.00098451425
"ERI",1999,1999-12-29,0.0018720898
"ERI",2000,2000-12-29,0.0017320205
"ERI",2001,2001-12-29,0.001595121
"ERI",2002,2002-12-29,0.0016025176
"ERI",2003,2003-12-29,0.0018540571
"ERI",2004,2004-12-29,0.0018554283
"ERI",2005,2005-12-29,0.0018689178
"ERI",2006,2006-12-29,0.0022491633
"ERI",2007,2007-12-29,0.0022714839
"ERI",2008,2008-12-29,0.0022441603
"ERI",2009,2009-12-29,0.0018517297
"ERI",2010,2010-12-29,0.002190385
"ERI",2011,2011-12-29,0.0018757115
"ERI",2012,2012-12-29,0.0022411214
"ERI",2013,2013-12-29,0.0022052324
"ERI",2014,2014-12-29,0.0022037129
"ERI",2015,2015-12-29,0.0022324957
"ERI",2016,2016-12-29,0.0022632864
"ANG",1975,1975-12-29,0.00072640728
"ANG",1976,1976-12-29,0.00083352509
"ANG",1977,1977-12-29,0.0009422623
"ANG",1978,1978-12-29,0.00094234053
"ANG",1979,1979-12-29,0.00095099158
"ANG",1980,1980-12-29,0.00097889721
"ANG",1981,1981-12-29,0.001005846
"ANG",1982,1982-12-29,0.0010175453
"ANG",1983,1983-12-29,0.00097525609
"ANG",1984,1984-12-29,0.0010628134
"ANG",1985,1985-12-29,0.0011343647
"ANG",1986,1986-12-29,0.001169886
"ANG",1987,1987-12-29,0.0011502641
"ANG",1988,1988-12-29,0.0013360222
"ANG",1989,1989-12-29,0.0018198439
"ANG",1990,1990-12-29,0.0018388585
"ANG",1991,1991-12-29,0.0016692543
"ANG",1992,1992-12-29,0.0018101222
"ANG",1993,1993-12-29,0.0017690237
"ANG",1994,1994-12-29,0.0015879027
"ANG",1995,1995-12-29,0.0014742792
"ANG",1996,1996-12-29,0.0014594173
"ANG",1997,1997-12-29,0.0015179386
"ANG",1998,1998-12-29,0.0016348561
"ANG",1999,1999-12-29,0.0016469551
"ANG",2000,2000-12-29,0.0019093294
"ANG",2001,2001-12-29,0.0020281915
"ANG",2002,2002-12-29,0.001871864
"ANG",2003,2003-12-29,0.0019920841
"ANG",2004,2004-12-29,0.0019540314
"ANG",2005,2005-12-29,0.0020054555
"ANG",2006,2006-12-29,0.0020895682
"ANG",2007,2007-12-29,0.0021811884
"ANG",2008,2008-12-29,0.0021117763
"ANG",2009,2009-12-29,0.0022529408
"ANG",2010,2010-12-29,0.0023027291
"ANG",2011,2011-12-29,0.0023111342
"ANG",2012,2012-12-29,0.0024104982
"ANG",2013,2013-12-29,0.0030051954
"ANG",2014,2014-12-29,0.0031414402
"ANG",2015,2015-12-29,0.0029185105
"ANG",2016,2016-12-29,0.0027778875
"ZAM",1964,1964-12-29,0.00037933994
"ZAM",1965,1965-12-29,0.00042553883
"ZAM",1966,1966-12-29,0.00044528808
"ZAM",1967,1967-12-29,0.00047130461
"ZAM",1968,1968-12-29,0.00050619425
"ZAM",1969,1969-12-29,0.0005169324
"ZAM",1970,1970-12-29,0.00055970083
"ZAM",1971,1971-12-29,0.00064875867
"ZAM",1972,1972-12-29,0.00068906049
"ZAM",1973,1973-12-29,0.00069468882
"ZAM",1974,1974-12-29,0.0007019061
"ZAM",1975,1975-12-29,0.00070438557
"ZAM",1976,1976-12-29,0.00071072392
"ZAM",1977,1977-12-29,0.00072940037
"ZAM",1978,1978-12-29,0.00069045136
"ZAM",1979,1979-12-29,0.00071460579
"ZAM",1980,1980-12-29,0.00071498088
"ZAM",1981,1981-12-29,0.00081515207
"ZAM",1982,1982-12-29,0.00077592768
"ZAM",1983,1983-12-29,0.00081272254
"ZAM",1984,1984-12-29,0.00078737334
"ZAM",1985,1985-12-29,0.00073808094
"ZAM",1986,1986-12-29,0.00073882856
"ZAM",1987,1987-12-29,0.00073730177
"ZAM",1988,1988-12-29,0.00076656707
"ZAM",1989,1989-12-29,0.0007770888
"ZAM",1990,1990-12-29,0.00076072471
"ZAM",1991,1991-12-29,0.00075625745
"ZAM",1992,1992-12-29,0.00090702291
"ZAM",1993,1993-12-29,0.00076209439
"ZAM",1994,1994-12-29,0.00075883954
"ZAM",1995,1995-12-29,0.00075376243
"ZAM",1996,1996-12-29,0.00074566109
"ZAM",1997,1997-12-29,0.00078172679
"ZAM",1998,1998-12-29,0.00076061219
"ZAM",1999,1999-12-29,0.00075567811
"ZAM",2000,2000-12-29,0.00071654975
"ZAM",2001,2001-12-29,0.0007592155
"ZAM",2002,2002-12-29,0.00076153653
"ZAM",2003,2003-12-29,0.00073283334
"ZAM",2004,2004-12-29,0.00073266984
"ZAM",2005,2005-12-29,0.00074067677
"ZAM",2006,2006-12-29,0.00076651532
"ZAM",2007,2007-12-29,0.00076554442
"ZAM",2008,2008-12-29,0.00077014707
"ZAM",2009,2009-12-29,0.00077395217
"ZAM",2010,2010-12-29,0.00078171107
"ZAM",2011,2011-12-29,0.00079780567
"ZAM",2012,2012-12-29,0.000809733
"ZAM",2013,2013-12-29,0.00083376153
"ZAM",2014,2014-12-29,0.00085324334
"ZAM",2015,2015-12-29,0.00087171356
"ZAM",2016,2016-12-29,0.00087392726
"ZIM",1965,1965-12-29,0.00059555453
"ZIM",1966,1966-12-29,0.00058684126
"ZIM",1967,1967-12-29,0.00057914574
"ZIM",1968,1968-12-29,0.00060837215
"ZIM",1969,1969-12-29,0.00060843921
"ZIM",1970,1970-12-29,0.00068809197
"ZIM",1971,1971-12-29,0.00075109128
"ZIM",1972,1972-12-29,0.00074653525
"ZIM",1973,1973-12-29,0.00076890254
"ZIM",1974,1974-12-29,0.0008183844
"ZIM",1975,1975-12-29,0.00090593548
"ZIM",1976,1976-12-29,0.00091594068
"ZIM",1977,1977-12-29,0.00093114073
"ZIM",1978,1978-12-29,0.00098840566
"ZIM",1979,1979-12-29,0.0010726019
"ZIM",1980,1980-12-29,0.0014767824
"ZIM",1981,1981-12-29,0.0012885161
"ZIM",1982,1982-12-29,0.001112994
"ZIM",1983,1983-12-29,0.0011431159
"ZIM",1984,1984-12-29,0.001038378
"ZIM",1985,1985-12-29,0.0010644988
"ZIM",1986,1986-12-29,0.0010932287
"ZIM",1987,1987-12-29,0.0011093139
"ZIM",1988,1988-12-29,0.0011049687
"ZIM",1989,1989-12-29,0.0011826116
"ZIM",1990,1990-12-29,0.0011226708
"ZIM",1991,1991-12-29,0.0011858294
"ZIM",1992,1992-12-29,0.0012027734
"ZIM",1993,1993-12-29,0.0011304701
"ZIM",1994,1994-12-29,0.0010879185
"ZIM",1995,1995-12-29,0.0010773204
"ZIM",1996,1996-12-29,0.0010775612
"ZIM",1997,1997-12-29,0.0010908507
"ZIM",1998,1998-12-29,0.0010769936
"ZIM",1999,1999-12-29,0.0011052873
"ZIM",2000,2000-12-29,0.001062371
"ZIM",2001,2001-12-29,0.0010783848
"ZIM",2002,2002-12-29,0.0011175054
"ZIM",2003,2003-12-29,0.0010067092
"ZIM",2004,2004-12-29,0.00097109901
"ZIM",2005,2005-12-29,0.00094497949
"ZIM",2006,2006-12-29,0.00092171325
"ZIM",2007,2007-12-29,0.0010654592
"ZIM",2008,2008-12-29,0.0010338423
"ZIM",2009,2009-12-29,0.0010120004
"ZIM",2010,2010-12-29,0.00085126504
"ZIM",2011,2011-12-29,0.0008635816
"ZIM",2012,2012-12-29,0.00086668396
"ZIM",2013,2013-12-29,0.00090109732
"ZIM",2014,2014-12-29,0.00090290303
"ZIM",2015,2015-12-29,0.00091046438
"ZIM",2016,2016-12-29,0.00090981391
"SAF",1920,1920-12-30,0.003878586
"SAF",1921,1921-12-30,0.0043001766
"SAF",1922,1922-12-30,0.0038191765
"SAF",1923,1923-12-30,0.0033550654
"SAF",1924,1924-12-30,0.0041884617
"SAF",1925,1925-12-30,0.003603918
"SAF",1926,1926-12-30,0.0037435745
"SAF",1927,1927-12-30,0.0035509814
"SAF",1928,1928-12-30,0.0034652855
"SAF",1929,1929-12-30,0.0034260466
"SAF",1930,1930-12-30,0.0034169671
"SAF",1931,1931-12-30,0.0034726439
"SAF",1932,1932-12-30,0.0035714372
"SAF",1933,1933-12-30,0.0034987179
"SAF",1934,1934-12-30,0.0036436676
"SAF",1935,1935-12-30,0.0040298603
"SAF",1936,1936-12-30,0.0041132569
"SAF",1937,1937-12-30,0.0041213538
"SAF",1938,1938-12-30,0.004428735
"SAF",1939,1939-12-30,0.0043412112
"SAF",1940,1940-12-29,0.0053545451
"SAF",1941,1941-12-29,0.0056574885
"SAF",1942,1942-12-29,0.006322246
"SAF",1943,1943-12-29,0.0056632753
"SAF",1944,1944-12-29,0.0058282418
"SAF",1945,1945-12-29,0.0064179571
"SAF",1946,1946-12-29,0.0062895054
"SAF",1947,1947-12-29,0.0056086807
"SAF",1948,1948-12-29,0.0052241455
"SAF",1949,1949-12-29,0.0051927264
"SAF",1950,1950-12-29,0.0050475346
"SAF",1951,1951-12-29,0.0050590755
"SAF",1952,1952-12-29,0.005160071
"SAF",1953,1953-12-29,0.0050160727
"SAF",1954,1954-12-29,0.0051388261
"SAF",1955,1955-12-29,0.0047843964
"SAF",1956,1956-12-29,0.0047272458
"SAF",1957,1957-12-29,0.0047775675
"SAF",1958,1958-12-29,0.0049306066
"SAF",1959,1959-12-29,0.0046779644
"SAF",1960,1960-12-29,0.0046756975
"SAF",1961,1961-12-29,0.004920485
"SAF",1962,1962-12-29,0.0050208247
"SAF",1963,1963-12-29,0.0051719495
"SAF",1964,1964-12-29,0.0052926149
"SAF",1965,1965-12-29,0.0054105744
"SAF",1966,1966-12-29,0.0052317102
"SAF",1967,1967-12-29,0.0053870939
"SAF",1968,1968-12-29,0.0058869543
"SAF",1969,1969-12-29,0.0058950786
"SAF",1970,1970-12-29,0.0059464192
"SAF",1971,1971-12-29,0.0061463052
"SAF",1972,1972-12-29,0.0062120464
"SAF",1973,1973-12-29,0.0060136304
"SAF",1974,1974-12-29,0.0062763779
"SAF",1975,1975-12-29,0.0068328204
"SAF",1976,1976-12-29,0.0069834199
"SAF",1977,1977-12-29,0.0072294213
"SAF",1978,1978-12-29,0.0073588225
"SAF",1979,1979-12-29,0.0074245264
"SAF",1980,1980-12-29,0.0077956049
"SAF",1981,1981-12-29,0.0081333183
"SAF",1982,1982-12-29,0.0081275525
"SAF",1983,1983-12-29,0.0079695377
"SAF",1984,1984-12-29,0.0080302851
"SAF",1985,1985-12-29,0.0080655301
"SAF",1986,1986-12-29,0.0079637775
"SAF",1987,1987-12-29,0.0082010664
"SAF",1988,1988-12-29,0.0080391252
"SAF",1989,1989-12-29,0.0082658017
"SAF",1990,1990-12-29,0.0080122035
"SAF",1991,1991-12-29,0.0083809197
"SAF",1992,1992-12-29,0.0081795808
"SAF",1993,1993-12-29,0.0082554976
"SAF",1994,1994-12-29,0.0083397599
"SAF",1995,1995-12-29,0.0081829512
"SAF",1996,1996-12-29,0.0078860968
"SAF",1997,1997-12-29,0.0079420479
"SAF",1998,1998-12-29,0.0076089795
"SAF",1999,1999-12-29,0.0074387603
"SAF",2000,2000-12-29,0.0073944181
"SAF",2001,2001-12-29,0.0074941739
"SAF",2002,2002-12-29,0.0078595579
"SAF",2003,2003-12-29,0.0079489211
"SAF",2004,2004-12-29,0.0079187807
"SAF",2005,2005-12-29,0.007718503
"SAF",2006,2006-12-29,0.0075769909
"SAF",2007,2007-12-29,0.0074304133
"SAF",2008,2008-12-29,0.0072793807
"SAF",2009,2009-12-29,0.007397268
"SAF",2010,2010-12-29,0.0069938428
"SAF",2011,2011-12-29,0.0070287106
"SAF",2012,2012-12-29,0.006840819
"SAF",2013,2013-12-29,0.0067758244
"SAF",2014,2014-12-29,0.0067040091
"SAF",2015,2015-12-29,0.0065866099
"SAF",2016,2016-12-29,0.0066248146
"MOR",1847,1847-12-30,0.0017539902
"MOR",1848,1848-12-30,0.0017581498
"MOR",1849,1849-12-30,0.0017011829
"MOR",1850,1850-12-30,0.0016769172
"MOR",1851,1851-12-30,0.0017602781
"MOR",1852,1852-12-30,0.0017029988
"MOR",1853,1853-12-30,0.001682307
"MOR",1854,1854-12-30,0.0016356623
"MOR",1855,1855-12-30,0.001498059
"MOR",1856,1856-12-30,0.0014484308
"MOR",1857,1857-12-30,0.0016031936
"MOR",1858,1858-12-30,0.0016589975
"MOR",1859,1859-12-30,0.0027042911
"MOR",1860,1860-12-30,0.0018800121
"MOR",1861,1861-12-30,0.0018247778
"MOR",1862,1862-12-30,0.0018379982
"MOR",1863,1863-12-30,0.0017856165
"MOR",1864,1864-12-30,0.0017529803
"MOR",1865,1865-12-30,0.0017735211
"MOR",1866,1866-12-30,0.0018672026
"MOR",1867,1867-12-30,0.0018365736
"MOR",1868,1868-12-30,0.0018452499
"MOR",1869,1869-12-30,0.0018465728
"MOR",1870,1870-12-30,0.0018494166
"MOR",1871,1871-12-30,0.0016961382
"MOR",1872,1872-12-30,0.001808143
"MOR",1873,1873-12-30,0.0017376344
"MOR",1874,1874-12-30,0.0017401156
"MOR",1875,1875-12-30,0.0017109425
"MOR",1876,1876-12-30,0.0016756816
"MOR",1877,1877-12-30,0.0016612553
"MOR",1878,1878-12-30,0.001611474
"MOR",1879,1879-12-30,0.0016601228
"MOR",1880,1880-12-30,0.0016485401
"MOR",1881,1881-12-30,0.0016168603
"MOR",1882,1882-12-30,0.0016153627
"MOR",1883,1883-12-30,0.0016361645
"MOR",1884,1884-12-30,0.0016712188
"MOR",1885,1885-12-30,0.0016577491
"MOR",1886,1886-12-30,0.0016443823
"MOR",1887,1887-12-30,0.0016155542
"MOR",1888,1888-12-30,0.0015880833
"MOR",1889,1889-12-30,0.0015756814
"MOR",1890,1890-12-30,0.0015645339
"MOR",1891,1891-12-30,0.0015482458
"MOR",1892,1892-12-30,0.0015496333
"MOR",1893,1893-12-30,0.0015294743
"MOR",1894,1894-12-30,0.0015236222
"MOR",1895,1895-12-30,0.0015085374
"MOR",1896,1896-12-30,0.0015071306
"MOR",1897,1897-12-30,0.0014817745
"MOR",1898,1898-12-30,0.0014415225
"MOR",1899,1899-12-30,0.0014600042
"MOR",1900,1900-12-30,0.0014292386
"MOR",1901,1901-12-30,0.0014217226
"MOR",1902,1902-12-30,0.0014045141
"MOR",1903,1903-12-30,0.0013995317
"MOR",1904,1904-12-30,0.0013980732
"MOR",1905,1905-12-30,0.0013284634
"MOR",1906,1906-12-30,0.0012513503
"MOR",1907,1907-12-30,0.001253178
"MOR",1908,1908-12-30,0.0012389894
"MOR",1909,1909-12-30,0.0012261337
"MOR",1910,1910-12-30,0.0012216071
"MOR",1911,1911-12-30,0.0012093522
"MOR",1912,1912-12-30,0.0027206552
"MOR",1956,1956-12-29,0.0015640818
"MOR",1957,1957-12-29,0.0016381051
"MOR",1958,1958-12-29,0.0016876984
"MOR",1959,1959-12-29,0.001704826
"MOR",1960,1960-12-29,0.0016780351
"MOR",1961,1961-12-29,0.0018185013
"MOR",1962,1962-12-29,0.0018557011
"MOR",1963,1963-12-29,0.0018634734
"MOR",1964,1964-12-29,0.0019084464
"MOR",1965,1965-12-29,0.0019747941
"MOR",1966,1966-12-29,0.0020735094
"MOR",1967,1967-12-29,0.0020642818
"MOR",1968,1968-12-29,0.0021457686
"MOR",1969,1969-12-29,0.0021599452
"MOR",1970,1970-12-29,0.0021214469
"MOR",1971,1971-12-29,0.0021265745
"MOR",1972,1972-12-29,0.0021990989
"MOR",1973,1973-12-29,0.0022856048
"MOR",1974,1974-12-29,0.0024296367
"MOR",1975,1975-12-29,0.0025159712
"MOR",1976,1976-12-29,0.0027218659
"MOR",1977,1977-12-29,0.0027801308
"MOR",1978,1978-12-29,0.0028018637
"MOR",1979,1979-12-29,0.0029718901
"MOR",1980,1980-12-29,0.0031471311
"MOR",1981,1981-12-29,0.0031641109
"MOR",1982,1982-12-29,0.00323803
"MOR",1983,1983-12-29,0.0032369737
"MOR",1984,1984-12-29,0.0031595724
"MOR",1985,1985-12-29,0.003218845
"MOR",1986,1986-12-29,0.0033335146
"MOR",1987,1987-12-29,0.003415829
"MOR",1988,1988-12-29,0.0034047884
"MOR",1989,1989-12-29,0.0034745657
"MOR",1990,1990-12-29,0.003471571
"MOR",1991,1991-12-29,0.0035122372
"MOR",1992,1992-12-29,0.0036260444
"MOR",1993,1993-12-29,0.0036360116
"MOR",1994,1994-12-29,0.003679848
"MOR",1995,1995-12-29,0.0037342035
"MOR",1996,1996-12-29,0.0037563613
"MOR",1997,1997-12-29,0.0037739039
"MOR",1998,1998-12-29,0.0039030216
"MOR",1999,1999-12-29,0.003936429
"MOR",2000,2000-12-29,0.0038940052
"MOR",2001,2001-12-29,0.0040145195
"MOR",2002,2002-12-29,0.0038458908
"MOR",2003,2003-12-29,0.003811301
"MOR",2004,2004-12-29,0.003848654
"MOR",2005,2005-12-29,0.0039283428
"MOR",2006,2006-12-29,0.0039302246
"MOR",2007,2007-12-29,0.0039574397
"MOR",2008,2008-12-29,0.0038917568
"MOR",2009,2009-12-29,0.0038440621
"MOR",2010,2010-12-29,0.0038079231
"MOR",2011,2011-12-29,0.0038611603
"MOR",2012,2012-12-29,0.0038524808
"MOR",2013,2013-12-29,0.0038630043
"MOR",2014,2014-12-29,0.0038607174
"MOR",2015,2015-12-29,0.0038120495
"MOR",2016,2016-12-29,0.0038105429
"ALG",1962,1962-12-29,0.0014730149
"ALG",1963,1963-12-29,0.0016851829
"ALG",1964,1964-12-29,0.0017614211
"ALG",1965,1965-12-29,0.0017894357
"ALG",1966,1966-12-29,0.0018812284
"ALG",1967,1967-12-29,0.0018976856
"ALG",1968,1968-12-29,0.001895053
"ALG",1969,1969-12-29,0.0019568165
"ALG",1970,1970-12-29,0.0018775451
"ALG",1971,1971-12-29,0.001907223
"ALG",1972,1972-12-29,0.0019503209
"ALG",1973,1973-12-29,0.0020342786
"ALG",1974,1974-12-29,0.0020741101
"ALG",1975,1975-12-29,0.002133064
"ALG",1976,1976-12-29,0.0022284298
"ALG",1977,1977-12-29,0.0021990025
"ALG",1978,1978-12-29,0.0025191638
"ALG",1979,1979-12-29,0.0025019883
"ALG",1980,1980-12-29,0.0029125451
"ALG",1981,1981-12-29,0.0028746901
"ALG",1982,1982-12-29,0.0032124792
"ALG",1983,1983-12-29,0.0033976806
"ALG",1984,1984-12-29,0.0038547302
"ALG",1985,1985-12-29,0.0038691012
"ALG",1986,1986-12-29,0.0040105251
"ALG",1987,1987-12-29,0.0040660873
"ALG",1988,1988-12-29,0.0037381432
"ALG",1989,1989-12-29,0.0036448659
"ALG",1990,1990-12-29,0.003628327
"ALG",1991,1991-12-29,0.0037292151
"ALG",1992,1992-12-29,0.0040196939
"ALG",1993,1993-12-29,0.0038932958
"ALG",1994,1994-12-29,0.0039075357
"ALG",1995,1995-12-29,0.0039404454
"ALG",1996,1996-12-29,0.0039671827
"ALG",1997,1997-12-29,0.0039651431
"ALG",1998,1998-12-29,0.0043796478
"ALG",1999,1999-12-29,0.0043240325
"ALG",2000,2000-12-29,0.0042518699
"ALG",2001,2001-12-29,0.0043241167
"ALG",2002,2002-12-29,0.0038494668
"ALG",2003,2003-12-29,0.0036856791
"ALG",2004,2004-12-29,0.003656178
"ALG",2005,2005-12-29,0.0038441024
"ALG",2006,2006-12-29,0.0037768604
"ALG",2007,2007-12-29,0.0039175735
"ALG",2008,2008-12-29,0.003944587
"ALG",2009,2009-12-29,0.0039561712
"ALG",2010,2010-12-29,0.0039301617
"ALG",2011,2011-12-29,0.004245095
"ALG",2012,2012-12-29,0.0041720411
"ALG",2013,2013-12-29,0.0042193625
"ALG",2014,2014-12-29,0.0045730872
"ALG",2015,2015-12-29,0.0045657852
"ALG",2016,2016-12-29,0.0045470335
"TUN",1825,1825-12-30,0.0042398116
"TUN",1826,1826-12-30,0.004274766
"TUN",1827,1827-12-30,0.0040861475
"TUN",1828,1828-12-30,0.0040304805
"TUN",1829,1829-12-30,0.0039240681
"TUN",1830,1830-12-30,0.0037576763
"TUN",1831,1831-12-30,0.0036357432
"TUN",1832,1832-12-30,0.0036791631
"TUN",1833,1833-12-30,0.0036170157
"TUN",1834,1834-12-30,0.0036228537
"TUN",1835,1835-12-30,0.0036152818
"TUN",1836,1836-12-30,0.0034505536
"TUN",1837,1837-12-30,0.003534853
"TUN",1838,1838-12-30,0.0034641577
"TUN",1839,1839-12-30,0.0033661027
"TUN",1840,1840-12-30,0.0032943191
"TUN",1841,1841-12-30,0.0033049451
"TUN",1842,1842-12-30,0.0032389925
"TUN",1843,1843-12-30,0.0032527314
"TUN",1844,1844-12-30,0.0032147053
"TUN",1845,1845-12-30,0.0033217177
"TUN",1846,1846-12-30,0.0032132308
"TUN",1847,1847-12-30,0.0032401551
"TUN",1848,1848-12-30,0.0032026684
"TUN",1849,1849-12-30,0.0031589901
"TUN",1850,1850-12-30,0.0030763461
"TUN",1851,1851-12-30,0.0032243193
"TUN",1852,1852-12-30,0.0030591616
"TUN",1853,1853-12-30,0.0029715786
"TUN",1854,1854-12-30,0.0029125935
"TUN",1855,1855-12-30,0.0026345791
"TUN",1856,1856-12-30,0.0025470061
"TUN",1857,1857-12-30,0.0027689415
"TUN",1858,1858-12-30,0.0028774538
"TUN",1859,1859-12-30,0.0028170827
"TUN",1860,1860-12-30,0.0020877013
"TUN",1861,1861-12-30,0.0020495451
"TUN",1862,1862-12-30,0.0020339943
"TUN",1863,1863-12-30,0.0019787413
"TUN",1864,1864-12-30,0.0019025707
"TUN",1865,1865-12-30,0.0019733976
"TUN",1866,1866-12-30,0.0021701069
"TUN",1867,1867-12-30,0.0021715311
"TUN",1868,1868-12-30,0.0021812357
"TUN",1869,1869-12-30,0.002237244
"TUN",1870,1870-12-30,0.0022394885
"TUN",1871,1871-12-30,0.0019209731
"TUN",1872,1872-12-30,0.0012482699
"TUN",1873,1873-12-30,0.001229465
"TUN",1874,1874-12-30,0.0012159086
"TUN",1875,1875-12-30,0.0011905396
"TUN",1876,1876-12-30,0.0011600192
"TUN",1877,1877-12-30,0.0011430011
"TUN",1878,1878-12-30,0.0011108988
"TUN",1879,1879-12-30,0.001169482
"TUN",1880,1880-12-30,0.0011526897
"TUN",1881,1881-12-30,0.0011331445
"TUN",1956,1956-12-29,0.00048522605
"TUN",1957,1957-12-29,0.00049221533
"TUN",1958,1958-12-29,0.00048803102
"TUN",1959,1959-12-29,0.00054032594
"TUN",1960,1960-12-29,0.00055874349
"TUN",1961,1961-12-29,0.00057570857
"TUN",1962,1962-12-29,0.00055192003
"TUN",1963,1963-12-29,0.00059620687
"TUN",1964,1964-12-29,0.00062376208
"TUN",1965,1965-12-29,0.00058128609
"TUN",1966,1966-12-29,0.00061363005
"TUN",1967,1967-12-29,0.0006079108
"TUN",1968,1968-12-29,0.00061755517
"TUN",1969,1969-12-29,0.00061584165
"TUN",1970,1970-12-29,0.0006164661
"TUN",1971,1971-12-29,0.00061103643
"TUN",1972,1972-12-29,0.000583185
"TUN",1973,1973-12-29,0.0005754974
"TUN",1974,1974-12-29,0.00057197508
"TUN",1975,1975-12-29,0.00058631576
"TUN",1976,1976-12-29,0.00058565609
"TUN",1977,1977-12-29,0.00060622802
"TUN",1978,1978-12-29,0.00061968056
"TUN",1979,1979-12-29,0.00063866563
"TUN",1980,1980-12-29,0.00072062243
"TUN",1981,1981-12-29,0.00068515312
"TUN",1982,1982-12-29,0.00070476043
"TUN",1983,1983-12-29,0.00071427686
"TUN",1984,1984-12-29,0.0007992441
"TUN",1985,1985-12-29,0.00080426311
"TUN",1986,1986-12-29,0.00081994489
"TUN",1987,1987-12-29,0.00081820542
"TUN",1988,1988-12-29,0.00081289845
"TUN",1989,1989-12-29,0.00083847647
"TUN",1990,1990-12-29,0.00077259721
"TUN",1991,1991-12-29,0.00082703738
"TUN",1992,1992-12-29,0.00086904876
"TUN",1993,1993-12-29,0.000820552
"TUN",1994,1994-12-29,0.00084545987
"TUN",1995,1995-12-29,0.00086250692
"TUN",1996,1996-12-29,0.00086987042
"TUN",1997,1997-12-29,0.00085809652
"TUN",1998,1998-12-29,0.00087039138
"TUN",1999,1999-12-29,0.000874819
"TUN",2000,2000-12-29,0.00087202352
"TUN",2001,2001-12-29,0.00090082834
"TUN",2002,2002-12-29,0.00099063606
"TUN",2003,2003-12-29,0.00096632284
"TUN",2004,2004-12-29,0.00095595
"TUN",2005,2005-12-29,0.00096073234
"TUN",2006,2006-12-29,0.00095787278
"TUN",2007,2007-12-29,0.00095085555
"TUN",2008,2008-12-29,0.00095449929
"TUN",2009,2009-12-29,0.00095795211
"TUN",2010,2010-12-29,0.00093813025
"TUN",2011,2011-12-29,0.00094859244
"TUN",2012,2012-12-29,0.00096667535
"TUN",2013,2013-12-29,0.00097074819
"TUN",2014,2014-12-29,0.00097785622
"TUN",2015,2015-12-29,0.0010430979
"TUN",2016,2016-12-29,0.00098196743
"LIB",1951,1951-12-29,0.00012579247
"LIB",1952,1952-12-29,0.00012031962
"LIB",1953,1953-12-29,0.00018316181
"LIB",1954,1954-12-29,0.00018589357
"LIB",1955,1955-12-29,0.0001895123
"LIB",1956,1956-12-29,0.00019803584
"LIB",1957,1957-12-29,0.00020783246
"LIB",1958,1958-12-29,0.00021328757
"LIB",1959,1959-12-29,0.00020492935
"LIB",1960,1960-12-29,0.00020245693
"LIB",1961,1961-12-29,0.00024729309
"LIB",1962,1962-12-29,0.00025126379
"LIB",1963,1963-12-29,0.00029882914
"LIB",1964,1964-12-29,0.0003304932
"LIB",1965,1965-12-29,0.00034250025
"LIB",1966,1966-12-29,0.00039488883
"LIB",1967,1967-12-29,0.00079655112
"LIB",1968,1968-12-29,0.00046907095
"LIB",1969,1969-12-29,0.00047647275
"LIB",1970,1970-12-29,0.00042389747
"LIB",1971,1971-12-29,0.00054672646
"LIB",1972,1972-12-29,0.00060693832
"LIB",1973,1973-12-29,0.00069379795
"LIB",1974,1974-12-29,0.00085058704
"LIB",1975,1975-12-29,0.00091437541
"LIB",1976,1976-12-29,0.0011238463
"LIB",1977,1977-12-29,0.0012136128
"LIB",1978,1978-12-29,0.0018233209
"LIB",1979,1979-12-29,0.001835169
"LIB",1980,1980-12-29,0.0016982064
"LIB",1981,1981-12-29,0.001138428
"LIB",1982,1982-12-29,0.001721964
"LIB",1983,1983-12-29,0.002012105
"LIB",1984,1984-12-29,0.0023346799
"LIB",1985,1985-12-29,0.0015919131
"LIB",1986,1986-12-29,0.0016166515
"LIB",1987,1987-12-29,0.0016396485
"LIB",1988,1988-12-29,0.0016476775
"LIB",1989,1989-12-29,0.0017896309
"LIB",1990,1990-12-29,0.0019101682
"LIB",1991,1991-12-29,0.0022640943
"LIB",1992,1992-12-29,0.0022549715
"LIB",1993,1993-12-29,0.0021333061
"LIB",1994,1994-12-29,0.00205174
"LIB",1995,1995-12-29,0.0020223896
"LIB",1996,1996-12-29,0.001990784
"LIB",1997,1997-12-29,0.0019361718
"LIB",1998,1998-12-29,0.0019657081
"LIB",1999,1999-12-29,0.0020561323
"LIB",2000,2000-12-29,0.0019453065
"LIB",2001,2001-12-29,0.0018050604
"LIB",2002,2002-12-29,0.0015956082
"LIB",2003,2003-12-29,0.0015858182
"LIB",2004,2004-12-29,0.0015773477
"LIB",2005,2005-12-29,0.0015988909
"LIB",2006,2006-12-29,0.0015488371
"LIB",2007,2007-12-29,0.0015401413
"LIB",2008,2008-12-29,0.0015644629
"LIB",2009,2009-12-29,0.0016140694
"LIB",2010,2010-12-29,0.001658033
"LIB",2011,2011-12-29,0.0013641062
"LIB",2012,2012-12-29,0.0010651902
"LIB",2013,2013-12-29,0.0013931369
"LIB",2014,2014-12-29,0.00073837745
"LIB",2015,2015-12-29,0.00069848693
"LIB",2016,2016-12-29,0.00077437708
"SUD",1956,1956-12-29,0.00086192391
"SUD",1957,1957-12-29,0.00086139084
"SUD",1958,1958-12-29,0.00086343242
"SUD",1959,1959-12-29,0.00087197078
"SUD",1960,1960-12-29,0.00084489805
"SUD",1961,1961-12-29,0.00091245677
"SUD",1962,1962-12-29,0.00089680031
"SUD",1963,1963-12-29,0.00088242575
"SUD",1964,1964-12-29,0.0008866557
"SUD",1965,1965-12-29,0.00090329116
"SUD",1966,1966-12-29,0.00092065497
"SUD",1967,1967-12-29,0.00092963368
"SUD",1968,1968-12-29,0.00094374822
"SUD",1969,1969-12-29,0.0010256409
"SUD",1970,1970-12-29,0.0010787426
"SUD",1971,1971-12-29,0.0013057482
"SUD",1972,1972-12-29,0.0013187701
"SUD",1973,1973-12-29,0.0013235846
"SUD",1974,1974-12-29,0.0013374395
"SUD",1975,1975-12-29,0.0014547212
"SUD",1976,1976-12-29,0.0014875468
"SUD",1977,1977-12-29,0.0015494401
"SUD",1978,1978-12-29,0.0017034068
"SUD",1979,1979-12-29,0.001718953
"SUD",1980,1980-12-29,0.0017116363
"SUD",1981,1981-12-29,0.0018889407
"SUD",1982,1982-12-29,0.0019074386
"SUD",1983,1983-12-29,0.0018977348
"SUD",1984,1984-12-29,0.0017704845
"SUD",1985,1985-12-29,0.0018359068
"SUD",1986,1986-12-29,0.0018337585
"SUD",1987,1987-12-29,0.0018649229
"SUD",1988,1988-12-29,0.0019258918
"SUD",1989,1989-12-29,0.0019726332
"SUD",1990,1990-12-29,0.001953867
"SUD",1991,1991-12-29,0.0020715937
"SUD",1992,1992-12-29,0.0023749562
"SUD",1993,1993-12-29,0.0022248814
"SUD",1994,1994-12-29,0.0022912668
"SUD",1995,1995-12-29,0.0022708306
"SUD",1996,1996-12-29,0.0022888554
"SUD",1997,1997-12-29,0.0024251547
"SUD",1998,1998-12-29,0.0024452261
"SUD",1999,1999-12-29,0.0024520571
"SUD",2000,2000-12-29,0.0025007033
"SUD",2001,2001-12-29,0.0027328925
"SUD",2002,2002-12-29,0.0024921056
"SUD",2003,2003-12-29,0.0024158987
"SUD",2004,2004-12-29,0.0024284166
"SUD",2005,2005-12-29,0.0025599438
"SUD",2006,2006-12-29,0.0028839752
"SUD",2007,2007-12-29,0.0028961746
"SUD",2008,2008-12-29,0.0029171654
"SUD",2009,2009-12-29,0.0025443682
"SUD",2010,2010-12-29,0.0025936936
"SUD",2011,2011-12-29,0.0026178537
"SUD",2012,2012-12-29,0.0029549962
"SUD",2013,2013-12-29,0.0037359006
"SUD",2014,2014-12-29,0.0043008882
"SUD",2015,2015-12-29,0.0043564369
"SUD",2016,2016-12-29,0.0044348217
"IRN",1855,1855-12-30,0.0055900961
"IRN",1856,1856-12-30,0.0057948707
"IRN",1857,1857-12-30,0.006052325
"IRN",1858,1858-12-30,0.0061185132
"IRN",1859,1859-12-30,0.0060652811
"IRN",1860,1860-12-30,0.0038591949
"IRN",1861,1861-12-30,0.0037952175
"IRN",1862,1862-12-30,0.0038426414
"IRN",1863,1863-12-30,0.0037825569
"IRN",1864,1864-12-30,0.0037429081
"IRN",1865,1865-12-30,0.003802181
"IRN",1866,1866-12-30,0.0040575089
"IRN",1867,1867-12-30,0.0040174942
"IRN",1868,1868-12-30,0.0111845
"IRN",1869,1869-12-30,0.0040892055
"IRN",1870,1870-12-30,0.0041248561
"IRN",1871,1871-12-30,0.0038500067
"IRN",1872,1872-12-30,0.0040987423
"IRN",1873,1873-12-30,0.004063894
"IRN",1874,1874-12-30,0.0042970553
"IRN",1875,1875-12-30,0.0042760158
"IRN",1876,1876-12-30,0.010864761
"IRN",1877,1877-12-30,0.0044360724
"IRN",1878,1878-12-30,0.0043106126
"IRN",1879,1879-12-30,0.0044949101
"IRN",1880,1880-12-30,0.0044774525
"IRN",1881,1881-12-30,0.0044152201
"IRN",1882,1882-12-30,0.011755358
"IRN",1883,1883-12-30,0.004551569
"IRN",1884,1884-12-30,0.012046592
"IRN",1885,1885-12-30,0.0090178577
"IRN",1886,1886-12-30,0.012511628
"IRN",1887,1887-12-30,0.0043079522
"IRN",1888,1888-12-30,0.0074731112
"IRN",1889,1889-12-30,0.0089309551
"IRN",1890,1890-12-30,0.0042170016
"IRN",1891,1891-12-30,0.0042012418
"IRN",1892,1892-12-30,0.0042206179
"IRN",1893,1893-12-30,0.0041817795
"IRN",1894,1894-12-30,0.004179325
"IRN",1895,1895-12-30,0.0041460469
"IRN",1896,1896-12-30,0.0041422569
"IRN",1897,1897-12-30,0.0040762299
"IRN",1898,1898-12-30,0.0039779316
"IRN",1899,1899-12-30,0.0040160757
"IRN",1900,1900-12-30,0.0039331648
"IRN",1901,1901-12-30,0.0039029333
"IRN",1902,1902-12-30,0.0038463492
"IRN",1903,1903-12-30,0.0038243565
"IRN",1904,1904-12-30,0.0038106048
"IRN",1905,1905-12-30,0.0037665584
"IRN",1906,1906-12-30,0.0039266939
"IRN",1907,1907-12-30,0.0039269915
"IRN",1908,1908-12-30,0.0053671263
"IRN",1909,1909-12-30,0.0038056336
"IRN",1910,1910-12-30,0.0037820481
"IRN",1911,1911-12-30,0.0037267201
"IRN",1912,1912-12-30,0.0037605227
"IRN",1913,1913-12-30,0.0036597538
"IRN",1914,1914-12-29,0.004491033
"IRN",1915,1915-12-29,0.0032184946
"IRN",1916,1916-12-29,0.003278801
"IRN",1917,1917-12-29,0.0029423267
"IRN",1918,1918-12-30,0.0031208077
"IRN",1919,1919-12-30,0.0035826848
"IRN",1920,1920-12-30,0.0035226359
"IRN",1921,1921-12-30,0.0034581865
"IRN",1922,1922-12-30,0.0034648248
"IRN",1923,1923-12-30,0.0033826868
"IRN",1924,1924-12-30,0.0035781912
"IRN",1925,1925-12-30,0.0038259237
"IRN",1926,1926-12-30,0.0036760913
"IRN",1927,1927-12-30,0.0037884065
"IRN",1928,1928-12-30,0.0036063443
"IRN",1929,1929-12-30,0.0039630062
"IRN",1930,1930-12-30,0.0036147607
"IRN",1931,1931-12-30,0.0034038662
"IRN",1932,1932-12-30,0.0039012763
"IRN",1933,1933-12-30,0.0050064647
"IRN",1934,1934-12-30,0.0049903868
"IRN",1935,1935-12-30,0.0044759614
"IRN",1936,1936-12-30,0.0044425875
"IRN",1937,1937-12-30,0.004424125
"IRN",1938,1938-12-30,0.0045172111
"IRN",1939,1939-12-30,0.003197168
"IRN",1940,1940-12-29,0.0037121165
"IRN",1941,1941-12-29,0.0044751856
"IRN",1942,1942-12-29,0.0038156037
"IRN",1943,1943-12-29,0.0033970505
"IRN",1944,1944-12-29,0.0035197022
"IRN",1945,1945-12-29,0.0033199645
"IRN",1946,1946-12-29,0.0045244526
"IRN",1947,1947-12-29,0.0042104293
"IRN",1948,1948-12-29,0.0042677121
"IRN",1949,1949-12-29,0.0043230853
"IRN",1950,1950-12-29,0.0062024817
"IRN",1951,1951-12-29,0.0053488072
"IRN",1952,1952-12-29,0.0039461167
"IRN",1953,1953-12-29,0.0039395718
"IRN",1954,1954-12-29,0.0038649226
"IRN",1955,1955-12-29,0.0045821317
"IRN",1956,1956-12-29,0.0050571659
"IRN",1957,1957-12-29,0.0053635915
"IRN",1958,1958-12-29,0.0055935048
"IRN",1959,1959-12-29,0.0056616482
"IRN",1960,1960-12-29,0.0062873028
"IRN",1961,1961-12-29,0.0059514334
"IRN",1962,1962-12-29,0.0060580829
"IRN",1963,1963-12-29,0.0059970445
"IRN",1964,1964-12-29,0.0060629882
"IRN",1965,1965-12-29,0.0063259369
"IRN",1966,1966-12-29,0.0061970702
"IRN",1967,1967-12-29,0.0062845824
"IRN",1968,1968-12-29,0.0055704638
"IRN",1969,1969-12-29,0.0058391625
"IRN",1970,1970-12-29,0.0061195828
"IRN",1971,1971-12-29,0.0062166234
"IRN",1972,1972-12-29,0.00635088
"IRN",1973,1973-12-29,0.0069415788
"IRN",1974,1974-12-29,0.0088230632
"IRN",1975,1975-12-29,0.010049166
"IRN",1976,1976-12-29,0.01052878
"IRN",1977,1977-12-29,0.010273325
"IRN",1978,1978-12-29,0.010289538
"IRN",1979,1979-12-29,0.0094860662
"IRN",1980,1980-12-29,0.0078178812
"IRN",1981,1981-12-29,0.0078229234
"IRN",1982,1982-12-29,0.010046693
"IRN",1983,1983-12-29,0.0099378275
"IRN",1984,1984-12-29,0.011715723
"IRN",1985,1985-12-29,0.010725169
"IRN",1986,1986-12-29,0.0086580459
"IRN",1987,1987-12-29,0.0091912337
"IRN",1988,1988-12-29,0.011166685
"IRN",1989,1989-12-29,0.011210903
"IRN",1990,1990-12-29,0.0091562467
"IRN",1991,1991-12-29,0.010545701
"IRN",1992,1992-12-29,0.010679768
"IRN",1993,1993-12-29,0.010980309
"IRN",1994,1994-12-29,0.01164808
"IRN",1995,1995-12-29,0.012088664
"IRN",1996,1996-12-29,0.012181293
"IRN",1997,1997-12-29,0.012792106
"IRN",1998,1998-12-29,0.012545811
"IRN",1999,1999-12-29,0.013042555
"IRN",2000,2000-12-29,0.012871079
"IRN",2001,2001-12-29,0.013305077
"IRN",2002,2002-12-29,0.012995043
"IRN",2003,2003-12-29,0.013265464
"IRN",2004,2004-12-29,0.013006804
"IRN",2005,2005-12-29,0.0128772
"IRN",2006,2006-12-29,0.014087663
"IRN",2007,2007-12-29,0.013792513
"IRN",2008,2008-12-29,0.013852359
"IRN",2009,2009-12-29,0.013847462
"IRN",2010,2010-12-29,0.013779897
"IRN",2011,2011-12-29,0.014839014
"IRN",2012,2012-12-29,0.015541798
"IRN",2013,2013-12-29,0.014717109
"IRN",2014,2014-12-29,0.014714606
"IRN",2015,2015-12-29,0.015869634
"IRN",2016,2016-12-29,0.015349774
"TUR",1816,1816-12-30,0.061359141
"TUR",1817,1817-12-30,0.06221788
"TUR",1818,1818-12-30,0.063032635
"TUR",1819,1819-12-30,0.063784108
"TUR",1820,1820-12-30,0.063835859
"TUR",1821,1821-12-30,0.063788913
"TUR",1822,1822-12-30,0.063746519
"TUR",1823,1823-12-30,0.066717945
"TUR",1824,1824-12-30,0.06284035
"TUR",1825,1825-12-30,0.063265063
"TUR",1826,1826-12-30,0.065178297
"TUR",1827,1827-12-30,0.063349314
"TUR",1828,1828-12-30,0.056852959
"TUR",1829,1829-12-30,0.056179285
"TUR",1830,1830-12-30,0.054352667
"TUR",1831,1831-12-30,0.052813135
"TUR",1832,1832-12-30,0.053634655
"TUR",1833,1833-12-30,0.053257849
"TUR",1834,1834-12-30,0.053833909
"TUR",1835,1835-12-30,0.05422648
"TUR",1836,1836-12-30,0.052112762
"TUR",1837,1837-12-30,0.053740915
"TUR",1838,1838-12-30,0.053215127
"TUR",1839,1839-12-30,0.065199681
"TUR",1840,1840-12-30,0.052266397
"TUR",1841,1841-12-30,0.05212678
"TUR",1842,1842-12-30,0.052225545
"TUR",1843,1843-12-30,0.052398093
"TUR",1844,1844-12-30,0.053204361
"TUR",1845,1845-12-30,0.052793179
"TUR",1846,1846-12-30,0.050449699
"TUR",1847,1847-12-30,0.048813082
"TUR",1848,1848-12-30,0.048874982
"TUR",1849,1849-12-30,0.048115682
"TUR",1850,1850-12-30,0.047714528
"TUR",1851,1851-12-30,0.047949012
"TUR",1852,1852-12-30,0.045368005
"TUR",1853,1853-12-30,0.047125444
"TUR",1854,1854-12-30,0.045884874
"TUR",1855,1855-12-30,0.031972401
"TUR",1856,1856-12-30,0.031291235
"TUR",1857,1857-12-30,0.034100786
"TUR",1858,1858-12-30,0.034234144
"TUR",1859,1859-12-30,0.034780525
"TUR",1860,1860-12-30,0.024549855
"TUR",1861,1861-12-30,0.022648165
"TUR",1862,1862-12-30,0.021529155
"TUR",1863,1863-12-30,0.021256361
"TUR",1864,1864-12-30,0.020176191
"TUR",1865,1865-12-30,0.021846695
"TUR",1866,1866-12-30,0.022641778
"TUR",1867,1867-12-30,0.022381952
"TUR",1868,1868-12-30,0.023633853
"TUR",1869,1869-12-30,0.022757212
"TUR",1870,1870-12-30,0.021904992
"TUR",1871,1871-12-30,0.020157488
"TUR",1872,1872-12-30,0.023329612
"TUR",1873,1873-12-30,0.022236668
"TUR",1874,1874-12-30,0.023249459
"TUR",1875,1875-12-30,0.022671012
"TUR",1876,1876-12-30,0.044462971
"TUR",1877,1877-12-30,0.033597387
"TUR",1878,1878-12-30,0.026684845
"TUR",1879,1879-12-30,0.019884542
"TUR",1880,1880-12-30,0.018524058
"TUR",1881,1881-12-30,0.022399381
"TUR",1882,1882-12-30,0.020035401
"TUR",1883,1883-12-30,0.020888802
"TUR",1884,1884-12-30,0.020435369
"TUR",1885,1885-12-30,0.018693661
"TUR",1886,1886-12-30,0.019381359
"TUR",1887,1887-12-30,0.018161431
"TUR",1888,1888-12-30,0.021184649
"TUR",1889,1889-12-30,0.0223292
"TUR",1890,1890-12-30,0.020259419
"TUR",1891,1891-12-30,0.020591177
"TUR",1892,1892-12-30,0.020429175
"TUR",1893,1893-12-30,0.020404011
"TUR",1894,1894-12-30,0.019618733
"TUR",1895,1895-12-30,0.019358737
"TUR",1896,1896-12-30,0.019813409
"TUR",1897,1897-12-30,0.024257567
"TUR",1898,1898-12-30,0.020246843
"TUR",1899,1899-12-30,0.017830653
"TUR",1900,1900-12-30,0.017213611
"TUR",1901,1901-12-30,0.017324965
"TUR",1902,1902-12-30,0.016582953
"TUR",1903,1903-12-30,0.016634084
"TUR",1904,1904-12-30,0.015501107
"TUR",1905,1905-12-30,0.015774423
"TUR",1906,1906-12-30,0.017746156
"TUR",1907,1907-12-30,0.018176403
"TUR",1908,1908-12-30,0.016449548
"TUR",1909,1909-12-30,0.019115664
"TUR",1910,1910-12-30,0.017342845
"TUR",1911,1911-12-30,0.018026816
"TUR",1912,1912-12-30,0.015811235
"TUR",1913,1913-12-30,0.017577745
"TUR",1914,1914-12-29,0.012148417
"TUR",1915,1915-12-29,0.0090397876
"TUR",1916,1916-12-29,0.0063151917
"TUR",1917,1917-12-29,0.0063589313
"TUR",1918,1918-12-30,0.0066459966
"TUR",1919,1919-12-30,0.0058084195
"TUR",1920,1920-12-30,0.0052215601
"TUR",1921,1921-12-30,0.0062324451
"TUR",1922,1922-12-30,0.0076763262
"TUR",1923,1923-12-30,0.0065993299
"TUR",1924,1924-12-30,0.0070226146
"TUR",1925,1925-12-30,0.0069454387
"TUR",1926,1926-12-30,0.0078235706
"TUR",1927,1927-12-30,0.0066579687
"TUR",1928,1928-12-30,0.0072783525
"TUR",1929,1929-12-30,0.0071872226
"TUR",1930,1930-12-30,0.0076175136
"TUR",1931,1931-12-30,0.0074866051
"TUR",1932,1932-12-30,0.0076188203
"TUR",1933,1933-12-30,0.0073323925
"TUR",1934,1934-12-30,0.0088021476
"TUR",1935,1935-12-30,0.0077755502
"TUR",1936,1936-12-30,0.0079282047
"TUR",1937,1937-12-30,0.0076486846
"TUR",1938,1938-12-30,0.0078264838
"TUR",1939,1939-12-30,0.0053594923
"TUR",1940,1940-12-29,0.003962277
"TUR",1941,1941-12-29,0.0069080642
"TUR",1942,1942-12-29,0.0070332708
"TUR",1943,1943-12-29,0.0056966846
"TUR",1944,1944-12-29,0.0052792528
"TUR",1945,1945-12-29,0.0053396286
"TUR",1946,1946-12-29,0.011433633
"TUR",1947,1947-12-29,0.011582037
"TUR",1948,1948-12-29,0.011722588
"TUR",1949,1949-12-29,0.010601069
"TUR",1950,1950-12-29,0.010197137
"TUR",1951,1951-12-29,0.0080911648
"TUR",1952,1952-12-29,0.0076160999
"TUR",1953,1953-12-29,0.0069248159
"TUR",1954,1954-12-29,0.0068056872
"TUR",1955,1955-12-29,0.0069018467
"TUR",1956,1956-12-29,0.0071916934
"TUR",1957,1957-12-29,0.0074336412
"TUR",1958,1958-12-29,0.0075132144
"TUR",1959,1959-12-29,0.0073586632
"TUR",1960,1960-12-29,0.0071198666
"TUR",1961,1961-12-29,0.0069923103
"TUR",1962,1962-12-29,0.0071319034
"TUR",1963,1963-12-29,0.0075123985
"TUR",1964,1964-12-29,0.007605379
"TUR",1965,1965-12-29,0.0079473937
"TUR",1966,1966-12-29,0.0079404339
"TUR",1967,1967-12-29,0.0081038335
"TUR",1968,1968-12-29,0.0081510106
"TUR",1969,1969-12-29,0.0082121175
"TUR",1970,1970-12-29,0.0082425801
"TUR",1971,1971-12-29,0.008660689
"TUR",1972,1972-12-29,0.0087076137
"TUR",1973,1973-12-29,0.0082895672
"TUR",1974,1974-12-29,0.0085077779
"TUR",1975,1975-12-29,0.0089988569
"TUR",1976,1976-12-29,0.0097375633
"TUR",1977,1977-12-29,0.010418264
"TUR",1978,1978-12-29,0.009863873
"TUR",1979,1979-12-29,0.0099680703
"TUR",1980,1980-12-29,0.0095026763
"TUR",1981,1981-12-29,0.009721579
"TUR",1982,1982-12-29,0.010018539
"TUR",1983,1983-12-29,0.010851025
"TUR",1984,1984-12-29,0.010747381
"TUR",1985,1985-12-29,0.011364438
"TUR",1986,1986-12-29,0.012159485
"TUR",1987,1987-12-29,0.012878152
"TUR",1988,1988-12-29,0.012956067
"TUR",1989,1989-12-29,0.012234393
"TUR",1990,1990-12-29,0.012357797
"TUR",1991,1991-12-29,0.013692545
"TUR",1992,1992-12-29,0.01363641
"TUR",1993,1993-12-29,0.014124961
"TUR",1994,1994-12-29,0.01531125
"TUR",1995,1995-12-29,0.015361983
"TUR",1996,1996-12-29,0.016080193
"TUR",1997,1997-12-29,0.016450822
"TUR",1998,1998-12-29,0.016509742
"TUR",1999,1999-12-29,0.016377809
"TUR",2000,2000-12-29,0.014652329
"TUR",2001,2001-12-29,0.013525398
"TUR",2002,2002-12-29,0.014333392
"TUR",2003,2003-12-29,0.014530899
"TUR",2004,2004-12-29,0.01453559
"TUR",2005,2005-12-29,0.014669331
"TUR",2006,2006-12-29,0.015177849
"TUR",2007,2007-12-29,0.015321324
"TUR",2008,2008-12-29,0.01516262
"TUR",2009,2009-12-29,0.01478388
"TUR",2010,2010-12-29,0.015399621
"TUR",2011,2011-12-29,0.015084793
"TUR",2012,2012-12-29,0.015198976
"TUR",2013,2013-12-29,0.014818951
"TUR",2014,2014-12-29,0.014674584
"TUR",2015,2015-12-29,0.014491173
"TUR",2016,2016-12-29,0.014790365
"IRQ",1932,1932-12-30,0.0010975705
"IRQ",1933,1933-12-30,0.0010119379
"IRQ",1934,1934-12-30,0.0011130444
"IRQ",1935,1935-12-30,0.001265505
"IRQ",1936,1936-12-30,0.0013977711
"IRQ",1937,1937-12-30,0.0014584785
"IRQ",1938,1938-12-30,0.0015827762
"IRQ",1939,1939-12-30,0.0014770371
"IRQ",1940,1940-12-29,0.0012271181
"IRQ",1941,1941-12-29,0.0013920931
"IRQ",1942,1942-12-29,0.0015933246
"IRQ",1943,1943-12-29,0.0018166329
"IRQ",1944,1944-12-29,0.0019042805
"IRQ",1945,1945-12-29,0.0020499423
"IRQ",1946,1946-12-29,0.0021281512
"IRQ",1947,1947-12-29,0.001774675
"IRQ",1948,1948-12-29,0.001297044
"IRQ",1949,1949-12-29,0.0012939315
"IRQ",1950,1950-12-29,0.001310796
"IRQ",1951,1951-12-29,0.0013278308
"IRQ",1952,1952-12-29,0.0013116699
"IRQ",1953,1953-12-29,0.0013844692
"IRQ",1954,1954-12-29,0.0014357638
"IRQ",1955,1955-12-29,0.001481644
"IRQ",1956,1956-12-29,0.0016339141
"IRQ",1957,1957-12-29,0.0016910057
"IRQ",1958,1958-12-29,0.0017766048
"IRQ",1959,1959-12-29,0.0017597345
"IRQ",1960,1960-12-29,0.0019411271
"IRQ",1961,1961-12-29,0.0021218045
"IRQ",1962,1962-12-29,0.0021010581
"IRQ",1963,1963-12-29,0.0020268171
"IRQ",1964,1964-12-29,0.0020567654
"IRQ",1965,1965-12-29,0.0024434661
"IRQ",1966,1966-12-29,0.0025024682
"IRQ",1967,1967-12-29,0.0023475403
"IRQ",1968,1968-12-29,0.0022051919
"IRQ",1969,1969-12-29,0.002223799
"IRQ",1970,1970-12-29,0.0022001071
"IRQ",1971,1971-12-29,0.0024965627
"IRQ",1972,1972-12-29,0.0025821186
"IRQ",1973,1973-12-29,0.0027431571
"IRQ",1974,1974-12-29,0.0031537656
"IRQ",1975,1975-12-29,0.0035159944
"IRQ",1976,1976-12-29,0.0039432715
"IRQ",1977,1977-12-29,0.0037323637
"IRQ",1978,1978-12-29,0.0050906902
"IRQ",1979,1979-12-29,0.0058809165
"IRQ",1980,1980-12-29,0.0059015644
"IRQ",1981,1981-12-29,0.0066345339
"IRQ",1982,1982-12-29,0.0065824515
"IRQ",1983,1983-12-29,0.0080654221
"IRQ",1984,1984-12-29,0.010026732
"IRQ",1985,1985-12-29,0.010026237
"IRQ",1986,1986-12-29,0.0095884446
"IRQ",1987,1987-12-29,0.010586767
"IRQ",1988,1988-12-29,0.010906802
"IRQ",1989,1989-12-29,0.011103403
"IRQ",1990,1990-12-29,0.01262417
"IRQ",1991,1991-12-29,0.0083682146
"IRQ",1992,1992-12-29,0.0061303759
"IRQ",1993,1993-12-29,0.0062304526
"IRQ",1994,1994-12-29,0.0064022802
"IRQ",1995,1995-12-29,0.0062768338
"IRQ",1996,1996-12-29,0.0062996647
"IRQ",1997,1997-12-29,0.0059135477
"IRQ",1998,1998-12-29,0.0062018037
"IRQ",1999,1999-12-29,0.0061636674
"IRQ",2000,2000-12-29,0.0061774137
"IRQ",2001,2001-12-29,0.006408147
"IRQ",2002,2002-12-29,0.0066737635
"IRQ",2003,2003-12-29,0.0066379537
"IRQ",2004,2004-12-29,0.0056022927
"IRQ",2005,2005-12-29,0.00455479
"IRQ",2006,2006-12-29,0.0050354484
"IRQ",2007,2007-12-29,0.0048711458
"IRQ",2008,2008-12-29,0.0077319369
"IRQ",2009,2009-12-29,0.0075721182
"IRQ",2010,2010-12-29,0.0076075345
"IRQ",2011,2011-12-29,0.0057242089
"IRQ",2012,2012-12-29,0.006187716
"IRQ",2013,2013-12-29,0.0064342846
"IRQ",2014,2014-12-29,0.0066092354
"IRQ",2015,2015-12-29,0.0062447516
"IRQ",2016,2016-12-29,0.0050152959
"EGY",1855,1855-12-30,0.009120849
"EGY",1856,1856-12-30,0.0089569744
"EGY",1857,1857-12-30,0.0087761283
"EGY",1858,1858-12-30,0.0088738669
"EGY",1859,1859-12-30,0.0088286521
"EGY",1860,1860-12-30,0.0066314344
"EGY",1861,1861-12-30,0.0064377198
"EGY",1862,1862-12-30,0.0065959929
"EGY",1863,1863-12-30,0.0065288143
"EGY",1864,1864-12-30,0.0063352631
"EGY",1865,1865-12-30,0.0061673587
"EGY",1866,1866-12-30,0.0063772895
"EGY",1867,1867-12-30,0.006334357
"EGY",1868,1868-12-30,0.0063639642
"EGY",1869,1869-12-30,0.007862377
"EGY",1870,1870-12-30,0.0053764847
"EGY",1871,1871-12-30,0.0051464168
"EGY",1872,1872-12-30,0.0064216242
"EGY",1873,1873-12-30,0.0053300685
"EGY",1874,1874-12-30,0.0053420067
"EGY",1875,1875-12-30,0.0053000348
"EGY",1876,1876-12-30,0.0061681625
"EGY",1877,1877-12-30,0.0060920413
"EGY",1878,1878-12-30,0.0056925043
"EGY",1879,1879-12-30,0.0054936707
"EGY",1880,1880-12-30,0.0049457997
"EGY",1881,1881-12-30,0.0048451894
"EGY",1882,1882-12-30,0.0040787435
"EGY",1937,1937-12-30,0.0040586093
"EGY",1938,1938-12-30,0.0042871637
"EGY",1939,1939-12-30,0.004090549
"EGY",1940,1940-12-29,0.0042922515
"EGY",1941,1941-12-29,0.0050580036
"EGY",1942,1942-12-29,0.0052328454
"EGY",1943,1943-12-29,0.0054490054
"EGY",1944,1944-12-29,0.0053788908
"EGY",1945,1945-12-29,0.0053444896
"EGY",1946,1946-12-29,0.0058117653
"EGY",1947,1947-12-29,0.0052572903
"EGY",1948,1948-12-29,0.0053934129
"EGY",1949,1949-12-29,0.0056364695
"EGY",1950,1950-12-29,0.0054849884
"EGY",1951,1951-12-29,0.0053701196
"EGY",1952,1952-12-29,0.0051005376
"EGY",1953,1953-12-29,0.0051271333
"EGY",1954,1954-12-29,0.0051769689
"EGY",1955,1955-12-29,0.0051592807
"EGY",1956,1956-12-29,0.0052114734
"EGY",1957,1957-12-29,0.005241063
"EGY",1958,1958-12-29,0.0053218883
"EGY",1959,1959-12-29,0.0062582633
"EGY",1960,1960-12-29,0.0062930053
"EGY",1961,1961-12-29,0.0063969772
"EGY",1962,1962-12-29,0.0064368439
"EGY",1963,1963-12-29,0.0056672604
"EGY",1964,1964-12-29,0.0060231294
"EGY",1965,1965-12-29,0.0065910816
"EGY",1966,1966-12-29,0.0065068607
"EGY",1967,1967-12-29,0.0064842179
"EGY",1968,1968-12-29,0.0063663297
"EGY",1969,1969-12-29,0.0066522183
"EGY",1970,1970-12-29,0.0068917591
"EGY",1971,1971-12-29,0.0074574845
"EGY",1972,1972-12-29,0.0081080925
"EGY",1973,1973-12-29,0.008649677
"EGY",1974,1974-12-29,0.0089346357
"EGY",1975,1975-12-29,0.0086896988
"EGY",1976,1976-12-29,0.0084816972
"EGY",1977,1977-12-29,0.0082023628
"EGY",1978,1978-12-29,0.0081860479
"EGY",1979,1979-12-29,0.007609474
"EGY",1980,1980-12-29,0.0074916282
"EGY",1981,1981-12-29,0.0075869812
"EGY",1982,1982-12-29,0.0075722099
"EGY",1983,1983-12-29,0.0078945523
"EGY",1984,1984-12-29,0.007954862
"EGY",1985,1985-12-29,0.0080193765
"EGY",1986,1986-12-29,0.0081500895
"EGY",1987,1987-12-29,0.0083919065
"EGY",1988,1988-12-29,0.008656851
"EGY",1989,1989-12-29,0.0086225197
"EGY",1990,1990-12-29,0.0080585685
"EGY",1991,1991-12-29,0.0085041784
"EGY",1992,1992-12-29,0.0087832361
"EGY",1993,1993-12-29,0.0087398039
"EGY",1994,1994-12-29,0.0088032726
"EGY",1995,1995-12-29,0.008854148
"EGY",1996,1996-12-29,0.0089056557
"EGY",1997,1997-12-29,0.0089379093
"EGY",1998,1998-12-29,0.0092725502
"EGY",1999,1999-12-29,0.0091896616
"EGY",2000,2000-12-29,0.0095749944
"EGY",2001,2001-12-29,0.0098113688
"EGY",2002,2002-12-29,0.010095884
"EGY",2003,2003-12-29,0.0099925008
"EGY",2004,2004-12-29,0.010122198
"EGY",2005,2005-12-29,0.010373265
"EGY",2006,2006-12-29,0.01046409
"EGY",2007,2007-12-29,0.010495269
"EGY",2008,2008-12-29,0.010331363
"EGY",2009,2009-12-29,0.010187276
"EGY",2010,2010-12-29,0.010082969
"EGY",2011,2011-12-29,0.010146274
"EGY",2012,2012-12-29,0.0098682996
"EGY",2013,2013-12-29,0.010029016
"EGY",2014,2014-12-29,0.0099894386
"EGY",2015,2015-12-29,0.010083535
"EGY",2016,2016-12-29,0.010057217
"SYR",1946,1946-12-29,0.00093550555
"SYR",1947,1947-12-29,0.00085778307
"SYR",1948,1948-12-29,0.00085500826
"SYR",1949,1949-12-29,0.00098747516
"SYR",1950,1950-12-29,0.0011538598
"SYR",1951,1951-12-29,0.0011001411
"SYR",1952,1952-12-29,0.0010592826
"SYR",1953,1953-12-29,0.0010775403
"SYR",1954,1954-12-29,0.00099138136
"SYR",1955,1955-12-29,0.0009531072
"SYR",1956,1956-12-29,0.0010039194
"SYR",1957,1957-12-29,0.0012893154
"SYR",1958,1958-12-29,0.0013620248
"SYR",1961,1961-12-29,0.0012333447
"SYR",1962,1962-12-29,0.0012290971
"SYR",1963,1963-12-29,0.0013810161
"SYR",1964,1964-12-29,0.0014309823
"SYR",1965,1965-12-29,0.0013917432
"SYR",1966,1966-12-29,0.0014045165
"SYR",1967,1967-12-29,0.0013998736
"SYR",1968,1968-12-29,0.0013722279
"SYR",1969,1969-12-29,0.0014559764
"SYR",1970,1970-12-29,0.0014585573
"SYR",1971,1971-12-29,0.0017070431
"SYR",1972,1972-12-29,0.0017292135
"SYR",1973,1973-12-29,0.0018107152
"SYR",1974,1974-12-29,0.0018669732
"SYR",1975,1975-12-29,0.0026004741
"SYR",1976,1976-12-29,0.0027840899
"SYR",1977,1977-12-29,0.0028880304
"SYR",1978,1978-12-29,0.0026609802
"SYR",1979,1979-12-29,0.0029602102
"SYR",1980,1980-12-29,0.0031128889
"SYR",1981,1981-12-29,0.0032967213
"SYR",1982,1982-12-29,0.0034186156
"SYR",1983,1983-12-29,0.00407732
"SYR",1984,1984-12-29,0.0041447072
"SYR",1985,1985-12-29,0.0042755231
"SYR",1986,1986-12-29,0.0042081061
"SYR",1987,1987-12-29,0.0042118719
"SYR",1988,1988-12-29,0.0037713482
"SYR",1989,1989-12-29,0.0038492873
"SYR",1990,1990-12-29,0.0039176149
"SYR",1991,1991-12-29,0.0047789868
"SYR",1992,1992-12-29,0.004489853
"SYR",1993,1993-12-29,0.0049058902
"SYR",1994,1994-12-29,0.0039827186
"SYR",1995,1995-12-29,0.0039645433
"SYR",1996,1996-12-29,0.0041416669
"SYR",1997,1997-12-29,0.0042637745
"SYR",1998,1998-12-29,0.0041188267
"SYR",1999,1999-12-29,0.0041059409
"SYR",2000,2000-12-29,0.0042636804
"SYR",2001,2001-12-29,0.0045744041
"SYR",2002,2002-12-29,0.0042112763
"SYR",2003,2003-12-29,0.0043650665
"SYR",2004,2004-12-29,0.0042800345
"SYR",2005,2005-12-29,0.0042650523
"SYR",2006,2006-12-29,0.0043522879
"SYR",2007,2007-12-29,0.0043544224
"SYR",2008,2008-12-29,0.0042446493
"SYR",2009,2009-12-29,0.0042906711
"SYR",2010,2010-12-29,0.0045696381
"SYR",2011,2011-12-29,0.0049340171
"SYR",2012,2012-12-29,0.0048419181
"SYR",2013,2013-12-29,0.0031649568
"SYR",2014,2014-12-29,0.0030433051
"SYR",2015,2015-12-29,0.0030868014
"SYR",2016,2016-12-29,0.0026668338
"LEB",1946,1946-12-29,0.00034993279
"LEB",1947,1947-12-29,0.00032288316
"LEB",1948,1948-12-29,0.00032113769
"LEB",1949,1949-12-29,0.00032099691
"LEB",1950,1950-12-29,0.00035540728
"LEB",1951,1951-12-29,0.00035413759
"LEB",1952,1952-12-29,0.00033903631
"LEB",1953,1953-12-29,0.00035621171
"LEB",1954,1954-12-29,0.0003691735
"LEB",1955,1955-12-29,0.00037079927
"LEB",1956,1956-12-29,0.00038846565
"LEB",1957,1957-12-29,0.0004131968
"LEB",1958,1958-12-29,0.00042462672
"LEB",1959,1959-12-29,0.00041871704
"LEB",1960,1960-12-29,0.00041777693
"LEB",1961,1961-12-29,0.00039977703
"LEB",1962,1962-12-29,0.00041672876
"LEB",1963,1963-12-29,0.00045091755
"LEB",1964,1964-12-29,0.00051227567
"LEB",1965,1965-12-29,0.00045426976
"LEB",1966,1966-12-29,0.00045907876
"LEB",1967,1967-12-29,0.0004528329
"LEB",1968,1968-12-29,0.00051227625
"LEB",1969,1969-12-29,0.00050499069
"LEB",1970,1970-12-29,0.00049299363
"LEB",1971,1971-12-29,0.00050257082
"LEB",1972,1972-12-29,0.00051291607
"LEB",1973,1973-12-29,0.00052451651
"LEB",1974,1974-12-29,0.00052482408
"LEB",1975,1975-12-29,0.00053172075
"LEB",1976,1976-12-29,0.00050765427
"LEB",1977,1977-12-29,0.00038345452
"LEB",1978,1978-12-29,0.00040115134
"LEB",1979,1979-12-29,0.00046169315
"LEB",1980,1980-12-29,0.00046964496
"LEB",1981,1981-12-29,0.00045339542
"LEB",1982,1982-12-29,0.00044333044
"LEB",1983,1983-12-29,0.00043867997
"LEB",1984,1984-12-29,0.00040998432
"LEB",1985,1985-12-29,0.00037827715
"LEB",1986,1986-12-29,0.00045386882
"LEB",1987,1987-12-29,0.00051993644
"LEB",1988,1988-12-29,0.00032792147
"LEB",1989,1989-12-29,0.00036591565
"LEB",1990,1990-12-29,0.00043430616
"LEB",1991,1991-12-29,0.00046439908
"LEB",1992,1992-12-29,0.00050155027
"LEB",1993,1993-12-29,0.00051715772
"LEB",1994,1994-12-29,0.00063093886
"LEB",1995,1995-12-29,0.0006942965
"LEB",1996,1996-12-29,0.00070461992
"LEB",1997,1997-12-29,0.00076454069
"LEB",1998,1998-12-29,0.00076896453
"LEB",1999,1999-12-29,0.00076007779
"LEB",2000,2000-12-29,0.00080450316
"LEB",2001,2001-12-29,0.00089567038
"LEB",2002,2002-12-29,0.00097860757
"LEB",2003,2003-12-29,0.00096549455
"LEB",2004,2004-12-29,0.00096494402
"LEB",2005,2005-12-29,0.00097664027
"LEB",2006,2006-12-29,0.00097888266
"LEB",2007,2007-12-29,0.00099497917
"LEB",2008,2008-12-29,0.00089234614
"LEB",2009,2009-12-29,0.00091143267
"LEB",2010,2010-12-29,0.00094970828
"LEB",2011,2011-12-29,0.00095233618
"LEB",2012,2012-12-29,0.00096366153
"LEB",2013,2013-12-29,0.00096079265
"LEB",2014,2014-12-29,0.00096693583
"LEB",2015,2015-12-29,0.00097970711
"LEB",2016,2016-12-29,0.0010177087
"JOR",1946,1946-12-29,0.00021765535
"JOR",1947,1947-12-29,0.00021483036
"JOR",1948,1948-12-29,0.00021902134
"JOR",1949,1949-12-29,0.00027961706
"JOR",1950,1950-12-29,0.00029139925
"JOR",1951,1951-12-29,0.00028285943
"JOR",1952,1952-12-29,0.00031735006
"JOR",1953,1953-12-29,0.00031829154
"JOR",1954,1954-12-29,0.00032229463
"JOR",1955,1955-12-29,0.00032378652
"JOR",1956,1956-12-29,0.00042236867
"JOR",1957,1957-12-29,0.00052277587
"JOR",1958,1958-12-29,0.00062957098
"JOR",1959,1959-12-29,0.00065159402
"JOR",1960,1960-12-29,0.0003036244
"JOR",1961,1961-12-29,0.00055499864
"JOR",1962,1962-12-29,0.00054289342
"JOR",1963,1963-12-29,0.00061514211
"JOR",1964,1964-12-29,0.00061184523
"JOR",1965,1965-12-29,0.00071603421
"JOR",1966,1966-12-29,0.00065656734
"JOR",1967,1967-12-29,0.00073561934
"JOR",1968,1968-12-29,0.00073474424
"JOR",1969,1969-12-29,0.00077404577
"JOR",1970,1970-12-29,0.00082872831
"JOR",1971,1971-12-29,0.00082429923
"JOR",1972,1972-12-29,0.00086070586
"JOR",1973,1973-12-29,0.00087075465
"JOR",1974,1974-12-29,0.00085181399
"JOR",1975,1975-12-29,0.00078998785
"JOR",1976,1976-12-29,0.00088232488
"JOR",1977,1977-12-29,0.0008904899
"JOR",1978,1978-12-29,0.00087908364
"JOR",1979,1979-12-29,0.00086792116
"JOR",1980,1980-12-29,0.00086812442
"JOR",1981,1981-12-29,0.00088057818
"JOR",1982,1982-12-29,0.00089442957
"JOR",1983,1983-12-29,0.00092083286
"JOR",1984,1984-12-29,0.00094255572
"JOR",1985,1985-12-29,0.00095303147
"JOR",1986,1986-12-29,0.0010168833
"JOR",1987,1987-12-29,0.0011001026
"JOR",1988,1988-12-29,0.0014536617
"JOR",1989,1989-12-29,0.0015829968
"JOR",1990,1990-12-29,0.0011011898
"JOR",1991,1991-12-29,0.0011447499
"JOR",1992,1992-12-29,0.0012383852
"JOR",1993,1993-12-29,0.0012546836
"JOR",1994,1994-12-29,0.0012757182
"JOR",1995,1995-12-29,0.0012955137
"JOR",1996,1996-12-29,0.001320542
"JOR",1997,1997-12-29,0.0013619813
"JOR",1998,1998-12-29,0.0014789597
"JOR",1999,1999-12-29,0.0015408616
"JOR",2000,2000-12-29,0.001402071
"JOR",2001,2001-12-29,0.001357637
"JOR",2002,2002-12-29,0.0013402575
"JOR",2003,2003-12-29,0.0013418185
"JOR",2004,2004-12-29,0.0013491336
"JOR",2005,2005-12-29,0.0013798218
"JOR",2006,2006-12-29,0.0013999518
"JOR",2007,2007-12-29,0.0014602402
"JOR",2008,2008-12-29,0.001488396
"JOR",2009,2009-12-29,0.0013903305
"JOR",2010,2010-12-29,0.001385614
"JOR",2011,2011-12-29,0.0013765743
"JOR",2012,2012-12-29,0.0013914218
"JOR",2013,2013-12-29,0.0014742985
"JOR",2014,2014-12-29,0.0014840608
"JOR",2015,2015-12-29,0.0015686502
"JOR",2016,2016-12-29,0.001605285
"ISR",1948,1948-12-29,0.0014134854
"ISR",1949,1949-12-29,0.0012883125
"ISR",1950,1950-12-29,0.001331942
"ISR",1951,1951-12-29,0.0012251133
"ISR",1952,1952-12-29,0.0010980156
"ISR",1953,1953-12-29,0.001085944
"ISR",1954,1954-12-29,0.0010701242
"ISR",1955,1955-12-29,0.0011278747
"ISR",1956,1956-12-29,0.0011855757
"ISR",1957,1957-12-29,0.0011808267
"ISR",1958,1958-12-29,0.0011891122
"ISR",1959,1959-12-29,0.0011920161
"ISR",1960,1960-12-29,0.0012165573
"ISR",1961,1961-12-29,0.0012098121
"ISR",1962,1962-12-29,0.0012049212
"ISR",1963,1963-12-29,0.001214064
"ISR",1964,1964-12-29,0.0013041621
"ISR",1965,1965-12-29,0.0014264869
"ISR",1966,1966-12-29,0.0014271396
"ISR",1967,1967-12-29,0.0015568113
"ISR",1968,1968-12-29,0.0017319568
"ISR",1969,1969-12-29,0.0018128309
"ISR",1970,1970-12-29,0.0019557467
"ISR",1971,1971-12-29,0.002533589
"ISR",1972,1972-12-29,0.0023608729
"ISR",1973,1973-12-29,0.0032918791
"ISR",1974,1974-12-29,0.003249669
"ISR",1975,1975-12-29,0.0031780254
"ISR",1976,1976-12-29,0.0032040593
"ISR",1977,1977-12-29,0.0032147216
"ISR",1978,1978-12-29,0.0027336357
"ISR",1979,1979-12-29,0.0031114712
"ISR",1980,1980-12-29,0.0032221074
"ISR",1981,1981-12-29,0.0032867698
"ISR",1982,1982-12-29,0.0037561865
"ISR",1983,1983-12-29,0.0032667478
"ISR",1984,1984-12-29,0.0030868915
"ISR",1985,1985-12-29,0.0027384963
"ISR",1986,1986-12-29,0.0028207533
"ISR",1987,1987-12-29,0.002668591
"ISR",1988,1988-12-29,0.0027684195
"ISR",1989,1989-12-29,0.00309892
"ISR",1990,1990-12-29,0.0030442656
"ISR",1991,1991-12-29,0.0029557534
"ISR",1992,1992-12-29,0.0035304357
"ISR",1993,1993-12-29,0.0037376306
"ISR",1994,1994-12-29,0.0035471921
"ISR",1995,1995-12-29,0.0040185349
"ISR",1996,1996-12-29,0.0043915287
"ISR",1997,1997-12-29,0.0045218566
"ISR",1998,1998-12-29,0.0041110716
"ISR",1999,1999-12-29,0.0039458959
"ISR",2000,2000-12-29,0.0040528132
"ISR",2001,2001-12-29,0.0041798786
"ISR",2002,2002-12-29,0.0042293328
"ISR",2003,2003-12-29,0.0041437931
"ISR",2004,2004-12-29,0.0038773229
"ISR",2005,2005-12-29,0.0040727146
"ISR",2006,2006-12-29,0.0041154344
"ISR",2007,2007-12-29,0.003958357
"ISR",2008,2008-12-29,0.00424883
"ISR",2009,2009-12-29,0.0040333322
"ISR",2010,2010-12-29,0.004010187
"ISR",2011,2011-12-29,0.0040777922
"ISR",2012,2012-12-29,0.0042420728
"ISR",2013,2013-12-29,0.0041049575
"ISR",2014,2014-12-29,0.0045909607
"ISR",2015,2015-12-29,0.0045586876
"ISR",2016,2016-12-29,0.0042661545
"SAU",1927,1927-12-30,0.00041936967
"SAU",1928,1928-12-30,0.00042183825
"SAU",1929,1929-12-30,0.00042618977
"SAU",1930,1930-12-30,0.00042932393
"SAU",1931,1931-12-30,0.00043287891
"SAU",1932,1932-12-30,0.0005080332
"SAU",1933,1933-12-30,0.00042896427
"SAU",1934,1934-12-30,0.0005335501
"SAU",1935,1935-12-30,0.00051651715
"SAU",1936,1936-12-30,0.00052308792
"SAU",1937,1937-12-30,0.00052486756
"SAU",1938,1938-12-30,0.00054739759
"SAU",1939,1939-12-30,0.00059509865
"SAU",1940,1940-12-29,0.00059803313
"SAU",1941,1941-12-29,0.00060699397
"SAU",1942,1942-12-29,0.00061950163
"SAU",1943,1943-12-29,0.00063588686
"SAU",1944,1944-12-29,0.00067475747
"SAU",1945,1945-12-29,0.00092249352
"SAU",1946,1946-12-29,0.0018056477
"SAU",1947,1947-12-29,0.0018122344
"SAU",1948,1948-12-29,0.0011292732
"SAU",1949,1949-12-29,0.0012833243
"SAU",1950,1950-12-29,0.0013791911
"SAU",1951,1951-12-29,0.0012477771
"SAU",1952,1952-12-29,0.0012550098
"SAU",1953,1953-12-29,0.0014109834
"SAU",1954,1954-12-29,0.0017958683
"SAU",1955,1955-12-29,0.0016605081
"SAU",1956,1956-12-29,0.0015756449
"SAU",1957,1957-12-29,0.0014269517
"SAU",1958,1958-12-29,0.0015082167
"SAU",1959,1959-12-29,0.001297601
"SAU",1960,1960-12-29,0.0014040099
"SAU",1961,1961-12-29,0.0015025225
"SAU",1962,1962-12-29,0.0015495977
"SAU",1963,1963-12-29,0.0014774745
"SAU",1964,1964-12-29,0.0015779716
"SAU",1965,1965-12-29,0.0016511257
"SAU",1966,1966-12-29,0.0017438296
"SAU",1967,1967-12-29,0.0024324106
"SAU",1968,1968-12-29,0.0020691874
"SAU",1969,1969-12-29,0.0020810906
"SAU",1970,1970-12-29,0.0022656289
"SAU",1971,1971-12-29,0.0024192398
"SAU",1972,1972-12-29,0.0025047918
"SAU",1973,1973-12-29,0.0027639668
"SAU",1974,1974-12-29,0.0030444672
"SAU",1975,1975-12-29,0.0037921777
"SAU",1976,1976-12-29,0.0051022992
"SAU",1977,1977-12-29,0.005475767
"SAU",1978,1978-12-29,0.0059736045
"SAU",1979,1979-12-29,0.0069553186
"SAU",1980,1980-12-29,0.0077668829
"SAU",1981,1981-12-29,0.0089855082
"SAU",1982,1982-12-29,0.0088319974
"SAU",1983,1983-12-29,0.0076035117
"SAU",1984,1984-12-29,0.0079308348
"SAU",1985,1985-12-29,0.0073918831
"SAU",1986,1986-12-29,0.0074389204
"SAU",1987,1987-12-29,0.0071089636
"SAU",1988,1988-12-29,0.0067086192
"SAU",1989,1989-12-29,0.0074840141
"SAU",1990,1990-12-29,0.0097826216
"SAU",1991,1991-12-29,0.013304139
"SAU",1992,1992-12-29,0.0095587969
"SAU",1993,1993-12-29,0.010584151
"SAU",1994,1994-12-29,0.0096580749
"SAU",1995,1995-12-29,0.0096039558
"SAU",1996,1996-12-29,0.0099305063
"SAU",1997,1997-12-29,0.0098708738
"SAU",1998,1998-12-29,0.010623577
"SAU",1999,1999-12-29,0.010774206
"SAU",2000,2000-12-29,0.011193475
"SAU",2001,2001-12-29,0.011566445
"SAU",2002,2002-12-29,0.01048104
"SAU",2003,2003-12-29,0.010115762
"SAU",2004,2004-12-29,0.010397247
"SAU",2005,2005-12-29,0.011162856
"SAU",2006,2006-12-29,0.011479547
"SAU",2007,2007-12-29,0.011758954
"SAU",2008,2008-12-29,0.011742552
"SAU",2009,2009-12-29,0.01219371
"SAU",2010,2010-12-29,0.012604678
"SAU",2011,2011-12-29,0.012583365
"SAU",2012,2012-12-29,0.013678688
"SAU",2013,2013-12-29,0.013853143
"SAU",2014,2014-12-29,0.016430974
"SAU",2015,2015-12-29,0.017137557
"SAU",2016,2016-12-29,0.014479239
"YAR",1926,1926-12-30,0.00094853481
"YAR",1927,1927-12-30,0.00095919659
"YAR",1928,1928-12-30,0.00095750694
"YAR",1929,1929-12-30,0.00096441427
"YAR",1930,1930-12-30,0.00096454594
"YAR",1931,1931-12-30,0.00096656056
"YAR",1932,1932-12-30,0.00096177676
"YAR",1933,1933-12-30,0.00091935426
"YAR",1934,1934-12-30,0.00089342077
"YAR",1935,1935-12-30,0.00078704156
"YAR",1936,1936-12-30,0.00079109136
"YAR",1937,1937-12-30,0.00077865343
"YAR",1938,1938-12-30,0.00081223313
"YAR",1939,1939-12-30,0.00068621809
"YAR",1940,1940-12-29,0.00053979008
"YAR",1941,1941-12-29,0.0005373336
"YAR",1942,1942-12-29,0.00051239855
"YAR",1943,1943-12-29,0.00050120195
"YAR",1944,1944-12-29,0.00047646201
"YAR",1945,1945-12-29,0.00045304705
"YAR",1946,1946-12-29,0.00064678746
"YAR",1947,1947-12-29,0.00057709136
"YAR",1948,1948-12-29,0.00057362916
"YAR",1949,1949-12-29,0.00053415901
"YAR",1950,1950-12-29,0.0005159463
"YAR",1951,1951-12-29,0.00049499079
"YAR",1952,1952-12-29,0.0004702626
"YAR",1953,1953-12-29,0.00046861469
"YAR",1954,1954-12-29,0.00046158081
"YAR",1955,1955-12-29,0.00045672536
"YAR",1956,1956-12-29,0.00046110211
"YAR",1957,1957-12-29,0.0004645609
"YAR",1958,1958-12-29,0.00047054031
"YAR",1959,1959-12-29,0.0004728974
"YAR",1960,1960-12-29,0.00039469835
"YAR",1961,1961-12-29,0.00024930949
"YAR",1962,1962-12-29,0.00025264116
"YAR",1963,1963-12-29,0.00030523658
"YAR",1964,1964-12-29,0.00030242983
"YAR",1965,1965-12-29,0.0003591897
"YAR",1966,1966-12-29,0.00032789211
"YAR",1967,1967-12-29,0.00034768559
"YAR",1968,1968-12-29,0.00035185445
"YAR",1969,1969-12-29,0.00038680789
"YAR",1970,1970-12-29,0.00034637906
"YAR",1971,1971-12-29,0.00034798367
"YAR",1972,1972-12-29,0.00039653722
"YAR",1973,1973-12-29,0.00047033594
"YAR",1974,1974-12-29,0.00049124123
"YAR",1975,1975-12-29,0.00054263161
"YAR",1976,1976-12-29,0.0005565515
"YAR",1977,1977-12-29,0.00056079286
"YAR",1978,1978-12-29,0.00056623371
"YAR",1979,1979-12-29,0.00059184636
"YAR",1980,1980-12-29,0.00058308191
"YAR",1981,1981-12-29,0.00059938343
"YAR",1982,1982-12-29,0.00052817707
"YAR",1983,1983-12-29,0.00056135189
"YAR",1984,1984-12-29,0.0005750194
"YAR",1985,1985-12-29,0.00054896256
"YAR",1986,1986-12-29,0.00056884484
"YAR",1987,1987-12-29,0.00066212175
"YAR",1988,1988-12-29,0.0007911204
"YAR",1989,1989-12-29,0.00082099921
"YAR",1990,1990-12-29,0.0012713075
"YPR",1967,1967-12-29,0.00012684146
"YPR",1968,1968-12-29,0.00039735649
"YPR",1969,1969-12-29,0.00042838242
"YPR",1970,1970-12-29,0.00041280585
"YPR",1971,1971-12-29,0.0003205621
"YPR",1972,1972-12-29,0.00032411842
"YPR",1973,1973-12-29,0.00032124939
"YPR",1974,1974-12-29,0.00030293956
"YPR",1975,1975-12-29,0.00030516717
"YPR",1976,1976-12-29,0.0003181705
"YPR",1977,1977-12-29,0.00032021274
"YPR",1978,1978-12-29,0.00031985965
"YPR",1979,1979-12-29,0.00032241372
"YPR",1980,1980-12-29,0.00035971584
"YPR",1981,1981-12-29,0.00035895454
"YPR",1982,1982-12-29,0.00038703045
"YPR",1983,1983-12-29,0.00038888433
"YPR",1984,1984-12-29,0.00039433414
"YPR",1985,1985-12-29,0.00039600808
"YPR",1986,1986-12-29,0.00042915696
"YPR",1987,1987-12-29,0.00046193841
"YPR",1988,1988-12-29,0.00074217923
"YPR",1989,1989-12-29,0.0007541909
"YPR",1990,1990-12-29,0.00029246995
"KUW",1961,1961-12-29,0.00068053056
"KUW",1962,1962-12-29,0.00080688257
"KUW",1963,1963-12-29,0.00083052437
"KUW",1964,1964-12-29,0.0011363445
"KUW",1965,1965-12-29,0.0012643061
"KUW",1966,1966-12-29,0.0012633621
"KUW",1967,1967-12-29,0.0012456992
"KUW",1968,1968-12-29,0.00086593715
"KUW",1969,1969-12-29,0.0008812109
"KUW",1970,1970-12-29,0.00090473535
"KUW",1971,1971-12-29,0.00097327988
"KUW",1972,1972-12-29,0.00092328101
"KUW",1973,1973-12-29,0.0009194992
"KUW",1974,1974-12-29,0.00098538538
"KUW",1975,1975-12-29,0.0010319999
"KUW",1976,1976-12-29,0.00118536
"KUW",1977,1977-12-29,0.0011008249
"KUW",1978,1978-12-29,0.0010741731
"KUW",1979,1979-12-29,0.0010842314
"KUW",1980,1980-12-29,0.0011369658
"KUW",1981,1981-12-29,0.001099283
"KUW",1982,1982-12-29,0.001062806
"KUW",1983,1983-12-29,0.0011683182
"KUW",1984,1984-12-29,0.0012284291
"KUW",1985,1985-12-29,0.0013749232
"KUW",1986,1986-12-29,0.0013480786
"KUW",1987,1987-12-29,0.0013084447
"KUW",1988,1988-12-29,0.0013199063
"KUW",1989,1989-12-29,0.0014689812
"KUW",1990,1990-12-29,0.0033858654
"KUW",1991,1991-12-29,0.0034608885
"KUW",1992,1992-12-29,0.0070023276
"KUW",1993,1993-12-29,0.001513748
"KUW",1994,1994-12-29,0.0018222518
"KUW",1995,1995-12-29,0.0019598643
"KUW",1996,1996-12-29,0.001995845
"KUW",1997,1997-12-29,0.0020956451
"KUW",1998,1998-12-29,0.0019953952
"KUW",1999,1999-12-29,0.001935162
"KUW",2000,2000-12-29,0.0018285831
"KUW",2001,2001-12-29,0.0020182715
"KUW",2002,2002-12-29,0.0018246238
"KUW",2003,2003-12-29,0.0018707679
"KUW",2004,2004-12-29,0.0018132653
"KUW",2005,2005-12-29,0.0017861869
"KUW",2006,2006-12-29,0.0017414779
"KUW",2007,2007-12-29,0.0017380408
"KUW",2008,2008-12-29,0.0020175842
"KUW",2009,2009-12-29,0.0016943823
"KUW",2010,2010-12-29,0.0017374096
"KUW",2011,2011-12-29,0.0017100363
"KUW",2012,2012-12-29,0.0017627286
"KUW",2013,2013-12-29,0.0016924863
"KUW",2014,2014-12-29,0.0017160398
"KUW",2015,2015-12-29,0.0015031655
"KUW",2016,2016-12-29,0.0015047936
"QAT",1971,1971-12-29,3.5165027e-05
"QAT",1972,1972-12-29,0.00027368401
"QAT",1973,1973-12-29,0.00050738029
"QAT",1974,1974-12-29,0.00019345895
"QAT",1975,1975-12-29,0.00026781423
"QAT",1976,1976-12-29,0.00033822694
"QAT",1977,1977-12-29,0.00040275368
"QAT",1978,1978-12-29,0.00042890458
"QAT",1979,1979-12-29,0.00063449773
"QAT",1980,1980-12-29,0.00044907304
"QAT",1981,1981-12-29,0.00053669658
"QAT",1982,1982-12-29,0.00039249676
"QAT",1983,1983-12-29,0.00035890576
"QAT",1984,1984-12-29,0.00034881136
"QAT",1985,1985-12-29,0.00038610082
"QAT",1986,1986-12-29,0.00044724238
"QAT",1987,1987-12-29,0.00039332555
"QAT",1988,1988-12-29,0.00037848233
"QAT",1989,1989-12-29,0.00046370065
"QAT",1990,1990-12-29,0.00047573861
"QAT",1991,1991-12-29,0.00063769706
"QAT",1992,1992-12-29,0.00062779582
"QAT",1993,1993-12-29,0.00074056757
"QAT",1994,1994-12-29,0.00062630489
"QAT",1995,1995-12-29,0.00070356537
"QAT",1996,1996-12-29,0.00072464935
"QAT",1997,1997-12-29,0.00086107949
"QAT",1998,1998-12-29,0.00083777943
"QAT",1999,1999-12-29,0.00085591717
"QAT",2000,2000-12-29,0.00081512512
"QAT",2001,2001-12-29,0.00088934344
"QAT",2002,2002-12-29,0.0010268277
"QAT",2003,2003-12-29,0.00098178699
"QAT",2004,2004-12-29,0.00099487009
"QAT",2005,2005-12-29,0.0007952092
"QAT",2006,2006-12-29,0.00086525985
"QAT",2007,2007-12-29,0.0008922547
"QAT",2008,2008-12-29,0.0010321104
"QAT",2009,2009-12-29,0.0011846486
"QAT",2010,2010-12-29,0.0014176288
"QAT",2011,2011-12-29,0.0015101975
"QAT",2012,2012-12-29,0.0014869734
"QAT",2013,2013-12-29,0.0014381489
"QAT",2014,2014-12-29,0.001691695
"QAT",2015,2015-12-29,0.0016470976
"QAT",2016,2016-12-29,0.0018435215
"UAE",1971,1971-12-29,6.7426765e-05
"UAE",1972,1972-12-29,0.00012919483
"UAE",1973,1973-12-29,0.00015535193
"UAE",1974,1974-12-29,0.00022007452
"UAE",1975,1975-12-29,0.00024748658
"UAE",1976,1976-12-29,0.00033039181
"UAE",1977,1977-12-29,0.00052778394
"UAE",1978,1978-12-29,0.00056381623
"UAE",1979,1979-12-29,0.00076937134
"UAE",1980,1980-12-29,0.0011304028
"UAE",1981,1981-12-29,0.0012175865
"UAE",1982,1982-12-29,0.0014114716
"UAE",1983,1983-12-29,0.0013004488
"UAE",1984,1984-12-29,0.0013556931
"UAE",1985,1985-12-29,0.001358093
"UAE",1986,1986-12-29,0.0013199442
"UAE",1987,1987-12-29,0.0012640068
"UAE",1988,1988-12-29,0.0012341213
"UAE",1989,1989-12-29,0.0013153969
"UAE",1990,1990-12-29,0.0016735591
"UAE",1991,1991-12-29,0.0022548763
"UAE",1992,1992-12-29,0.001687806
"UAE",1993,1993-12-29,0.0017018071
"UAE",1994,1994-12-29,0.0018488154
"UAE",1995,1995-12-29,0.0018290811
"UAE",1996,1996-12-29,0.0019406376
"UAE",1997,1997-12-29,0.0020356104
"UAE",1998,1998-12-29,0.002275418
"UAE",1999,1999-12-29,0.0022949062
"UAE",2000,2000-12-29,0.0024496678
"UAE",2001,2001-12-29,0.0025073441
"UAE",2002,2002-12-29,0.0020965694
"UAE",2003,2003-12-29,0.0021982361
"UAE",2004,2004-12-29,0.0021887475
"UAE",2005,2005-12-29,0.0031485162
"UAE",2006,2006-12-29,0.0031815313
"UAE",2007,2007-12-29,0.0032078619
"UAE",2008,2008-12-29,0.0036072992
"UAE",2009,2009-12-29,0.003033086
"UAE",2010,2010-12-29,0.0038876436
"UAE",2011,2011-12-29,0.0033778222
"UAE",2012,2012-12-29,0.0031456933
"UAE",2013,2013-12-29,0.0032165784
"UAE",2014,2014-12-29,0.0031871111
"UAE",2015,2015-12-29,0.0036675229
"UAE",2016,2016-12-29,0.0038570098
"AFG",1919,1919-12-30,0.0025459984
"AFG",1920,1920-12-30,0.0019737405
"AFG",1921,1921-12-30,0.0019710266
"AFG",1922,1922-12-30,0.0021718431
"AFG",1923,1923-12-30,0.0026944845
"AFG",1924,1924-12-30,0.0031195143
"AFG",1925,1925-12-30,0.0035202659
"AFG",1926,1926-12-30,0.0035234452
"AFG",1927,1927-12-30,0.0035637384
"AFG",1928,1928-12-30,0.0030185189
"AFG",1929,1929-12-30,0.0030385349
"AFG",1930,1930-12-30,0.0030358592
"AFG",1931,1931-12-30,0.0026446125
"AFG",1932,1932-12-30,0.0026373782
"AFG",1933,1933-12-30,0.0032467737
"AFG",1934,1934-12-30,0.002344714
"AFG",1935,1935-12-30,0.0023611588
"AFG",1936,1936-12-30,0.0029873673
"AFG",1937,1937-12-30,0.0034711731
"AFG",1938,1938-12-30,0.0031081541
"AFG",1939,1939-12-30,0.0029507875
"AFG",1940,1940-12-29,0.0017130221
"AFG",1941,1941-12-29,0.0019520737
"AFG",1942,1942-12-29,0.0018166315
"AFG",1943,1943-12-29,0.0017597206
"AFG",1944,1944-12-29,0.0016625493
"AFG",1945,1945-12-29,0.0015724415
"AFG",1946,1946-12-29,0.0025013643
"AFG",1947,1947-12-29,0.0024740139
"AFG",1948,1948-12-29,0.002334164
"AFG",1949,1949-12-29,0.0019794062
"AFG",1950,1950-12-29,0.0016056387
"AFG",1951,1951-12-29,0.0014053965
"AFG",1952,1952-12-29,0.001330535
"AFG",1953,1953-12-29,0.0011814685
"AFG",1954,1954-12-29,0.0011561327
"AFG",1955,1955-12-29,0.0011546834
"AFG",1956,1956-12-29,0.0011590743
"AFG",1957,1957-12-29,0.001169002
"AFG",1958,1958-12-29,0.0011763355
"AFG",1959,1959-12-29,0.0012464139
"AFG",1960,1960-12-29,0.0013065535
"AFG",1961,1961-12-29,0.0017574455
"AFG",1962,1962-12-29,0.0016604796
"AFG",1963,1963-12-29,0.0016638996
"AFG",1964,1964-12-29,0.0016439511
"AFG",1965,1965-12-29,0.0015450758
"AFG",1966,1966-12-29,0.0014699368
"AFG",1967,1967-12-29,0.0014257843
"AFG",1968,1968-12-29,0.0013736651
"AFG",1969,1969-12-29,0.0013632104
"AFG",1970,1970-12-29,0.0013821801
"AFG",1971,1971-12-29,0.0014013313
"AFG",1972,1972-12-29,0.0014494018
"AFG",1973,1973-12-29,0.0014553951
"AFG",1974,1974-12-29,0.0013687736
"AFG",1975,1975-12-29,0.0016968686
"AFG",1976,1976-12-29,0.0017865418
"AFG",1977,1977-12-29,0.0018156071
"AFG",1978,1978-12-29,0.0015876349
"AFG",1979,1979-12-29,0.0014461983
"AFG",1980,1980-12-29,0.0011965426
"AFG",1981,1981-12-29,0.0012082863
"AFG",1982,1982-12-29,0.0012513993
"AFG",1983,1983-12-29,0.0011682918
"AFG",1984,1984-12-29,0.001124602
"AFG",1985,1985-12-29,0.0011374401
"AFG",1986,1986-12-29,0.0012538165
"AFG",1987,1987-12-29,0.0012557164
"AFG",1988,1988-12-29,0.0012805536
"AFG",1989,1989-12-29,0.0012824069
"AFG",1990,1990-12-29,0.0011823509
"AFG",1991,1991-12-29,0.0013115476
"AFG",1992,1992-12-29,0.0013728145
"AFG",1993,1993-12-29,0.0014201332
"AFG",1994,1994-12-29,0.0014709196
"AFG",1995,1995-12-29,0.0011633752
"AFG",1996,1996-12-29,0.0011901676
"AFG",1997,1997-12-29,0.0012208221
"AFG",1998,1998-12-29,0.0011990322
"AFG",1999,1999-12-29,0.0040873596
"AFG",2000,2000-12-29,0.004098434
"AFG",2001,2001-12-29,0.0012150784
"AFG",2002,2002-12-29,0.0015799166
"AFG",2003,2003-12-29,0.0017062088
"AFG",2004,2004-12-29,0.0015750396
"AFG",2005,2005-12-29,0.0012112134
"AFG",2006,2006-12-29,0.0012297225
"AFG",2007,2007-12-29,0.0014455328
"AFG",2008,2008-12-29,0.0014627103
"AFG",2009,2009-12-29,0.0014940853
"AFG",2010,2010-12-29,0.0018361788
"AFG",2011,2011-12-29,0.0024062837
"AFG",2012,2012-12-29,0.0027321898
"AFG",2013,2013-12-29,0.0030061856
"AFG",2014,2014-12-29,0.0030147547
"AFG",2015,2015-12-29,0.0030013206
"AFG",2016,2016-12-29,0.0028153535
"TAJ",1991,1991-12-29,0.00056072109
"TAJ",1992,1992-12-29,0.00042875594
"TAJ",1993,1993-12-29,0.00040242245
"TAJ",1994,1994-12-29,0.00036430737
"TAJ",1995,1995-12-29,0.00040406556
"TAJ",1996,1996-12-29,0.00041862775
"TAJ",1997,1997-12-29,0.00041302308
"TAJ",1998,1998-12-29,0.00038175934
"TAJ",1999,1999-12-29,0.00037727697
"TAJ",2000,2000-12-29,0.00037257758
"TAJ",2001,2001-12-29,0.00037470943
"TAJ",2002,2002-12-29,0.00035499677
"TAJ",2003,2003-12-29,0.00035372272
"TAJ",2004,2004-12-29,0.0003627562
"TAJ",2005,2005-12-29,0.00035778651
"TAJ",2006,2006-12-29,0.00035970542
"TAJ",2007,2007-12-29,0.00036293632
"TAJ",2008,2008-12-29,0.00036686892
"TAJ",2009,2009-12-29,0.00035977224
"TAJ",2010,2010-12-29,0.00035968714
"TAJ",2011,2011-12-29,0.00037090652
"TAJ",2012,2012-12-29,0.00037585379
"TAJ",2013,2013-12-29,0.00037626183
"TAJ",2014,2014-12-29,0.00037883854
"TAJ",2015,2015-12-29,0.00038063226
"TAJ",2016,2016-12-29,0.00044269016
"KYR",1991,1991-12-29,0.00050468632
"KYR",1992,1992-12-29,0.00040702891
"KYR",1993,1993-12-29,0.00039639111
"KYR",1994,1994-12-29,0.00038397612
"KYR",1995,1995-12-29,0.00036780065
"KYR",1996,1996-12-29,0.0003708156
"KYR",1997,1997-12-29,0.00037832506
"KYR",1998,1998-12-29,0.00035442371
"KYR",1999,1999-12-29,0.00034626925
"KYR",2000,2000-12-29,0.000370086
"KYR",2001,2001-12-29,0.00038023866
"KYR",2002,2002-12-29,0.00038456396
"KYR",2003,2003-12-29,0.00038059484
"KYR",2004,2004-12-29,0.00038542695
"KYR",2005,2005-12-29,0.00035763514
"KYR",2006,2006-12-29,0.00035599494
"KYR",2007,2007-12-29,0.00035375715
"KYR",2008,2008-12-29,0.00033618131
"KYR",2009,2009-12-29,0.00032372618
"KYR",2010,2010-12-29,0.00031645788
"KYR",2011,2011-12-29,0.00032770046
"KYR",2012,2012-12-29,0.00033200523
"KYR",2013,2013-12-29,0.00033094085
"KYR",2014,2014-12-29,0.00033451401
"KYR",2015,2015-12-29,0.00033549464
"KYR",2016,2016-12-29,0.00038958972
"UZB",1991,1991-12-29,0.0030150199
"UZB",1992,1992-12-29,0.0032309019
"UZB",1993,1993-12-29,0.0032190769
"UZB",1994,1994-12-29,0.0024787385
"UZB",1995,1995-12-29,0.0024227016
"UZB",1996,1996-12-29,0.0024843328
"UZB",1997,1997-12-29,0.0027460747
"UZB",1998,1998-12-29,0.0026024524
"UZB",1999,1999-12-29,0.0027023894
"UZB",2000,2000-12-29,0.0029590493
"UZB",2001,2001-12-29,0.0029303788
"UZB",2002,2002-12-29,0.0028774664
"UZB",2003,2003-12-29,0.0027833276
"UZB",2004,2004-12-29,0.0027515013
"UZB",2005,2005-12-29,0.0023181625
"UZB",2006,2006-12-29,0.0023038308
"UZB",2007,2007-12-29,0.0022795417
"UZB",2008,2008-12-29,0.0028335133
"UZB",2009,2009-12-29,0.002717054
"UZB",2010,2010-12-29,0.0023407186
"UZB",2011,2011-12-29,0.0023733757
"UZB",2012,2012-12-29,0.0026528167
"UZB",2013,2013-12-29,0.0024101271
"UZB",2014,2014-12-29,0.0024125059
"UZB",2015,2015-12-29,0.0023940015
"UZB",2016,2016-12-29,0.0023544854
"CHN",1860,1860-12-30,0.17428753
"CHN",1861,1861-12-30,0.17267162
"CHN",1862,1862-12-30,0.17076103
"CHN",1863,1863-12-30,0.16434892
"CHN",1864,1864-12-30,0.15938944
"CHN",1865,1865-12-30,0.16105965
"CHN",1866,1866-12-30,0.17100799
"CHN",1867,1867-12-30,0.16852394
"CHN",1868,1868-12-30,0.16874048
"CHN",1869,1869-12-30,0.17005718
"CHN",1870,1870-12-30,0.17068821
"CHN",1871,1871-12-30,0.15371788
"CHN",1872,1872-12-30,0.1683204
"CHN",1873,1873-12-30,0.16670513
"CHN",1874,1874-12-30,0.16829945
"CHN",1875,1875-12-30,0.16660398
"CHN",1876,1876-12-30,0.16319403
"CHN",1877,1877-12-30,0.16166869
"CHN",1878,1878-12-30,0.15634373
"CHN",1879,1879-12-30,0.16357435
"CHN",1880,1880-12-30,0.16282855
"CHN",1881,1881-12-30,0.15989755
"CHN",1882,1882-12-30,0.16051352
"CHN",1883,1883-12-30,0.1629529
"CHN",1884,1884-12-30,0.16212232
"CHN",1885,1885-12-30,0.16096489
"CHN",1886,1886-12-30,0.16035561
"CHN",1887,1887-12-30,0.15801279
"CHN",1888,1888-12-30,0.15638211
"CHN",1889,1889-12-30,0.1558969
"CHN",1890,1890-12-30,0.15562738
"CHN",1891,1891-12-30,0.15469204
"CHN",1892,1892-12-30,0.15464617
"CHN",1893,1893-12-30,0.15392436
"CHN",1894,1894-12-30,0.15408824
"CHN",1895,1895-12-30,0.15219986
"CHN",1896,1896-12-30,0.12428983
"CHN",1897,1897-12-30,0.12135146
"CHN",1898,1898-12-30,0.12346685
"CHN",1899,1899-12-30,0.12476382
"CHN",1900,1900-12-30,0.11997743
"CHN",1901,1901-12-30,0.11569292
"CHN",1902,1902-12-30,0.11856817
"CHN",1903,1903-12-30,0.11848284
"CHN",1904,1904-12-30,0.11765555
"CHN",1905,1905-12-30,0.11013028
"CHN",1906,1906-12-30,0.11872195
"CHN",1907,1907-12-30,0.14176314
"CHN",1908,1908-12-30,0.13934821
"CHN",1909,1909-12-30,0.13719746
"CHN",1910,1910-12-30,0.13641274
"CHN",1911,1911-12-30,0.11344779
"CHN",1912,1912-12-30,0.11364277
"CHN",1913,1913-12-30,0.09641248
"CHN",1914,1914-12-29,0.092164904
"CHN",1915,1915-12-29,0.10023653
"CHN",1916,1916-12-29,0.083479159
"CHN",1917,1917-12-29,0.10276809
"CHN",1918,1918-12-30,0.086151145
"CHN",1919,1919-12-30,0.10353816
"CHN",1920,1920-12-30,0.12752584
"CHN",1921,1921-12-30,0.12885435
"CHN",1922,1922-12-30,0.13636422
"CHN",1923,1923-12-30,0.14718325
"CHN",1924,1924-12-30,0.16289547
"CHN",1925,1925-12-30,0.13832499
"CHN",1926,1926-12-30,0.16229682
"CHN",1927,1927-12-30,0.13211294
"CHN",1928,1928-12-30,0.12677406
"CHN",1929,1929-12-30,0.12663022
"CHN",1930,1930-12-30,0.12588482
"CHN",1931,1931-12-30,0.12543754
"CHN",1932,1932-12-30,0.12550734
"CHN",1933,1933-12-30,0.12258472
"CHN",1934,1934-12-30,0.12002182
"CHN",1935,1935-12-30,0.1109026
"CHN",1936,1936-12-30,0.11115157
"CHN",1937,1937-12-30,0.11724088
"CHN",1938,1938-12-30,0.093206979
"CHN",1939,1939-12-30,0.097051859
"CHN",1940,1940-12-29,0.09263017
"CHN",1941,1941-12-29,0.098656833
"CHN",1942,1942-12-29,0.098868534
"CHN",1943,1943-12-29,0.099892043
"CHN",1944,1944-12-29,0.097423397
"CHN",1945,1945-12-29,0.09349604
"CHN",1946,1946-12-29,0.13271055
"CHN",1947,1947-12-29,0.11921982
"CHN",1948,1948-12-29,0.11505523
"CHN",1949,1949-12-29,0.10405039
"CHN",1950,1950-12-29,0.11849532
"CHN",1951,1951-12-29,0.10362443
"CHN",1952,1952-12-29,0.096398018
"CHN",1953,1953-12-29,0.095100269
"CHN",1954,1954-12-29,0.094357274
"CHN",1955,1955-12-29,0.091343924
"CHN",1956,1956-12-29,0.098137796
"CHN",1957,1957-12-29,0.099530421
"CHN",1958,1958-12-29,0.10841818
"CHN",1959,1959-12-29,0.11696681
"CHN",1960,1960-12-29,0.11927237
"CHN",1961,1961-12-29,0.10494351
"CHN",1962,1962-12-29,0.103609
"CHN",1963,1963-12-29,0.1071027
"CHN",1964,1964-12-29,0.11002956
"CHN",1965,1965-12-29,0.10888977
"CHN",1966,1966-12-29,0.10965431
"CHN",1967,1967-12-29,0.10558413
"CHN",1968,1968-12-29,0.10592937
"CHN",1969,1969-12-29,0.10818342
"CHN",1970,1970-12-29,0.11265954
"CHN",1971,1971-12-29,0.1131756
"CHN",1972,1972-12-29,0.11295674
"CHN",1973,1973-12-29,0.1134221
"CHN",1974,1974-12-29,0.11691837
"CHN",1975,1975-12-29,0.11868437
"CHN",1976,1976-12-29,0.11765534
"CHN",1977,1977-12-29,0.11829822
"CHN",1978,1978-12-29,0.12098934
"CHN",1979,1979-12-29,0.11984918
"CHN",1980,1980-12-29,0.11949861
"CHN",1981,1981-12-29,0.11986965
"CHN",1982,1982-12-29,0.11884268
"CHN",1983,1983-12-29,0.11904233
"CHN",1984,1984-12-29,0.11609344
"CHN",1985,1985-12-29,0.11352578
"CHN",1986,1986-12-29,0.11396374
"CHN",1987,1987-12-29,0.11158272
"CHN",1988,1988-12-29,0.11289784
"CHN",1989,1989-12-29,0.11446572
"CHN",1990,1990-12-29,0.11186033
"CHN",1991,1991-12-29,0.11855687
"CHN",1992,1992-12-29,0.1238409
"CHN",1993,1993-12-29,0.13174963
"CHN",1994,1994-12-29,0.13711502
"CHN",1995,1995-12-29,0.1429483
"CHN",1996,1996-12-29,0.14650638
"CHN",1997,1997-12-29,0.14925395
"CHN",1998,1998-12-29,0.15418842
"CHN",1999,1999-12-29,0.1575557
"CHN",2000,2000-12-29,0.16233304
"CHN",2001,2001-12-29,0.16546732
"CHN",2002,2002-12-29,0.15354699
"CHN",2003,2003-12-29,0.16033392
"CHN",2004,2004-12-29,0.1680482
"CHN",2005,2005-12-29,0.17195563
"CHN",2006,2006-12-29,0.17945626
"CHN",2007,2007-12-29,0.18578517
"CHN",2008,2008-12-29,0.19062871
"CHN",2009,2009-12-29,0.20796031
"CHN",2010,2010-12-29,0.20924728
"CHN",2011,2011-12-29,0.21421817
"CHN",2012,2012-12-29,0.2203252
"CHN",2013,2013-12-29,0.22825512
"CHN",2014,2014-12-29,0.22868057
"CHN",2015,2015-12-29,0.23118487
"CHN",2016,2016-12-29,0.23061772
"TAW",1949,1949-12-29,0.017091511
"TAW",1950,1950-12-29,0.0047816648
"TAW",1951,1951-12-29,0.0062187305
"TAW",1952,1952-12-29,0.0058161099
"TAW",1953,1953-12-29,0.0067028287
"TAW",1954,1954-12-29,0.006480237
"TAW",1955,1955-12-29,0.0065917484
"TAW",1956,1956-12-29,0.0062335068
"TAW",1957,1957-12-29,0.0068289628
"TAW",1958,1958-12-29,0.0075943135
"TAW",1959,1959-12-29,0.0074521452
"TAW",1960,1960-12-29,0.0073053474
"TAW",1961,1961-12-29,0.0072995019
"TAW",1962,1962-12-29,0.0070225173
"TAW",1963,1963-12-29,0.0066050049
"TAW",1964,1964-12-29,0.0069711581
"TAW",1965,1965-12-29,0.006573509
"TAW",1966,1966-12-29,0.0062645017
"TAW",1967,1967-12-29,0.0061788093
"TAW",1968,1968-12-29,0.0059660426
"TAW",1969,1969-12-29,0.0061830766
"TAW",1970,1970-12-29,0.0061126077
"TAW",1971,1971-12-29,0.0062660389
"TAW",1972,1972-12-29,0.0062794229
"TAW",1973,1973-12-29,0.0060046543
"TAW",1974,1974-12-29,0.0058389534
"TAW",1975,1975-12-29,0.0060289521
"TAW",1976,1976-12-29,0.00616486
"TAW",1977,1977-12-29,0.0062192115
"TAW",1978,1978-12-29,0.0068923198
"TAW",1979,1979-12-29,0.0073273797
"TAW",1980,1980-12-29,0.0077001359
"TAW",1981,1981-12-29,0.0064878929
"TAW",1982,1982-12-29,0.0069381781
"TAW",1983,1983-12-29,0.0072379722
"TAW",1984,1984-12-29,0.0071059568
"TAW",1985,1985-12-29,0.0070194621
"TAW",1986,1986-12-29,0.006968915
"TAW",1987,1987-12-29,0.0072204052
"TAW",1988,1988-12-29,0.0077633476
"TAW",1989,1989-12-29,0.0085745901
"TAW",1990,1990-12-29,0.0083215795
"TAW",1991,1991-12-29,0.0089827068
"TAW",1992,1992-12-29,0.0096600661
"TAW",1993,1993-12-29,0.010675819
"TAW",1994,1994-12-29,0.010258802
"TAW",1995,1995-12-29,0.010455337
"TAW",1996,1996-12-29,0.010569056
"TAW",1997,1997-12-29,0.0111989
"TAW",1998,1998-12-29,0.011509649
"TAW",1999,1999-12-29,0.011174407
"TAW",2000,2000-12-29,0.011690071
"TAW",2001,2001-12-29,0.01042104
"TAW",2002,2002-12-29,0.0092825713
"TAW",2003,2003-12-29,0.0081500104
"TAW",2004,2004-12-29,0.0080145923
"TAW",2005,2005-12-29,0.0077837249
"TAW",2006,2006-12-29,0.0075907172
"TAW",2007,2007-12-29,0.0076495502
"TAW",2008,2008-12-29,0.0074608158
"TAW",2009,2009-12-29,0.0069161663
"TAW",2010,2010-12-29,0.0069387918
"TAW",2011,2011-12-29,0.0069263163
"TAW",2012,2012-12-29,0.0069850832
"TAW",2013,2013-12-29,0.0074832053
"TAW",2014,2014-12-29,0.0074850284
"TAW",2015,2015-12-29,0.0074498821
"TAW",2016,2016-12-29,0.0068116337
"PRK",1948,1948-12-29,0.0036133602
"PRK",1949,1949-12-29,0.0024643759
"PRK",1950,1950-12-29,0.0026701791
"PRK",1951,1951-12-29,0.0022304102
"PRK",1952,1952-12-29,0.0031201367
"PRK",1953,1953-12-29,0.0035672861
"PRK",1954,1954-12-29,0.0038194126
"PRK",1955,1955-12-29,0.0040766238
"PRK",1956,1956-12-29,0.0044409879
"PRK",1957,1957-12-29,0.0048034494
"PRK",1958,1958-12-29,0.0078214575
"PRK",1959,1959-12-29,0.0056039216
"PRK",1960,1960-12-29,0.0051980945
"PRK",1961,1961-12-29,0.0053248163
"PRK",1962,1962-12-29,0.0052482071
"PRK",1963,1963-12-29,0.0048551541
"PRK",1964,1964-12-29,0.0048770341
"PRK",1965,1965-12-29,0.0052644564
"PRK",1966,1966-12-29,0.0050233519
"PRK",1967,1967-12-29,0.0050788731
"PRK",1968,1968-12-29,0.0053507341
"PRK",1969,1969-12-29,0.0053275805
"PRK",1970,1970-12-29,0.0055677812
"PRK",1971,1971-12-29,0.0060176346
"PRK",1972,1972-12-29,0.0056831189
"PRK",1973,1973-12-29,0.0057452978
"PRK",1974,1974-12-29,0.0056933477
"PRK",1975,1975-12-29,0.0064874385
"PRK",1976,1976-12-29,0.0067055812
"PRK",1977,1977-12-29,0.0069031008
"PRK",1978,1978-12-29,0.0075166053
"PRK",1979,1979-12-29,0.0078503005
"PRK",1980,1980-12-29,0.0079964772
"PRK",1981,1981-12-29,0.0083326818
"PRK",1982,1982-12-29,0.0086549139
"PRK",1983,1983-12-29,0.0087884786
"PRK",1984,1984-12-29,0.0093352515
"PRK",1985,1985-12-29,0.009200532
"PRK",1986,1986-12-29,0.0095736254
"PRK",1987,1987-12-29,0.0098441225
"PRK",1988,1988-12-29,0.0098707806
"PRK",1989,1989-12-29,0.011266199
"PRK",1990,1990-12-29,0.011958853
"PRK",1991,1991-12-29,0.012862878
"PRK",1992,1992-12-29,0.013332661
"PRK",1993,1993-12-29,0.012805459
"PRK",1994,1994-12-29,0.011370932
"PRK",1995,1995-12-29,0.011056685
"PRK",1996,1996-12-29,0.011216024
"PRK",1997,1997-12-29,0.010606958
"PRK",1998,1998-12-29,0.0099493135
"PRK",1999,1999-12-29,0.0099185687
"PRK",2000,2000-12-29,0.010300904
"PRK",2001,2001-12-29,0.010979373
"PRK",2002,2002-12-29,0.012349885
"PRK",2003,2003-12-29,0.012368171
"PRK",2004,2004-12-29,0.012527184
"PRK",2005,2005-12-29,0.012698068
"PRK",2006,2006-12-29,0.01274643
"PRK",2007,2007-12-29,0.012762025
"PRK",2008,2008-12-29,0.012594332
"PRK",2009,2009-12-29,0.012298073
"PRK",2010,2010-12-29,0.012109971
"PRK",2011,2011-12-29,0.013113822
"PRK",2012,2012-12-29,0.013205875
"PRK",2013,2013-12-29,0.013185652
"PRK",2014,2014-12-29,0.013160219
"PRK",2015,2015-12-29,0.013282065
"PRK",2016,2016-12-29,0.013444724
"ROK",1949,1949-12-29,0.004372084
"ROK",1950,1950-12-29,0.0047363089
"ROK",1951,1951-12-29,0.0053688376
"ROK",1952,1952-12-29,0.0061631282
"ROK",1953,1953-12-29,0.0075857961
"ROK",1954,1954-12-29,0.0084658014
"ROK",1955,1955-12-29,0.0092596849
"ROK",1956,1956-12-29,0.0088687856
"ROK",1957,1957-12-29,0.0090927146
"ROK",1958,1958-12-29,0.0092911143
"ROK",1959,1959-12-29,0.0093959235
"ROK",1960,1960-12-29,0.0093395691
"ROK",1961,1961-12-29,0.0089044338
"ROK",1962,1962-12-29,0.009108278
"ROK",1963,1963-12-29,0.0092191827
"ROK",1964,1964-12-29,0.0088845026
"ROK",1965,1965-12-29,0.0090671098
"ROK",1966,1966-12-29,0.0084019983
"ROK",1967,1967-12-29,0.0085327923
"ROK",1968,1968-12-29,0.0085855769
"ROK",1969,1969-12-29,0.0087379878
"ROK",1970,1970-12-29,0.0090558454
"ROK",1971,1971-12-29,0.0094004842
"ROK",1972,1972-12-29,0.0096532814
"ROK",1973,1973-12-29,0.0099512506
"ROK",1974,1974-12-29,0.01001608
"ROK",1975,1975-12-29,0.01023161
"ROK",1976,1976-12-29,0.010540362
"ROK",1977,1977-12-29,0.01087225
"ROK",1978,1978-12-29,0.011054131
"ROK",1979,1979-12-29,0.012024236
"ROK",1980,1980-12-29,0.013877591
"ROK",1981,1981-12-29,0.014719415
"ROK",1982,1982-12-29,0.015247489
"ROK",1983,1983-12-29,0.015201225
"ROK",1984,1984-12-29,0.015329235
"ROK",1985,1985-12-29,0.015412544
"ROK",1986,1986-12-29,0.015528927
"ROK",1987,1987-12-29,0.015876692
"ROK",1988,1988-12-29,0.016507765
"ROK",1989,1989-12-29,0.01789541
"ROK",1990,1990-12-29,0.017858533
"ROK",1991,1991-12-29,0.020596556
"ROK",1992,1992-12-29,0.021958981
"ROK",1993,1993-12-29,0.023076082
"ROK",1994,1994-12-29,0.023170836
"ROK",1995,1995-12-29,0.023970857
"ROK",1996,1996-12-29,0.02422609
"ROK",1997,1997-12-29,0.02463026
"ROK",1998,1998-12-29,0.023065768
"ROK",1999,1999-12-29,0.023389155
"ROK",2000,2000-12-29,0.023389466
"ROK",2001,2001-12-29,0.023278184
"ROK",2002,2002-12-29,0.024154447
"ROK",2003,2003-12-29,0.023511326
"ROK",2004,2004-12-29,0.02316352
"ROK",2005,2005-12-29,0.023448244
"ROK",2006,2006-12-29,0.023186637
"ROK",2007,2007-12-29,0.02306083
"ROK",2008,2008-12-29,0.022562871
"ROK",2009,2009-12-29,0.022003517
"ROK",2010,2010-12-29,0.022480929
"ROK",2011,2011-12-29,0.023287585
"ROK",2012,2012-12-29,0.023138775
"ROK",2013,2013-12-29,0.02271047
"ROK",2014,2014-12-29,0.023300335
"ROK",2015,2015-12-29,0.023469642
"ROK",2016,2016-12-29,0.023262169
"JPN",1860,1860-12-30,0.025134634
"JPN",1861,1861-12-30,0.024335522
"JPN",1862,1862-12-30,0.024829453
"JPN",1863,1863-12-30,0.024258133
"JPN",1864,1864-12-30,0.024220012
"JPN",1865,1865-12-30,0.024183542
"JPN",1866,1866-12-30,0.024379507
"JPN",1867,1867-12-30,0.023846688
"JPN",1868,1868-12-30,0.020813718
"JPN",1869,1869-12-30,0.020484475
"JPN",1870,1870-12-30,0.019930879
"JPN",1871,1871-12-30,0.020237276
"JPN",1872,1872-12-30,0.021996623
"JPN",1873,1873-12-30,0.022360319
"JPN",1874,1874-12-30,0.022736132
"JPN",1875,1875-12-30,0.022255471
"JPN",1876,1876-12-30,0.021073263
"JPN",1877,1877-12-30,0.020594073
"JPN",1878,1878-12-30,0.020470809
"JPN",1879,1879-12-30,0.021155048
"JPN",1880,1880-12-30,0.021029178
"JPN",1881,1881-12-30,0.020603798
"JPN",1882,1882-12-30,0.020451738
"JPN",1883,1883-12-30,0.020879477
"JPN",1884,1884-12-30,0.020648859
"JPN",1885,1885-12-30,0.020382581
"JPN",1886,1886-12-30,0.021500869
"JPN",1887,1887-12-30,0.021494383
"JPN",1888,1888-12-30,0.020884184
"JPN",1889,1889-12-30,0.021366529
"JPN",1890,1890-12-30,0.021399876
"JPN",1891,1891-12-30,0.021730566
"JPN",1892,1892-12-30,0.020431461
"JPN",1893,1893-12-30,0.019762313
"JPN",1894,1894-12-30,0.028258443
"JPN",1895,1895-12-30,0.031202998
"JPN",1896,1896-12-30,0.024673413
"JPN",1897,1897-12-30,0.027722646
"JPN",1898,1898-12-30,0.028357763
"JPN",1899,1899-12-30,0.028255161
"JPN",1900,1900-12-30,0.028886409
"JPN",1901,1901-12-30,0.028882319
"JPN",1902,1902-12-30,0.028664902
"JPN",1903,1903-12-30,0.032300659
"JPN",1904,1904-12-30,0.054540616
"JPN",1905,1905-12-30,0.048521567
"JPN",1906,1906-12-30,0.041859712
"JPN",1907,1907-12-30,0.036371049
"JPN",1908,1908-12-30,0.036674727
"JPN",1909,1909-12-30,0.034346934
"JPN",1910,1910-12-30,0.035019185
"JPN",1911,1911-12-30,0.035104152
"JPN",1912,1912-12-30,0.035047095
"JPN",1913,1913-12-30,0.033597723
"JPN",1914,1914-12-29,0.031595059
"JPN",1915,1915-12-29,0.026755644
"JPN",1916,1916-12-29,0.027113616
"JPN",1917,1917-12-29,0.02843399
"JPN",1918,1918-12-30,0.02928555
"JPN",1919,1919-12-30,0.03476733
"JPN",1920,1920-12-30,0.040832121
"JPN",1921,1921-12-30,0.042482223
"JPN",1922,1922-12-30,0.040866718
"JPN",1923,1923-12-30,0.039694659
"JPN",1924,1924-12-30,0.042133622
"JPN",1925,1925-12-30,0.03970005
"JPN",1926,1926-12-30,0.040671602
"JPN",1927,1927-12-30,0.040210638
"JPN",1928,1928-12-30,0.039698362
"JPN",1929,1929-12-30,0.03968256
"JPN",1930,1930-12-30,0.03988234
"JPN",1931,1931-12-30,0.041142285
"JPN",1932,1932-12-30,0.048889223
"JPN",1933,1933-12-30,0.049184583
"JPN",1934,1934-12-30,0.049332455
"JPN",1935,1935-12-30,0.046827927
"JPN",1936,1936-12-30,0.046316784
"JPN",1937,1937-12-30,0.053411301
"JPN",1938,1938-12-30,0.059080541
"JPN",1939,1939-12-30,0.059057426
"JPN",1940,1940-12-29,0.050717685
"JPN",1941,1941-12-29,0.066631123
"JPN",1942,1942-12-29,0.061442513
"JPN",1943,1943-12-29,0.060228042
"JPN",1944,1944-12-29,0.067079283
"JPN",1945,1945-12-29,0.052876092
"JPN",1952,1952-12-29,0.029540982
"JPN",1953,1953-12-29,0.030228069
"JPN",1954,1954-12-29,0.031052226
"JPN",1955,1955-12-29,0.029987227
"JPN",1956,1956-12-29,0.031481903
"JPN",1957,1957-12-29,0.032861732
"JPN",1958,1958-12-29,0.03327005
"JPN",1959,1959-12-29,0.03472922
"JPN",1960,1960-12-29,0.036334883
"JPN",1961,1961-12-29,0.039331235
"JPN",1962,1962-12-29,0.038374282
"JPN",1963,1963-12-29,0.039631143
"JPN",1964,1964-12-29,0.041553911
"JPN",1965,1965-12-29,0.041127503
"JPN",1966,1966-12-29,0.043197803
"JPN",1967,1967-12-29,0.048120305
"JPN",1968,1968-12-29,0.048804343
"JPN",1969,1969-12-29,0.051823463
"JPN",1970,1970-12-29,0.054033313
"JPN",1971,1971-12-29,0.053687446
"JPN",1972,1972-12-29,0.054128502
"JPN",1973,1973-12-29,0.058746405
"JPN",1974,1974-12-29,0.057520404
"JPN",1975,1975-12-29,0.055701487
"JPN",1976,1976-12-29,0.055338673
"JPN",1977,1977-12-29,0.054040499
"JPN",1978,1978-12-29,0.052383229
"JPN",1979,1979-12-29,0.05386826
"JPN",1980,1980-12-29,0.053608559
"JPN",1981,1981-12-29,0.051490344
"JPN",1982,1982-12-29,0.052413125
"JPN",1983,1983-12-29,0.050641321
"JPN",1984,1984-12-29,0.051105756
"JPN",1985,1985-12-29,0.050602786
"JPN",1986,1986-12-29,0.049745739
"JPN",1987,1987-12-29,0.04914055
"JPN",1988,1988-12-29,0.049770355
"JPN",1989,1989-12-29,0.051620346
"JPN",1990,1990-12-29,0.050756779
"JPN",1991,1991-12-29,0.054351252
"JPN",1992,1992-12-29,0.054214541
"JPN",1993,1993-12-29,0.054770403
"JPN",1994,1994-12-29,0.05439933
"JPN",1995,1995-12-29,0.054388806
"JPN",1996,1996-12-29,0.052175447
"JPN",1997,1997-12-29,0.051150348
"JPN",1998,1998-12-29,0.048571788
"JPN",1999,1999-12-29,0.048294511
"JPN",2000,2000-12-29,0.049880229
"JPN",2001,2001-12-29,0.047059998
"JPN",2002,2002-12-29,0.048556753
"JPN",2003,2003-12-29,0.046969321
"JPN",2004,2004-12-29,0.044990469
"JPN",2005,2005-12-29,0.043271314
"JPN",2006,2006-12-29,0.041439977
"JPN",2007,2007-12-29,0.039961673
"JPN",2008,2008-12-29,0.039319433
"JPN",2009,2009-12-29,0.036056604
"JPN",2010,2010-12-29,0.036927231
"JPN",2011,2011-12-29,0.036069013
"JPN",2012,2012-12-29,0.035483968
"JPN",2013,2013-12-29,0.03543669
"JPN",2014,2014-12-29,0.033553034
"JPN",2015,2015-12-29,0.032540493
"JPN",2016,2016-12-29,0.032967471
"IND",1947,1947-12-29,0.052838139
"IND",1948,1948-12-29,0.052450538
"IND",1949,1949-12-29,0.051409855
"IND",1950,1950-12-29,0.049562294
"IND",1951,1951-12-29,0.048948906
"IND",1952,1952-12-29,0.046861559
"IND",1953,1953-12-29,0.046692025
"IND",1954,1954-12-29,0.046494652
"IND",1955,1955-12-29,0.045164347
"IND",1956,1956-12-29,0.045188081
"IND",1957,1957-12-29,0.045793545
"IND",1958,1958-12-29,0.046342421
"IND",1959,1959-12-29,0.046870545
"IND",1960,1960-12-29,0.046093516
"IND",1961,1961-12-29,0.048727892
"IND",1962,1962-12-29,0.049118221
"IND",1963,1963-12-29,0.051458698
"IND",1964,1964-12-29,0.051666882
"IND",1965,1965-12-29,0.05203357
"IND",1966,1966-12-29,0.052054483
"IND",1967,1967-12-29,0.050705727
"IND",1968,1968-12-29,0.050752491
"IND",1969,1969-12-29,0.050289605
"IND",1970,1970-12-29,0.052315813
"IND",1971,1971-12-29,0.052602854
"IND",1972,1972-12-29,0.054226525
"IND",1973,1973-12-29,0.054161008
"IND",1974,1974-12-29,0.053586833
"IND",1975,1975-12-29,0.054597087
"IND",1976,1976-12-29,0.053612337
"IND",1977,1977-12-29,0.053067662
"IND",1978,1978-12-29,0.053239591
"IND",1979,1979-12-29,0.052822459
"IND",1980,1980-12-29,0.051706716
"IND",1981,1981-12-29,0.051968116
"IND",1982,1982-12-29,0.054209597
"IND",1983,1983-12-29,0.054378901
"IND",1984,1984-12-29,0.054487396
"IND",1985,1985-12-29,0.056016397
"IND",1986,1986-12-29,0.056725986
"IND",1987,1987-12-29,0.057611976
"IND",1988,1988-12-29,0.058536842
"IND",1989,1989-12-29,0.059536219
"IND",1990,1990-12-29,0.059904084
"IND",1991,1991-12-29,0.062427863
"IND",1992,1992-12-29,0.063462868
"IND",1993,1993-12-29,0.063559026
"IND",1994,1994-12-29,0.063944019
"IND",1995,1995-12-29,0.065134004
"IND",1996,1996-12-29,0.066274598
"IND",1997,1997-12-29,0.066422015
"IND",1998,1998-12-29,0.067699298
"IND",1999,1999-12-29,0.068218797
"IND",2000,2000-12-29,0.068947494
"IND",2001,2001-12-29,0.069738038
"IND",2002,2002-12-29,0.072748497
"IND",2003,2003-12-29,0.073222764
"IND",2004,2004-12-29,0.073661216
"IND",2005,2005-12-29,0.075859614
"IND",2006,2006-12-29,0.076072864
"IND",2007,2007-12-29,0.077053241
"IND",2008,2008-12-29,0.077899814
"IND",2009,2009-12-29,0.080685042
"IND",2010,2010-12-29,0.079316221
"IND",2011,2011-12-29,0.080262847
"IND",2012,2012-12-29,0.080750264
"IND",2013,2013-12-29,0.081487507
"IND",2014,2014-12-29,0.083619125
"IND",2015,2015-12-29,0.085227132
"IND",2016,2016-12-29,0.0868413
"PAK",1947,1947-12-29,0.011441837
"PAK",1948,1948-12-29,0.011802183
"PAK",1949,1949-12-29,0.011359353
"PAK",1950,1950-12-29,0.011278111
"PAK",1951,1951-12-29,0.010941475
"PAK",1952,1952-12-29,0.010383299
"PAK",1953,1953-12-29,0.010273621
"PAK",1954,1954-12-29,0.010073845
"PAK",1955,1955-12-29,0.009882587
"PAK",1956,1956-12-29,0.0097849369
"PAK",1957,1957-12-29,0.0099478252
"PAK",1958,1958-12-29,0.010195325
"PAK",1959,1959-12-29,0.010272091
"PAK",1960,1960-12-29,0.010305484
"PAK",1961,1961-12-29,0.010561494
"PAK",1962,1962-12-29,0.010521082
"PAK",1963,1963-12-29,0.010741619
"PAK",1964,1964-12-29,0.010862451
"PAK",1965,1965-12-29,0.011127846
"PAK",1966,1966-12-29,0.011098194
"PAK",1967,1967-12-29,0.011267106
"PAK",1968,1968-12-29,0.013082366
"PAK",1969,1969-12-29,0.01328346
"PAK",1970,1970-12-29,0.013311203
"PAK",1971,1971-12-29,0.0098727429
"PAK",1972,1972-12-29,0.0080927061
"PAK",1973,1973-12-29,0.0089288289
"PAK",1974,1974-12-29,0.0084067918
"PAK",1975,1975-12-29,0.0092087286
"PAK",1976,1976-12-29,0.0099329334
"PAK",1977,1977-12-29,0.0099501554
"PAK",1978,1978-12-29,0.0094953217
"PAK",1979,1979-12-29,0.0097459713
"PAK",1980,1980-12-29,0.0094424756
"PAK",1981,1981-12-29,0.0099096196
"PAK",1982,1982-12-29,0.010278875
"PAK",1983,1983-12-29,0.0096130967
"PAK",1984,1984-12-29,0.0096809994
"PAK",1985,1985-12-29,0.0098946774
"PAK",1986,1986-12-29,0.0099129854
"PAK",1987,1987-12-29,0.009986354
"PAK",1988,1988-12-29,0.0099850642
"PAK",1989,1989-12-29,0.010451349
"PAK",1990,1990-12-29,0.01068131
"PAK",1991,1991-12-29,0.011439302
"PAK",1992,1992-12-29,0.011952585
"PAK",1993,1993-12-29,0.012134563
"PAK",1994,1994-12-29,0.012314228
"PAK",1995,1995-12-29,0.012398315
"PAK",1996,1996-12-29,0.012596623
"PAK",1997,1997-12-29,0.013021749
"PAK",1998,1998-12-29,0.013377135
"PAK",1999,1999-12-29,0.013293297
"PAK",2000,2000-12-29,0.013246816
"PAK",2001,2001-12-29,0.013256838
"PAK",2002,2002-12-29,0.013623365
"PAK",2003,2003-12-29,0.013765555
"PAK",2004,2004-12-29,0.013859786
"PAK",2005,2005-12-29,0.014071682
"PAK",2006,2006-12-29,0.014133961
"PAK",2007,2007-12-29,0.014278984
"PAK",2008,2008-12-29,0.014116609
"PAK",2009,2009-12-29,0.013946896
"PAK",2010,2010-12-29,0.014088254
"PAK",2011,2011-12-29,0.014229219
"PAK",2012,2012-12-29,0.014570107
"PAK",2013,2013-12-29,0.014428538
"PAK",2014,2014-12-29,0.014549979
"PAK",2015,2015-12-29,0.014926169
"PAK",2016,2016-12-29,0.015149659
"BNG",1971,1971-12-29,0.010962872
"BNG",1972,1972-12-29,0.0049299821
"BNG",1973,1973-12-29,0.0044309217
"BNG",1974,1974-12-29,0.0044625443
"BNG",1975,1975-12-29,0.0047208485
"BNG",1976,1976-12-29,0.0049945884
"BNG",1977,1977-12-29,0.0050977818
"BNG",1978,1978-12-29,0.0051905578
"BNG",1979,1979-12-29,0.0052349968
"BNG",1980,1980-12-29,0.0051559038
"BNG",1981,1981-12-29,0.0052667828
"BNG",1982,1982-12-29,0.0054043746
"BNG",1983,1983-12-29,0.005472762
"BNG",1984,1984-12-29,0.0056320908
"BNG",1985,1985-12-29,0.0057972423
"BNG",1986,1986-12-29,0.005808807
"BNG",1987,1987-12-29,0.0058247172
"BNG",1988,1988-12-29,0.0058175051
"BNG",1989,1989-12-29,0.0058528394
"BNG",1990,1990-12-29,0.0059216367
"BNG",1991,1991-12-29,0.0060751652
"BNG",1992,1992-12-29,0.0061452556
"BNG",1993,1993-12-29,0.0061402619
"BNG",1994,1994-12-29,0.0062061185
"BNG",1995,1995-12-29,0.0062422035
"BNG",1996,1996-12-29,0.0062198425
"BNG",1997,1997-12-29,0.0062088645
"BNG",1998,1998-12-29,0.0062855678
"BNG",1999,1999-12-29,0.0063033327
"BNG",2000,2000-12-29,0.0065437574
"BNG",2001,2001-12-29,0.006668264
"BNG",2002,2002-12-29,0.0070210216
"BNG",2003,2003-12-29,0.0069451304
"BNG",2004,2004-12-29,0.0070078447
"BNG",2005,2005-12-29,0.0070430436
"BNG",2006,2006-12-29,0.0071324129
"BNG",2007,2007-12-29,0.007151484
"BNG",2008,2008-12-29,0.0073486413
"BNG",2009,2009-12-29,0.0073892241
"BNG",2010,2010-12-29,0.0074009714
"BNG",2011,2011-12-29,0.0074403561
"BNG",2012,2012-12-29,0.0074595516
"BNG",2013,2013-12-29,0.007456094
"BNG",2014,2014-12-29,0.0075062956
"BNG",2015,2015-12-29,0.0076275808
"BNG",2016,2016-12-29,0.0077311159
"MYA",1948,1948-12-29,0.0022861729
"MYA",1949,1949-12-29,0.0022247108
"MYA",1950,1950-12-29,0.0021584309
"MYA",1951,1951-12-29,0.0021439223
"MYA",1952,1952-12-29,0.0020676968
"MYA",1953,1953-12-29,0.0021117325
"MYA",1954,1954-12-29,0.0021397534
"MYA",1955,1955-12-29,0.002106616
"MYA",1956,1956-12-29,0.0021649548
"MYA",1957,1957-12-29,0.0022598193
"MYA",1958,1958-12-29,0.0023723627
"MYA",1959,1959-12-29,0.002466422
"MYA",1960,1960-12-29,0.0025439686
"MYA",1961,1961-12-29,0.0026010522
"MYA",1962,1962-12-29,0.0026350224
"MYA",1963,1963-12-29,0.0026363477
"MYA",1964,1964-12-29,0.0027513802
"MYA",1965,1965-12-29,0.00287939
"MYA",1966,1966-12-29,0.0027894659
"MYA",1967,1967-12-29,0.0027629926
"MYA",1968,1968-12-29,0.0027228289
"MYA",1969,1969-12-29,0.0029688545
"MYA",1970,1970-12-29,0.0030614135
"MYA",1971,1971-12-29,0.0030974627
"MYA",1972,1972-12-29,0.0032000593
"MYA",1973,1973-12-29,0.0033569431
"MYA",1974,1974-12-29,0.0032776839
"MYA",1975,1975-12-29,0.0033579003
"MYA",1976,1976-12-29,0.0034345379
"MYA",1977,1977-12-29,0.0035440049
"MYA",1978,1978-12-29,0.0035120284
"MYA",1979,1979-12-29,0.0035285417
"MYA",1980,1980-12-29,0.0033567401
"MYA",1981,1981-12-29,0.0035714365
"MYA",1982,1982-12-29,0.0036012495
"MYA",1983,1983-12-29,0.0032125995
"MYA",1984,1984-12-29,0.0034392092
"MYA",1985,1985-12-29,0.0034873022
"MYA",1986,1986-12-29,0.0034207127
"MYA",1987,1987-12-29,0.0034037612
"MYA",1988,1988-12-29,0.0033795615
"MYA",1989,1989-12-29,0.0034983696
"MYA",1990,1990-12-29,0.0038452242
"MYA",1991,1991-12-29,0.0043867277
"MYA",1992,1992-12-29,0.0043722433
"MYA",1993,1993-12-29,0.0051866737
"MYA",1994,1994-12-29,0.0049880878
"MYA",1995,1995-12-29,0.0050193025
"MYA",1996,1996-12-29,0.0050713564
"MYA",1997,1997-12-29,0.0051261871
"MYA",1998,1998-12-29,0.0051218611
"MYA",1999,1999-12-29,0.0052384203
"MYA",2000,2000-12-29,0.0050114002
"MYA",2001,2001-12-29,0.0053278017
"MYA",2002,2002-12-29,0.0067349481
"MYA",2003,2003-12-29,0.0070636505
"MYA",2004,2004-12-29,0.0065940898
"MYA",2005,2005-12-29,0.0066595762
"MYA",2006,2006-12-29,0.006312239
"MYA",2007,2007-12-29,0.0061867917
"MYA",2008,2008-12-29,0.0065451632
"MYA",2009,2009-12-29,0.0064758644
"MYA",2010,2010-12-29,0.0055270703
"MYA",2011,2011-12-29,0.00566279
"MYA",2012,2012-12-29,0.0056144674
"MYA",2013,2013-12-29,0.0054352265
"MYA",2014,2014-12-29,0.0054294248
"MYA",2015,2015-12-29,0.0054877498
"MYA",2016,2016-12-29,0.0055210949
"THI",1887,1887-12-30,0.0028007773
"THI",1888,1888-12-30,0.002784089
"THI",1889,1889-12-30,0.0027825618
"THI",1890,1890-12-30,0.0027814778
"THI",1891,1891-12-30,0.0027755843
"THI",1892,1892-12-30,0.0027976837
"THI",1893,1893-12-30,0.0024082502
"THI",1894,1894-12-30,0.0024521637
"THI",1895,1895-12-30,0.0024555682
"THI",1896,1896-12-30,0.0024659147
"THI",1897,1897-12-30,0.0024572364
"THI",1898,1898-12-30,0.0024359354
"THI",1899,1899-12-30,0.0021767877
"THI",1900,1900-12-30,0.0025891052
"THI",1901,1901-12-30,0.0021080545
"THI",1902,1902-12-30,0.0022771058
"THI",1903,1903-12-30,0.0025651292
"THI",1904,1904-12-30,0.0026516204
"THI",1905,1905-12-30,0.0025588935
"THI",1906,1906-12-30,0.0026909295
"THI",1907,1907-12-30,0.0031301228
"THI",1908,1908-12-30,0.0032458149
"THI",1909,1909-12-30,0.0032017725
"THI",1910,1910-12-30,0.0032066351
"THI",1911,1911-12-30,0.0030731475
"THI",1912,1912-12-30,0.0031079911
"THI",1913,1913-12-30,0.0031064949
"THI",1914,1914-12-29,0.0029514928
"THI",1915,1915-12-29,0.0023252836
"THI",1916,1916-12-29,0.002367415
"THI",1917,1917-12-29,0.0023715945
"THI",1918,1918-12-30,0.0023970618
"THI",1919,1919-12-30,0.0026816919
"THI",1920,1920-12-30,0.0027985198
"THI",1921,1921-12-30,0.0028577889
"THI",1922,1922-12-30,0.002961433
"THI",1923,1923-12-30,0.0031492535
"THI",1924,1924-12-30,0.0034040946
"THI",1925,1925-12-30,0.0033974031
"THI",1926,1926-12-30,0.0034209609
"THI",1927,1927-12-30,0.0034684855
"THI",1928,1928-12-30,0.0033884041
"THI",1929,1929-12-30,0.0034320487
"THI",1930,1930-12-30,0.0034338767
"THI",1931,1931-12-30,0.0034649915
"THI",1932,1932-12-30,0.0035018127
"THI",1933,1933-12-30,0.0033716799
"THI",1934,1934-12-30,0.0033668396
"THI",1935,1935-12-30,0.0032447202
"THI",1936,1936-12-30,0.0033743391
"THI",1937,1937-12-30,0.0034036317
"THI",1938,1938-12-30,0.0034814398
"THI",1939,1939-12-30,0.0031492503
"THI",1940,1940-12-29,0.0033142988
"THI",1941,1941-12-29,0.0035195807
"THI",1942,1942-12-29,0.0044277725
"THI",1943,1943-12-29,0.0045498856
"THI",1944,1944-12-29,0.0044606756
"THI",1945,1945-12-29,0.004389565
"THI",1946,1946-12-29,0.003877504
"THI",1947,1947-12-29,0.0033930682
"THI",1948,1948-12-29,0.003387932
"THI",1949,1949-12-29,0.0032197756
"THI",1950,1950-12-29,0.0031573772
"THI",1951,1951-12-29,0.0030810072
"THI",1952,1952-12-29,0.0029386037
"THI",1953,1953-12-29,0.0029603411
"THI",1954,1954-12-29,0.0028946137
"THI",1955,1955-12-29,0.0028065306
"THI",1956,1956-12-29,0.0028306514
"THI",1957,1957-12-29,0.0032867971
"THI",1958,1958-12-29,0.0032717551
"THI",1959,1959-12-29,0.0032550802
"THI",1960,1960-12-29,0.0031603472
"THI",1961,1961-12-29,0.0030194018
"THI",1962,1962-12-29,0.0029878577
"THI",1963,1963-12-29,0.0028206524
"THI",1964,1964-12-29,0.002976713
"THI",1965,1965-12-29,0.0034156551
"THI",1966,1966-12-29,0.0035018676
"THI",1967,1967-12-29,0.0034729925
"THI",1968,1968-12-29,0.003613434
"THI",1969,1969-12-29,0.0036531142
"THI",1970,1970-12-29,0.0038904313
"THI",1971,1971-12-29,0.0041184947
"THI",1972,1972-12-29,0.0042301309
"THI",1973,1973-12-29,0.0044210409
"THI",1974,1974-12-29,0.0042984039
"THI",1975,1975-12-29,0.0046991701
"THI",1976,1976-12-29,0.0045404658
"THI",1977,1977-12-29,0.0046460852
"THI",1978,1978-12-29,0.0048041861
"THI",1979,1979-12-29,0.0049036653
"THI",1980,1980-12-29,0.0049418453
"THI",1981,1981-12-29,0.0050795018
"THI",1982,1982-12-29,0.0051244623
"THI",1983,1983-12-29,0.0051034768
"THI",1984,1984-12-29,0.0051533906
"THI",1985,1985-12-29,0.0052462476
"THI",1986,1986-12-29,0.0053068711
"THI",1987,1987-12-29,0.0053154575
"THI",1988,1988-12-29,0.0053034876
"THI",1989,1989-12-29,0.0056028259
"THI",1990,1990-12-29,0.005704646
"THI",1991,1991-12-29,0.0060834163
"THI",1992,1992-12-29,0.0064004399
"THI",1993,1993-12-29,0.0066263122
"THI",1994,1994-12-29,0.0068711587
"THI",1995,1995-12-29,0.00717251
"THI",1996,1996-12-29,0.0074469419
"THI",1997,1997-12-29,0.0073754238
"THI",1998,1998-12-29,0.0069974544
"THI",1999,1999-12-29,0.007216535
"THI",2000,2000-12-29,0.007254805
"THI",2001,2001-12-29,0.010663004
"THI",2002,2002-12-29,0.0073331059
"THI",2003,2003-12-29,0.0075245793
"THI",2004,2004-12-29,0.0076284832
"THI",2005,2005-12-29,0.007698542
"THI",2006,2006-12-29,0.0076191667
"THI",2007,2007-12-29,0.0078030936
"THI",2008,2008-12-29,0.0077820732
"THI",2009,2009-12-29,0.0077275629
"THI",2010,2010-12-29,0.0076967031
"THI",2011,2011-12-29,0.0076864604
"THI",2012,2012-12-29,0.0076550925
"THI",2013,2013-12-29,0.0090630148
"THI",2014,2014-12-29,0.0090067517
"THI",2015,2015-12-29,0.009040568
"THI",2016,2016-12-29,0.0090920646
"CAM",1953,1953-12-29,0.00088546053
"CAM",1954,1954-12-29,0.00089804712
"CAM",1955,1955-12-29,0.00082241581
"CAM",1956,1956-12-29,0.0008256365
"CAM",1957,1957-12-29,0.00079758372
"CAM",1958,1958-12-29,0.00080752728
"CAM",1959,1959-12-29,0.00080539082
"CAM",1960,1960-12-29,0.00081637612
"CAM",1961,1961-12-29,0.0010774486
"CAM",1962,1962-12-29,0.0010827912
"CAM",1963,1963-12-29,0.0010877395
"CAM",1964,1964-12-29,0.0010744367
"CAM",1965,1965-12-29,0.0010967206
"CAM",1966,1966-12-29,0.001087912
"CAM",1967,1967-12-29,0.0010626341
"CAM",1968,1968-12-29,0.0010538175
"CAM",1969,1969-12-29,0.001039973
"CAM",1970,1970-12-29,0.0011093687
"CAM",1971,1971-12-29,0.0018750492
"CAM",1972,1972-12-29,0.0018290909
"CAM",1973,1973-12-29,0.0018586584
"CAM",1974,1974-12-29,0.001814807
"CAM",1975,1975-12-29,0.00082408253
"CAM",1976,1976-12-29,0.00094107125
"CAM",1977,1977-12-29,0.00098568795
"CAM",1978,1978-12-29,0.00095356721
"CAM",1979,1979-12-29,0.00048355266
"CAM",1980,1980-12-29,0.00066160073
"CAM",1981,1981-12-29,0.00054147938
"CAM",1982,1982-12-29,0.00054258533
"CAM",1983,1983-12-29,0.00054599228
"CAM",1984,1984-12-29,0.00061579508
"CAM",1985,1985-12-29,0.00065540517
"CAM",1986,1986-12-29,0.0008482039
"CAM",1987,1987-12-29,0.00086958951
"CAM",1988,1988-12-29,0.00088237418
"CAM",1989,1989-12-29,0.0011782103
"CAM",1990,1990-12-29,0.0012978804
"CAM",1991,1991-12-29,0.0011640688
"CAM",1992,1992-12-29,0.0013603658
"CAM",1993,1993-12-29,0.0011648874
"CAM",1994,1994-12-29,0.00099855394
"CAM",1995,1995-12-29,0.0010541666
"CAM",1996,1996-12-29,0.0010542929
"CAM",1997,1997-12-29,0.0011196197
"CAM",1998,1998-12-29,0.0012330787
"CAM",1999,1999-12-29,0.0011502859
"CAM",2000,2000-12-29,0.0016884947
"CAM",2001,2001-12-29,0.0017276526
"CAM",2002,2002-12-29,0.0015473028
"CAM",2003,2003-12-29,0.001551133
"CAM",2004,2004-12-29,0.0015463165
"CAM",2005,2005-12-29,0.0015505806
"CAM",2006,2006-12-29,0.001557539
"CAM",2007,2007-12-29,0.0015663897
"CAM",2008,2008-12-29,0.0015641548
"CAM",2009,2009-12-29,0.0015604107
"CAM",2010,2010-12-29,0.0015474916
"CAM",2011,2011-12-29,0.0015761144
"CAM",2012,2012-12-29,0.0015809995
"CAM",2013,2013-12-29,0.0015900335
"CAM",2014,2014-12-29,0.0015978117
"CAM",2015,2015-12-29,0.0018848955
"CAM",2016,2016-12-29,0.0016596785
"LAO",1953,1953-12-29,0.00039437084
"LAO",1954,1954-12-29,0.00032506109
"LAO",1955,1955-12-29,0.0003219427
"LAO",1956,1956-12-29,0.00037971401
"LAO",1957,1957-12-29,0.00037691515
"LAO",1958,1958-12-29,0.00039122379
"LAO",1959,1959-12-29,0.0004273841
"LAO",1960,1960-12-29,0.00045017642
"LAO",1961,1961-12-29,0.00066482491
"LAO",1962,1962-12-29,0.00070847408
"LAO",1963,1963-12-29,0.00087765796
"LAO",1964,1964-12-29,0.00089331105
"LAO",1965,1965-12-29,0.00089210825
"LAO",1966,1966-12-29,0.00088694843
"LAO",1967,1967-12-29,0.00064339838
"LAO",1968,1968-12-29,0.00062987162
"LAO",1969,1969-12-29,0.00060112454
"LAO",1970,1970-12-29,0.00065029185
"LAO",1971,1971-12-29,0.00070204568
"LAO",1972,1972-12-29,0.00074115413
"LAO",1973,1973-12-29,0.00067952555
"LAO",1974,1974-12-29,0.00059322017
"LAO",1975,1975-12-29,0.00049327611
"LAO",1976,1976-12-29,0.00049830711
"LAO",1977,1977-12-29,0.00049843843
"LAO",1978,1978-12-29,0.0005000431
"LAO",1979,1979-12-29,0.00048847194
"LAO",1980,1980-12-29,0.00053899531
"LAO",1981,1981-12-29,0.00047788443
"LAO",1982,1982-12-29,0.00056855439
"LAO",1983,1983-12-29,0.00059369783
"LAO",1984,1984-12-29,0.00052640715
"LAO",1985,1985-12-29,0.00052783778
"LAO",1986,1986-12-29,0.00062961032
"LAO",1987,1987-12-29,0.00063363597
"LAO",1988,1988-12-29,0.00063029514
"LAO",1989,1989-12-29,0.00053306314
"LAO",1990,1990-12-29,0.0006299878
"LAO",1991,1991-12-29,0.00065886858
"LAO",1992,1992-12-29,0.00048222946
"LAO",1993,1993-12-29,0.00049451907
"LAO",1994,1994-12-29,0.00055010605
"LAO",1995,1995-12-29,0.00059082505
"LAO",1996,1996-12-29,0.00060292246
"LAO",1997,1997-12-29,0.00060816662
"LAO",1998,1998-12-29,0.00060997152
"LAO",1999,1999-12-29,0.00060741586
"LAO",2000,2000-12-29,0.00044202298
"LAO",2001,2001-12-29,0.00045460404
"LAO",2002,2002-12-29,0.00045591503
"LAO",2003,2003-12-29,0.00045802793
"LAO",2004,2004-12-29,0.00055090856
"LAO",2005,2005-12-29,0.00046448925
"LAO",2006,2006-12-29,0.0004692034
"LAO",2007,2007-12-29,0.00047543101
"LAO",2008,2008-12-29,0.0004760345
"LAO",2009,2009-12-29,0.00047519337
"LAO",2010,2010-12-29,0.00056816335
"LAO",2011,2011-12-29,0.00048349911
"LAO",2012,2012-12-29,0.00048552084
"LAO",2013,2013-12-29,0.00046182031
"LAO",2014,2014-12-29,0.00046231379
"LAO",2015,2015-12-29,0.00057098281
"LAO",2016,2016-12-29,0.00060419599
"DRV",1954,1954-12-29,0.0028113357
"DRV",1955,1955-12-29,0.003427584
"DRV",1956,1956-12-29,0.0035859591
"DRV",1957,1957-12-29,0.0037390955
"DRV",1958,1958-12-29,0.0039530676
"DRV",1959,1959-12-29,0.0041109961
"DRV",1960,1960-12-29,0.0041744919
"DRV",1961,1961-12-29,0.0038623866
"DRV",1962,1962-12-29,0.0038771413
"DRV",1963,1963-12-29,0.0037408415
"DRV",1964,1964-12-29,0.0038160475
"DRV",1965,1965-12-29,0.0039885025
"DRV",1966,1966-12-29,0.0037037665
"DRV",1967,1967-12-29,0.0048879185
"DRV",1968,1968-12-29,0.0059305611
"DRV",1969,1969-12-29,0.0060939197
"DRV",1970,1970-12-29,0.0050852424
"DRV",1971,1971-12-29,0.0048761619
"DRV",1972,1972-12-29,0.0059115365
"DRV",1973,1973-12-29,0.0056839357
"DRV",1974,1974-12-29,0.0068860645
"DRV",1975,1975-12-29,0.0068086619
"DRV",1976,1976-12-29,0.00882331
"DRV",1977,1977-12-29,0.0088075055
"DRV",1978,1978-12-29,0.0090280566
"DRV",1979,1979-12-29,0.0089161713
"DRV",1980,1980-12-29,0.010826676
"DRV",1981,1981-12-29,0.01140776
"DRV",1982,1982-12-29,0.0114612
"DRV",1983,1983-12-29,0.011711525
"DRV",1984,1984-12-29,0.010993288
"DRV",1985,1985-12-29,0.009871766
"DRV",1986,1986-12-29,0.011269309
"DRV",1987,1987-12-29,0.012971197
"DRV",1988,1988-12-29,0.011051304
"DRV",1989,1989-12-29,0.011087866
"DRV",1990,1990-12-29,0.0096986834
"DRV",1991,1991-12-29,0.010570871
"DRV",1992,1992-12-29,0.0094588744
"DRV",1993,1993-12-29,0.0095799183
"DRV",1994,1994-12-29,0.0087251812
"DRV",1995,1995-12-29,0.0083903708
"DRV",1996,1996-12-29,0.0085262042
"DRV",1997,1997-12-29,0.0086196903
"DRV",1998,1998-12-29,0.0086873025
"DRV",1999,1999-12-29,0.0074532102
"DRV",2000,2000-12-29,0.0077189058
"DRV",2001,2001-12-29,0.0079284646
"DRV",2002,2002-12-29,0.0079896543
"DRV",2003,2003-12-29,0.0080101229
"DRV",2004,2004-12-29,0.0081167156
"DRV",2005,2005-12-29,0.0082510049
"DRV",2006,2006-12-29,0.0081944279
"DRV",2007,2007-12-29,0.0082431557
"DRV",2008,2008-12-29,0.0081052296
"DRV",2009,2009-12-29,0.0081138508
"DRV",2010,2010-12-29,0.0083117867
"DRV",2011,2011-12-29,0.0085177096
"DRV",2012,2012-12-29,0.0088212844
"DRV",2013,2013-12-29,0.0088938083
"DRV",2014,2014-12-29,0.0090417806
"DRV",2015,2015-12-29,0.010465997
"DRV",2016,2016-12-29,0.0094944276
"RVN",1954,1954-12-29,0.0032348465
"RVN",1955,1955-12-29,0.0030259537
"RVN",1956,1956-12-29,0.0028017233
"RVN",1957,1957-12-29,0.0028541235
"RVN",1958,1958-12-29,0.0028871989
"RVN",1959,1959-12-29,0.002913822
"RVN",1960,1960-12-29,0.002932383
"RVN",1961,1961-12-29,0.0048896661
"RVN",1962,1962-12-29,0.0050768559
"RVN",1963,1963-12-29,0.0049934853
"RVN",1964,1964-12-29,0.0035139935
"RVN",1965,1965-12-29,0.0065254429
"RVN",1966,1966-12-29,0.0066820704
"RVN",1967,1967-12-29,0.0063452912
"RVN",1968,1968-12-29,0.006812714
"RVN",1969,1969-12-29,0.0080591934
"RVN",1970,1970-12-29,0.0090787746
"RVN",1971,1971-12-29,0.0090961028
"RVN",1972,1972-12-29,0.0091659464
"RVN",1973,1973-12-29,0.0090159774
"RVN",1974,1974-12-29,0.0080251442
"RVN",1975,1975-12-29,0.0067449342
"MAL",1957,1957-12-29,0.0014611195
"MAL",1958,1958-12-29,0.0014766412
"MAL",1959,1959-12-29,0.0014560886
"MAL",1960,1960-12-29,0.00151299
"MAL",1961,1961-12-29,0.0017813632
"MAL",1962,1962-12-29,0.0017584872
"MAL",1963,1963-12-29,0.0014997995
"MAL",1964,1964-12-29,0.0016952537
"MAL",1965,1965-12-29,0.0012287137
"MAL",1966,1966-12-29,0.0011645245
"MAL",1967,1967-12-29,0.0011617393
"MAL",1968,1968-12-29,0.0014193516
"MAL",1969,1969-12-29,0.001410422
"MAL",1970,1970-12-29,0.0014470385
"MAL",1971,1971-12-29,0.0015208188
"MAL",1972,1972-12-29,0.0015961367
"MAL",1973,1973-12-29,0.0016201795
"MAL",1974,1974-12-29,0.0016458591
"MAL",1975,1975-12-29,0.0017355689
"MAL",1976,1976-12-29,0.0017535668
"MAL",1977,1977-12-29,0.001787154
"MAL",1978,1978-12-29,0.0018243374
"MAL",1979,1979-12-29,0.001939191
"MAL",1980,1980-12-29,0.0020930599
"MAL",1981,1981-12-29,0.0021457248
"MAL",1982,1982-12-29,0.0021369106
"MAL",1983,1983-12-29,0.0022013562
"MAL",1984,1984-12-29,0.00215209
"MAL",1985,1985-12-29,0.0022175857
"MAL",1986,1986-12-29,0.0020787171
"MAL",1987,1987-12-29,0.002048915
"MAL",1988,1988-12-29,0.0021606681
"MAL",1989,1989-12-29,0.0022282233
"MAL",1990,1990-12-29,0.0025592032
"MAL",1991,1991-12-29,0.002806945
"MAL",1992,1992-12-29,0.0031943435
"MAL",1993,1993-12-29,0.0033080257
"MAL",1994,1994-12-29,0.0034960168
"MAL",1995,1995-12-29,0.0038943412
"MAL",1996,1996-12-29,0.0041207066
"MAL",1997,1997-12-29,0.0038716756
"MAL",1998,1998-12-29,0.003389928
"MAL",1999,1999-12-29,0.0036706543
"MAL",2000,2000-12-29,0.0038376444
"MAL",2001,2001-12-29,0.0042104679
"MAL",2002,2002-12-29,0.004426402
"MAL",2003,2003-12-29,0.0044521615
"MAL",2004,2004-12-29,0.0046192338
"MAL",2005,2005-12-29,0.0045658648
"MAL",2006,2006-12-29,0.0045873709
"MAL",2007,2007-12-29,0.0047541461
"MAL",2008,2008-12-29,0.0047644223
"MAL",2009,2009-12-29,0.0045750705
"MAL",2010,2010-12-29,0.0044134776
"MAL",2011,2011-12-29,0.0045498013
"MAL",2012,2012-12-29,0.0045163464
"MAL",2013,2013-12-29,0.0044649043
"MAL",2014,2014-12-29,0.0044365725
"MAL",2015,2015-12-29,0.0043988237
"MAL",2016,2016-12-29,0.0043097148
"PHI",1946,1946-12-29,0.0034624825
"PHI",1947,1947-12-29,0.0032414675
"PHI",1948,1948-12-29,0.0033155885
"PHI",1949,1949-12-29,0.00324138
"PHI",1950,1950-12-29,0.0032432673
"PHI",1951,1951-12-29,0.0032307613
"PHI",1952,1952-12-29,0.0031128977
"PHI",1953,1953-12-29,0.0031277358
"PHI",1954,1954-12-29,0.0031579616
"PHI",1955,1955-12-29,0.0031449627
"PHI",1956,1956-12-29,0.0031854915
"PHI",1957,1957-12-29,0.0033355802
"PHI",1958,1958-12-29,0.003356799
"PHI",1959,1959-12-29,0.0033442983
"PHI",1960,1960-12-29,0.0032707681
"PHI",1961,1961-12-29,0.0033707491
"PHI",1962,1962-12-29,0.0033416899
"PHI",1963,1963-12-29,0.0032168434
"PHI",1964,1964-12-29,0.0032852225
"PHI",1965,1965-12-29,0.0033503133
"PHI",1966,1966-12-29,0.0033800192
"PHI",1967,1967-12-29,0.003462038
"PHI",1968,1968-12-29,0.0036329753
"PHI",1969,1969-12-29,0.0036901478
"PHI",1970,1970-12-29,0.003877942
"PHI",1971,1971-12-29,0.0039241198
"PHI",1972,1972-12-29,0.003907118
"PHI",1973,1973-12-29,0.0039835228
"PHI",1974,1974-12-29,0.0041589756
"PHI",1975,1975-12-29,0.0044285054
"PHI",1976,1976-12-29,0.0045448197
"PHI",1977,1977-12-29,0.0046757963
"PHI",1978,1978-12-29,0.0047909217
"PHI",1979,1979-12-29,0.0047961865
"PHI",1980,1980-12-29,0.0046776976
"PHI",1981,1981-12-29,0.004820874
"PHI",1982,1982-12-29,0.004868452
"PHI",1983,1983-12-29,0.0044926363
"PHI",1984,1984-12-29,0.0049254294
"PHI",1985,1985-12-29,0.0049723722
"PHI",1986,1986-12-29,0.0049271551
"PHI",1987,1987-12-29,0.0049762893
"PHI",1988,1988-12-29,0.0052787983
"PHI",1989,1989-12-29,0.0052296603
"PHI",1990,1990-12-29,0.0050585791
"PHI",1991,1991-12-29,0.0050240979
"PHI",1992,1992-12-29,0.0051958887
"PHI",1993,1993-12-29,0.0052171508
"PHI",1994,1994-12-29,0.0052237576
"PHI",1995,1995-12-29,0.0054387962
"PHI",1996,1996-12-29,0.0055287411
"PHI",1997,1997-12-29,0.0056129145
"PHI",1998,1998-12-29,0.0056342445
"PHI",1999,1999-12-29,0.005629376
"PHI",2000,2000-12-29,0.0055812919
"PHI",2001,2001-12-29,0.005607516
"PHI",2002,2002-12-29,0.0053499914
"PHI",2003,2003-12-29,0.0052058399
"PHI",2004,2004-12-29,0.005166153
"PHI",2005,2005-12-29,0.0051948661
"PHI",2006,2006-12-29,0.005238635
"PHI",2007,2007-12-29,0.0053200498
"PHI",2008,2008-12-29,0.0053596045
"PHI",2009,2009-12-29,0.0053724321
"PHI",2010,2010-12-29,0.0055614118
"PHI",2011,2011-12-29,0.0055848854
"PHI",2012,2012-12-29,0.0056144381
"PHI",2013,2013-12-29,0.0059535927
"PHI",2014,2014-12-29,0.0059505017
"PHI",2015,2015-12-29,0.006048426
"PHI",2016,2016-12-29,0.0061408803
"INS",1949,1949-12-29,0.013584938
"INS",1950,1950-12-29,0.017928485
"INS",1951,1951-12-29,0.014657383
"INS",1952,1952-12-29,0.012339202
"INS",1953,1953-12-29,0.011402709
"INS",1954,1954-12-29,0.011504986
"INS",1955,1955-12-29,0.01191428
"INS",1956,1956-12-29,0.012379515
"INS",1957,1957-12-29,0.012788408
"INS",1958,1958-12-29,0.012612543
"INS",1959,1959-12-29,0.012783901
"INS",1960,1960-12-29,0.012758241
"INS",1961,1961-12-29,0.013046362
"INS",1962,1962-12-29,0.012970234
"INS",1963,1963-12-29,0.012735195
"INS",1964,1964-12-29,0.012988954
"INS",1965,1965-12-29,0.012571723
"INS",1966,1966-12-29,0.012282738
"INS",1967,1967-12-29,0.012421356
"INS",1968,1968-12-29,0.012442582
"INS",1969,1969-12-29,0.01254273
"INS",1970,1970-12-29,0.013141602
"INS",1971,1971-12-29,0.011942367
"INS",1972,1972-12-29,0.012139563
"INS",1973,1973-12-29,0.011927337
"INS",1974,1974-12-29,0.0116849
"INS",1975,1975-12-29,0.011829941
"INS",1976,1976-12-29,0.011911296
"INS",1977,1977-12-29,0.012413361
"INS",1978,1978-12-29,0.012273909
"INS",1979,1979-12-29,0.012244686
"INS",1980,1980-12-29,0.012598983
"INS",1981,1981-12-29,0.012943344
"INS",1982,1982-12-29,0.013081959
"INS",1983,1983-12-29,0.013024125
"INS",1984,1984-12-29,0.013250044
"INS",1985,1985-12-29,0.012917152
"INS",1986,1986-12-29,0.012866489
"INS",1987,1987-12-29,0.012763333
"INS",1988,1988-12-29,0.012813804
"INS",1989,1989-12-29,0.013035357
"INS",1990,1990-12-29,0.01291589
"INS",1991,1991-12-29,0.013545359
"INS",1992,1992-12-29,0.013852006
"INS",1993,1993-12-29,0.013838334
"INS",1994,1994-12-29,0.013936816
"INS",1995,1995-12-29,0.014485653
"INS",1996,1996-12-29,0.015740838
"INS",1997,1997-12-29,0.016638581
"INS",1998,1998-12-29,0.014930071
"INS",1999,1999-12-29,0.01498975
"INS",2000,2000-12-29,0.014242808
"INS",2001,2001-12-29,0.01443997
"INS",2002,2002-12-29,0.014922137
"INS",2003,2003-12-29,0.014837283
"INS",2004,2004-12-29,0.015009141
"INS",2005,2005-12-29,0.01412825
"INS",2006,2006-12-29,0.014213257
"INS",2007,2007-12-29,0.014323472
"INS",2008,2008-12-29,0.014428101
"INS",2009,2009-12-29,0.01440154
"INS",2010,2010-12-29,0.014288691
"INS",2011,2011-12-29,0.014449419
"INS",2012,2012-12-29,0.014308265
"INS",2013,2013-12-29,0.015353355
"INS",2014,2014-12-29,0.015234428
"INS",2015,2015-12-29,0.015963273
"INS",2016,2016-12-29,0.016215054
"AUL",1920,1920-12-30,0.0068600997
"AUL",1921,1921-12-30,0.0075812596
"AUL",1922,1922-12-30,0.0071556373
"AUL",1923,1923-12-30,0.0072408589
"AUL",1924,1924-12-30,0.0080229007
"AUL",1925,1925-12-30,0.0077802557
"AUL",1926,1926-12-30,0.0077787815
"AUL",1927,1927-12-30,0.0080218278
"AUL",1928,1928-12-30,0.0068845702
"AUL",1929,1929-12-30,0.006507
"AUL",1930,1930-12-30,0.006236353
"AUL",1931,1931-12-30,0.0059729489
"AUL",1932,1932-12-30,0.0062862425
"AUL",1933,1933-12-30,0.0064684199
"AUL",1934,1934-12-30,0.0064862361
"AUL",1935,1935-12-30,0.0064713629
"AUL",1936,1936-12-30,0.0065352255
"AUL",1937,1937-12-30,0.006661396
"AUL",1938,1938-12-30,0.0071551381
"AUL",1939,1939-12-30,0.0067230915
"AUL",1940,1940-12-29,0.0074878251
"AUL",1941,1941-12-29,0.011121295
"AUL",1942,1942-12-29,0.010773195
"AUL",1943,1943-12-29,0.011991611
"AUL",1944,1944-12-29,0.01090506
"AUL",1945,1945-12-29,0.010478427
"AUL",1946,1946-12-29,0.010583791
"AUL",1947,1947-12-29,0.0092938393
"AUL",1948,1948-12-29,0.0083340872
"AUL",1949,1949-12-29,0.007443706
"AUL",1950,1950-12-29,0.0068384274
"AUL",1951,1951-12-29,0.00688414
"AUL",1952,1952-12-29,0.0067069177
"AUL",1953,1953-12-29,0.0069382121
"AUL",1954,1954-12-29,0.0072606415
"AUL",1955,1955-12-29,0.0067885369
"AUL",1956,1956-12-29,0.0068869465
"AUL",1957,1957-12-29,0.0070045888
"AUL",1958,1958-12-29,0.0072526066
"AUL",1959,1959-12-29,0.0070529496
"AUL",1960,1960-12-29,0.0069719455
"AUL",1961,1961-12-29,0.0070297173
"AUL",1962,1962-12-29,0.0070518698
"AUL",1963,1963-12-29,0.0069860374
"AUL",1964,1964-12-29,0.007066695
"AUL",1965,1965-12-29,0.0072815907
"AUL",1966,1966-12-29,0.0073444666
"AUL",1967,1967-12-29,0.0077712154
"AUL",1968,1968-12-29,0.007975393
"AUL",1969,1969-12-29,0.0077540493
"AUL",1970,1970-12-29,0.0076282523
"AUL",1971,1971-12-29,0.0075722504
"AUL",1972,1972-12-29,0.0073112976
"AUL",1973,1973-12-29,0.0073531587
"AUL",1974,1974-12-29,0.0074535361
"AUL",1975,1975-12-29,0.0076314309
"AUL",1976,1976-12-29,0.0075291982
"AUL",1977,1977-12-29,0.0073454776
"AUL",1978,1978-12-29,0.00725816
"AUL",1979,1979-12-29,0.0071011344
"AUL",1980,1980-12-29,0.0073886132
"AUL",1981,1981-12-29,0.0074999561
"AUL",1982,1982-12-29,0.0074357013
"AUL",1983,1983-12-29,0.0070852363
"AUL",1984,1984-12-29,0.0065965182
"AUL",1985,1985-12-29,0.0070180045
"AUL",1986,1986-12-29,0.0070472858
"AUL",1987,1987-12-29,0.006884126
"AUL",1988,1988-12-29,0.006916794
"AUL",1989,1989-12-29,0.0073054633
"AUL",1990,1990-12-29,0.0072133909
"AUL",1991,1991-12-29,0.0073686847
"AUL",1992,1992-12-29,0.0076673846
"AUL",1993,1993-12-29,0.0079300329
"AUL",1994,1994-12-29,0.0078390641
"AUL",1995,1995-12-29,0.0079251807
"AUL",1996,1996-12-29,0.0079543106
"AUL",1997,1997-12-29,0.0079764435
"AUL",1998,1998-12-29,0.0079422938
"AUL",1999,1999-12-29,0.0076510338
"AUL",2000,2000-12-29,0.0071200603
"AUL",2001,2001-12-29,0.0068932804
"AUL",2002,2002-12-29,0.0074876784
"AUL",2003,2003-12-29,0.0075095664
"AUL",2004,2004-12-29,0.007389633
"AUL",2005,2005-12-29,0.0075159511
"AUL",2006,2006-12-29,0.0075171576
"AUL",2007,2007-12-29,0.0076252529
"AUL",2008,2008-12-29,0.0074960156
"AUL",2009,2009-12-29,0.0069110766
"AUL",2010,2010-12-29,0.0073558204
"AUL",2011,2011-12-29,0.0072611612
"AUL",2012,2012-12-29,0.0072933729
"AUL",2013,2013-12-29,0.0069644316
"AUL",2014,2014-12-29,0.0064940164
"AUL",2015,2015-12-29,0.0066707232
"AUL",2016,2016-12-29,0.0068504703
"PNG",1975,1975-12-29,0.0001656027
"PNG",1976,1976-12-29,0.00017532674
"PNG",1977,1977-12-29,0.00016704611
"PNG",1978,1978-12-29,0.00019276253
"PNG",1979,1979-12-29,0.00019326861
"PNG",1980,1980-12-29,0.00018881798
"PNG",1981,1981-12-29,0.00019081078
"PNG",1982,1982-12-29,0.00019060822
"PNG",1983,1983-12-29,0.00019178966
"PNG",1984,1984-12-29,0.000190351
"PNG",1985,1985-12-29,0.00019100607
"PNG",1986,1986-12-29,0.00018855344
"PNG",1987,1987-12-29,0.00019027331
"PNG",1988,1988-12-29,0.00018905207
"PNG",1989,1989-12-29,0.00019295863
"PNG",1990,1990-12-29,0.0001980935
"PNG",1991,1991-12-29,0.00020292425
"PNG",1992,1992-12-29,0.00020997359
"PNG",1993,1993-12-29,0.00021718329
"PNG",1994,1994-12-29,0.00021680714
"PNG",1995,1995-12-29,0.00021809843
"PNG",1996,1996-12-29,0.00022933984
"PNG",1997,1997-12-29,0.00022726021
"PNG",1998,1998-12-29,0.00022909125
"PNG",1999,1999-12-29,0.00021892713
"PNG",2000,2000-12-29,0.0002160967
"PNG",2001,2001-12-29,0.00021668801
"PNG",2002,2002-12-29,0.00020361457
"PNG",2003,2003-12-29,0.00020452747
"PNG",2004,2004-12-29,0.00021249376
"PNG",2005,2005-12-29,0.00022282671
"PNG",2006,2006-12-29,0.00027405465
"PNG",2007,2007-12-29,0.0002277637
"PNG",2008,2008-12-29,0.00022257253
"PNG",2009,2009-12-29,0.0002521264
"PNG",2010,2010-12-29,0.00025145672
"PNG",2011,2011-12-29,0.00025693057
"PNG",2012,2012-12-29,0.00025849196
"PNG",2013,2013-12-29,0.00026793184
"PNG",2014,2014-12-29,0.00026047177
"PNG",2015,2015-12-29,0.00026587234
"PNG",2016,2016-12-29,0.00027332411
"NEW",1920,1920-12-30,0.0010270284
"NEW",1921,1921-12-30,0.0011036829
"NEW",1922,1922-12-30,0.00098874897
"NEW",1923,1923-12-30,0.00093844353
"NEW",1924,1924-12-30,0.00095146924
"NEW",1925,1925-12-30,0.00091107923
"NEW",1926,1926-12-30,0.00099055376
"NEW",1927,1927-12-30,0.00094154879
"NEW",1928,1928-12-30,0.00076344109
"NEW",1929,1929-12-30,0.00074658659
"NEW",1930,1930-12-30,0.00075478503
"NEW",1931,1931-12-30,0.00072637765
"NEW",1932,1932-12-30,0.00071594591
"NEW",1933,1933-12-30,0.00069101737
"NEW",1934,1934-12-30,0.00074915052
"NEW",1935,1935-12-30,0.00071281451
"NEW",1936,1936-12-30,0.00071989489
"NEW",1937,1937-12-30,0.00071733288
"NEW",1938,1938-12-30,0.00071491557
"NEW",1939,1939-12-30,0.00065370608
"NEW",1940,1940-12-29,0.00065426779
"NEW",1941,1941-12-29,0.0016385297
"NEW",1942,1942-12-29,0.0018232062
"NEW",1943,1943-12-29,0.0012940472
"NEW",1944,1944-12-29,0.001645497
"NEW",1945,1945-12-29,0.001335728
"NEW",1946,1946-12-29,0.0011930774
"NEW",1947,1947-12-29,0.00087287917
"NEW",1948,1948-12-29,0.00087585952
"NEW",1949,1949-12-29,0.00079703069
"NEW",1950,1950-12-29,0.00072836166
"NEW",1951,1951-12-29,0.00068892352
"NEW",1952,1952-12-29,0.00069283985
"NEW",1953,1953-12-29,0.00068221556
"NEW",1954,1954-12-29,0.00066594739
"NEW",1955,1955-12-29,0.0006244143
"NEW",1956,1956-12-29,0.00063031242
"NEW",1957,1957-12-29,0.00062159688
"NEW",1958,1958-12-29,0.00060998014
"NEW",1959,1959-12-29,0.00061565998
"NEW",1960,1960-12-29,0.00060928072
"NEW",1961,1961-12-29,0.00059720129
"NEW",1962,1962-12-29,0.00055301352
"NEW",1963,1963-12-29,0.00054921862
"NEW",1964,1964-12-29,0.00062188943
"NEW",1965,1965-12-29,0.00068606506
"NEW",1966,1966-12-29,0.00064962334
"NEW",1967,1967-12-29,0.00064366189
"NEW",1968,1968-12-29,0.00063473033
"NEW",1969,1969-12-29,0.00060215045
"NEW",1970,1970-12-29,0.00060913566
"NEW",1971,1971-12-29,0.00062066951
"NEW",1972,1972-12-29,0.00063332618
"NEW",1973,1973-12-29,0.00062760274
"NEW",1974,1974-12-29,0.00064341136
"NEW",1975,1975-12-29,0.00062006642
"NEW",1976,1976-12-29,0.00061351643
"NEW",1977,1977-12-29,0.00061230769
"NEW",1978,1978-12-29,0.00058495166
"NEW",1979,1979-12-29,0.00056702096
"NEW",1980,1980-12-29,0.00056622218
"NEW",1981,1981-12-29,0.00054242957
"NEW",1982,1982-12-29,0.00056457415
"NEW",1983,1983-12-29,0.00061777612
"NEW",1984,1984-12-29,0.00061891275
"NEW",1985,1985-12-29,0.00063087785
"NEW",1986,1986-12-29,0.00066739536
"NEW",1987,1987-12-29,0.00073946291
"NEW",1988,1988-12-29,0.00077328063
"NEW",1989,1989-12-29,0.00081684283
"NEW",1990,1990-12-29,0.00087445928
"NEW",1991,1991-12-29,0.00093076262
"NEW",1992,1992-12-29,0.00092789001
"NEW",1993,1993-12-29,0.00096876599
"NEW",1994,1994-12-29,0.00092740671
"NEW",1995,1995-12-29,0.00097832305
"NEW",1996,1996-12-29,0.00096383464
"NEW",1997,1997-12-29,0.00094035023
"NEW",1998,1998-12-29,0.00093971496
"NEW",1999,1999-12-29,0.00092811376
"NEW",2000,2000-12-29,0.00088456535
"NEW",2001,2001-12-29,0.00088201446
"NEW",2002,2002-12-29,0.0008998909
"NEW",2003,2003-12-29,0.00092733325
"NEW",2004,2004-12-29,0.00088404969
"NEW",2005,2005-12-29,0.00091507041
"NEW",2006,2006-12-29,0.00088796444
"NEW",2007,2007-12-29,0.00083546713
"NEW",2008,2008-12-29,0.00084653846
"NEW",2009,2009-12-29,0.00079139101
"NEW",2010,2010-12-29,0.0008104376
"NEW",2011,2011-12-29,0.00085056067
"NEW",2012,2012-12-29,0.00085886882
"NEW",2013,2013-12-29,0.00090135966
"NEW",2014,2014-12-29,0.00094001502
"NEW",2015,2015-12-29,0.00086639664
"NEW",2016,2016-12-29,0.00086223386
"AFG",1919,1816-07-26,0.0025459984
"ALB",1914,1816-07-26,0.00018365715
"ALG",1962,1816-07-26,0.0014730149
"ANG",1975,1816-07-26,0.00072640728
"ARG",1841,1816-07-26,0.0033368804
"AUH",1816,1816-07-26,0.086052172
"AUL",1920,1816-07-26,0.0068600997
"AUS",1919,1816-07-26,0.0065546893
"BEL",1830,1816-07-26,0.037564769
"BNG",1971,1816-07-26,0.010962872
"BOL",1848,1816-07-26,0.0019766369
"BRA",1822,1816-07-26,0.0095884893
"BUL",1908,1816-07-26,0.0027432181
"CAM",1953,1816-07-26,0.00088546053
"CAN",1920,1816-07-26,0.01012836
"CEN",1960,1816-07-26,7.4291347e-05
"CHA",1960,1816-07-26,0.00017544795
"CHL",1839,1816-07-26,0.00091772358
"CHN",1860,1816-07-26,0.17428753
"COL",1831,1816-07-26,0.0013724891
"CON",1960,1816-07-26,6.0348506e-05
"COS",1920,1816-07-26,9.0035624e-05
"CRO",1992,1816-07-26,0.001297972
"CUB",1902,1816-07-26,0.0011214954
"CZE",1918,1816-07-26,0.0082969321
"DEN",1816,1816-07-26,0.0050356295
"DOM",1894,1816-07-26,0.00013925751
"DRC",1960,1816-07-26,0.0013257691
"DRV",1954,1816-07-26,0.0028113357
"ECU",1854,1816-07-26,0.00063350768
"EGY",1855,1816-07-26,0.009120849
"ERI",1993,1816-07-26,0.00064718205
"EST",1918,1816-07-26,0.00065276236
"ETH",1898,1816-07-26,0.0067244144
"FIN",1917,1816-07-26,0.00089568249
"FRN",1816,1816-07-26,0.11728597
"GDR",1954,1816-07-26,0.012099718
"GFR",1955,1816-07-26,0.037784725
"GHA",1957,1816-07-26,0.00060966512
"GMY",1816,1816-07-26,0.052219804
"GRC",1828,1816-07-26,0.0010999576
"GUA",1868,1816-07-26,0.00027150367
"GUI",1958,1816-07-26,0.00024268971
"HAI",1859,1816-07-26,0.0021028789
"HON",1899,1816-07-26,0.0001139766
"HUN",1918,1816-07-26,0.0047659487
"IND",1947,1816-07-26,0.052838139
"INS",1949,1816-07-26,0.013584938
"IRN",1855,1816-07-26,0.0055900961
"IRQ",1932,1816-07-26,0.0010975705
"ISR",1948,1816-07-26,0.0014134854
"ITA",1816,1816-07-26,0.0069693732
"JOR",1946,1816-07-26,0.00021765535
"JPN",1860,1816-07-26,0.025134634
"KEN",1963,1816-07-26,0.00065085391
"KUW",1961,1816-07-26,0.00068053056
"KYR",1991,1816-07-26,0.00050468632
"LAO",1953,1816-07-26,0.00039437084
"LBR",1920,1816-07-26,7.0934097e-05
"LEB",1946,1816-07-26,0.00034993279
"LIB",1951,1816-07-26,0.00012579247
"LIT",1918,1816-07-26,0.00090604764
"LUX",1920,1816-07-26,0.001482636
"MAL",1957,1816-07-26,0.0014611195
"MEX",1831,1816-07-26,0.0094523551
"MOR",1847,1816-07-26,0.0017539902
"MYA",1948,1816-07-26,0.0022861729
"NEW",1920,1816-07-26,0.0010270284
"NIC",1900,1816-07-26,0.00017280602
"NIG",1960,1816-07-26,0.0041064196
"NOR",1905,1816-07-26,0.00310649
"NTH",1816,1816-07-26,0.039914221
"PAK",1947,1816-07-26,0.011441837
"PAN",1903,1816-07-26,0.00020071527
"PAR",1846,1816-07-26,0.00083677552
"PER",1839,1816-07-26,0.0014260062
"PHI",1946,1816-07-26,0.0034624825
"PNG",1975,1816-07-26,0.0001656027
"POL",1918,1816-07-26,0.014133242
"POR",1816,1816-07-26,0.010605883
"PRK",1948,1816-07-26,0.0036133602
"QAT",1971,1816-07-26,3.5165027e-05
"ROK",1949,1816-07-26,0.004372084
"ROM",1878,1816-07-26,0.0038988721
"RUS",1816,1816-07-26,0.16430406
"RVN",1954,1816-07-26,0.0032348465
"RWA",1962,1816-07-26,0.00016205976
"SAF",1920,1816-07-26,0.003878586
"SAL",1875,1816-07-26,0.00017804607
"SAU",1927,1816-07-26,0.00041936967
"SEN",1960,1816-07-26,0.00034318995
"SIE",1961,1816-07-26,0.00017798578
"SOM",1960,1816-07-26,0.00025280644
"SPN",1816,1816-07-26,0.046393115
"SUD",1956,1816-07-26,0.00086192391
"SYR",1946,1816-07-26,0.00093550555
"TAJ",1991,1816-07-26,0.00056072109
"TAW",1949,1816-07-26,0.017091511
"TAZ",1961,1816-07-26,0.00064591697
"THI",1887,1816-07-26,0.0028007773
"TUN",1825,1816-07-26,0.0042398116
"TUR",1816,1816-07-26,0.061359141
"UAE",1971,1816-07-26,6.7426765e-05
"UGA",1962,1816-07-26,0.00043601092
"UKG",1816,1816-07-26,0.33661938
"USA",1816,1816-07-26,0.039697491
"UZB",1991,1816-07-26,0.0030150199
"VEN",1841,1816-07-26,0.00091777864
"YAR",1926,1816-07-26,0.00094853481
"YPR",1967,1816-07-26,0.00012684146
"YUG",1878,1816-07-26,0.00077109074
"ZAM",1964,1816-07-26,0.00037933994
"ZIM",1965,1816-07-26,0.00059555453
