"name","year","date","milper"
"USA",1816,1816-12-30,17
"USA",1817,1817-12-30,15
"USA",1818,1818-12-30,14
"USA",1819,1819-12-30,13
"USA",1820,1820-12-30,15
"USA",1821,1821-12-30,11
"USA",1822,1822-12-30,10
"USA",1823,1823-12-30,11
"USA",1824,1824-12-30,11
"USA",1825,1825-12-30,11
"USA",1826,1826-12-30,12
"USA",1827,1827-12-30,12
"USA",1828,1828-12-30,11
"USA",1829,1829-12-30,12
"USA",1830,1830-12-30,12
"USA",1831,1831-12-30,11
"USA",1832,1832-12-30,12
"USA",1833,1833-12-30,13
"USA",1834,1834-12-30,13
"USA",1835,1835-12-30,14
"USA",1836,1836-12-30,17
"USA",1837,1837-12-30,22
"USA",1838,1838-12-30,18
"USA",1839,1839-12-30,19
"USA",1840,1840-12-30,22
"USA",1841,1841-12-30,21
"USA",1842,1842-12-30,23
"USA",1843,1843-12-30,21
"USA",1844,1844-12-30,21
"USA",1845,1845-12-30,21
"USA",1846,1846-12-30,39
"USA",1847,1847-12-30,58
"USA",1848,1848-12-30,60
"USA",1849,1849-12-30,23
"USA",1850,1850-12-30,21
"USA",1851,1851-12-30,21
"USA",1852,1852-12-30,21
"USA",1853,1853-12-30,21
"USA",1854,1854-12-30,21
"USA",1855,1855-12-30,26
"USA",1856,1856-12-30,26
"USA",1857,1857-12-30,27
"USA",1858,1858-12-30,29
"USA",1859,1859-12-30,29
"USA",1860,1860-12-30,28
"USA",1861,1861-12-30,217
"USA",1862,1862-12-30,673
"USA",1863,1863-12-30,960
"USA",1864,1864-12-30,1032
"USA",1865,1865-12-30,1063
"USA",1866,1866-12-30,77
"USA",1867,1867-12-30,75
"USA",1868,1868-12-30,66
"USA",1869,1869-12-30,52
"USA",1870,1870-12-30,50
"USA",1871,1871-12-30,42
"USA",1872,1872-12-30,42
"USA",1873,1873-12-30,43
"USA",1874,1874-12-30,44
"USA",1875,1875-12-30,38
"USA",1876,1876-12-30,41
"USA",1877,1877-12-30,34
"USA",1878,1878-12-30,36
"USA",1879,1879-12-30,38
"USA",1880,1880-12-30,38
"USA",1881,1881-12-30,38
"USA",1882,1882-12-30,38
"USA",1883,1883-12-30,37
"USA",1884,1884-12-30,39
"USA",1885,1885-12-30,39
"USA",1886,1886-12-30,39
"USA",1887,1887-12-30,39
"USA",1888,1888-12-30,39
"USA",1889,1889-12-30,39
"USA",1890,1890-12-30,39
"USA",1891,1891-12-30,38
"USA",1892,1892-12-30,39
"USA",1893,1893-12-30,39
"USA",1894,1894-12-30,42
"USA",1895,1895-12-30,42
"USA",1896,1896-12-30,42
"USA",1897,1897-12-30,44
"USA",1898,1898-12-30,236
"USA",1899,1899-12-30,100
"USA",1900,1900-12-30,126
"USA",1901,1901-12-30,112
"USA",1902,1902-12-30,111
"USA",1903,1903-12-30,106
"USA",1904,1904-12-30,110
"USA",1905,1905-12-30,108
"USA",1906,1906-12-30,112
"USA",1907,1907-12-30,108
"USA",1908,1908-12-30,129
"USA",1909,1909-12-30,142
"USA",1910,1910-12-30,139
"USA",1911,1911-12-30,145
"USA",1912,1912-12-30,153
"USA",1913,1913-12-30,155
"USA",1914,1914-12-29,166
"USA",1915,1915-12-29,174
"USA",1916,1916-12-29,179
"USA",1917,1917-12-29,644
"USA",1918,1918-12-30,2897
"USA",1919,1919-12-30,1173
"USA",1920,1920-12-30,343
"USA",1921,1921-12-30,387
"USA",1922,1922-12-30,270
"USA",1923,1923-12-30,247
"USA",1924,1924-12-30,261
"USA",1925,1925-12-30,252
"USA",1926,1926-12-30,247
"USA",1927,1927-12-30,249
"USA",1928,1928-12-30,251
"USA",1929,1929-12-30,255
"USA",1930,1930-12-30,256
"USA",1931,1931-12-30,253
"USA",1932,1932-12-30,245
"USA",1933,1933-12-30,244
"USA",1934,1934-12-30,247
"USA",1935,1935-12-30,252
"USA",1936,1936-12-30,291
"USA",1937,1937-12-30,312
"USA",1938,1938-12-30,323
"USA",1939,1939-12-30,334
"USA",1940,1940-12-29,458
"USA",1941,1941-12-29,1801
"USA",1942,1942-12-29,3859
"USA",1943,1943-12-29,9045
"USA",1944,1944-12-29,11452
"USA",1945,1945-12-29,12123
"USA",1946,1946-12-29,3030
"USA",1947,1947-12-29,1583
"USA",1948,1948-12-29,1446
"USA",1949,1949-12-29,1615
"USA",1950,1950-12-29,1460
"USA",1951,1951-12-29,3249
"USA",1952,1952-12-29,3636
"USA",1953,1953-12-29,3555
"USA",1954,1954-12-29,3302
"USA",1955,1955-12-29,2935
"USA",1956,1956-12-29,2806
"USA",1957,1957-12-29,2796
"USA",1958,1958-12-29,2411
"USA",1959,1959-12-29,2328
"USA",1960,1960-12-29,2306
"USA",1961,1961-12-29,2307
"USA",1962,1962-12-29,2807
"USA",1963,1963-12-29,2700
"USA",1964,1964-12-29,2687
"USA",1965,1965-12-29,2660
"USA",1966,1966-12-29,3090
"USA",1967,1967-12-29,3380
"USA",1968,1968-12-29,3550
"USA",1969,1969-12-29,3460
"USA",1970,1970-12-29,3070
"USA",1971,1971-12-29,2720
"USA",1972,1972-12-29,2323
"USA",1973,1973-12-29,2206
"USA",1974,1974-12-29,2146
"USA",1975,1975-12-29,2098
"USA",1976,1976-12-29,2075
"USA",1977,1977-12-29,2060
"USA",1978,1978-12-29,2060
"USA",1979,1979-12-29,2033
"USA",1980,1980-12-29,2050
"USA",1981,1981-12-29,2101
"USA",1982,1982-12-29,2168
"USA",1983,1983-12-29,2201
"USA",1984,1984-12-29,2222
"USA",1985,1985-12-29,2244
"USA",1986,1986-12-29,2269
"USA",1987,1987-12-29,2280
"USA",1988,1988-12-29,2250
"USA",1989,1989-12-29,2240
"USA",1990,1990-12-29,2180
"USA",1991,1991-12-29,2110
"USA",1992,1992-12-29,1920
"USA",1993,1993-12-29,1810
"USA",1994,1994-12-29,1710
"USA",1995,1995-12-29,1620
"USA",1996,1996-12-29,1570
"USA",1997,1997-12-29,1530
"USA",1998,1998-12-29,1510
"USA",1999,1999-12-29,1490
"USA",2000,2000-12-29,1366
"USA",2001,2001-12-29,1368
"USA",2002,2002-12-29,1414
"USA",2003,2003-12-29,1427
"USA",2004,2004-12-29,1450
"USA",2005,2005-12-29,1474
"USA",2006,2006-12-29,1546
"USA",2007,2007-12-29,1506
"USA",2008,2008-12-29,1498
"USA",2009,2009-12-29,1540
"USA",2010,2010-12-29,1580
"USA",2011,2011-12-29,1564
"USA",2012,2012-12-29,1569
"USA",2013,2013-12-29,1520
"USA",2014,2014-12-29,1492
"USA",2015,2015-12-29,1433
"USA",2016,2016-12-29,1381
"CAN",1920,1920-12-30,4
"CAN",1921,1921-12-30,4
"CAN",1922,1922-12-30,4
"CAN",1923,1923-12-30,4
"CAN",1924,1924-12-30,4
"CAN",1925,1925-12-30,4
"CAN",1926,1926-12-30,4
"CAN",1927,1927-12-30,4
"CAN",1928,1928-12-30,5
"CAN",1929,1929-12-30,4
"CAN",1930,1930-12-30,5
"CAN",1931,1931-12-30,6
"CAN",1932,1932-12-30,5
"CAN",1933,1933-12-30,5
"CAN",1934,1934-12-30,5
"CAN",1935,1935-12-30,4
"CAN",1936,1936-12-30,6
"CAN",1937,1937-12-30,6
"CAN",1938,1938-12-30,6
"CAN",1939,1939-12-30,6
"CAN",1940,1940-12-29,21
"CAN",1941,1941-12-29,280
"CAN",1942,1942-12-29,400
"CAN",1943,1943-12-29,740
"CAN",1944,1944-12-29,728
"CAN",1945,1945-12-29,801
"CAN",1946,1946-12-29,46
"CAN",1947,1947-12-29,43
"CAN",1948,1948-12-29,40
"CAN",1949,1949-12-29,47
"CAN",1950,1950-12-29,45
"CAN",1951,1951-12-29,62
"CAN",1952,1952-12-29,102
"CAN",1953,1953-12-29,104
"CAN",1954,1954-12-29,108
"CAN",1955,1955-12-29,112
"CAN",1956,1956-12-29,116
"CAN",1957,1957-12-29,121
"CAN",1958,1958-12-29,119
"CAN",1959,1959-12-29,120
"CAN",1960,1960-12-29,121
"CAN",1961,1961-12-29,124
"CAN",1962,1962-12-29,124
"CAN",1963,1963-12-29,120
"CAN",1964,1964-12-29,120
"CAN",1965,1965-12-29,120
"CAN",1966,1966-12-29,110
"CAN",1967,1967-12-29,105
"CAN",1968,1968-12-29,105
"CAN",1969,1969-12-29,100
"CAN",1970,1970-12-29,95
"CAN",1971,1971-12-29,85
"CAN",1972,1972-12-29,90
"CAN",1973,1973-12-29,82
"CAN",1974,1974-12-29,82
"CAN",1975,1975-12-29,78
"CAN",1976,1976-12-29,78
"CAN",1977,1977-12-29,78
"CAN",1978,1978-12-29,79
"CAN",1979,1979-12-29,79
"CAN",1980,1980-12-29,82
"CAN",1981,1981-12-29,81
"CAN",1982,1982-12-29,81
"CAN",1983,1983-12-29,81
"CAN",1984,1984-12-29,82
"CAN",1985,1985-12-29,83
"CAN",1986,1986-12-29,85
"CAN",1987,1987-12-29,86
"CAN",1988,1988-12-29,88
"CAN",1989,1989-12-29,88
"CAN",1990,1990-12-29,87
"CAN",1991,1991-12-29,86
"CAN",1992,1992-12-29,82
"CAN",1993,1993-12-29,76
"CAN",1994,1994-12-29,75
"CAN",1995,1995-12-29,70
"CAN",1996,1996-12-29,66
"CAN",1997,1997-12-29,61
"CAN",1998,1998-12-29,60
"CAN",1999,1999-12-29,60
"CAN",2000,2000-12-29,59
"CAN",2001,2001-12-29,57
"CAN",2002,2002-12-29,52
"CAN",2003,2003-12-29,52
"CAN",2004,2004-12-29,57
"CAN",2005,2005-12-29,62
"CAN",2006,2006-12-29,62
"CAN",2007,2007-12-29,63
"CAN",2008,2008-12-29,64
"CAN",2009,2009-12-29,64
"CAN",2010,2010-12-29,66
"CAN",2011,2011-12-29,66
"CAN",2012,2012-12-29,66
"CAN",2013,2013-12-29,66
"CAN",2014,2014-12-29,66
"CAN",2015,2015-12-29,66
"CAN",2016,2016-12-29,66
"CUB",1902,1902-12-30,3
"CUB",1903,1903-12-30,3
"CUB",1904,1904-12-30,4
"CUB",1905,1905-12-30,4
"CUB",1906,1906-12-30,4
"CUB",1909,1909-12-30,5
"CUB",1910,1910-12-30,5
"CUB",1911,1911-12-30,5
"CUB",1912,1912-12-30,5
"CUB",1913,1913-12-30,11
"CUB",1914,1914-12-29,13
"CUB",1915,1915-12-29,15
"CUB",1916,1916-12-29,18
"CUB",1917,1917-12-29,19
"CUB",1918,1918-12-30,19
"CUB",1919,1919-12-30,18
"CUB",1920,1920-12-30,18
"CUB",1921,1921-12-30,18
"CUB",1922,1922-12-30,12
"CUB",1923,1923-12-30,12
"CUB",1924,1924-12-30,12
"CUB",1925,1925-12-30,13
"CUB",1926,1926-12-30,13
"CUB",1927,1927-12-30,13
"CUB",1928,1928-12-30,13
"CUB",1929,1929-12-30,13
"CUB",1930,1930-12-30,13
"CUB",1931,1931-12-30,13
"CUB",1932,1932-12-30,13
"CUB",1933,1933-12-30,13
"CUB",1934,1934-12-30,13
"CUB",1935,1935-12-30,16
"CUB",1936,1936-12-30,16
"CUB",1937,1937-12-30,19
"CUB",1938,1938-12-30,19
"CUB",1939,1939-12-30,19
"CUB",1940,1940-12-29,19
"CUB",1941,1941-12-29,19
"CUB",1942,1942-12-29,20
"CUB",1943,1943-12-29,20
"CUB",1944,1944-12-29,20
"CUB",1945,1945-12-29,21
"CUB",1946,1946-12-29,18
"CUB",1947,1947-12-29,18
"CUB",1948,1948-12-29,18
"CUB",1949,1949-12-29,19
"CUB",1950,1950-12-29,20
"CUB",1951,1951-12-29,20
"CUB",1952,1952-12-29,20
"CUB",1953,1953-12-29,21
"CUB",1954,1954-12-29,21
"CUB",1955,1955-12-29,13
"CUB",1956,1956-12-29,13
"CUB",1957,1957-12-29,19
"CUB",1958,1958-12-29,19
"CUB",1959,1959-12-29,19
"CUB",1960,1960-12-29,46
"CUB",1961,1961-12-29,270
"CUB",1962,1962-12-29,270
"CUB",1963,1963-12-29,80
"CUB",1964,1964-12-29,110
"CUB",1965,1965-12-29,110
"CUB",1966,1966-12-29,110
"CUB",1967,1967-12-29,110
"CUB",1968,1968-12-29,110
"CUB",1969,1969-12-29,140
"CUB",1970,1970-12-29,140
"CUB",1971,1971-12-29,140
"CUB",1972,1972-12-29,140
"CUB",1973,1973-12-29,140
"CUB",1974,1974-12-29,140
"CUB",1975,1975-12-29,120
"CUB",1976,1976-12-29,125
"CUB",1977,1977-12-29,200
"CUB",1978,1978-12-29,210
"CUB",1979,1979-12-29,210
"CUB",1980,1980-12-29,220
"CUB",1981,1981-12-29,225
"CUB",1982,1982-12-29,230
"CUB",1983,1983-12-29,250
"CUB",1984,1984-12-29,297
"CUB",1985,1985-12-29,297
"CUB",1986,1986-12-29,297
"CUB",1987,1987-12-29,297
"CUB",1988,1988-12-29,297
"CUB",1989,1989-12-29,297
"CUB",1990,1990-12-29,297
"CUB",1991,1991-12-29,297
"CUB",1992,1992-12-29,175
"CUB",1993,1993-12-29,175
"CUB",1994,1994-12-29,140
"CUB",1995,1995-12-29,70
"CUB",1996,1996-12-29,70
"CUB",1997,1997-12-29,55
"CUB",1998,1998-12-29,55
"CUB",1999,1999-12-29,50
"CUB",2000,2000-12-29,58
"CUB",2001,2001-12-29,46
"CUB",2002,2002-12-29,46
"CUB",2003,2003-12-29,46
"CUB",2004,2004-12-29,48
"CUB",2005,2005-12-29,49
"CUB",2006,2006-12-29,49
"CUB",2007,2007-12-29,49
"CUB",2008,2008-12-29,49
"CUB",2009,2009-12-29,49
"CUB",2010,2010-12-29,49
"CUB",2011,2011-12-29,49
"CUB",2012,2012-12-29,49
"CUB",2013,2013-12-29,49
"CUB",2014,2014-12-29,49
"CUB",2015,2015-12-29,49
"CUB",2016,2016-12-29,49
"HAI",1859,1859-12-30,30
"HAI",1860,1860-12-30,16
"HAI",1861,1861-12-30,4
"HAI",1862,1862-12-30,4
"HAI",1863,1863-12-30,4
"HAI",1864,1864-12-30,4
"HAI",1865,1865-12-30,4
"HAI",1866,1866-12-30,4
"HAI",1867,1867-12-30,4
"HAI",1868,1868-12-30,4
"HAI",1869,1869-12-30,4
"HAI",1870,1870-12-30,4
"HAI",1871,1871-12-30,4
"HAI",1872,1872-12-30,4
"HAI",1873,1873-12-30,4
"HAI",1874,1874-12-30,4
"HAI",1875,1875-12-30,4
"HAI",1876,1876-12-30,4
"HAI",1877,1877-12-30,4
"HAI",1878,1878-12-30,7
"HAI",1879,1879-12-30,7
"HAI",1880,1880-12-30,7
"HAI",1881,1881-12-30,7
"HAI",1882,1882-12-30,7
"HAI",1883,1883-12-30,7
"HAI",1884,1884-12-30,5
"HAI",1885,1885-12-30,7
"HAI",1886,1886-12-30,7
"HAI",1887,1887-12-30,7
"HAI",1888,1888-12-30,7
"HAI",1889,1889-12-30,5
"HAI",1890,1890-12-30,5
"HAI",1891,1891-12-30,5
"HAI",1892,1892-12-30,5
"HAI",1893,1893-12-30,5
"HAI",1894,1894-12-30,5
"HAI",1895,1895-12-30,7
"HAI",1896,1896-12-30,5
"HAI",1897,1897-12-30,7
"HAI",1898,1898-12-30,7
"HAI",1899,1899-12-30,7
"HAI",1900,1900-12-30,7
"HAI",1901,1901-12-30,7
"HAI",1902,1902-12-30,7
"HAI",1903,1903-12-30,7
"HAI",1904,1904-12-30,7
"HAI",1905,1905-12-30,7
"HAI",1906,1906-12-30,7
"HAI",1907,1907-12-30,7
"HAI",1908,1908-12-30,7
"HAI",1909,1909-12-30,12
"HAI",1910,1910-12-30,12
"HAI",1911,1911-12-30,12
"HAI",1912,1912-12-30,12
"HAI",1913,1913-12-30,12
"HAI",1914,1914-12-29,6
"HAI",1915,1915-12-29,6
"HAI",1934,1934-12-30,3
"HAI",1935,1935-12-30,3
"HAI",1936,1936-12-30,3
"HAI",1937,1937-12-30,3
"HAI",1938,1938-12-30,3
"HAI",1939,1939-12-30,3
"HAI",1942,1942-12-29,5
"HAI",1943,1943-12-29,5
"HAI",1944,1944-12-29,5
"HAI",1945,1945-12-29,5
"HAI",1946,1946-12-29,5
"HAI",1947,1947-12-29,4
"HAI",1948,1948-12-29,3
"HAI",1949,1949-12-29,3
"HAI",1950,1950-12-29,3
"HAI",1951,1951-12-29,3
"HAI",1952,1952-12-29,3
"HAI",1953,1953-12-29,4
"HAI",1954,1954-12-29,4
"HAI",1955,1955-12-29,5
"HAI",1956,1956-12-29,5
"HAI",1957,1957-12-29,4
"HAI",1958,1958-12-29,4
"HAI",1959,1959-12-29,6
"HAI",1960,1960-12-29,6
"HAI",1961,1961-12-29,5
"HAI",1962,1962-12-29,5
"HAI",1963,1963-12-29,16
"HAI",1964,1964-12-29,15
"HAI",1965,1965-12-29,15
"HAI",1966,1966-12-29,10
"HAI",1967,1967-12-29,13
"HAI",1968,1968-12-29,12
"HAI",1969,1969-12-29,12
"HAI",1970,1970-12-29,12
"HAI",1971,1971-12-29,12
"HAI",1972,1972-12-29,12
"HAI",1973,1973-12-29,12
"HAI",1974,1974-12-29,6
"HAI",1975,1975-12-29,6
"HAI",1976,1976-12-29,6
"HAI",1977,1977-12-29,7
"HAI",1978,1978-12-29,7
"HAI",1979,1979-12-29,7
"HAI",1980,1980-12-29,7
"HAI",1981,1981-12-29,8
"HAI",1982,1982-12-29,8
"HAI",1983,1983-12-29,8
"HAI",1984,1984-12-29,6
"HAI",1985,1985-12-29,6
"HAI",1986,1986-12-29,8
"HAI",1987,1987-12-29,8
"HAI",1988,1988-12-29,8
"HAI",1989,1989-12-29,9
"HAI",1990,1990-12-29,8
"HAI",1991,1991-12-29,8
"HAI",1992,1992-12-29,8
"HAI",1993,1993-12-29,8
"HAI",2001,2001-12-29,3
"HAI",2008,2008-12-29,3
"DOM",1894,1894-12-30,1
"DOM",1895,1895-12-30,1
"DOM",1896,1896-12-30,1
"DOM",1897,1897-12-30,1
"DOM",1898,1898-12-30,1
"DOM",1899,1899-12-30,1
"DOM",1900,1900-12-30,1
"DOM",1901,1901-12-30,1
"DOM",1902,1902-12-30,1
"DOM",1903,1903-12-30,1
"DOM",1904,1904-12-30,1
"DOM",1905,1905-12-30,1
"DOM",1906,1906-12-30,1
"DOM",1907,1907-12-30,1
"DOM",1908,1908-12-30,1
"DOM",1909,1909-12-30,1
"DOM",1910,1910-12-30,1
"DOM",1911,1911-12-30,1
"DOM",1912,1912-12-30,1
"DOM",1913,1913-12-30,1
"DOM",1914,1914-12-29,1
"DOM",1915,1915-12-29,1
"DOM",1916,1916-12-29,1
"DOM",1924,1924-12-30,2
"DOM",1925,1925-12-30,2
"DOM",1926,1926-12-30,2
"DOM",1927,1927-12-30,3
"DOM",1928,1928-12-30,2
"DOM",1929,1929-12-30,2
"DOM",1930,1930-12-30,2
"DOM",1931,1931-12-30,2
"DOM",1932,1932-12-30,2
"DOM",1933,1933-12-30,2
"DOM",1934,1934-12-30,3
"DOM",1935,1935-12-30,3
"DOM",1936,1936-12-30,3
"DOM",1937,1937-12-30,3
"DOM",1938,1938-12-30,3
"DOM",1939,1939-12-30,2
"DOM",1940,1940-12-29,3
"DOM",1941,1941-12-29,3
"DOM",1942,1942-12-29,4
"DOM",1943,1943-12-29,4
"DOM",1944,1944-12-29,4
"DOM",1945,1945-12-29,4
"DOM",1946,1946-12-29,7
"DOM",1947,1947-12-29,10
"DOM",1948,1948-12-29,15
"DOM",1949,1949-12-29,15
"DOM",1950,1950-12-29,15
"DOM",1951,1951-12-29,15
"DOM",1952,1952-12-29,16
"DOM",1953,1953-12-29,16
"DOM",1954,1954-12-29,16
"DOM",1955,1955-12-29,9
"DOM",1956,1956-12-29,9
"DOM",1957,1957-12-29,18
"DOM",1958,1958-12-29,18
"DOM",1959,1959-12-29,18
"DOM",1960,1960-12-29,18
"DOM",1961,1961-12-29,19
"DOM",1962,1962-12-29,19
"DOM",1963,1963-12-29,20
"DOM",1964,1964-12-29,19
"DOM",1965,1965-12-29,17
"DOM",1966,1966-12-29,19
"DOM",1967,1967-12-29,19
"DOM",1968,1968-12-29,18
"DOM",1969,1969-12-29,17
"DOM",1970,1970-12-29,17
"DOM",1971,1971-12-29,16
"DOM",1972,1972-12-29,16
"DOM",1973,1973-12-29,16
"DOM",1974,1974-12-29,18
"DOM",1975,1975-12-29,18
"DOM",1976,1976-12-29,18
"DOM",1977,1977-12-29,19
"DOM",1978,1978-12-29,19
"DOM",1979,1979-12-29,19
"DOM",1980,1980-12-29,24
"DOM",1981,1981-12-29,24
"DOM",1982,1982-12-29,25
"DOM",1983,1983-12-29,23
"DOM",1984,1984-12-29,22
"DOM",1985,1985-12-29,22
"DOM",1986,1986-12-29,21
"DOM",1987,1987-12-29,21
"DOM",1988,1988-12-29,20
"DOM",1989,1989-12-29,21
"DOM",1990,1990-12-29,21
"DOM",1991,1991-12-29,21
"DOM",1992,1992-12-29,22
"DOM",1993,1993-12-29,22
"DOM",1994,1994-12-29,22
"DOM",1995,1995-12-29,22
"DOM",1996,1996-12-29,22
"DOM",1997,1997-12-29,22
"DOM",1998,1998-12-29,25
"DOM",1999,1999-12-29,30
"DOM",2000,2000-12-29,24
"DOM",2001,2001-12-29,24
"DOM",2002,2002-12-29,24
"DOM",2003,2003-12-29,26
"DOM",2004,2004-12-29,25
"DOM",2005,2005-12-29,25
"DOM",2006,2006-12-29,25
"DOM",2007,2007-12-29,25
"DOM",2008,2008-12-29,50
"DOM",2009,2009-12-29,50
"DOM",2010,2010-12-29,50
"DOM",2011,2011-12-29,25
"DOM",2012,2012-12-29,25
"DOM",2013,2013-12-29,25
"DOM",2014,2014-12-29,46
"DOM",2015,2015-12-29,46
"DOM",2016,2016-12-29,56
"MEX",1831,1831-12-30,25
"MEX",1832,1832-12-30,25
"MEX",1833,1833-12-30,25
"MEX",1834,1834-12-30,25
"MEX",1835,1835-12-30,25
"MEX",1836,1836-12-30,25
"MEX",1837,1837-12-30,25
"MEX",1838,1838-12-30,25
"MEX",1839,1839-12-30,25
"MEX",1840,1840-12-30,20
"MEX",1841,1841-12-30,20
"MEX",1842,1842-12-30,20
"MEX",1843,1843-12-30,20
"MEX",1844,1844-12-30,20
"MEX",1845,1845-12-30,20
"MEX",1846,1846-12-30,20
"MEX",1847,1847-12-30,20
"MEX",1848,1848-12-30,21
"MEX",1849,1849-12-30,22
"MEX",1850,1850-12-30,23
"MEX",1851,1851-12-30,24
"MEX",1852,1852-12-30,25
"MEX",1853,1853-12-30,26
"MEX",1854,1854-12-30,27
"MEX",1855,1855-12-30,26
"MEX",1856,1856-12-30,26
"MEX",1857,1857-12-30,26
"MEX",1858,1858-12-30,26
"MEX",1859,1859-12-30,26
"MEX",1860,1860-12-30,26
"MEX",1861,1861-12-30,26
"MEX",1862,1862-12-30,27
"MEX",1863,1863-12-30,10
"MEX",1864,1864-12-30,15
"MEX",1865,1865-12-30,21
"MEX",1866,1866-12-30,40
"MEX",1867,1867-12-30,33
"MEX",1868,1868-12-30,26
"MEX",1869,1869-12-30,18
"MEX",1870,1870-12-30,18
"MEX",1871,1871-12-30,18
"MEX",1872,1872-12-30,18
"MEX",1873,1873-12-30,20
"MEX",1874,1874-12-30,22
"MEX",1875,1875-12-30,22
"MEX",1876,1876-12-30,22
"MEX",1877,1877-12-30,22
"MEX",1878,1878-12-30,22
"MEX",1879,1879-12-30,22
"MEX",1880,1880-12-30,25
"MEX",1881,1881-12-30,22
"MEX",1882,1882-12-30,22
"MEX",1883,1883-12-30,21
"MEX",1884,1884-12-30,21
"MEX",1885,1885-12-30,21
"MEX",1886,1886-12-30,21
"MEX",1887,1887-12-30,21
"MEX",1888,1888-12-30,32
"MEX",1889,1889-12-30,37
"MEX",1890,1890-12-30,37
"MEX",1891,1891-12-30,38
"MEX",1892,1892-12-30,49
"MEX",1893,1893-12-30,38
"MEX",1894,1894-12-30,38
"MEX",1895,1895-12-30,38
"MEX",1896,1896-12-30,35
"MEX",1897,1897-12-30,33
"MEX",1898,1898-12-30,33
"MEX",1899,1899-12-30,33
"MEX",1900,1900-12-30,33
"MEX",1901,1901-12-30,33
"MEX",1902,1902-12-30,30
"MEX",1903,1903-12-30,29
"MEX",1904,1904-12-30,29
"MEX",1905,1905-12-30,29
"MEX",1906,1906-12-30,28
"MEX",1907,1907-12-30,28
"MEX",1908,1908-12-30,29
"MEX",1909,1909-12-30,30
"MEX",1910,1910-12-30,31
"MEX",1911,1911-12-30,32
"MEX",1912,1912-12-30,57
"MEX",1913,1913-12-30,31
"MEX",1914,1914-12-29,30
"MEX",1915,1915-12-29,180
"MEX",1916,1916-12-29,200
"MEX",1918,1918-12-30,55
"MEX",1919,1919-12-30,137
"MEX",1920,1920-12-30,120
"MEX",1921,1921-12-30,103
"MEX",1922,1922-12-30,85
"MEX",1923,1923-12-30,66
"MEX",1924,1924-12-30,52
"MEX",1925,1925-12-30,64
"MEX",1926,1926-12-30,64
"MEX",1927,1927-12-30,69
"MEX",1928,1928-12-30,74
"MEX",1929,1929-12-30,70
"MEX",1930,1930-12-30,65
"MEX",1931,1931-12-30,61
"MEX",1932,1932-12-30,54
"MEX",1933,1933-12-30,54
"MEX",1934,1934-12-30,59
"MEX",1935,1935-12-30,54
"MEX",1936,1936-12-30,48
"MEX",1937,1937-12-30,54
"MEX",1938,1938-12-30,49
"MEX",1939,1939-12-30,49
"MEX",1942,1942-12-29,52
"MEX",1943,1943-12-29,80
"MEX",1946,1946-12-29,61
"MEX",1947,1947-12-29,61
"MEX",1948,1948-12-29,61
"MEX",1949,1949-12-29,64
"MEX",1950,1950-12-29,55
"MEX",1951,1951-12-29,60
"MEX",1952,1952-12-29,56
"MEX",1953,1953-12-29,56
"MEX",1954,1954-12-29,56
"MEX",1955,1955-12-29,48
"MEX",1956,1956-12-29,48
"MEX",1957,1957-12-29,48
"MEX",1958,1958-12-29,49
"MEX",1959,1959-12-29,50
"MEX",1960,1960-12-29,50
"MEX",1961,1961-12-29,60
"MEX",1962,1962-12-29,64
"MEX",1963,1963-12-29,65
"MEX",1964,1964-12-29,65
"MEX",1965,1965-12-29,65
"MEX",1966,1966-12-29,75
"MEX",1967,1967-12-29,80
"MEX",1968,1968-12-29,75
"MEX",1969,1969-12-29,75
"MEX",1970,1970-12-29,80
"MEX",1971,1971-12-29,80
"MEX",1972,1972-12-29,80
"MEX",1973,1973-12-29,80
"MEX",1974,1974-12-29,85
"MEX",1975,1975-12-29,95
"MEX",1976,1976-12-29,100
"MEX",1977,1977-12-29,100
"MEX",1978,1978-12-29,120
"MEX",1979,1979-12-29,120
"MEX",1980,1980-12-29,120
"MEX",1981,1981-12-29,125
"MEX",1982,1982-12-29,130
"MEX",1983,1983-12-29,130
"MEX",1984,1984-12-29,129
"MEX",1985,1985-12-29,140
"MEX",1986,1986-12-29,141
"MEX",1987,1987-12-29,141
"MEX",1988,1988-12-29,154
"MEX",1989,1989-12-29,154
"MEX",1990,1990-12-29,175
"MEX",1991,1991-12-29,175
"MEX",1992,1992-12-29,175
"MEX",1993,1993-12-29,175
"MEX",1994,1994-12-29,175
"MEX",1995,1995-12-29,175
"MEX",1996,1996-12-29,175
"MEX",1997,1997-12-29,250
"MEX",1998,1998-12-29,255
"MEX",1999,1999-12-29,255
"MEX",2000,2000-12-29,193
"MEX",2001,2001-12-29,193
"MEX",2002,2002-12-29,193
"MEX",2003,2003-12-29,193
"MEX",2004,2004-12-29,193
"MEX",2005,2005-12-29,193
"MEX",2006,2006-12-29,193
"MEX",2007,2007-12-29,238
"MEX",2008,2008-12-29,249
"MEX",2009,2009-12-29,255
"MEX",2010,2010-12-29,268
"MEX",2011,2011-12-29,280
"MEX",2012,2012-12-29,280
"MEX",2013,2013-12-29,270
"MEX",2014,2014-12-29,270
"MEX",2015,2015-12-29,267
"MEX",2016,2016-12-29,277
"GUA",1868,1868-12-30,3
"GUA",1869,1869-12-30,3
"GUA",1870,1870-12-30,3
"GUA",1871,1871-12-30,3
"GUA",1872,1872-12-30,3
"GUA",1873,1873-12-30,3
"GUA",1874,1874-12-30,3
"GUA",1875,1875-12-30,3
"GUA",1876,1876-12-30,3
"GUA",1877,1877-12-30,3
"GUA",1878,1878-12-30,3
"GUA",1879,1879-12-30,3
"GUA",1880,1880-12-30,3
"GUA",1881,1881-12-30,2
"GUA",1882,1882-12-30,2
"GUA",1883,1883-12-30,2
"GUA",1884,1884-12-30,2
"GUA",1885,1885-12-30,3
"GUA",1886,1886-12-30,3
"GUA",1887,1887-12-30,3
"GUA",1888,1888-12-30,3
"GUA",1889,1889-12-30,13
"GUA",1890,1890-12-30,3
"GUA",1891,1891-12-30,3
"GUA",1892,1892-12-30,3
"GUA",1893,1893-12-30,3
"GUA",1894,1894-12-30,3
"GUA",1895,1895-12-30,3
"GUA",1896,1896-12-30,3
"GUA",1897,1897-12-30,4
"GUA",1898,1898-12-30,5
"GUA",1899,1899-12-30,6
"GUA",1900,1900-12-30,7
"GUA",1901,1901-12-30,7
"GUA",1902,1902-12-30,7
"GUA",1903,1903-12-30,7
"GUA",1904,1904-12-30,7
"GUA",1905,1905-12-30,7
"GUA",1906,1906-12-30,7
"GUA",1907,1907-12-30,7
"GUA",1908,1908-12-30,7
"GUA",1909,1909-12-30,7
"GUA",1910,1910-12-30,7
"GUA",1911,1911-12-30,7
"GUA",1912,1912-12-30,7
"GUA",1913,1913-12-30,7
"GUA",1914,1914-12-29,7
"GUA",1915,1915-12-29,7
"GUA",1916,1916-12-29,7
"GUA",1917,1917-12-29,7
"GUA",1918,1918-12-30,7
"GUA",1919,1919-12-30,8
"GUA",1920,1920-12-30,8
"GUA",1921,1921-12-30,8
"GUA",1922,1922-12-30,8
"GUA",1923,1923-12-30,8
"GUA",1924,1924-12-30,8
"GUA",1925,1925-12-30,8
"GUA",1926,1926-12-30,8
"GUA",1927,1927-12-30,7
"GUA",1928,1928-12-30,7
"GUA",1929,1929-12-30,7
"GUA",1930,1930-12-30,7
"GUA",1931,1931-12-30,7
"GUA",1932,1932-12-30,7
"GUA",1933,1933-12-30,6
"GUA",1934,1934-12-30,7
"GUA",1935,1935-12-30,6
"GUA",1936,1936-12-30,6
"GUA",1937,1937-12-30,6
"GUA",1938,1938-12-30,6
"GUA",1939,1939-12-30,6
"GUA",1944,1944-12-29,21
"GUA",1946,1946-12-29,20
"GUA",1947,1947-12-29,22
"GUA",1948,1948-12-29,22
"GUA",1949,1949-12-29,22
"GUA",1950,1950-12-29,22
"GUA",1951,1951-12-29,22
"GUA",1952,1952-12-29,7
"GUA",1953,1953-12-29,7
"GUA",1954,1954-12-29,7
"GUA",1955,1955-12-29,7
"GUA",1956,1956-12-29,8
"GUA",1957,1957-12-29,8
"GUA",1958,1958-12-29,8
"GUA",1959,1959-12-29,8
"GUA",1960,1960-12-29,8
"GUA",1961,1961-12-29,7
"GUA",1962,1962-12-29,8
"GUA",1963,1963-12-29,9
"GUA",1964,1964-12-29,9
"GUA",1965,1965-12-29,10
"GUA",1966,1966-12-29,9
"GUA",1967,1967-12-29,10
"GUA",1968,1968-12-29,11
"GUA",1969,1969-12-29,10
"GUA",1970,1970-12-29,13
"GUA",1971,1971-12-29,13
"GUA",1972,1972-12-29,14
"GUA",1973,1973-12-29,13
"GUA",1974,1974-12-29,13
"GUA",1975,1975-12-29,13
"GUA",1976,1976-12-29,14
"GUA",1977,1977-12-29,14
"GUA",1978,1978-12-29,14
"GUA",1979,1979-12-29,21
"GUA",1980,1980-12-29,21
"GUA",1981,1981-12-29,27
"GUA",1982,1982-12-29,30
"GUA",1983,1983-12-29,40
"GUA",1984,1984-12-29,40
"GUA",1985,1985-12-29,43
"GUA",1986,1986-12-29,43
"GUA",1987,1987-12-29,43
"GUA",1988,1988-12-29,43
"GUA",1989,1989-12-29,43
"GUA",1990,1990-12-29,43
"GUA",1991,1991-12-29,43
"GUA",1992,1992-12-29,44
"GUA",1993,1993-12-29,44
"GUA",1994,1994-12-29,34
"GUA",1995,1995-12-29,36
"GUA",1996,1996-12-29,36
"GUA",1997,1997-12-29,30
"GUA",1998,1998-12-29,30
"GUA",1999,1999-12-29,30
"GUA",2000,2000-12-29,31
"GUA",2001,2001-12-29,31
"GUA",2002,2002-12-29,31
"GUA",2003,2003-12-29,31
"GUA",2004,2004-12-29,30
"GUA",2005,2005-12-29,29
"GUA",2006,2006-12-29,29
"GUA",2007,2007-12-29,16
"GUA",2008,2008-12-29,16
"GUA",2009,2009-12-29,16
"GUA",2010,2010-12-29,15
"GUA",2011,2011-12-29,15
"GUA",2012,2012-12-29,15
"GUA",2013,2013-12-29,17
"GUA",2014,2014-12-29,17
"GUA",2015,2015-12-29,17
"GUA",2016,2016-12-29,18
"HON",1899,1899-12-30,1
"HON",1900,1900-12-30,1
"HON",1901,1901-12-30,1
"HON",1902,1902-12-30,3
"HON",1903,1903-12-30,1
"HON",1904,1904-12-30,1
"HON",1905,1905-12-30,1
"HON",1906,1906-12-30,1
"HON",1907,1907-12-30,1
"HON",1908,1908-12-30,1
"HON",1909,1909-12-30,1
"HON",1910,1910-12-30,2
"HON",1911,1911-12-30,2
"HON",1912,1912-12-30,2
"HON",1913,1913-12-30,2
"HON",1914,1914-12-29,2
"HON",1915,1915-12-29,2
"HON",1916,1916-12-29,2
"HON",1917,1917-12-29,2
"HON",1918,1918-12-30,4
"HON",1919,1919-12-30,3
"HON",1920,1920-12-30,3
"HON",1921,1921-12-30,3
"HON",1922,1922-12-30,3
"HON",1923,1923-12-30,3
"HON",1924,1924-12-30,3
"HON",1925,1925-12-30,2
"HON",1926,1926-12-30,2
"HON",1927,1927-12-30,2
"HON",1928,1928-12-30,2
"HON",1929,1929-12-30,2
"HON",1930,1930-12-30,2
"HON",1931,1931-12-30,2
"HON",1932,1932-12-30,2
"HON",1933,1933-12-30,1
"HON",1934,1934-12-30,2
"HON",1935,1935-12-30,2
"HON",1936,1936-12-30,2
"HON",1937,1937-12-30,2
"HON",1938,1938-12-30,2
"HON",1939,1939-12-30,1
"HON",1946,1946-12-29,3
"HON",1947,1947-12-29,3
"HON",1948,1948-12-29,3
"HON",1949,1949-12-29,3
"HON",1950,1950-12-29,3
"HON",1951,1951-12-29,3
"HON",1952,1952-12-29,3
"HON",1953,1953-12-29,3
"HON",1954,1954-12-29,3
"HON",1955,1955-12-29,4
"HON",1956,1956-12-29,4
"HON",1957,1957-12-29,4
"HON",1958,1958-12-29,4
"HON",1959,1959-12-29,4
"HON",1960,1960-12-29,4
"HON",1961,1961-12-29,6
"HON",1962,1962-12-29,6
"HON",1963,1963-12-29,4
"HON",1964,1964-12-29,4
"HON",1965,1965-12-29,5
"HON",1966,1966-12-29,5
"HON",1967,1967-12-29,5
"HON",1968,1968-12-29,5
"HON",1969,1969-12-29,6
"HON",1970,1970-12-29,6
"HON",1971,1971-12-29,8
"HON",1972,1972-12-29,12
"HON",1973,1973-12-29,12
"HON",1974,1974-12-29,10
"HON",1975,1975-12-29,12
"HON",1976,1976-12-29,12
"HON",1977,1977-12-29,12
"HON",1978,1978-12-29,14
"HON",1979,1979-12-29,14
"HON",1980,1980-12-29,14
"HON",1981,1981-12-29,17
"HON",1982,1982-12-29,17
"HON",1983,1983-12-29,19
"HON",1984,1984-12-29,20
"HON",1985,1985-12-29,21
"HON",1986,1986-12-29,20
"HON",1987,1987-12-29,20
"HON",1988,1988-12-29,19
"HON",1989,1989-12-29,19
"HON",1990,1990-12-29,18
"HON",1991,1991-12-29,17
"HON",1992,1992-12-29,17
"HON",1993,1993-12-29,17
"HON",1994,1994-12-29,17
"HON",1995,1995-12-29,17
"HON",1996,1996-12-29,10
"HON",1997,1997-12-29,10
"HON",1998,1998-12-29,7
"HON",1999,1999-12-29,8
"HON",2000,2000-12-29,8
"HON",2001,2001-12-29,8
"HON",2002,2002-12-29,8
"HON",2003,2003-12-29,12
"HON",2004,2004-12-29,12
"HON",2005,2005-12-29,12
"HON",2006,2006-12-29,12
"HON",2007,2007-12-29,12
"HON",2008,2008-12-29,12
"HON",2009,2009-12-29,12
"HON",2010,2010-12-29,12
"HON",2011,2011-12-29,12
"HON",2012,2012-12-29,12
"HON",2013,2013-12-29,12
"HON",2014,2014-12-29,12
"HON",2015,2015-12-29,12
"HON",2016,2016-12-29,11
"SAL",1875,1875-12-30,1
"SAL",1876,1876-12-30,1
"SAL",1877,1877-12-30,1
"SAL",1878,1878-12-30,1
"SAL",1879,1879-12-30,1
"SAL",1880,1880-12-30,1
"SAL",1881,1881-12-30,1
"SAL",1882,1882-12-30,1
"SAL",1883,1883-12-30,1
"SAL",1884,1884-12-30,1
"SAL",1885,1885-12-30,1
"SAL",1886,1886-12-30,2
"SAL",1887,1887-12-30,2
"SAL",1888,1888-12-30,2
"SAL",1889,1889-12-30,2
"SAL",1890,1890-12-30,2
"SAL",1891,1891-12-30,4
"SAL",1892,1892-12-30,4
"SAL",1893,1893-12-30,4
"SAL",1894,1894-12-30,4
"SAL",1895,1895-12-30,4
"SAL",1896,1896-12-30,4
"SAL",1897,1897-12-30,3
"SAL",1898,1898-12-30,3
"SAL",1899,1899-12-30,3
"SAL",1900,1900-12-30,4
"SAL",1901,1901-12-30,3
"SAL",1902,1902-12-30,3
"SAL",1903,1903-12-30,4
"SAL",1904,1904-12-30,3
"SAL",1905,1905-12-30,3
"SAL",1906,1906-12-30,3
"SAL",1907,1907-12-30,3
"SAL",1908,1908-12-30,3
"SAL",1909,1909-12-30,3
"SAL",1910,1910-12-30,3
"SAL",1911,1911-12-30,3
"SAL",1912,1912-12-30,3
"SAL",1913,1913-12-30,3
"SAL",1914,1914-12-29,3
"SAL",1915,1915-12-29,3
"SAL",1916,1916-12-29,3
"SAL",1917,1917-12-29,3
"SAL",1918,1918-12-30,3
"SAL",1919,1919-12-30,3
"SAL",1920,1920-12-30,3
"SAL",1921,1921-12-30,4
"SAL",1922,1922-12-30,4
"SAL",1923,1923-12-30,4
"SAL",1924,1924-12-30,4
"SAL",1925,1925-12-30,3
"SAL",1926,1926-12-30,3
"SAL",1927,1927-12-30,3
"SAL",1928,1928-12-30,3
"SAL",1929,1929-12-30,3
"SAL",1930,1930-12-30,3
"SAL",1931,1931-12-30,3
"SAL",1932,1932-12-30,3
"SAL",1933,1933-12-30,3
"SAL",1934,1934-12-30,3
"SAL",1935,1935-12-30,3
"SAL",1936,1936-12-30,2
"SAL",1937,1937-12-30,2
"SAL",1938,1938-12-30,3
"SAL",1939,1939-12-30,3
"SAL",1946,1946-12-29,3
"SAL",1947,1947-12-29,3
"SAL",1948,1948-12-29,3
"SAL",1949,1949-12-29,3
"SAL",1950,1950-12-29,3
"SAL",1951,1951-12-29,3
"SAL",1952,1952-12-29,3
"SAL",1953,1953-12-29,3
"SAL",1954,1954-12-29,3
"SAL",1955,1955-12-29,7
"SAL",1956,1956-12-29,7
"SAL",1957,1957-12-29,7
"SAL",1958,1958-12-29,7
"SAL",1959,1959-12-29,7
"SAL",1960,1960-12-29,7
"SAL",1961,1961-12-29,6
"SAL",1962,1962-12-29,6
"SAL",1963,1963-12-29,3
"SAL",1964,1964-12-29,4
"SAL",1965,1965-12-29,4
"SAL",1966,1966-12-29,4
"SAL",1967,1967-12-29,4
"SAL",1968,1968-12-29,4
"SAL",1969,1969-12-29,4
"SAL",1970,1970-12-29,4
"SAL",1971,1971-12-29,6
"SAL",1972,1972-12-29,8
"SAL",1973,1973-12-29,8
"SAL",1974,1974-12-29,8
"SAL",1975,1975-12-29,8
"SAL",1976,1976-12-29,8
"SAL",1977,1977-12-29,8
"SAL",1978,1978-12-29,11
"SAL",1979,1979-12-29,14
"SAL",1980,1980-12-29,16
"SAL",1981,1981-12-29,23
"SAL",1982,1982-12-29,28
"SAL",1983,1983-12-29,32
"SAL",1984,1984-12-29,45
"SAL",1985,1985-12-29,48
"SAL",1986,1986-12-29,48
"SAL",1987,1987-12-29,49
"SAL",1988,1988-12-29,45
"SAL",1989,1989-12-29,45
"SAL",1990,1990-12-29,55
"SAL",1991,1991-12-29,60
"SAL",1992,1992-12-29,49
"SAL",1993,1993-12-29,49
"SAL",1994,1994-12-29,30
"SAL",1995,1995-12-29,22
"SAL",1996,1996-12-29,22
"SAL",1997,1997-12-29,15
"SAL",1998,1998-12-29,15
"SAL",1999,1999-12-29,15
"SAL",2000,2000-12-29,17
"SAL",2001,2001-12-29,17
"SAL",2002,2002-12-29,17
"SAL",2003,2003-12-29,16
"SAL",2004,2004-12-29,16
"SAL",2005,2005-12-29,16
"SAL",2006,2006-12-29,16
"SAL",2007,2007-12-29,16
"SAL",2008,2008-12-29,16
"SAL",2009,2009-12-29,16
"SAL",2010,2010-12-29,16
"SAL",2011,2011-12-29,16
"SAL",2012,2012-12-29,16
"SAL",2013,2013-12-29,15
"SAL",2014,2014-12-29,15
"SAL",2015,2015-12-29,15
"SAL",2016,2016-12-29,25
"NIC",1900,1900-12-30,2
"NIC",1901,1901-12-30,2
"NIC",1902,1902-12-30,2
"NIC",1903,1903-12-30,2
"NIC",1904,1904-12-30,2
"NIC",1905,1905-12-30,2
"NIC",1906,1906-12-30,4
"NIC",1907,1907-12-30,4
"NIC",1908,1908-12-30,4
"NIC",1909,1909-12-30,4
"NIC",1910,1910-12-30,4
"NIC",1911,1911-12-30,4
"NIC",1912,1912-12-30,4
"NIC",1913,1913-12-30,4
"NIC",1914,1914-12-29,4
"NIC",1915,1915-12-29,4
"NIC",1916,1916-12-29,2
"NIC",1917,1917-12-29,2
"NIC",1918,1918-12-30,2
"NIC",1919,1919-12-30,2
"NIC",1920,1920-12-30,1
"NIC",1921,1921-12-30,2
"NIC",1922,1922-12-30,2
"NIC",1923,1923-12-30,3
"NIC",1924,1924-12-30,3
"NIC",1925,1925-12-30,3
"NIC",1926,1926-12-30,3
"NIC",1927,1927-12-30,3
"NIC",1928,1928-12-30,3
"NIC",1929,1929-12-30,3
"NIC",1930,1930-12-30,3
"NIC",1931,1931-12-30,3
"NIC",1932,1932-12-30,2
"NIC",1933,1933-12-30,3
"NIC",1934,1934-12-30,2
"NIC",1935,1935-12-30,2
"NIC",1936,1936-12-30,2
"NIC",1937,1937-12-30,3
"NIC",1938,1938-12-30,2
"NIC",1939,1939-12-30,4
"NIC",1946,1946-12-29,3
"NIC",1947,1947-12-29,3
"NIC",1948,1948-12-29,3
"NIC",1949,1949-12-29,3
"NIC",1950,1950-12-29,3
"NIC",1951,1951-12-29,3
"NIC",1952,1952-12-29,3
"NIC",1953,1953-12-29,3
"NIC",1954,1954-12-29,3
"NIC",1955,1955-12-29,3
"NIC",1956,1956-12-29,3
"NIC",1957,1957-12-29,4
"NIC",1958,1958-12-29,4
"NIC",1959,1959-12-29,5
"NIC",1960,1960-12-29,5
"NIC",1961,1961-12-29,5
"NIC",1962,1962-12-29,5
"NIC",1963,1963-12-29,5
"NIC",1964,1964-12-29,6
"NIC",1965,1965-12-29,6
"NIC",1966,1966-12-29,6
"NIC",1967,1967-12-29,6
"NIC",1968,1968-12-29,6
"NIC",1969,1969-12-29,6
"NIC",1970,1970-12-29,6
"NIC",1971,1971-12-29,6
"NIC",1972,1972-12-29,6
"NIC",1973,1973-12-29,6
"NIC",1974,1974-12-29,6
"NIC",1975,1975-12-29,5
"NIC",1976,1976-12-29,5
"NIC",1977,1977-12-29,6
"NIC",1978,1978-12-29,6
"NIC",1979,1979-12-29,6
"NIC",1980,1980-12-29,24
"NIC",1981,1981-12-29,39
"NIC",1982,1982-12-29,41
"NIC",1983,1983-12-29,46
"NIC",1984,1984-12-29,67
"NIC",1985,1985-12-29,74
"NIC",1986,1986-12-29,75
"NIC",1987,1987-12-29,80
"NIC",1988,1988-12-29,74
"NIC",1989,1989-12-29,65
"NIC",1990,1990-12-29,28
"NIC",1991,1991-12-29,20
"NIC",1992,1992-12-29,15
"NIC",1993,1993-12-29,15
"NIC",1994,1994-12-29,14
"NIC",1995,1995-12-29,14
"NIC",1996,1996-12-29,14
"NIC",1997,1997-12-29,14
"NIC",1998,1998-12-29,14
"NIC",1999,1999-12-29,12
"NIC",2000,2000-12-29,16
"NIC",2001,2001-12-29,16
"NIC",2002,2002-12-29,14
"NIC",2003,2003-12-29,14
"NIC",2004,2004-12-29,14
"NIC",2005,2005-12-29,14
"NIC",2006,2006-12-29,14
"NIC",2007,2007-12-29,14
"NIC",2008,2008-12-29,14
"NIC",2009,2009-12-29,12
"NIC",2010,2010-12-29,12
"NIC",2011,2011-12-29,12
"NIC",2012,2012-12-29,12
"NIC",2013,2013-12-29,12
"NIC",2014,2014-12-29,12
"NIC",2015,2015-12-29,12
"NIC",2016,2016-12-29,12
"COS",1920,1920-12-30,1
"COS",1921,1921-12-30,1
"COS",1922,1922-12-30,1
"COS",1923,1923-12-30,1
"COS",1924,1924-12-30,1
"COS",1925,1925-12-30,1
"COS",1943,1943-12-29,1
"COS",1944,1944-12-29,1
"COS",1945,1945-12-29,1
"COS",1946,1946-12-29,1
"COS",1947,1947-12-29,1
"COS",1948,1948-12-29,1
"COS",1963,1963-12-29,2
"COS",1964,1964-12-29,2
"COS",1965,1965-12-29,2
"COS",1966,1966-12-29,2
"COS",1967,1967-12-29,2
"COS",1968,1968-12-29,2
"COS",1969,1969-12-29,2
"COS",1970,1970-12-29,2
"COS",1971,1971-12-29,2
"COS",1972,1972-12-29,2
"COS",1973,1973-12-29,2
"COS",1974,1974-12-29,2
"COS",1975,1975-12-29,2
"COS",1976,1976-12-29,3
"COS",1977,1977-12-29,5
"COS",1978,1978-12-29,5
"COS",1979,1979-12-29,6
"COS",1980,1980-12-29,6
"COS",1981,1981-12-29,6
"COS",1982,1982-12-29,6
"COS",1983,1983-12-29,7
"COS",1984,1984-12-29,8
"COS",1985,1985-12-29,8
"COS",1986,1986-12-29,8
"COS",1987,1987-12-29,8
"COS",1988,1988-12-29,8
"COS",1989,1989-12-29,8
"COS",1990,1990-12-29,8
"COS",1991,1991-12-29,8
"COS",1992,1992-12-29,8
"COS",1993,1993-12-29,8
"COS",1994,1994-12-29,8
"COS",1995,1995-12-29,8
"COS",1996,1996-12-29,8
"COS",1997,1997-12-29,10
"COS",1998,1998-12-29,10
"COS",1999,1999-12-29,10
"PAN",1963,1963-12-29,3
"PAN",1964,1964-12-29,3
"PAN",1965,1965-12-29,4
"PAN",1966,1966-12-29,4
"PAN",1967,1967-12-29,4
"PAN",1968,1968-12-29,5
"PAN",1969,1969-12-29,5
"PAN",1970,1970-12-29,5
"PAN",1971,1971-12-29,7
"PAN",1972,1972-12-29,7
"PAN",1973,1973-12-29,7
"PAN",1974,1974-12-29,8
"PAN",1975,1975-12-29,8
"PAN",1976,1976-12-29,8
"PAN",1977,1977-12-29,8
"PAN",1978,1978-12-29,8
"PAN",1979,1979-12-29,8
"PAN",1980,1980-12-29,8
"PAN",1981,1981-12-29,9
"PAN",1982,1982-12-29,10
"PAN",1983,1983-12-29,10
"PAN",1984,1984-12-29,11
"PAN",1985,1985-12-29,12
"PAN",1986,1986-12-29,12
"PAN",1987,1987-12-29,12
"PAN",1988,1988-12-29,11
"PAN",1989,1989-12-29,14
"PAN",1990,1990-12-29,11
"PAN",1991,1991-12-29,12
"PAN",1992,1992-12-29,11
"PAN",1993,1993-12-29,11
"PAN",1994,1994-12-29,11
"PAN",1995,1995-12-29,12
"PAN",1996,1996-12-29,12
"PAN",1997,1997-12-29,12
"PAN",1998,1998-12-29,13
"PAN",1999,1999-12-29,13
"COL",1831,1831-12-30,3
"COL",1832,1832-12-30,3
"COL",1833,1833-12-30,3
"COL",1834,1834-12-30,3
"COL",1835,1835-12-30,3
"COL",1836,1836-12-30,3
"COL",1837,1837-12-30,3
"COL",1838,1838-12-30,3
"COL",1839,1839-12-30,6
"COL",1840,1840-12-30,20
"COL",1841,1841-12-30,25
"COL",1842,1842-12-30,6
"COL",1843,1843-12-30,5
"COL",1844,1844-12-30,4
"COL",1845,1845-12-30,4
"COL",1846,1846-12-30,4
"COL",1847,1847-12-30,4
"COL",1848,1848-12-30,4
"COL",1849,1849-12-30,4
"COL",1850,1850-12-30,4
"COL",1851,1851-12-30,4
"COL",1852,1852-12-30,2
"COL",1853,1853-12-30,2
"COL",1854,1854-12-30,2
"COL",1855,1855-12-30,2
"COL",1856,1856-12-30,2
"COL",1857,1857-12-30,1
"COL",1858,1858-12-30,1
"COL",1859,1859-12-30,1
"COL",1860,1860-12-30,1
"COL",1861,1861-12-30,1
"COL",1862,1862-12-30,1
"COL",1863,1863-12-30,4
"COL",1864,1864-12-30,2
"COL",1865,1865-12-30,2
"COL",1866,1866-12-30,2
"COL",1867,1867-12-30,2
"COL",1868,1868-12-30,2
"COL",1869,1869-12-30,2
"COL",1870,1870-12-30,2
"COL",1871,1871-12-30,2
"COL",1872,1872-12-30,2
"COL",1873,1873-12-30,2
"COL",1874,1874-12-30,2
"COL",1875,1875-12-30,1
"COL",1876,1876-12-30,3
"COL",1877,1877-12-30,2
"COL",1878,1878-12-30,3
"COL",1879,1879-12-30,3
"COL",1880,1880-12-30,2
"COL",1881,1881-12-30,3
"COL",1882,1882-12-30,3
"COL",1883,1883-12-30,3
"COL",1884,1884-12-30,3
"COL",1885,1885-12-30,3
"COL",1886,1886-12-30,3
"COL",1887,1887-12-30,7
"COL",1888,1888-12-30,7
"COL",1889,1889-12-30,7
"COL",1890,1890-12-30,6
"COL",1891,1891-12-30,6
"COL",1892,1892-12-30,6
"COL",1893,1893-12-30,6
"COL",1894,1894-12-30,6
"COL",1895,1895-12-30,6
"COL",1896,1896-12-30,6
"COL",1897,1897-12-30,1
"COL",1898,1898-12-30,1
"COL",1899,1899-12-30,1
"COL",1900,1900-12-30,1
"COL",1901,1901-12-30,1
"COL",1902,1902-12-30,1
"COL",1903,1903-12-30,15
"COL",1904,1904-12-30,10
"COL",1905,1905-12-30,5
"COL",1906,1906-12-30,6
"COL",1907,1907-12-30,7
"COL",1908,1908-12-30,7
"COL",1909,1909-12-30,7
"COL",1910,1910-12-30,7
"COL",1911,1911-12-30,6
"COL",1912,1912-12-30,6
"COL",1913,1913-12-30,6
"COL",1914,1914-12-29,6
"COL",1915,1915-12-29,6
"COL",1916,1916-12-29,6
"COL",1917,1917-12-29,6
"COL",1918,1918-12-30,6
"COL",1919,1919-12-30,6
"COL",1920,1920-12-30,6
"COL",1921,1921-12-30,6
"COL",1922,1922-12-30,6
"COL",1923,1923-12-30,6
"COL",1924,1924-12-30,6
"COL",1925,1925-12-30,6
"COL",1926,1926-12-30,7
"COL",1927,1927-12-30,8
"COL",1928,1928-12-30,9
"COL",1929,1929-12-30,9
"COL",1930,1930-12-30,7
"COL",1931,1931-12-30,8
"COL",1932,1932-12-30,8
"COL",1933,1933-12-30,8
"COL",1934,1934-12-30,13
"COL",1935,1935-12-30,13
"COL",1936,1936-12-30,12
"COL",1937,1937-12-30,15
"COL",1938,1938-12-30,18
"COL",1939,1939-12-30,15
"COL",1943,1943-12-29,11
"COL",1944,1944-12-29,11
"COL",1945,1945-12-29,11
"COL",1946,1946-12-29,17
"COL",1947,1947-12-29,17
"COL",1948,1948-12-29,17
"COL",1949,1949-12-29,17
"COL",1950,1950-12-29,17
"COL",1951,1951-12-29,17
"COL",1952,1952-12-29,17
"COL",1953,1953-12-29,18
"COL",1954,1954-12-29,19
"COL",1955,1955-12-29,12
"COL",1956,1956-12-29,17
"COL",1957,1957-12-29,15
"COL",1958,1958-12-29,19
"COL",1959,1959-12-29,17
"COL",1960,1960-12-29,18
"COL",1961,1961-12-29,55
"COL",1962,1962-12-29,55
"COL",1963,1963-12-29,50
"COL",1964,1964-12-29,55
"COL",1965,1965-12-29,50
"COL",1966,1966-12-29,50
"COL",1967,1967-12-29,50
"COL",1968,1968-12-29,50
"COL",1969,1969-12-29,50
"COL",1970,1970-12-29,45
"COL",1971,1971-12-29,50
"COL",1972,1972-12-29,50
"COL",1973,1973-12-29,50
"COL",1974,1974-12-29,50
"COL",1975,1975-12-29,50
"COL",1976,1976-12-29,60
"COL",1977,1977-12-29,60
"COL",1978,1978-12-29,60
"COL",1979,1979-12-29,60
"COL",1980,1980-12-29,60
"COL",1981,1981-12-29,65
"COL",1982,1982-12-29,70
"COL",1983,1983-12-29,70
"COL",1984,1984-12-29,70
"COL",1985,1985-12-29,66
"COL",1986,1986-12-29,76
"COL",1987,1987-12-29,86
"COL",1988,1988-12-29,76
"COL",1989,1989-12-29,91
"COL",1990,1990-12-29,110
"COL",1991,1991-12-29,110
"COL",1992,1992-12-29,139
"COL",1993,1993-12-29,139
"COL",1994,1994-12-29,146
"COL",1995,1995-12-29,146
"COL",1996,1996-12-29,146
"COL",1997,1997-12-29,149
"COL",1998,1998-12-29,154
"COL",1999,1999-12-29,155
"COL",2000,2000-12-29,152
"COL",2001,2001-12-29,158
"COL",2002,2002-12-29,158
"COL",2003,2003-12-29,200
"COL",2004,2004-12-29,204
"COL",2005,2005-12-29,207
"COL",2006,2006-12-29,207
"COL",2007,2007-12-29,209
"COL",2008,2008-12-29,254
"COL",2009,2009-12-29,267
"COL",2010,2010-12-29,285
"COL",2011,2011-12-29,283
"COL",2012,2012-12-29,283
"COL",2013,2013-12-29,281
"COL",2014,2014-12-29,281
"COL",2015,2015-12-29,297
"COL",2016,2016-12-29,297
"VEN",1857,1857-12-30,10
"VEN",1858,1858-12-30,10
"VEN",1859,1859-12-30,10
"VEN",1860,1860-12-30,10
"VEN",1861,1861-12-30,10
"VEN",1862,1862-12-30,10
"VEN",1863,1863-12-30,10
"VEN",1864,1864-12-30,10
"VEN",1865,1865-12-30,10
"VEN",1866,1866-12-30,10
"VEN",1867,1867-12-30,10
"VEN",1868,1868-12-30,5
"VEN",1869,1869-12-30,5
"VEN",1870,1870-12-30,5
"VEN",1871,1871-12-30,5
"VEN",1872,1872-12-30,5
"VEN",1873,1873-12-30,5
"VEN",1874,1874-12-30,10
"VEN",1875,1875-12-30,10
"VEN",1876,1876-12-30,5
"VEN",1877,1877-12-30,5
"VEN",1878,1878-12-30,12
"VEN",1879,1879-12-30,14
"VEN",1880,1880-12-30,12
"VEN",1881,1881-12-30,2
"VEN",1882,1882-12-30,2
"VEN",1883,1883-12-30,3
"VEN",1884,1884-12-30,3
"VEN",1885,1885-12-30,3
"VEN",1886,1886-12-30,3
"VEN",1887,1887-12-30,2
"VEN",1888,1888-12-30,2
"VEN",1889,1889-12-30,3
"VEN",1890,1890-12-30,2
"VEN",1891,1891-12-30,6
"VEN",1892,1892-12-30,5
"VEN",1893,1893-12-30,7
"VEN",1894,1894-12-30,7
"VEN",1895,1895-12-30,6
"VEN",1896,1896-12-30,4
"VEN",1897,1897-12-30,4
"VEN",1898,1898-12-30,4
"VEN",1899,1899-12-30,4
"VEN",1900,1900-12-30,4
"VEN",1901,1901-12-30,9
"VEN",1902,1902-12-30,9
"VEN",1903,1903-12-30,9
"VEN",1904,1904-12-30,8
"VEN",1905,1905-12-30,8
"VEN",1906,1906-12-30,10
"VEN",1907,1907-12-30,10
"VEN",1908,1908-12-30,10
"VEN",1909,1909-12-30,10
"VEN",1910,1910-12-30,10
"VEN",1911,1911-12-30,10
"VEN",1912,1912-12-30,10
"VEN",1913,1913-12-30,10
"VEN",1914,1914-12-29,10
"VEN",1915,1915-12-29,10
"VEN",1916,1916-12-29,10
"VEN",1917,1917-12-29,10
"VEN",1918,1918-12-30,10
"VEN",1919,1919-12-30,8
"VEN",1920,1920-12-30,10
"VEN",1921,1921-12-30,10
"VEN",1922,1922-12-30,10
"VEN",1923,1923-12-30,8
"VEN",1924,1924-12-30,7
"VEN",1925,1925-12-30,7
"VEN",1926,1926-12-30,7
"VEN",1927,1927-12-30,6
"VEN",1928,1928-12-30,6
"VEN",1929,1929-12-30,6
"VEN",1930,1930-12-30,6
"VEN",1931,1931-12-30,6
"VEN",1932,1932-12-30,6
"VEN",1933,1933-12-30,7
"VEN",1934,1934-12-30,7
"VEN",1935,1935-12-30,6
"VEN",1936,1936-12-30,6
"VEN",1937,1937-12-30,2
"VEN",1938,1938-12-30,6
"VEN",1939,1939-12-30,2
"VEN",1940,1940-12-29,2
"VEN",1941,1941-12-29,2
"VEN",1942,1942-12-29,2
"VEN",1943,1943-12-29,2
"VEN",1944,1944-12-29,2
"VEN",1945,1945-12-29,2
"VEN",1946,1946-12-29,2
"VEN",1947,1947-12-29,2
"VEN",1948,1948-12-29,2
"VEN",1949,1949-12-29,2
"VEN",1950,1950-12-29,4
"VEN",1951,1951-12-29,4
"VEN",1952,1952-12-29,2
"VEN",1953,1953-12-29,2
"VEN",1954,1954-12-29,2
"VEN",1955,1955-12-29,2
"VEN",1956,1956-12-29,2
"VEN",1957,1957-12-29,17
"VEN",1958,1958-12-29,18
"VEN",1959,1959-12-29,23
"VEN",1960,1960-12-29,23
"VEN",1961,1961-12-29,21
"VEN",1962,1962-12-29,23
"VEN",1963,1963-12-29,35
"VEN",1964,1964-12-29,35
"VEN",1965,1965-12-29,50
"VEN",1966,1966-12-29,40
"VEN",1967,1967-12-29,40
"VEN",1968,1968-12-29,40
"VEN",1969,1969-12-29,40
"VEN",1970,1970-12-29,45
"VEN",1971,1971-12-29,45
"VEN",1972,1972-12-29,45
"VEN",1973,1973-12-29,50
"VEN",1974,1974-12-29,50
"VEN",1975,1975-12-29,55
"VEN",1976,1976-12-29,55
"VEN",1977,1977-12-29,55
"VEN",1978,1978-12-29,55
"VEN",1979,1979-12-29,55
"VEN",1980,1980-12-29,55
"VEN",1981,1981-12-29,55
"VEN",1982,1982-12-29,56
"VEN",1983,1983-12-29,56
"VEN",1984,1984-12-29,64
"VEN",1985,1985-12-29,71
"VEN",1986,1986-12-29,71
"VEN",1987,1987-12-29,69
"VEN",1988,1988-12-29,73
"VEN",1989,1989-12-29,75
"VEN",1990,1990-12-29,75
"VEN",1991,1991-12-29,73
"VEN",1992,1992-12-29,75
"VEN",1993,1993-12-29,75
"VEN",1994,1994-12-29,75
"VEN",1995,1995-12-29,75
"VEN",1996,1996-12-29,75
"VEN",1997,1997-12-29,75
"VEN",1998,1998-12-29,75
"VEN",1999,1999-12-29,75
"VEN",2000,2000-12-29,56
"VEN",2001,2001-12-29,82
"VEN",2002,2002-12-29,82
"VEN",2003,2003-12-29,82
"VEN",2004,2004-12-29,82
"VEN",2005,2005-12-29,82
"VEN",2006,2006-12-29,82
"VEN",2007,2007-12-29,82
"VEN",2008,2008-12-29,115
"VEN",2009,2009-12-29,115
"VEN",2010,2010-12-29,115
"VEN",2011,2011-12-29,115
"VEN",2012,2012-12-29,115
"VEN",2013,2013-12-29,115
"VEN",2014,2014-12-29,115
"VEN",2015,2015-12-29,115
"VEN",2016,2016-12-29,115
"ECU",1870,1870-12-30,2
"ECU",1871,1871-12-30,2
"ECU",1872,1872-12-30,2
"ECU",1873,1873-12-30,2
"ECU",1874,1874-12-30,2
"ECU",1875,1875-12-30,2
"ECU",1876,1876-12-30,1
"ECU",1877,1877-12-30,1
"ECU",1878,1878-12-30,5
"ECU",1879,1879-12-30,5
"ECU",1880,1880-12-30,1
"ECU",1881,1881-12-30,1
"ECU",1882,1882-12-30,1
"ECU",1883,1883-12-30,1
"ECU",1884,1884-12-30,5
"ECU",1885,1885-12-30,5
"ECU",1886,1886-12-30,5
"ECU",1887,1887-12-30,5
"ECU",1888,1888-12-30,5
"ECU",1889,1889-12-30,5
"ECU",1890,1890-12-30,3
"ECU",1891,1891-12-30,3
"ECU",1892,1892-12-30,3
"ECU",1893,1893-12-30,3
"ECU",1894,1894-12-30,3
"ECU",1895,1895-12-30,3
"ECU",1896,1896-12-30,3
"ECU",1897,1897-12-30,3
"ECU",1898,1898-12-30,3
"ECU",1899,1899-12-30,3
"ECU",1900,1900-12-30,3
"ECU",1901,1901-12-30,3
"ECU",1902,1902-12-30,3
"ECU",1903,1903-12-30,4
"ECU",1904,1904-12-30,4
"ECU",1905,1905-12-30,4
"ECU",1906,1906-12-30,4
"ECU",1907,1907-12-30,4
"ECU",1908,1908-12-30,4
"ECU",1909,1909-12-30,4
"ECU",1910,1910-12-30,4
"ECU",1911,1911-12-30,7
"ECU",1912,1912-12-30,7
"ECU",1913,1913-12-30,7
"ECU",1914,1914-12-29,8
"ECU",1915,1915-12-29,8
"ECU",1916,1916-12-29,8
"ECU",1917,1917-12-29,8
"ECU",1918,1918-12-30,5
"ECU",1919,1919-12-30,6
"ECU",1920,1920-12-30,5
"ECU",1921,1921-12-30,6
"ECU",1922,1922-12-30,6
"ECU",1923,1923-12-30,6
"ECU",1924,1924-12-30,6
"ECU",1925,1925-12-30,6
"ECU",1926,1926-12-30,7
"ECU",1927,1927-12-30,7
"ECU",1928,1928-12-30,7
"ECU",1929,1929-12-30,6
"ECU",1930,1930-12-30,7
"ECU",1931,1931-12-30,6
"ECU",1932,1932-12-30,5
"ECU",1933,1933-12-30,5
"ECU",1934,1934-12-30,5
"ECU",1935,1935-12-30,8
"ECU",1936,1936-12-30,8
"ECU",1937,1937-12-30,8
"ECU",1938,1938-12-30,8
"ECU",1939,1939-12-30,8
"ECU",1946,1946-12-29,12
"ECU",1947,1947-12-29,12
"ECU",1948,1948-12-29,12
"ECU",1949,1949-12-29,12
"ECU",1950,1950-12-29,12
"ECU",1951,1951-12-29,12
"ECU",1952,1952-12-29,12
"ECU",1953,1953-12-29,12
"ECU",1954,1954-12-29,12
"ECU",1955,1955-12-29,20
"ECU",1956,1956-12-29,20
"ECU",1957,1957-12-29,18
"ECU",1958,1958-12-29,18
"ECU",1959,1959-12-29,18
"ECU",1960,1960-12-29,18
"ECU",1961,1961-12-29,26
"ECU",1962,1962-12-29,24
"ECU",1963,1963-12-29,18
"ECU",1964,1964-12-29,14
"ECU",1965,1965-12-29,14
"ECU",1966,1966-12-29,15
"ECU",1967,1967-12-29,15
"ECU",1968,1968-12-29,16
"ECU",1969,1969-12-29,17
"ECU",1970,1970-12-29,16
"ECU",1971,1971-12-29,20
"ECU",1972,1972-12-29,20
"ECU",1973,1973-12-29,20
"ECU",1974,1974-12-29,20
"ECU",1975,1975-12-29,20
"ECU",1976,1976-12-29,24
"ECU",1977,1977-12-29,30
"ECU",1978,1978-12-29,35
"ECU",1979,1979-12-29,35
"ECU",1980,1980-12-29,35
"ECU",1981,1981-12-29,34
"ECU",1982,1982-12-29,36
"ECU",1983,1983-12-29,39
"ECU",1984,1984-12-29,39
"ECU",1985,1985-12-29,43
"ECU",1986,1986-12-29,44
"ECU",1987,1987-12-29,44
"ECU",1988,1988-12-29,46
"ECU",1989,1989-12-29,46
"ECU",1990,1990-12-29,53
"ECU",1991,1991-12-29,53
"ECU",1992,1992-12-29,57
"ECU",1993,1993-12-29,57
"ECU",1994,1994-12-29,57
"ECU",1995,1995-12-29,58
"ECU",1996,1996-12-29,58
"ECU",1997,1997-12-29,58
"ECU",1998,1998-12-29,58
"ECU",1999,1999-12-29,58
"ECU",2000,2000-12-29,58
"ECU",2001,2001-12-29,60
"ECU",2002,2002-12-29,60
"ECU",2003,2003-12-29,60
"ECU",2004,2004-12-29,53
"ECU",2005,2005-12-29,47
"ECU",2006,2006-12-29,47
"ECU",2007,2007-12-29,57
"ECU",2008,2008-12-29,57
"ECU",2009,2009-12-29,58
"ECU",2010,2010-12-29,58
"ECU",2011,2011-12-29,58
"ECU",2012,2012-12-29,58
"ECU",2013,2013-12-29,58
"ECU",2014,2014-12-29,58
"ECU",2015,2015-12-29,58
"ECU",2016,2016-12-29,40
"PER",1839,1839-12-30,4
"PER",1840,1840-12-30,5
"PER",1841,1841-12-30,6
"PER",1842,1842-12-30,7
"PER",1843,1843-12-30,8
"PER",1844,1844-12-30,8
"PER",1845,1845-12-30,9
"PER",1846,1846-12-30,10
"PER",1847,1847-12-30,11
"PER",1848,1848-12-30,11
"PER",1849,1849-12-30,11
"PER",1850,1850-12-30,11
"PER",1851,1851-12-30,11
"PER",1852,1852-12-30,11
"PER",1853,1853-12-30,11
"PER",1854,1854-12-30,11
"PER",1855,1855-12-30,11
"PER",1856,1856-12-30,11
"PER",1857,1857-12-30,11
"PER",1858,1858-12-30,12
"PER",1859,1859-12-30,10
"PER",1860,1860-12-30,10
"PER",1861,1861-12-30,14
"PER",1862,1862-12-30,13
"PER",1863,1863-12-30,13
"PER",1864,1864-12-30,18
"PER",1865,1865-12-30,18
"PER",1866,1866-12-30,18
"PER",1867,1867-12-30,9
"PER",1868,1868-12-30,10
"PER",1869,1869-12-30,10
"PER",1870,1870-12-30,10
"PER",1871,1871-12-30,10
"PER",1872,1872-12-30,10
"PER",1873,1873-12-30,10
"PER",1874,1874-12-30,10
"PER",1875,1875-12-30,10
"PER",1876,1876-12-30,10
"PER",1877,1877-12-30,10
"PER",1878,1878-12-30,5
"PER",1879,1879-12-30,4
"PER",1880,1880-12-30,7
"PER",1883,1883-12-30,5
"PER",1884,1884-12-30,5
"PER",1885,1885-12-30,5
"PER",1886,1886-12-30,5
"PER",1887,1887-12-30,4
"PER",1888,1888-12-30,7
"PER",1889,1889-12-30,6
"PER",1890,1890-12-30,4
"PER",1891,1891-12-30,8
"PER",1892,1892-12-30,6
"PER",1893,1893-12-30,6
"PER",1894,1894-12-30,6
"PER",1895,1895-12-30,6
"PER",1896,1896-12-30,3
"PER",1897,1897-12-30,3
"PER",1898,1898-12-30,3
"PER",1899,1899-12-30,3
"PER",1900,1900-12-30,3
"PER",1901,1901-12-30,4
"PER",1902,1902-12-30,4
"PER",1903,1903-12-30,4
"PER",1904,1904-12-30,4
"PER",1905,1905-12-30,4
"PER",1906,1906-12-30,4
"PER",1907,1907-12-30,4
"PER",1908,1908-12-30,4
"PER",1909,1909-12-30,4
"PER",1910,1910-12-30,4
"PER",1911,1911-12-30,4
"PER",1912,1912-12-30,7
"PER",1913,1913-12-30,7
"PER",1914,1914-12-29,7
"PER",1915,1915-12-29,7
"PER",1916,1916-12-29,7
"PER",1917,1917-12-29,7
"PER",1918,1918-12-30,11
"PER",1919,1919-12-30,12
"PER",1920,1920-12-30,14
"PER",1921,1921-12-30,14
"PER",1922,1922-12-30,14
"PER",1923,1923-12-30,14
"PER",1924,1924-12-30,14
"PER",1925,1925-12-30,10
"PER",1926,1926-12-30,10
"PER",1927,1927-12-30,10
"PER",1928,1928-12-30,11
"PER",1929,1929-12-30,11
"PER",1930,1930-12-30,11
"PER",1931,1931-12-30,11
"PER",1932,1932-12-30,11
"PER",1933,1933-12-30,10
"PER",1934,1934-12-30,10
"PER",1935,1935-12-30,17
"PER",1936,1936-12-30,17
"PER",1937,1937-12-30,14
"PER",1938,1938-12-30,14
"PER",1939,1939-12-30,15
"PER",1941,1941-12-29,32
"PER",1942,1942-12-29,32
"PER",1943,1943-12-29,32
"PER",1944,1944-12-29,32
"PER",1945,1945-12-29,32
"PER",1946,1946-12-29,38
"PER",1947,1947-12-29,31
"PER",1948,1948-12-29,29
"PER",1949,1949-12-29,30
"PER",1950,1950-12-29,31
"PER",1951,1951-12-29,35
"PER",1952,1952-12-29,36
"PER",1953,1953-12-29,36
"PER",1954,1954-12-29,36
"PER",1955,1955-12-29,18
"PER",1956,1956-12-29,18
"PER",1957,1957-12-29,29
"PER",1958,1958-12-29,41
"PER",1959,1959-12-29,42
"PER",1960,1960-12-29,42
"PER",1961,1961-12-29,46
"PER",1962,1962-12-29,48
"PER",1963,1963-12-29,65
"PER",1964,1964-12-29,70
"PER",1965,1965-12-29,70
"PER",1966,1966-12-29,70
"PER",1967,1967-12-29,70
"PER",1968,1968-12-29,75
"PER",1969,1969-12-29,75
"PER",1970,1970-12-29,80
"PER",1971,1971-12-29,75
"PER",1972,1972-12-29,75
"PER",1973,1973-12-29,75
"PER",1974,1974-12-29,90
"PER",1975,1975-12-29,95
"PER",1976,1976-12-29,100
"PER",1977,1977-12-29,125
"PER",1978,1978-12-29,125
"PER",1979,1979-12-29,125
"PER",1980,1980-12-29,151
"PER",1981,1981-12-29,157
"PER",1982,1982-12-29,164
"PER",1983,1983-12-29,167
"PER",1984,1984-12-29,135
"PER",1985,1985-12-29,128
"PER",1986,1986-12-29,127
"PER",1987,1987-12-29,127
"PER",1988,1988-12-29,111
"PER",1989,1989-12-29,110
"PER",1990,1990-12-29,125
"PER",1991,1991-12-29,123
"PER",1992,1992-12-29,112
"PER",1993,1993-12-29,112
"PER",1994,1994-12-29,112
"PER",1995,1995-12-29,115
"PER",1996,1996-12-29,115
"PER",1997,1997-12-29,115
"PER",1998,1998-12-29,115
"PER",1999,1999-12-29,115
"PER",2000,2000-12-29,115
"PER",2001,2001-12-29,100
"PER",2002,2002-12-29,110
"PER",2003,2003-12-29,100
"PER",2004,2004-12-29,90
"PER",2005,2005-12-29,80
"PER",2006,2006-12-29,80
"PER",2007,2007-12-29,80
"PER",2008,2008-12-29,114
"PER",2009,2009-12-29,114
"PER",2010,2010-12-29,114
"PER",2011,2011-12-29,115
"PER",2012,2012-12-29,115
"PER",2013,2013-12-29,115
"PER",2014,2014-12-29,115
"PER",2015,2015-12-29,115
"PER",2016,2016-12-29,81
"BRA",1826,1826-12-30,18
"BRA",1827,1827-12-30,18
"BRA",1828,1828-12-30,18
"BRA",1829,1829-12-30,18
"BRA",1830,1830-12-30,18
"BRA",1831,1831-12-30,18
"BRA",1832,1832-12-30,17
"BRA",1833,1833-12-30,15
"BRA",1834,1834-12-30,14
"BRA",1835,1835-12-30,12
"BRA",1836,1836-12-30,15
"BRA",1837,1837-12-30,15
"BRA",1838,1838-12-30,15
"BRA",1839,1839-12-30,15
"BRA",1840,1840-12-30,17
"BRA",1841,1841-12-30,19
"BRA",1842,1842-12-30,22
"BRA",1843,1843-12-30,24
"BRA",1844,1844-12-30,26
"BRA",1845,1845-12-30,23
"BRA",1846,1846-12-30,20
"BRA",1847,1847-12-30,20
"BRA",1848,1848-12-30,20
"BRA",1849,1849-12-30,20
"BRA",1850,1850-12-30,20
"BRA",1851,1851-12-30,20
"BRA",1852,1852-12-30,23
"BRA",1853,1853-12-30,27
"BRA",1854,1854-12-30,27
"BRA",1855,1855-12-30,27
"BRA",1856,1856-12-30,27
"BRA",1857,1857-12-30,26
"BRA",1858,1858-12-30,26
"BRA",1859,1859-12-30,26
"BRA",1860,1860-12-30,21
"BRA",1861,1861-12-30,20
"BRA",1862,1862-12-30,18
"BRA",1863,1863-12-30,17
"BRA",1864,1864-12-30,19
"BRA",1865,1865-12-30,35
"BRA",1866,1866-12-30,77
"BRA",1867,1867-12-30,74
"BRA",1868,1868-12-30,73
"BRA",1869,1869-12-30,73
"BRA",1870,1870-12-30,73
"BRA",1871,1871-12-30,30
"BRA",1872,1872-12-30,31
"BRA",1873,1873-12-30,33
"BRA",1874,1874-12-30,34
"BRA",1875,1875-12-30,24
"BRA",1876,1876-12-30,22
"BRA",1877,1877-12-30,23
"BRA",1878,1878-12-30,22
"BRA",1879,1879-12-30,21
"BRA",1880,1880-12-30,20
"BRA",1881,1881-12-30,18
"BRA",1882,1882-12-30,18
"BRA",1883,1883-12-30,20
"BRA",1884,1884-12-30,20
"BRA",1885,1885-12-30,21
"BRA",1886,1886-12-30,21
"BRA",1887,1887-12-30,21
"BRA",1888,1888-12-30,20
"BRA",1889,1889-12-30,22
"BRA",1890,1890-12-30,22
"BRA",1891,1891-12-30,39
"BRA",1892,1892-12-30,38
"BRA",1893,1893-12-30,38
"BRA",1894,1894-12-30,40
"BRA",1895,1895-12-30,32
"BRA",1896,1896-12-30,36
"BRA",1897,1897-12-30,36
"BRA",1898,1898-12-30,30
"BRA",1899,1899-12-30,23
"BRA",1900,1900-12-30,21
"BRA",1901,1901-12-30,22
"BRA",1902,1902-12-30,24
"BRA",1903,1903-12-30,24
"BRA",1904,1904-12-30,32
"BRA",1905,1905-12-30,19
"BRA",1906,1906-12-30,33
"BRA",1907,1907-12-30,22
"BRA",1908,1908-12-30,26
"BRA",1909,1909-12-30,29
"BRA",1910,1910-12-30,31
"BRA",1911,1911-12-30,31
"BRA",1912,1912-12-30,31
"BRA",1913,1913-12-30,31
"BRA",1914,1914-12-29,25
"BRA",1915,1915-12-29,25
"BRA",1916,1916-12-29,25
"BRA",1917,1917-12-29,25
"BRA",1918,1918-12-30,54
"BRA",1919,1919-12-30,64
"BRA",1920,1920-12-30,56
"BRA",1921,1921-12-30,55
"BRA",1922,1922-12-30,53
"BRA",1923,1923-12-30,54
"BRA",1924,1924-12-30,58
"BRA",1925,1925-12-30,60
"BRA",1926,1926-12-30,57
"BRA",1927,1927-12-30,52
"BRA",1928,1928-12-30,48
"BRA",1929,1929-12-30,57
"BRA",1930,1930-12-30,57
"BRA",1931,1931-12-30,57
"BRA",1932,1932-12-30,71
"BRA",1933,1933-12-30,64
"BRA",1934,1934-12-30,97
"BRA",1935,1935-12-30,97
"BRA",1936,1936-12-30,96
"BRA",1937,1937-12-30,98
"BRA",1938,1938-12-30,97
"BRA",1939,1939-12-30,93
"BRA",1940,1940-12-29,103
"BRA",1942,1942-12-29,105
"BRA",1946,1946-12-29,119
"BRA",1947,1947-12-29,131
"BRA",1948,1948-12-29,131
"BRA",1949,1949-12-29,231
"BRA",1950,1950-12-29,231
"BRA",1951,1951-12-29,231
"BRA",1952,1952-12-29,231
"BRA",1953,1953-12-29,231
"BRA",1954,1954-12-29,231
"BRA",1955,1955-12-29,107
"BRA",1956,1956-12-29,107
"BRA",1957,1957-12-29,113
"BRA",1958,1958-12-29,229
"BRA",1959,1959-12-29,235
"BRA",1960,1960-12-29,241
"BRA",1961,1961-12-29,180
"BRA",1962,1962-12-29,185
"BRA",1963,1963-12-29,305
"BRA",1964,1964-12-29,315
"BRA",1965,1965-12-29,320
"BRA",1966,1966-12-29,325
"BRA",1967,1967-12-29,330
"BRA",1968,1968-12-29,340
"BRA",1969,1969-12-29,360
"BRA",1970,1970-12-29,375
"BRA",1971,1971-12-29,375
"BRA",1972,1972-12-29,410
"BRA",1973,1973-12-29,420
"BRA",1974,1974-12-29,435
"BRA",1975,1975-12-29,455
"BRA",1976,1976-12-29,450
"BRA",1977,1977-12-29,450
"BRA",1978,1978-12-29,450
"BRA",1979,1979-12-29,450
"BRA",1980,1980-12-29,450
"BRA",1981,1981-12-29,450
"BRA",1982,1982-12-29,460
"BRA",1983,1983-12-29,460
"BRA",1984,1984-12-29,459
"BRA",1985,1985-12-29,496
"BRA",1986,1986-12-29,527
"BRA",1987,1987-12-29,541
"BRA",1988,1988-12-29,319
"BRA",1989,1989-12-29,319
"BRA",1990,1990-12-29,295
"BRA",1991,1991-12-29,295
"BRA",1992,1992-12-29,296
"BRA",1993,1993-12-29,296
"BRA",1994,1994-12-29,296
"BRA",1995,1995-12-29,296
"BRA",1996,1996-12-29,296
"BRA",1997,1997-12-29,296
"BRA",1998,1998-12-29,296
"BRA",1999,1999-12-29,300
"BRA",2000,2000-12-29,288
"BRA",2001,2001-12-29,288
"BRA",2002,2002-12-29,288
"BRA",2003,2003-12-29,288
"BRA",2004,2004-12-29,295
"BRA",2005,2005-12-29,303
"BRA",2006,2006-12-29,287
"BRA",2007,2007-12-29,288
"BRA",2008,2008-12-29,368
"BRA",2009,2009-12-29,326
"BRA",2010,2010-12-29,328
"BRA",2011,2011-12-29,318
"BRA",2012,2012-12-29,318
"BRA",2013,2013-12-29,318
"BRA",2014,2014-12-29,318
"BRA",2015,2015-12-29,318
"BRA",2016,2016-12-29,335
"BOL",1848,1848-12-30,17
"BOL",1849,1849-12-30,17
"BOL",1850,1850-12-30,16
"BOL",1851,1851-12-30,16
"BOL",1852,1852-12-30,16
"BOL",1853,1853-12-30,15
"BOL",1854,1854-12-30,15
"BOL",1855,1855-12-30,15
"BOL",1856,1856-12-30,14
"BOL",1857,1857-12-30,3
"BOL",1858,1858-12-30,3
"BOL",1859,1859-12-30,2
"BOL",1860,1860-12-30,2
"BOL",1861,1861-12-30,2
"BOL",1862,1862-12-30,2
"BOL",1863,1863-12-30,2
"BOL",1864,1864-12-30,2
"BOL",1865,1865-12-30,2
"BOL",1866,1866-12-30,2
"BOL",1867,1867-12-30,2
"BOL",1868,1868-12-30,3
"BOL",1869,1869-12-30,2
"BOL",1870,1870-12-30,2
"BOL",1871,1871-12-30,2
"BOL",1872,1872-12-30,4
"BOL",1873,1873-12-30,4
"BOL",1874,1874-12-30,3
"BOL",1875,1875-12-30,3
"BOL",1876,1876-12-30,3
"BOL",1877,1877-12-30,3
"BOL",1878,1878-12-30,3
"BOL",1879,1879-12-30,7
"BOL",1880,1880-12-30,3
"BOL",1881,1881-12-30,3
"BOL",1882,1882-12-30,3
"BOL",1883,1883-12-30,3
"BOL",1884,1884-12-30,2
"BOL",1885,1885-12-30,2
"BOL",1886,1886-12-30,2
"BOL",1887,1887-12-30,1
"BOL",1888,1888-12-30,1
"BOL",1889,1889-12-30,1
"BOL",1890,1890-12-30,1
"BOL",1891,1891-12-30,1
"BOL",1892,1892-12-30,2
"BOL",1893,1893-12-30,2
"BOL",1894,1894-12-30,1
"BOL",1895,1895-12-30,1
"BOL",1896,1896-12-30,3
"BOL",1897,1897-12-30,2
"BOL",1898,1898-12-30,2
"BOL",1899,1899-12-30,2
"BOL",1900,1900-12-30,3
"BOL",1901,1901-12-30,3
"BOL",1902,1902-12-30,3
"BOL",1903,1903-12-30,3
"BOL",1904,1904-12-30,3
"BOL",1905,1905-12-30,3
"BOL",1906,1906-12-30,2
"BOL",1907,1907-12-30,3
"BOL",1908,1908-12-30,3
"BOL",1909,1909-12-30,3
"BOL",1910,1910-12-30,3
"BOL",1911,1911-12-30,3
"BOL",1912,1912-12-30,3
"BOL",1913,1913-12-30,3
"BOL",1914,1914-12-29,5
"BOL",1915,1915-12-29,5
"BOL",1916,1916-12-29,5
"BOL",1917,1917-12-29,5
"BOL",1918,1918-12-30,5
"BOL",1919,1919-12-30,4
"BOL",1920,1920-12-30,4
"BOL",1921,1921-12-30,4
"BOL",1922,1922-12-30,4
"BOL",1923,1923-12-30,4
"BOL",1924,1924-12-30,4
"BOL",1925,1925-12-30,4
"BOL",1926,1926-12-30,8
"BOL",1927,1927-12-30,8
"BOL",1928,1928-12-30,8
"BOL",1929,1929-12-30,8
"BOL",1930,1930-12-30,8
"BOL",1931,1931-12-30,7
"BOL",1932,1932-12-30,7
"BOL",1933,1933-12-30,20
"BOL",1934,1934-12-30,23
"BOL",1935,1935-12-30,42
"BOL",1936,1936-12-30,10
"BOL",1937,1937-12-30,10
"BOL",1938,1938-12-30,10
"BOL",1939,1939-12-30,10
"BOL",1940,1940-12-29,10
"BOL",1941,1941-12-29,10
"BOL",1942,1942-12-29,10
"BOL",1944,1944-12-29,10
"BOL",1945,1945-12-29,10
"BOL",1946,1946-12-29,9
"BOL",1947,1947-12-29,9
"BOL",1948,1948-12-29,9
"BOL",1949,1949-12-29,9
"BOL",1950,1950-12-29,9
"BOL",1951,1951-12-29,9
"BOL",1952,1952-12-29,9
"BOL",1953,1953-12-29,9
"BOL",1954,1954-12-29,9
"BOL",1955,1955-12-29,12
"BOL",1956,1956-12-29,17
"BOL",1957,1957-12-29,17
"BOL",1958,1958-12-29,12
"BOL",1959,1959-12-29,12
"BOL",1960,1960-12-29,12
"BOL",1961,1961-12-29,18
"BOL",1962,1962-12-29,18
"BOL",1963,1963-12-29,13
"BOL",1964,1964-12-29,13
"BOL",1965,1965-12-29,16
"BOL",1966,1966-12-29,25
"BOL",1967,1967-12-29,20
"BOL",1968,1968-12-29,17
"BOL",1969,1969-12-29,20
"BOL",1970,1970-12-29,17
"BOL",1971,1971-12-29,17
"BOL",1972,1972-12-29,17
"BOL",1973,1973-12-29,18
"BOL",1974,1974-12-29,18
"BOL",1975,1975-12-29,20
"BOL",1976,1976-12-29,22
"BOL",1977,1977-12-29,20
"BOL",1978,1978-12-29,20
"BOL",1979,1979-12-29,20
"BOL",1980,1980-12-29,24
"BOL",1981,1981-12-29,26
"BOL",1982,1982-12-29,26
"BOL",1983,1983-12-29,27
"BOL",1984,1984-12-29,28
"BOL",1985,1985-12-29,28
"BOL",1986,1986-12-29,30
"BOL",1987,1987-12-29,30
"BOL",1988,1988-12-29,28
"BOL",1989,1989-12-29,30
"BOL",1990,1990-12-29,30
"BOL",1991,1991-12-29,33
"BOL",1992,1992-12-29,32
"BOL",1993,1993-12-29,32
"BOL",1994,1994-12-29,28
"BOL",1995,1995-12-29,28
"BOL",1996,1996-12-29,33
"BOL",1997,1997-12-29,33
"BOL",1998,1998-12-29,33
"BOL",1999,1999-12-29,33
"BOL",2000,2000-12-29,32
"BOL",2001,2001-12-29,32
"BOL",2002,2002-12-29,32
"BOL",2003,2003-12-29,32
"BOL",2004,2004-12-29,32
"BOL",2005,2005-12-29,32
"BOL",2006,2006-12-29,33
"BOL",2007,2007-12-29,46
"BOL",2008,2008-12-29,46
"BOL",2009,2009-12-29,46
"BOL",2010,2010-12-29,46
"BOL",2011,2011-12-29,46
"BOL",2012,2012-12-29,46
"BOL",2013,2013-12-29,46
"BOL",2014,2014-12-29,46
"BOL",2015,2015-12-29,46
"BOL",2016,2016-12-29,34
"PAR",1846,1846-12-30,8
"PAR",1847,1847-12-30,8
"PAR",1848,1848-12-30,8
"PAR",1849,1849-12-30,8
"PAR",1850,1850-12-30,8
"PAR",1851,1851-12-30,8
"PAR",1852,1852-12-30,8
"PAR",1853,1853-12-30,8
"PAR",1854,1854-12-30,8
"PAR",1855,1855-12-30,8
"PAR",1856,1856-12-30,8
"PAR",1857,1857-12-30,8
"PAR",1858,1858-12-30,8
"PAR",1859,1859-12-30,8
"PAR",1860,1860-12-30,8
"PAR",1861,1861-12-30,15
"PAR",1862,1862-12-30,15
"PAR",1863,1863-12-30,15
"PAR",1864,1864-12-30,30
"PAR",1865,1865-12-30,47
"PAR",1866,1866-12-30,60
"PAR",1867,1867-12-30,40
"PAR",1868,1868-12-30,28
"PAR",1869,1869-12-30,8
"PAR",1870,1870-12-30,3
"PAR",1876,1876-12-30,2
"PAR",1877,1877-12-30,2
"PAR",1878,1878-12-30,2
"PAR",1879,1879-12-30,1
"PAR",1880,1880-12-30,1
"PAR",1881,1881-12-30,1
"PAR",1882,1882-12-30,1
"PAR",1883,1883-12-30,1
"PAR",1884,1884-12-30,1
"PAR",1885,1885-12-30,1
"PAR",1886,1886-12-30,1
"PAR",1887,1887-12-30,1
"PAR",1888,1888-12-30,1
"PAR",1889,1889-12-30,1
"PAR",1890,1890-12-30,1
"PAR",1891,1891-12-30,1
"PAR",1892,1892-12-30,2
"PAR",1893,1893-12-30,2
"PAR",1894,1894-12-30,2
"PAR",1895,1895-12-30,2
"PAR",1896,1896-12-30,1
"PAR",1897,1897-12-30,1
"PAR",1898,1898-12-30,1
"PAR",1899,1899-12-30,2
"PAR",1900,1900-12-30,2
"PAR",1901,1901-12-30,2
"PAR",1902,1902-12-30,2
"PAR",1903,1903-12-30,2
"PAR",1904,1904-12-30,2
"PAR",1905,1905-12-30,2
"PAR",1906,1906-12-30,1
"PAR",1907,1907-12-30,1
"PAR",1908,1908-12-30,1
"PAR",1909,1909-12-30,3
"PAR",1910,1910-12-30,3
"PAR",1911,1911-12-30,3
"PAR",1912,1912-12-30,4
"PAR",1913,1913-12-30,4
"PAR",1914,1914-12-29,3
"PAR",1915,1915-12-29,3
"PAR",1916,1916-12-29,3
"PAR",1917,1917-12-29,3
"PAR",1918,1918-12-30,3
"PAR",1919,1919-12-30,3
"PAR",1920,1920-12-30,4
"PAR",1921,1921-12-30,3
"PAR",1922,1922-12-30,3
"PAR",1923,1923-12-30,3
"PAR",1924,1924-12-30,3
"PAR",1925,1925-12-30,3
"PAR",1926,1926-12-30,3
"PAR",1927,1927-12-30,3
"PAR",1928,1928-12-30,3
"PAR",1929,1929-12-30,3
"PAR",1930,1930-12-30,3
"PAR",1931,1931-12-30,3
"PAR",1932,1932-12-30,3
"PAR",1933,1933-12-30,20
"PAR",1934,1934-12-30,22
"PAR",1935,1935-12-30,18
"PAR",1936,1936-12-30,3
"PAR",1937,1937-12-30,3
"PAR",1938,1938-12-30,8
"PAR",1939,1939-12-30,3
"PAR",1940,1940-12-29,3
"PAR",1941,1941-12-29,3
"PAR",1942,1942-12-29,3
"PAR",1943,1943-12-29,3
"PAR",1944,1944-12-29,3
"PAR",1945,1945-12-29,6
"PAR",1946,1946-12-29,4
"PAR",1947,1947-12-29,9
"PAR",1948,1948-12-29,9
"PAR",1949,1949-12-29,9
"PAR",1950,1950-12-29,6
"PAR",1951,1951-12-29,6
"PAR",1952,1952-12-29,6
"PAR",1953,1953-12-29,6
"PAR",1954,1954-12-29,6
"PAR",1955,1955-12-29,6
"PAR",1956,1956-12-29,7
"PAR",1957,1957-12-29,7
"PAR",1958,1958-12-29,8
"PAR",1959,1959-12-29,11
"PAR",1960,1960-12-29,11
"PAR",1961,1961-12-29,19
"PAR",1962,1962-12-29,18
"PAR",1963,1963-12-29,17
"PAR",1964,1964-12-29,20
"PAR",1965,1965-12-29,20
"PAR",1966,1966-12-29,20
"PAR",1967,1967-12-29,20
"PAR",1968,1968-12-29,20
"PAR",1969,1969-12-29,20
"PAR",1970,1970-12-29,20
"PAR",1971,1971-12-29,15
"PAR",1972,1972-12-29,15
"PAR",1973,1973-12-29,15
"PAR",1974,1974-12-29,15
"PAR",1975,1975-12-29,15
"PAR",1976,1976-12-29,15
"PAR",1977,1977-12-29,15
"PAR",1978,1978-12-29,15
"PAR",1979,1979-12-29,15
"PAR",1980,1980-12-29,15
"PAR",1981,1981-12-29,15
"PAR",1982,1982-12-29,16
"PAR",1983,1983-12-29,16
"PAR",1984,1984-12-29,17
"PAR",1985,1985-12-29,14
"PAR",1986,1986-12-29,16
"PAR",1987,1987-12-29,16
"PAR",1988,1988-12-29,16
"PAR",1989,1989-12-29,16
"PAR",1990,1990-12-29,16
"PAR",1991,1991-12-29,16
"PAR",1992,1992-12-29,16
"PAR",1993,1993-12-29,16
"PAR",1994,1994-12-29,16
"PAR",1995,1995-12-29,16
"PAR",1996,1996-12-29,16
"PAR",1997,1997-12-29,16
"PAR",1998,1998-12-29,16
"PAR",1999,1999-12-29,17
"PAR",2000,2000-12-29,20
"PAR",2001,2001-12-29,19
"PAR",2002,2002-12-29,19
"PAR",2003,2003-12-29,19
"PAR",2004,2004-12-29,15
"PAR",2005,2005-12-29,10
"PAR",2006,2006-12-29,10
"PAR",2007,2007-12-29,10
"PAR",2008,2008-12-29,11
"PAR",2009,2009-12-29,11
"PAR",2010,2010-12-29,11
"PAR",2011,2011-12-29,11
"PAR",2012,2012-12-29,11
"PAR",2013,2013-12-29,11
"PAR",2014,2014-12-29,11
"PAR",2015,2015-12-29,11
"PAR",2016,2016-12-29,11
"CHL",1839,1839-12-30,3
"CHL",1840,1840-12-30,3
"CHL",1841,1841-12-30,3
"CHL",1842,1842-12-30,2
"CHL",1843,1843-12-30,2
"CHL",1844,1844-12-30,2
"CHL",1845,1845-12-30,2
"CHL",1846,1846-12-30,2
"CHL",1847,1847-12-30,3
"CHL",1848,1848-12-30,2
"CHL",1849,1849-12-30,3
"CHL",1850,1850-12-30,3
"CHL",1851,1851-12-30,3
"CHL",1852,1852-12-30,3
"CHL",1853,1853-12-30,3
"CHL",1854,1854-12-30,4
"CHL",1855,1855-12-30,4
"CHL",1856,1856-12-30,3
"CHL",1857,1857-12-30,4
"CHL",1858,1858-12-30,3
"CHL",1859,1859-12-30,4
"CHL",1860,1860-12-30,4
"CHL",1861,1861-12-30,4
"CHL",1862,1862-12-30,4
"CHL",1863,1863-12-30,4
"CHL",1864,1864-12-30,4
"CHL",1865,1865-12-30,4
"CHL",1866,1866-12-30,4
"CHL",1867,1867-12-30,4
"CHL",1868,1868-12-30,4
"CHL",1869,1869-12-30,5
"CHL",1870,1870-12-30,6
"CHL",1871,1871-12-30,6
"CHL",1872,1872-12-30,5
"CHL",1873,1873-12-30,5
"CHL",1874,1874-12-30,5
"CHL",1875,1875-12-30,5
"CHL",1876,1876-12-30,4
"CHL",1877,1877-12-30,5
"CHL",1878,1878-12-30,5
"CHL",1879,1879-12-30,5
"CHL",1880,1880-12-30,5
"CHL",1881,1881-12-30,14
"CHL",1882,1882-12-30,16
"CHL",1883,1883-12-30,16
"CHL",1884,1884-12-30,14
"CHL",1885,1885-12-30,10
"CHL",1886,1886-12-30,8
"CHL",1887,1887-12-30,8
"CHL",1888,1888-12-30,8
"CHL",1889,1889-12-30,8
"CHL",1890,1890-12-30,10
"CHL",1891,1891-12-30,9
"CHL",1892,1892-12-30,9
"CHL",1893,1893-12-30,8
"CHL",1894,1894-12-30,8
"CHL",1895,1895-12-30,12
"CHL",1896,1896-12-30,12
"CHL",1897,1897-12-30,13
"CHL",1898,1898-12-30,22
"CHL",1899,1899-12-30,22
"CHL",1900,1900-12-30,21
"CHL",1901,1901-12-30,23
"CHL",1902,1902-12-30,19
"CHL",1903,1903-12-30,20
"CHL",1904,1904-12-30,13
"CHL",1905,1905-12-30,13
"CHL",1906,1906-12-30,12
"CHL",1907,1907-12-30,21
"CHL",1908,1908-12-30,22
"CHL",1909,1909-12-30,24
"CHL",1910,1910-12-30,24
"CHL",1911,1911-12-30,26
"CHL",1912,1912-12-30,34
"CHL",1913,1913-12-30,33
"CHL",1914,1914-12-29,27
"CHL",1915,1915-12-29,27
"CHL",1916,1916-12-29,27
"CHL",1917,1917-12-29,27
"CHL",1918,1918-12-30,27
"CHL",1919,1919-12-30,29
"CHL",1920,1920-12-30,30
"CHL",1921,1921-12-30,31
"CHL",1922,1922-12-30,31
"CHL",1923,1923-12-30,28
"CHL",1924,1924-12-30,25
"CHL",1925,1925-12-30,23
"CHL",1926,1926-12-30,27
"CHL",1927,1927-12-30,30
"CHL",1928,1928-12-30,27
"CHL",1929,1929-12-30,25
"CHL",1930,1930-12-30,23
"CHL",1931,1931-12-30,21
"CHL",1932,1932-12-30,20
"CHL",1933,1933-12-30,22
"CHL",1934,1934-12-30,20
"CHL",1935,1935-12-30,24
"CHL",1936,1936-12-30,24
"CHL",1937,1937-12-30,26
"CHL",1938,1938-12-30,23
"CHL",1939,1939-12-30,24
"CHL",1946,1946-12-29,34
"CHL",1947,1947-12-29,35
"CHL",1948,1948-12-29,36
"CHL",1949,1949-12-29,38
"CHL",1950,1950-12-29,39
"CHL",1951,1951-12-29,39
"CHL",1952,1952-12-29,40
"CHL",1953,1953-12-29,50
"CHL",1954,1954-12-29,55
"CHL",1955,1955-12-29,42
"CHL",1956,1956-12-29,42
"CHL",1957,1957-12-29,41
"CHL",1958,1958-12-29,40
"CHL",1959,1959-12-29,41
"CHL",1960,1960-12-29,41
"CHL",1961,1961-12-29,63
"CHL",1962,1962-12-29,63
"CHL",1963,1963-12-29,75
"CHL",1964,1964-12-29,70
"CHL",1965,1965-12-29,70
"CHL",1966,1966-12-29,65
"CHL",1967,1967-12-29,70
"CHL",1968,1968-12-29,70
"CHL",1969,1969-12-29,70
"CHL",1970,1970-12-29,70
"CHL",1971,1971-12-29,70
"CHL",1972,1972-12-29,75
"CHL",1973,1973-12-29,75
"CHL",1974,1974-12-29,90
"CHL",1975,1975-12-29,110
"CHL",1976,1976-12-29,111
"CHL",1977,1977-12-29,111
"CHL",1978,1978-12-29,111
"CHL",1979,1979-12-29,111
"CHL",1980,1980-12-29,116
"CHL",1981,1981-12-29,116
"CHL",1982,1982-12-29,116
"CHL",1983,1983-12-29,126
"CHL",1984,1984-12-29,123
"CHL",1985,1985-12-29,124
"CHL",1986,1986-12-29,127
"CHL",1987,1987-12-29,127
"CHL",1988,1988-12-29,96
"CHL",1989,1989-12-29,95
"CHL",1990,1990-12-29,95
"CHL",1991,1991-12-29,90
"CHL",1992,1992-12-29,92
"CHL",1993,1993-12-29,92
"CHL",1994,1994-12-29,102
"CHL",1995,1995-12-29,102
"CHL",1996,1996-12-29,102
"CHL",1997,1997-12-29,102
"CHL",1998,1998-12-29,100
"CHL",1999,1999-12-29,88
"CHL",2000,2000-12-29,87
"CHL",2001,2001-12-29,88
"CHL",2002,2002-12-29,80
"CHL",2003,2003-12-29,77
"CHL",2004,2004-12-29,78
"CHL",2005,2005-12-29,78
"CHL",2006,2006-12-29,78
"CHL",2007,2007-12-29,76
"CHL",2008,2008-12-29,65
"CHL",2009,2009-12-29,61
"CHL",2010,2010-12-29,61
"CHL",2011,2011-12-29,59
"CHL",2012,2012-12-29,59
"CHL",2013,2013-12-29,59
"CHL",2014,2014-12-29,61
"CHL",2015,2015-12-29,61
"CHL",2016,2016-12-29,65
"ARG",1841,1841-12-30,7
"ARG",1849,1849-12-30,2
"ARG",1850,1850-12-30,4
"ARG",1851,1851-12-30,5
"ARG",1852,1852-12-30,7
"ARG",1853,1853-12-30,6
"ARG",1854,1854-12-30,4
"ARG",1855,1855-12-30,3
"ARG",1856,1856-12-30,5
"ARG",1857,1857-12-30,6
"ARG",1858,1858-12-30,5
"ARG",1859,1859-12-30,5
"ARG",1860,1860-12-30,5
"ARG",1861,1861-12-30,5
"ARG",1862,1862-12-30,6
"ARG",1863,1863-12-30,12
"ARG",1864,1864-12-30,12
"ARG",1865,1865-12-30,15
"ARG",1866,1866-12-30,15
"ARG",1867,1867-12-30,15
"ARG",1868,1868-12-30,15
"ARG",1869,1869-12-30,15
"ARG",1870,1870-12-30,15
"ARG",1871,1871-12-30,9
"ARG",1872,1872-12-30,6
"ARG",1873,1873-12-30,7
"ARG",1874,1874-12-30,7
"ARG",1875,1875-12-30,7
"ARG",1876,1876-12-30,10
"ARG",1877,1877-12-30,10
"ARG",1878,1878-12-30,10
"ARG",1879,1879-12-30,8
"ARG",1880,1880-12-30,9
"ARG",1881,1881-12-30,9
"ARG",1882,1882-12-30,10
"ARG",1883,1883-12-30,8
"ARG",1884,1884-12-30,9
"ARG",1885,1885-12-30,9
"ARG",1886,1886-12-30,12
"ARG",1887,1887-12-30,10
"ARG",1888,1888-12-30,10
"ARG",1889,1889-12-30,10
"ARG",1890,1890-12-30,8
"ARG",1891,1891-12-30,8
"ARG",1892,1892-12-30,10
"ARG",1893,1893-12-30,11
"ARG",1894,1894-12-30,10
"ARG",1895,1895-12-30,15
"ARG",1896,1896-12-30,19
"ARG",1897,1897-12-30,20
"ARG",1898,1898-12-30,43
"ARG",1899,1899-12-30,18
"ARG",1900,1900-12-30,18
"ARG",1901,1901-12-30,18
"ARG",1902,1902-12-30,24
"ARG",1903,1903-12-30,24
"ARG",1904,1904-12-30,24
"ARG",1905,1905-12-30,24
"ARG",1906,1906-12-30,24
"ARG",1907,1907-12-30,24
"ARG",1908,1908-12-30,18
"ARG",1909,1909-12-30,27
"ARG",1910,1910-12-30,29
"ARG",1911,1911-12-30,30
"ARG",1912,1912-12-30,30
"ARG",1913,1913-12-30,30
"ARG",1914,1914-12-29,30
"ARG",1915,1915-12-29,30
"ARG",1916,1916-12-29,30
"ARG",1917,1917-12-29,30
"ARG",1918,1918-12-30,31
"ARG",1919,1919-12-30,28
"ARG",1920,1920-12-30,29
"ARG",1921,1921-12-30,30
"ARG",1922,1922-12-30,29
"ARG",1923,1923-12-30,34
"ARG",1924,1924-12-30,38
"ARG",1925,1925-12-30,37
"ARG",1926,1926-12-30,37
"ARG",1927,1927-12-30,37
"ARG",1928,1928-12-30,37
"ARG",1929,1929-12-30,38
"ARG",1930,1930-12-30,38
"ARG",1931,1931-12-30,42
"ARG",1932,1932-12-30,43
"ARG",1933,1933-12-30,43
"ARG",1934,1934-12-30,44
"ARG",1935,1935-12-30,44
"ARG",1936,1936-12-30,44
"ARG",1937,1937-12-30,57
"ARG",1938,1938-12-30,59
"ARG",1939,1939-12-30,61
"ARG",1946,1946-12-29,62
"ARG",1947,1947-12-29,62
"ARG",1948,1948-12-29,62
"ARG",1949,1949-12-29,62
"ARG",1950,1950-12-29,62
"ARG",1951,1951-12-29,62
"ARG",1952,1952-12-29,62
"ARG",1953,1953-12-29,71
"ARG",1954,1954-12-29,71
"ARG",1955,1955-12-29,148
"ARG",1956,1956-12-29,148
"ARG",1957,1957-12-29,147
"ARG",1958,1958-12-29,145
"ARG",1959,1959-12-29,145
"ARG",1960,1960-12-29,130
"ARG",1961,1961-12-29,127
"ARG",1962,1962-12-29,129
"ARG",1963,1963-12-29,155
"ARG",1964,1964-12-29,155
"ARG",1965,1965-12-29,155
"ARG",1966,1966-12-29,160
"ARG",1967,1967-12-29,160
"ARG",1968,1968-12-29,160
"ARG",1969,1969-12-29,160
"ARG",1970,1970-12-29,140
"ARG",1971,1971-12-29,140
"ARG",1972,1972-12-29,140
"ARG",1973,1973-12-29,160
"ARG",1974,1974-12-29,150
"ARG",1975,1975-12-29,160
"ARG",1976,1976-12-29,155
"ARG",1977,1977-12-29,155
"ARG",1978,1978-12-29,155
"ARG",1979,1979-12-29,155
"ARG",1980,1980-12-29,155
"ARG",1981,1981-12-29,155
"ARG",1982,1982-12-29,175
"ARG",1983,1983-12-29,175
"ARG",1984,1984-12-29,174
"ARG",1985,1985-12-29,129
"ARG",1986,1986-12-29,104
"ARG",1987,1987-12-29,118
"ARG",1988,1988-12-29,95
"ARG",1989,1989-12-29,95
"ARG",1990,1990-12-29,85
"ARG",1991,1991-12-29,70
"ARG",1992,1992-12-29,65
"ARG",1993,1993-12-29,65
"ARG",1994,1994-12-29,69
"ARG",1995,1995-12-29,65
"ARG",1996,1996-12-29,65
"ARG",1997,1997-12-29,65
"ARG",1998,1998-12-29,73
"ARG",1999,1999-12-29,73
"ARG",2000,2000-12-29,71
"ARG",2001,2001-12-29,70
"ARG",2002,2002-12-29,69
"ARG",2003,2003-12-29,71
"ARG",2004,2004-12-29,71
"ARG",2005,2005-12-29,71
"ARG",2006,2006-12-29,71
"ARG",2007,2007-12-29,72
"ARG",2008,2008-12-29,76
"ARG",2009,2009-12-29,76
"ARG",2010,2010-12-29,73
"ARG",2011,2011-12-29,73
"ARG",2012,2012-12-29,73
"ARG",2013,2013-12-29,73
"ARG",2014,2014-12-29,73
"ARG",2015,2015-12-29,74
"ARG",2016,2016-12-29,74
"UKG",1816,1816-12-30,255
"UKG",1817,1817-12-30,190
"UKG",1818,1818-12-30,173
"UKG",1819,1819-12-30,143
"UKG",1820,1820-12-30,144
"UKG",1821,1821-12-30,139
"UKG",1822,1822-12-30,125
"UKG",1823,1823-12-30,125
"UKG",1824,1824-12-30,132
"UKG",1825,1825-12-30,132
"UKG",1826,1826-12-30,149
"UKG",1827,1827-12-30,155
"UKG",1828,1828-12-30,155
"UKG",1829,1829-12-30,148
"UKG",1830,1830-12-30,140
"UKG",1831,1831-12-30,150
"UKG",1832,1832-12-30,145
"UKG",1833,1833-12-30,144
"UKG",1834,1834-12-30,137
"UKG",1835,1835-12-30,136
"UKG",1836,1836-12-30,143
"UKG",1837,1837-12-30,143
"UKG",1838,1838-12-30,155
"UKG",1839,1839-12-30,159
"UKG",1840,1840-12-30,168
"UKG",1841,1841-12-30,173
"UKG",1842,1842-12-30,184
"UKG",1843,1843-12-30,158
"UKG",1844,1844-12-30,185
"UKG",1845,1845-12-30,178
"UKG",1846,1846-12-30,191
"UKG",1847,1847-12-30,193
"UKG",1848,1848-12-30,208
"UKG",1849,1849-12-30,203
"UKG",1850,1850-12-30,201
"UKG",1851,1851-12-30,198
"UKG",1852,1852-12-30,201
"UKG",1853,1853-12-30,213
"UKG",1854,1854-12-30,234
"UKG",1855,1855-12-30,329
"UKG",1856,1856-12-30,382
"UKG",1857,1857-12-30,272
"UKG",1858,1858-12-30,292
"UKG",1859,1859-12-30,315
"UKG",1860,1860-12-30,347
"UKG",1861,1861-12-30,316
"UKG",1862,1862-12-30,305
"UKG",1863,1863-12-30,312
"UKG",1864,1864-12-30,290
"UKG",1865,1865-12-30,296
"UKG",1866,1866-12-30,286
"UKG",1867,1867-12-30,283
"UKG",1868,1868-12-30,279
"UKG",1869,1869-12-30,270
"UKG",1870,1870-12-30,257
"UKG",1871,1871-12-30,241
"UKG",1872,1872-12-30,254
"UKG",1873,1873-12-30,252
"UKG",1874,1874-12-30,248
"UKG",1875,1875-12-30,245
"UKG",1876,1876-12-30,244
"UKG",1877,1877-12-30,251
"UKG",1878,1878-12-30,261
"UKG",1879,1879-12-30,260
"UKG",1880,1880-12-30,248
"UKG",1881,1881-12-30,247
"UKG",1882,1882-12-30,247
"UKG",1883,1883-12-30,239
"UKG",1884,1884-12-30,240
"UKG",1885,1885-12-30,256
"UKG",1886,1886-12-30,265
"UKG",1887,1887-12-30,273
"UKG",1888,1888-12-30,273
"UKG",1889,1889-12-30,275
"UKG",1890,1890-12-30,278
"UKG",1891,1891-12-30,281
"UKG",1892,1892-12-30,288
"UKG",1893,1893-12-30,294
"UKG",1894,1894-12-30,302
"UKG",1895,1895-12-30,309
"UKG",1896,1896-12-30,315
"UKG",1897,1897-12-30,319
"UKG",1898,1898-12-30,331
"UKG",1899,1899-12-30,331
"UKG",1900,1900-12-30,487
"UKG",1901,1901-12-30,521
"UKG",1902,1902-12-30,489
"UKG",1903,1903-12-30,416
"UKG",1904,1904-12-30,409
"UKG",1905,1905-12-30,394
"UKG",1906,1906-12-30,384
"UKG",1907,1907-12-30,369
"UKG",1908,1908-12-30,364
"UKG",1909,1909-12-30,381
"UKG",1910,1910-12-30,372
"UKG",1911,1911-12-30,376
"UKG",1912,1912-12-30,523
"UKG",1913,1913-12-30,533
"UKG",1914,1914-12-29,532
"UKG",1915,1915-12-29,4350
"UKG",1917,1917-12-29,4430
"UKG",1918,1918-12-30,4222
"UKG",1919,1919-12-30,1333
"UKG",1920,1920-12-30,596
"UKG",1921,1921-12-30,448
"UKG",1922,1922-12-30,368
"UKG",1923,1923-12-30,337
"UKG",1924,1924-12-30,337
"UKG",1925,1925-12-30,342
"UKG",1926,1926-12-30,341
"UKG",1927,1927-12-30,338
"UKG",1928,1928-12-30,330
"UKG",1929,1929-12-30,325
"UKG",1930,1930-12-30,318
"UKG",1931,1931-12-30,319
"UKG",1932,1932-12-30,317
"UKG",1933,1933-12-30,316
"UKG",1934,1934-12-30,318
"UKG",1935,1935-12-30,321
"UKG",1936,1936-12-30,336
"UKG",1937,1937-12-30,350
"UKG",1938,1938-12-30,376
"UKG",1939,1939-12-30,394
"UKG",1940,1940-12-29,1020
"UKG",1941,1941-12-29,2300
"UKG",1942,1942-12-29,3390
"UKG",1943,1943-12-29,4145
"UKG",1944,1944-12-29,4900
"UKG",1945,1945-12-29,5090
"UKG",1946,1946-12-29,2053
"UKG",1947,1947-12-29,1302
"UKG",1948,1948-12-29,847
"UKG",1949,1949-12-29,770
"UKG",1950,1950-12-29,689
"UKG",1951,1951-12-29,826
"UKG",1952,1952-12-29,872
"UKG",1953,1953-12-29,865
"UKG",1954,1954-12-29,839
"UKG",1955,1955-12-29,809
"UKG",1956,1956-12-29,761
"UKG",1957,1957-12-29,702
"UKG",1958,1958-12-29,614
"UKG",1959,1959-12-29,565
"UKG",1960,1960-12-29,519
"UKG",1961,1961-12-29,475
"UKG",1962,1962-12-29,475
"UKG",1963,1963-12-29,450
"UKG",1964,1964-12-29,435
"UKG",1965,1965-12-29,425
"UKG",1966,1966-12-29,425
"UKG",1967,1967-12-29,425
"UKG",1968,1968-12-29,410
"UKG",1969,1969-12-29,390
"UKG",1970,1970-12-29,390
"UKG",1971,1971-12-29,370
"UKG",1972,1972-12-29,370
"UKG",1973,1973-12-29,377
"UKG",1974,1974-12-29,359
"UKG",1975,1975-12-29,348
"UKG",1976,1976-12-29,337
"UKG",1977,1977-12-29,326
"UKG",1978,1978-12-29,320
"UKG",1979,1979-12-29,324
"UKG",1980,1980-12-29,330
"UKG",1981,1981-12-29,341
"UKG",1982,1982-12-29,335
"UKG",1983,1983-12-29,333
"UKG",1984,1984-12-29,336
"UKG",1985,1985-12-29,334
"UKG",1986,1986-12-29,331
"UKG",1987,1987-12-29,328
"UKG",1988,1988-12-29,324
"UKG",1989,1989-12-29,318
"UKG",1990,1990-12-29,308
"UKG",1991,1991-12-29,301
"UKG",1992,1992-12-29,293
"UKG",1993,1993-12-29,271
"UKG",1994,1994-12-29,257
"UKG",1995,1995-12-29,233
"UKG",1996,1996-12-29,221
"UKG",1997,1997-12-29,218
"UKG",1998,1998-12-29,218
"UKG",1999,1999-12-29,218
"UKG",2000,2000-12-29,212
"UKG",2001,2001-12-29,211
"UKG",2002,2002-12-29,210
"UKG",2003,2003-12-29,213
"UKG",2004,2004-12-29,209
"UKG",2005,2005-12-29,206
"UKG",2006,2006-12-29,217
"UKG",2007,2007-12-29,191
"UKG",2008,2008-12-29,181
"UKG",2009,2009-12-29,160
"UKG",2010,2010-12-29,175
"UKG",2011,2011-12-29,178
"UKG",2012,2012-12-29,174
"UKG",2013,2013-12-29,166
"UKG",2014,2014-12-29,169
"UKG",2015,2015-12-29,159
"UKG",2016,2016-12-29,155
"NTH",1816,1816-12-30,26
"NTH",1817,1817-12-30,27
"NTH",1818,1818-12-30,27
"NTH",1819,1819-12-30,27
"NTH",1820,1820-12-30,27
"NTH",1821,1821-12-30,27
"NTH",1822,1822-12-30,27
"NTH",1823,1823-12-30,28
"NTH",1824,1824-12-30,28
"NTH",1825,1825-12-30,28
"NTH",1826,1826-12-30,28
"NTH",1827,1827-12-30,29
"NTH",1828,1828-12-30,29
"NTH",1829,1829-12-30,29
"NTH",1830,1830-12-30,30
"NTH",1831,1831-12-30,80
"NTH",1832,1832-12-30,38
"NTH",1833,1833-12-30,38
"NTH",1834,1834-12-30,32
"NTH",1835,1835-12-30,32
"NTH",1836,1836-12-30,32
"NTH",1837,1837-12-30,43
"NTH",1838,1838-12-30,32
"NTH",1839,1839-12-30,32
"NTH",1840,1840-12-30,22
"NTH",1841,1841-12-30,24
"NTH",1842,1842-12-30,26
"NTH",1843,1843-12-30,28
"NTH",1844,1844-12-30,30
"NTH",1845,1845-12-30,32
"NTH",1846,1846-12-30,32
"NTH",1847,1847-12-30,33
"NTH",1848,1848-12-30,32
"NTH",1849,1849-12-30,31
"NTH",1850,1850-12-30,30
"NTH",1851,1851-12-30,30
"NTH",1852,1852-12-30,29
"NTH",1853,1853-12-30,31
"NTH",1854,1854-12-30,33
"NTH",1855,1855-12-30,38
"NTH",1856,1856-12-30,38
"NTH",1857,1857-12-30,38
"NTH",1858,1858-12-30,38
"NTH",1859,1859-12-30,38
"NTH",1860,1860-12-30,39
"NTH",1861,1861-12-30,39
"NTH",1862,1862-12-30,39
"NTH",1863,1863-12-30,39
"NTH",1864,1864-12-30,39
"NTH",1865,1865-12-30,39
"NTH",1866,1866-12-30,38
"NTH",1867,1867-12-30,38
"NTH",1868,1868-12-30,39
"NTH",1869,1869-12-30,39
"NTH",1870,1870-12-30,39
"NTH",1871,1871-12-30,39
"NTH",1872,1872-12-30,39
"NTH",1873,1873-12-30,39
"NTH",1874,1874-12-30,40
"NTH",1875,1875-12-30,41
"NTH",1876,1876-12-30,41
"NTH",1877,1877-12-30,39
"NTH",1878,1878-12-30,40
"NTH",1879,1879-12-30,40
"NTH",1880,1880-12-30,41
"NTH",1881,1881-12-30,43
"NTH",1882,1882-12-30,44
"NTH",1883,1883-12-30,45
"NTH",1884,1884-12-30,46
"NTH",1885,1885-12-30,46
"NTH",1886,1886-12-30,44
"NTH",1887,1887-12-30,37
"NTH",1888,1888-12-30,38
"NTH",1889,1889-12-30,38
"NTH",1890,1890-12-30,42
"NTH",1891,1891-12-30,34
"NTH",1892,1892-12-30,30
"NTH",1893,1893-12-30,29
"NTH",1894,1894-12-30,29
"NTH",1895,1895-12-30,29
"NTH",1896,1896-12-30,29
"NTH",1897,1897-12-30,29
"NTH",1898,1898-12-30,29
"NTH",1899,1899-12-30,29
"NTH",1900,1900-12-30,31
"NTH",1901,1901-12-30,31
"NTH",1902,1902-12-30,35
"NTH",1903,1903-12-30,31
"NTH",1904,1904-12-30,31
"NTH",1905,1905-12-30,34
"NTH",1906,1906-12-30,28
"NTH",1907,1907-12-30,28
"NTH",1908,1908-12-30,27
"NTH",1909,1909-12-30,27
"NTH",1910,1910-12-30,28
"NTH",1911,1911-12-30,45
"NTH",1912,1912-12-30,46
"NTH",1913,1913-12-30,45
"NTH",1914,1914-12-29,41
"NTH",1915,1915-12-29,33
"NTH",1916,1916-12-29,28
"NTH",1917,1917-12-29,23
"NTH",1918,1918-12-30,19
"NTH",1919,1919-12-30,14
"NTH",1920,1920-12-30,14
"NTH",1921,1921-12-30,14
"NTH",1922,1922-12-30,15
"NTH",1923,1923-12-30,15
"NTH",1924,1924-12-30,15
"NTH",1925,1925-12-30,16
"NTH",1926,1926-12-30,16
"NTH",1927,1927-12-30,14
"NTH",1928,1928-12-30,14
"NTH",1929,1929-12-30,14
"NTH",1930,1930-12-30,14
"NTH",1931,1931-12-30,16
"NTH",1932,1932-12-30,16
"NTH",1933,1933-12-30,16
"NTH",1934,1934-12-30,16
"NTH",1935,1935-12-30,16
"NTH",1936,1936-12-30,15
"NTH",1937,1937-12-30,16
"NTH",1938,1938-12-30,16
"NTH",1939,1939-12-30,47
"NTH",1940,1940-12-29,64
"NTH",1945,1945-12-29,87
"NTH",1946,1946-12-29,100
"NTH",1947,1947-12-29,233
"NTH",1948,1948-12-29,233
"NTH",1949,1949-12-29,233
"NTH",1950,1950-12-29,226
"NTH",1951,1951-12-29,218
"NTH",1952,1952-12-29,211
"NTH",1953,1953-12-29,203
"NTH",1954,1954-12-29,196
"NTH",1955,1955-12-29,188
"NTH",1956,1956-12-29,181
"NTH",1957,1957-12-29,173
"NTH",1958,1958-12-29,166
"NTH",1959,1959-12-29,158
"NTH",1960,1960-12-29,151
"NTH",1961,1961-12-29,141
"NTH",1962,1962-12-29,141
"NTH",1963,1963-12-29,130
"NTH",1964,1964-12-29,125
"NTH",1965,1965-12-29,125
"NTH",1966,1966-12-29,120
"NTH",1967,1967-12-29,120
"NTH",1968,1968-12-29,120
"NTH",1969,1969-12-29,120
"NTH",1970,1970-12-29,115
"NTH",1971,1971-12-29,110
"NTH",1972,1972-12-29,115
"NTH",1973,1973-12-29,111
"NTH",1974,1974-12-29,110
"NTH",1975,1975-12-29,107
"NTH",1976,1976-12-29,106
"NTH",1977,1977-12-29,103
"NTH",1978,1978-12-29,106
"NTH",1979,1979-12-29,107
"NTH",1980,1980-12-29,107
"NTH",1981,1981-12-29,108
"NTH",1982,1982-12-29,106
"NTH",1983,1983-12-29,104
"NTH",1984,1984-12-29,103
"NTH",1985,1985-12-29,103
"NTH",1986,1986-12-29,106
"NTH",1987,1987-12-29,106
"NTH",1988,1988-12-29,107
"NTH",1989,1989-12-29,106
"NTH",1990,1990-12-29,104
"NTH",1991,1991-12-29,104
"NTH",1992,1992-12-29,90
"NTH",1993,1993-12-29,86
"NTH",1994,1994-12-29,77
"NTH",1995,1995-12-29,67
"NTH",1996,1996-12-29,64
"NTH",1997,1997-12-29,57
"NTH",1998,1998-12-29,55
"NTH",1999,1999-12-29,54
"NTH",2000,2000-12-29,52
"NTH",2001,2001-12-29,50
"NTH",2002,2002-12-29,50
"NTH",2003,2003-12-29,53
"NTH",2004,2004-12-29,53
"NTH",2005,2005-12-29,53
"NTH",2006,2006-12-29,53
"NTH",2007,2007-12-29,53
"NTH",2008,2008-12-29,46
"NTH",2009,2009-12-29,41
"NTH",2010,2010-12-29,47
"NTH",2011,2011-12-29,37
"NTH",2012,2012-12-29,37
"NTH",2013,2013-12-29,37
"NTH",2014,2014-12-29,37
"NTH",2015,2015-12-29,37
"NTH",2016,2016-12-29,36
"BEL",1830,1830-12-30,62
"BEL",1831,1831-12-30,54
"BEL",1832,1832-12-30,46
"BEL",1833,1833-12-30,38
"BEL",1834,1834-12-30,30
"BEL",1835,1835-12-30,30
"BEL",1836,1836-12-30,30
"BEL",1837,1837-12-30,46
"BEL",1838,1838-12-30,48
"BEL",1839,1839-12-30,50
"BEL",1840,1840-12-30,45
"BEL",1841,1841-12-30,41
"BEL",1842,1842-12-30,36
"BEL",1843,1843-12-30,32
"BEL",1844,1844-12-30,32
"BEL",1845,1845-12-30,32
"BEL",1846,1846-12-30,32
"BEL",1847,1847-12-30,32
"BEL",1848,1848-12-30,33
"BEL",1849,1849-12-30,34
"BEL",1850,1850-12-30,35
"BEL",1851,1851-12-30,36
"BEL",1852,1852-12-30,37
"BEL",1853,1853-12-30,38
"BEL",1854,1854-12-30,39
"BEL",1855,1855-12-30,40
"BEL",1856,1856-12-30,40
"BEL",1857,1857-12-30,40
"BEL",1858,1858-12-30,40
"BEL",1859,1859-12-30,40
"BEL",1860,1860-12-30,40
"BEL",1861,1861-12-30,40
"BEL",1862,1862-12-30,40
"BEL",1863,1863-12-30,40
"BEL",1864,1864-12-30,40
"BEL",1865,1865-12-30,40
"BEL",1866,1866-12-30,40
"BEL",1867,1867-12-30,40
"BEL",1868,1868-12-30,40
"BEL",1869,1869-12-30,40
"BEL",1870,1870-12-30,40
"BEL",1871,1871-12-30,40
"BEL",1872,1872-12-30,40
"BEL",1873,1873-12-30,40
"BEL",1874,1874-12-30,40
"BEL",1875,1875-12-30,43
"BEL",1876,1876-12-30,46
"BEL",1877,1877-12-30,46
"BEL",1878,1878-12-30,46
"BEL",1879,1879-12-30,46
"BEL",1880,1880-12-30,46
"BEL",1881,1881-12-30,46
"BEL",1882,1882-12-30,46
"BEL",1883,1883-12-30,45
"BEL",1884,1884-12-30,47
"BEL",1885,1885-12-30,46
"BEL",1886,1886-12-30,45
"BEL",1887,1887-12-30,45
"BEL",1888,1888-12-30,48
"BEL",1889,1889-12-30,48
"BEL",1890,1890-12-30,45
"BEL",1891,1891-12-30,49
"BEL",1892,1892-12-30,51
"BEL",1893,1893-12-30,47
"BEL",1894,1894-12-30,47
"BEL",1895,1895-12-30,47
"BEL",1896,1896-12-30,48
"BEL",1897,1897-12-30,49
"BEL",1898,1898-12-30,47
"BEL",1899,1899-12-30,49
"BEL",1900,1900-12-30,51
"BEL",1901,1901-12-30,48
"BEL",1902,1902-12-30,49
"BEL",1903,1903-12-30,46
"BEL",1904,1904-12-30,44
"BEL",1905,1905-12-30,44
"BEL",1906,1906-12-30,44
"BEL",1907,1907-12-30,44
"BEL",1908,1908-12-30,46
"BEL",1909,1909-12-30,46
"BEL",1910,1910-12-30,48
"BEL",1911,1911-12-30,47
"BEL",1912,1912-12-30,47
"BEL",1913,1913-12-30,48
"BEL",1914,1914-12-29,115
"BEL",1915,1915-12-29,156
"BEL",1916,1916-12-29,189
"BEL",1917,1917-12-29,194
"BEL",1918,1918-12-30,209
"BEL",1919,1919-12-30,212
"BEL",1920,1920-12-30,156
"BEL",1921,1921-12-30,100
"BEL",1922,1922-12-30,117
"BEL",1923,1923-12-30,133
"BEL",1924,1924-12-30,82
"BEL",1925,1925-12-30,82
"BEL",1926,1926-12-30,83
"BEL",1927,1927-12-30,66
"BEL",1928,1928-12-30,65
"BEL",1929,1929-12-30,67
"BEL",1930,1930-12-30,69
"BEL",1931,1931-12-30,66
"BEL",1932,1932-12-30,67
"BEL",1933,1933-12-30,66
"BEL",1934,1934-12-30,68
"BEL",1935,1935-12-30,68
"BEL",1936,1936-12-30,67
"BEL",1937,1937-12-30,72
"BEL",1938,1938-12-30,90
"BEL",1939,1939-12-30,85
"BEL",1940,1940-12-29,82
"BEL",1945,1945-12-29,80
"BEL",1946,1946-12-29,79
"BEL",1947,1947-12-29,75
"BEL",1948,1948-12-29,71
"BEL",1949,1949-12-29,70
"BEL",1950,1950-12-29,74
"BEL",1951,1951-12-29,77
"BEL",1952,1952-12-29,81
"BEL",1953,1953-12-29,86
"BEL",1954,1954-12-29,91
"BEL",1955,1955-12-29,94
"BEL",1956,1956-12-29,98
"BEL",1957,1957-12-29,101
"BEL",1958,1958-12-29,106
"BEL",1959,1959-12-29,108
"BEL",1960,1960-12-29,110
"BEL",1961,1961-12-29,110
"BEL",1962,1962-12-29,110
"BEL",1963,1963-12-29,115
"BEL",1964,1964-12-29,115
"BEL",1965,1965-12-29,115
"BEL",1966,1966-12-29,115
"BEL",1967,1967-12-29,115
"BEL",1968,1968-12-29,115
"BEL",1969,1969-12-29,115
"BEL",1970,1970-12-29,110
"BEL",1971,1971-12-29,110
"BEL",1972,1972-12-29,105
"BEL",1973,1973-12-29,107
"BEL",1974,1974-12-29,105
"BEL",1975,1975-12-29,103
"BEL",1976,1976-12-29,103
"BEL",1977,1977-12-29,107
"BEL",1978,1978-12-29,109
"BEL",1979,1979-12-29,107
"BEL",1980,1980-12-29,108
"BEL",1981,1981-12-29,110
"BEL",1982,1982-12-29,109
"BEL",1983,1983-12-29,109
"BEL",1984,1984-12-29,107
"BEL",1985,1985-12-29,107
"BEL",1986,1986-12-29,107
"BEL",1987,1987-12-29,109
"BEL",1988,1988-12-29,110
"BEL",1989,1989-12-29,110
"BEL",1990,1990-12-29,106
"BEL",1991,1991-12-29,101
"BEL",1992,1992-12-29,79
"BEL",1993,1993-12-29,70
"BEL",1994,1994-12-29,53
"BEL",1995,1995-12-29,47
"BEL",1996,1996-12-29,45
"BEL",1997,1997-12-29,46
"BEL",1998,1998-12-29,43
"BEL",1999,1999-12-29,42
"BEL",2000,2000-12-29,39
"BEL",2001,2001-12-29,39
"BEL",2002,2002-12-29,39
"BEL",2003,2003-12-29,41
"BEL",2004,2004-12-29,39
"BEL",2005,2005-12-29,37
"BEL",2006,2006-12-29,37
"BEL",2007,2007-12-29,40
"BEL",2008,2008-12-29,40
"BEL",2009,2009-12-29,39
"BEL",2010,2010-12-29,38
"BEL",2011,2011-12-29,38
"BEL",2012,2012-12-29,34
"BEL",2013,2013-12-29,33
"BEL",2014,2014-12-29,31
"BEL",2015,2015-12-29,31
"BEL",2016,2016-12-29,31
"LUX",1946,1946-12-29,2
"LUX",1947,1947-12-29,2
"LUX",1948,1948-12-29,3
"LUX",1949,1949-12-29,3
"LUX",1950,1950-12-29,3
"LUX",1951,1951-12-29,3
"LUX",1952,1952-12-29,3
"LUX",1953,1953-12-29,3
"LUX",1954,1954-12-29,3
"LUX",1955,1955-12-29,3
"LUX",1956,1956-12-29,3
"LUX",1957,1957-12-29,3
"LUX",1958,1958-12-29,3
"LUX",1959,1959-12-29,3
"LUX",1960,1960-12-29,3
"LUX",1961,1961-12-29,6
"LUX",1962,1962-12-29,6
"LUX",1963,1963-12-29,2
"LUX",1964,1964-12-29,2
"LUX",1965,1965-12-29,2
"LUX",1966,1966-12-29,2
"LUX",1967,1967-12-29,2
"LUX",1968,1968-12-29,1
"LUX",1969,1969-12-29,1
"LUX",1970,1970-12-29,1
"LUX",1971,1971-12-29,1
"LUX",1972,1972-12-29,1
"LUX",1973,1973-12-29,1
"LUX",1974,1974-12-29,1
"LUX",1975,1975-12-29,1
"LUX",1976,1976-12-29,1
"LUX",1977,1977-12-29,1
"LUX",1978,1978-12-29,1
"LUX",1979,1979-12-29,1
"LUX",1980,1980-12-29,1
"LUX",1981,1981-12-29,1
"LUX",1982,1982-12-29,1
"LUX",1983,1983-12-29,1
"LUX",1984,1984-12-29,1
"LUX",1985,1985-12-29,1
"LUX",1986,1986-12-29,1
"LUX",1987,1987-12-29,1
"LUX",1988,1988-12-29,1
"LUX",1989,1989-12-29,1
"LUX",1990,1990-12-29,1
"LUX",1991,1991-12-29,1
"LUX",1992,1992-12-29,1
"LUX",1993,1993-12-29,1
"LUX",1994,1994-12-29,1
"LUX",1995,1995-12-29,1
"LUX",1996,1996-12-29,1
"LUX",1997,1997-12-29,1
"LUX",1998,1998-12-29,1
"LUX",1999,1999-12-29,1
"LUX",2000,2000-12-29,1
"LUX",2001,2001-12-29,1
"LUX",2002,2002-12-29,1
"LUX",2003,2003-12-29,1
"LUX",2004,2004-12-29,1
"LUX",2005,2005-12-29,1
"LUX",2006,2006-12-29,1
"LUX",2007,2007-12-29,1
"LUX",2008,2008-12-29,1
"LUX",2009,2009-12-29,1
"LUX",2010,2010-12-29,1
"LUX",2011,2011-12-29,1
"LUX",2012,2012-12-29,1
"LUX",2013,2013-12-29,1
"LUX",2014,2014-12-29,1
"LUX",2015,2015-12-29,1
"LUX",2016,2016-12-29,1
"FRN",1816,1816-12-30,132
"FRN",1817,1817-12-30,131
"FRN",1818,1818-12-30,138
"FRN",1819,1819-12-30,182
"FRN",1820,1820-12-30,208
"FRN",1821,1821-12-30,198
"FRN",1822,1822-12-30,243
"FRN",1823,1823-12-30,256
"FRN",1824,1824-12-30,239
"FRN",1825,1825-12-30,237
"FRN",1826,1826-12-30,237
"FRN",1827,1827-12-30,237
"FRN",1828,1828-12-30,247
"FRN",1829,1829-12-30,265
"FRN",1830,1830-12-30,259
"FRN",1831,1831-12-30,373
"FRN",1832,1832-12-30,311
"FRN",1833,1833-12-30,299
"FRN",1834,1834-12-30,267
"FRN",1835,1835-12-30,289
"FRN",1836,1836-12-30,294
"FRN",1837,1837-12-30,307
"FRN",1838,1838-12-30,304
"FRN",1839,1839-12-30,300
"FRN",1840,1840-12-30,446
"FRN",1841,1841-12-30,483
"FRN",1842,1842-12-30,438
"FRN",1843,1843-12-30,397
"FRN",1844,1844-12-30,361
"FRN",1845,1845-12-30,357
"FRN",1846,1846-12-30,388
"FRN",1847,1847-12-30,394
"FRN",1848,1848-12-30,387
"FRN",1849,1849-12-30,465
"FRN",1850,1850-12-30,439
"FRN",1851,1851-12-30,402
"FRN",1852,1852-12-30,397
"FRN",1853,1853-12-30,424
"FRN",1854,1854-12-30,440
"FRN",1855,1855-12-30,645
"FRN",1856,1856-12-30,645
"FRN",1857,1857-12-30,528
"FRN",1858,1858-12-30,427
"FRN",1859,1859-12-30,465
"FRN",1860,1860-12-30,608
"FRN",1861,1861-12-30,528
"FRN",1862,1862-12-30,520
"FRN",1863,1863-12-30,493
"FRN",1864,1864-12-30,487
"FRN",1865,1865-12-30,479
"FRN",1866,1866-12-30,458
"FRN",1867,1867-12-30,461
"FRN",1868,1868-12-30,483
"FRN",1869,1869-12-30,474
"FRN",1870,1870-12-30,452
"FRN",1871,1871-12-30,1000
"FRN",1872,1872-12-30,483
"FRN",1873,1873-12-30,534
"FRN",1874,1874-12-30,474
"FRN",1875,1875-12-30,485
"FRN",1876,1876-12-30,501
"FRN",1877,1877-12-30,523
"FRN",1878,1878-12-30,543
"FRN",1879,1879-12-30,525
"FRN",1880,1880-12-30,544
"FRN",1881,1881-12-30,578
"FRN",1882,1882-12-30,588
"FRN",1883,1883-12-30,516
"FRN",1884,1884-12-30,526
"FRN",1885,1885-12-30,519
"FRN",1886,1886-12-30,536
"FRN",1887,1887-12-30,519
"FRN",1888,1888-12-30,569
"FRN",1889,1889-12-30,589
"FRN",1890,1890-12-30,596
"FRN",1891,1891-12-30,605
"FRN",1892,1892-12-30,606
"FRN",1893,1893-12-30,610
"FRN",1894,1894-12-30,590
"FRN",1895,1895-12-30,586
"FRN",1896,1896-12-30,613
"FRN",1897,1897-12-30,623
"FRN",1898,1898-12-30,654
"FRN",1899,1899-12-30,654
"FRN",1900,1900-12-30,621
"FRN",1901,1901-12-30,603
"FRN",1902,1902-12-30,610
"FRN",1903,1903-12-30,614
"FRN",1904,1904-12-30,596
"FRN",1905,1905-12-30,626
"FRN",1906,1906-12-30,635
"FRN",1907,1907-12-30,619
"FRN",1908,1908-12-30,619
"FRN",1909,1909-12-30,641
"FRN",1910,1910-12-30,652
"FRN",1911,1911-12-30,638
"FRN",1912,1912-12-30,642
"FRN",1913,1913-12-30,632
"FRN",1914,1914-12-29,789
"FRN",1915,1915-12-29,4997
"FRN",1916,1916-12-29,5260
"FRN",1917,1917-12-29,5141
"FRN",1918,1918-12-30,5277
"FRN",1919,1919-12-30,2364
"FRN",1920,1920-12-30,1457
"FRN",1921,1921-12-30,547
"FRN",1922,1922-12-30,545
"FRN",1923,1923-12-30,511
"FRN",1924,1924-12-30,479
"FRN",1925,1925-12-30,475
"FRN",1926,1926-12-30,471
"FRN",1927,1927-12-30,494
"FRN",1928,1928-12-30,469
"FRN",1929,1929-12-30,411
"FRN",1930,1930-12-30,411
"FRN",1931,1931-12-30,441
"FRN",1932,1932-12-30,422
"FRN",1933,1933-12-30,449
"FRN",1934,1934-12-30,458
"FRN",1935,1935-12-30,548
"FRN",1936,1936-12-30,588
"FRN",1937,1937-12-30,613
"FRN",1938,1938-12-30,581
"FRN",1939,1939-12-30,581
"FRN",1940,1940-12-29,5000
"FRN",1941,1941-12-29,373
"FRN",1944,1944-12-29,579
"FRN",1945,1945-12-29,578
"FRN",1946,1946-12-29,578
"FRN",1947,1947-12-29,580
"FRN",1948,1948-12-29,577
"FRN",1949,1949-12-29,588
"FRN",1950,1950-12-29,595
"FRN",1951,1951-12-29,620
"FRN",1952,1952-12-29,655
"FRN",1953,1953-12-29,699
"FRN",1954,1954-12-29,745
"FRN",1955,1955-12-29,802
"FRN",1956,1956-12-29,856
"FRN",1957,1957-12-29,913
"FRN",1958,1958-12-29,961
"FRN",1959,1959-12-29,992
"FRN",1960,1960-12-29,1025
"FRN",1961,1961-12-29,720
"FRN",1962,1962-12-29,705
"FRN",1963,1963-12-29,735
"FRN",1964,1964-12-29,690
"FRN",1965,1965-12-29,585
"FRN",1966,1966-12-29,580
"FRN",1967,1967-12-29,595
"FRN",1968,1968-12-29,570
"FRN",1969,1969-12-29,570
"FRN",1970,1970-12-29,570
"FRN",1971,1971-12-29,565
"FRN",1972,1972-12-29,560
"FRN",1973,1973-12-29,581
"FRN",1974,1974-12-29,585
"FRN",1975,1975-12-29,585
"FRN",1976,1976-12-29,585
"FRN",1977,1977-12-29,584
"FRN",1978,1978-12-29,581
"FRN",1979,1979-12-29,578
"FRN",1980,1980-12-29,575
"FRN",1981,1981-12-29,575
"FRN",1982,1982-12-29,578
"FRN",1983,1983-12-29,578
"FRN",1984,1984-12-29,571
"FRN",1985,1985-12-29,563
"FRN",1986,1986-12-29,558
"FRN",1987,1987-12-29,559
"FRN",1988,1988-12-29,558
"FRN",1989,1989-12-29,558
"FRN",1990,1990-12-29,554
"FRN",1991,1991-12-29,554
"FRN",1992,1992-12-29,542
"FRN",1993,1993-12-29,506
"FRN",1994,1994-12-29,506
"FRN",1995,1995-12-29,504
"FRN",1996,1996-12-29,501
"FRN",1997,1997-12-29,475
"FRN",1998,1998-12-29,449
"FRN",1999,1999-12-29,421
"FRN",2000,2000-12-29,294
"FRN",2001,2001-12-29,274
"FRN",2002,2002-12-29,260
"FRN",2003,2003-12-29,259
"FRN",2004,2004-12-29,257
"FRN",2005,2005-12-29,255
"FRN",2006,2006-12-29,255
"FRN",2007,2007-12-29,255
"FRN",2008,2008-12-29,255
"FRN",2009,2009-12-29,353
"FRN",2010,2010-12-29,353
"FRN",2011,2011-12-29,239
"FRN",2012,2012-12-29,239
"FRN",2013,2013-12-29,229
"FRN",2014,2014-12-29,222
"FRN",2015,2015-12-29,215
"FRN",2016,2016-12-29,209
"SPN",1816,1816-12-30,125
"SPN",1817,1817-12-30,126
"SPN",1818,1818-12-30,126
"SPN",1819,1819-12-30,127
"SPN",1820,1820-12-30,146
"SPN",1821,1821-12-30,165
"SPN",1822,1822-12-30,158
"SPN",1823,1823-12-30,114
"SPN",1824,1824-12-30,93
"SPN",1825,1825-12-30,93
"SPN",1826,1826-12-30,92
"SPN",1827,1827-12-30,92
"SPN",1828,1828-12-30,91
"SPN",1829,1829-12-30,87
"SPN",1830,1830-12-30,83
"SPN",1831,1831-12-30,130
"SPN",1832,1832-12-30,89
"SPN",1833,1833-12-30,60
"SPN",1834,1834-12-30,110
"SPN",1835,1835-12-30,101
"SPN",1836,1836-12-30,95
"SPN",1837,1837-12-30,89
"SPN",1838,1838-12-30,84
"SPN",1839,1839-12-30,79
"SPN",1840,1840-12-30,79
"SPN",1841,1841-12-30,86
"SPN",1842,1842-12-30,92
"SPN",1843,1843-12-30,100
"SPN",1844,1844-12-30,107
"SPN",1845,1845-12-30,113
"SPN",1846,1846-12-30,121
"SPN",1847,1847-12-30,121
"SPN",1848,1848-12-30,120
"SPN",1849,1849-12-30,118
"SPN",1850,1850-12-30,117
"SPN",1851,1851-12-30,114
"SPN",1852,1852-12-30,110
"SPN",1853,1853-12-30,105
"SPN",1854,1854-12-30,103
"SPN",1855,1855-12-30,92
"SPN",1856,1856-12-30,104
"SPN",1857,1857-12-30,120
"SPN",1858,1858-12-30,123
"SPN",1859,1859-12-30,124
"SPN",1860,1860-12-30,125
"SPN",1861,1861-12-30,123
"SPN",1862,1862-12-30,117
"SPN",1863,1863-12-30,109
"SPN",1864,1864-12-30,118
"SPN",1865,1865-12-30,124
"SPN",1866,1866-12-30,107
"SPN",1867,1867-12-30,109
"SPN",1868,1868-12-30,98
"SPN",1869,1869-12-30,102
"SPN",1870,1870-12-30,124
"SPN",1871,1871-12-30,97
"SPN",1872,1872-12-30,97
"SPN",1873,1873-12-30,100
"SPN",1874,1874-12-30,103
"SPN",1875,1875-12-30,111
"SPN",1876,1876-12-30,104
"SPN",1877,1877-12-30,104
"SPN",1878,1878-12-30,150
"SPN",1879,1879-12-30,154
"SPN",1880,1880-12-30,159
"SPN",1881,1881-12-30,160
"SPN",1882,1882-12-30,157
"SPN",1883,1883-12-30,154
"SPN",1884,1884-12-30,150
"SPN",1885,1885-12-30,176
"SPN",1886,1886-12-30,153
"SPN",1887,1887-12-30,153
"SPN",1888,1888-12-30,149
"SPN",1889,1889-12-30,146
"SPN",1890,1890-12-30,139
"SPN",1891,1891-12-30,137
"SPN",1892,1892-12-30,131
"SPN",1893,1893-12-30,133
"SPN",1894,1894-12-30,136
"SPN",1895,1895-12-30,150
"SPN",1896,1896-12-30,149
"SPN",1897,1897-12-30,154
"SPN",1898,1898-12-30,153
"SPN",1899,1899-12-30,132
"SPN",1900,1900-12-30,111
"SPN",1901,1901-12-30,114
"SPN",1902,1902-12-30,112
"SPN",1903,1903-12-30,112
"SPN",1904,1904-12-30,112
"SPN",1905,1905-12-30,113
"SPN",1906,1906-12-30,113
"SPN",1907,1907-12-30,132
"SPN",1908,1908-12-30,111
"SPN",1909,1909-12-30,111
"SPN",1910,1910-12-30,137
"SPN",1911,1911-12-30,147
"SPN",1912,1912-12-30,145
"SPN",1913,1913-12-30,145
"SPN",1914,1914-12-29,162
"SPN",1915,1915-12-29,175
"SPN",1916,1916-12-29,189
"SPN",1917,1917-12-29,198
"SPN",1918,1918-12-30,212
"SPN",1919,1919-12-30,224
"SPN",1920,1920-12-30,236
"SPN",1921,1921-12-30,207
"SPN",1922,1922-12-30,235
"SPN",1923,1923-12-30,199
"SPN",1924,1924-12-30,161
"SPN",1925,1925-12-30,152
"SPN",1926,1926-12-30,154
"SPN",1927,1927-12-30,129
"SPN",1928,1928-12-30,128
"SPN",1929,1929-12-30,132
"SPN",1930,1930-12-30,134
"SPN",1931,1931-12-30,134
"SPN",1932,1932-12-30,138
"SPN",1933,1933-12-30,146
"SPN",1934,1934-12-30,138
"SPN",1935,1935-12-30,141
"SPN",1936,1936-12-30,475
"SPN",1937,1937-12-30,500
"SPN",1938,1938-12-30,550
"SPN",1939,1939-12-30,539
"SPN",1940,1940-12-29,531
"SPN",1941,1941-12-29,522
"SPN",1942,1942-12-29,508
"SPN",1943,1943-12-29,497
"SPN",1944,1944-12-29,483
"SPN",1945,1945-12-29,477
"SPN",1946,1946-12-29,462
"SPN",1947,1947-12-29,464
"SPN",1948,1948-12-29,464
"SPN",1949,1949-12-29,444
"SPN",1950,1950-12-29,494
"SPN",1951,1951-12-29,528
"SPN",1952,1952-12-29,528
"SPN",1953,1953-12-29,503
"SPN",1954,1954-12-29,505
"SPN",1955,1955-12-29,505
"SPN",1956,1956-12-29,478
"SPN",1957,1957-12-29,451
"SPN",1958,1958-12-29,424
"SPN",1959,1959-12-29,398
"SPN",1960,1960-12-29,371
"SPN",1961,1961-12-29,345
"SPN",1962,1962-12-29,340
"SPN",1963,1963-12-29,370
"SPN",1964,1964-12-29,370
"SPN",1965,1965-12-29,370
"SPN",1966,1966-12-29,375
"SPN",1967,1967-12-29,370
"SPN",1968,1968-12-29,370
"SPN",1969,1969-12-29,365
"SPN",1970,1970-12-29,365
"SPN",1971,1971-12-29,365
"SPN",1972,1972-12-29,365
"SPN",1973,1973-12-29,365
"SPN",1974,1974-12-29,375
"SPN",1975,1975-12-29,375
"SPN",1976,1976-12-29,368
"SPN",1977,1977-12-29,373
"SPN",1978,1978-12-29,372
"SPN",1979,1979-12-29,374
"SPN",1980,1980-12-29,356
"SPN",1981,1981-12-29,366
"SPN",1982,1982-12-29,372
"SPN",1983,1983-12-29,355
"SPN",1984,1984-12-29,342
"SPN",1985,1985-12-29,314
"SPN",1986,1986-12-29,314
"SPN",1987,1987-12-29,314
"SPN",1988,1988-12-29,304
"SPN",1989,1989-12-29,277
"SPN",1990,1990-12-29,263
"SPN",1991,1991-12-29,246
"SPN",1992,1992-12-29,198
"SPN",1993,1993-12-29,204
"SPN",1994,1994-12-29,213
"SPN",1995,1995-12-29,210
"SPN",1996,1996-12-29,203
"SPN",1997,1997-12-29,197
"SPN",1998,1998-12-29,189
"SPN",1999,1999-12-29,155
"SPN",2000,2000-12-29,166
"SPN",2001,2001-12-29,144
"SPN",2002,2002-12-29,178
"SPN",2003,2003-12-29,151
"SPN",2004,2004-12-29,149
"SPN",2005,2005-12-29,147
"SPN",2006,2006-12-29,147
"SPN",2007,2007-12-29,147
"SPN",2008,2008-12-29,149
"SPN",2009,2009-12-29,222
"SPN",2010,2010-12-29,128
"SPN",2011,2011-12-29,142
"SPN",2012,2012-12-29,143
"SPN",2013,2013-12-29,136
"SPN",2014,2014-12-29,135
"SPN",2015,2015-12-29,133
"SPN",2016,2016-12-29,122
"POR",1816,1816-12-30,22
"POR",1817,1817-12-30,22
"POR",1818,1818-12-30,22
"POR",1819,1819-12-30,22
"POR",1820,1820-12-30,22
"POR",1821,1821-12-30,22
"POR",1822,1822-12-30,25
"POR",1823,1823-12-30,27
"POR",1824,1824-12-30,32
"POR",1825,1825-12-30,31
"POR",1826,1826-12-30,32
"POR",1827,1827-12-30,26
"POR",1828,1828-12-30,42
"POR",1829,1829-12-30,42
"POR",1830,1830-12-30,42
"POR",1831,1831-12-30,43
"POR",1832,1832-12-30,54
"POR",1833,1833-12-30,54
"POR",1834,1834-12-30,54
"POR",1835,1835-12-30,54
"POR",1836,1836-12-30,54
"POR",1837,1837-12-30,54
"POR",1838,1838-12-30,54
"POR",1839,1839-12-30,51
"POR",1840,1840-12-30,31
"POR",1841,1841-12-30,31
"POR",1842,1842-12-30,31
"POR",1843,1843-12-30,31
"POR",1844,1844-12-30,32
"POR",1845,1845-12-30,27
"POR",1846,1846-12-30,21
"POR",1847,1847-12-30,21
"POR",1848,1848-12-30,28
"POR",1849,1849-12-30,21
"POR",1850,1850-12-30,21
"POR",1851,1851-12-30,21
"POR",1852,1852-12-30,21
"POR",1853,1853-12-30,21
"POR",1854,1854-12-30,22
"POR",1855,1855-12-30,26
"POR",1856,1856-12-30,23
"POR",1857,1857-12-30,24
"POR",1858,1858-12-30,22
"POR",1859,1859-12-30,27
"POR",1860,1860-12-30,22
"POR",1861,1861-12-30,22
"POR",1862,1862-12-30,21
"POR",1863,1863-12-30,23
"POR",1864,1864-12-30,24
"POR",1865,1865-12-30,24
"POR",1866,1866-12-30,23
"POR",1867,1867-12-30,24
"POR",1868,1868-12-30,24
"POR",1869,1869-12-30,25
"POR",1870,1870-12-30,25
"POR",1871,1871-12-30,31
"POR",1872,1872-12-30,27
"POR",1873,1873-12-30,36
"POR",1874,1874-12-30,37
"POR",1875,1875-12-30,42
"POR",1876,1876-12-30,44
"POR",1877,1877-12-30,39
"POR",1878,1878-12-30,40
"POR",1879,1879-12-30,40
"POR",1880,1880-12-30,32
"POR",1881,1881-12-30,34
"POR",1882,1882-12-30,31
"POR",1883,1883-12-30,29
"POR",1884,1884-12-30,31
"POR",1885,1885-12-30,39
"POR",1886,1886-12-30,35
"POR",1887,1887-12-30,29
"POR",1888,1888-12-30,28
"POR",1889,1889-12-30,30
"POR",1890,1890-12-30,31
"POR",1891,1891-12-30,33
"POR",1892,1892-12-30,33
"POR",1893,1893-12-30,32
"POR",1894,1894-12-30,33
"POR",1895,1895-12-30,33
"POR",1896,1896-12-30,33
"POR",1897,1897-12-30,34
"POR",1898,1898-12-30,36
"POR",1899,1899-12-30,36
"POR",1900,1900-12-30,36
"POR",1901,1901-12-30,37
"POR",1902,1902-12-30,36
"POR",1903,1903-12-30,36
"POR",1904,1904-12-30,36
"POR",1905,1905-12-30,36
"POR",1906,1906-12-30,39
"POR",1907,1907-12-30,39
"POR",1908,1908-12-30,39
"POR",1909,1909-12-30,36
"POR",1910,1910-12-30,39
"POR",1912,1912-12-30,36
"POR",1913,1913-12-30,36
"POR",1914,1914-12-29,36
"POR",1915,1915-12-29,125
"POR",1916,1916-12-29,125
"POR",1917,1917-12-29,125
"POR",1918,1918-12-30,125
"POR",1919,1919-12-30,20
"POR",1920,1920-12-30,36
"POR",1921,1921-12-30,36
"POR",1922,1922-12-30,36
"POR",1923,1923-12-30,36
"POR",1924,1924-12-30,36
"POR",1925,1925-12-30,51
"POR",1926,1926-12-30,53
"POR",1927,1927-12-30,51
"POR",1928,1928-12-30,51
"POR",1929,1929-12-30,51
"POR",1930,1930-12-30,40
"POR",1931,1931-12-30,40
"POR",1932,1932-12-30,41
"POR",1933,1933-12-30,41
"POR",1934,1934-12-30,37
"POR",1935,1935-12-30,37
"POR",1936,1936-12-30,36
"POR",1937,1937-12-30,33
"POR",1938,1938-12-30,38
"POR",1939,1939-12-30,40
"POR",1940,1940-12-29,37
"POR",1941,1941-12-29,36
"POR",1948,1948-12-29,73
"POR",1949,1949-12-29,73
"POR",1950,1950-12-29,74
"POR",1951,1951-12-29,74
"POR",1952,1952-12-29,74
"POR",1953,1953-12-29,75
"POR",1954,1954-12-29,77
"POR",1955,1955-12-29,77
"POR",1956,1956-12-29,78
"POR",1957,1957-12-29,78
"POR",1958,1958-12-29,78
"POR",1959,1959-12-29,78
"POR",1960,1960-12-29,78
"POR",1961,1961-12-29,75
"POR",1962,1962-12-29,80
"POR",1963,1963-12-29,145
"POR",1964,1964-12-29,302
"POR",1965,1965-12-29,160
"POR",1966,1966-12-29,190
"POR",1967,1967-12-29,195
"POR",1968,1968-12-29,215
"POR",1969,1969-12-29,225
"POR",1970,1970-12-29,230
"POR",1971,1971-12-29,245
"POR",1972,1972-12-29,255
"POR",1973,1973-12-29,276
"POR",1974,1974-12-29,282
"POR",1975,1975-12-29,104
"POR",1976,1976-12-29,83
"POR",1977,1977-12-29,80
"POR",1978,1978-12-29,82
"POR",1979,1979-12-29,81
"POR",1980,1980-12-29,88
"POR",1981,1981-12-29,88
"POR",1982,1982-12-29,91
"POR",1983,1983-12-29,93
"POR",1984,1984-12-29,100
"POR",1985,1985-12-29,102
"POR",1986,1986-12-29,101
"POR",1987,1987-12-29,105
"POR",1988,1988-12-29,104
"POR",1989,1989-12-29,104
"POR",1990,1990-12-29,87
"POR",1991,1991-12-29,86
"POR",1992,1992-12-29,80
"POR",1993,1993-12-29,68
"POR",1994,1994-12-29,122
"POR",1995,1995-12-29,78
"POR",1996,1996-12-29,73
"POR",1997,1997-12-29,72
"POR",1998,1998-12-29,71
"POR",1999,1999-12-29,71
"POR",2000,2000-12-29,45
"POR",2001,2001-12-29,44
"POR",2002,2002-12-29,44
"POR",2003,2003-12-29,45
"POR",2004,2004-12-29,45
"POR",2005,2005-12-29,45
"POR",2006,2006-12-29,45
"POR",2007,2007-12-29,44
"POR",2008,2008-12-29,43
"POR",2009,2009-12-29,43
"POR",2010,2010-12-29,43
"POR",2011,2011-12-29,43
"POR",2012,2012-12-29,43
"POR",2013,2013-12-29,43
"POR",2014,2014-12-29,43
"POR",2015,2015-12-29,35
"POR",2016,2016-12-29,33
"GMY",1816,1816-12-30,130
"GMY",1817,1817-12-30,130
"GMY",1818,1818-12-30,130
"GMY",1819,1819-12-30,130
"GMY",1820,1820-12-30,130
"GMY",1821,1821-12-30,130
"GMY",1822,1822-12-30,130
"GMY",1823,1823-12-30,130
"GMY",1824,1824-12-30,130
"GMY",1825,1825-12-30,130
"GMY",1826,1826-12-30,130
"GMY",1827,1827-12-30,130
"GMY",1828,1828-12-30,130
"GMY",1829,1829-12-30,130
"GMY",1830,1830-12-30,130
"GMY",1831,1831-12-30,131
"GMY",1832,1832-12-30,132
"GMY",1833,1833-12-30,134
"GMY",1834,1834-12-30,134
"GMY",1835,1835-12-30,134
"GMY",1836,1836-12-30,134
"GMY",1837,1837-12-30,134
"GMY",1838,1838-12-30,165
"GMY",1839,1839-12-30,134
"GMY",1840,1840-12-30,135
"GMY",1841,1841-12-30,135
"GMY",1842,1842-12-30,135
"GMY",1843,1843-12-30,135
"GMY",1844,1844-12-30,135
"GMY",1845,1845-12-30,135
"GMY",1846,1846-12-30,135
"GMY",1847,1847-12-30,134
"GMY",1848,1848-12-30,135
"GMY",1849,1849-12-30,131
"GMY",1850,1850-12-30,131
"GMY",1851,1851-12-30,134
"GMY",1852,1852-12-30,138
"GMY",1853,1853-12-30,139
"GMY",1854,1854-12-30,139
"GMY",1855,1855-12-30,142
"GMY",1856,1856-12-30,142
"GMY",1857,1857-12-30,142
"GMY",1858,1858-12-30,153
"GMY",1859,1859-12-30,153
"GMY",1860,1860-12-30,201
"GMY",1861,1861-12-30,203
"GMY",1862,1862-12-30,213
"GMY",1863,1863-12-30,216
"GMY",1864,1864-12-30,212
"GMY",1865,1865-12-30,216
"GMY",1866,1866-12-30,214
"GMY",1867,1867-12-30,219
"GMY",1868,1868-12-30,317
"GMY",1869,1869-12-30,318
"GMY",1870,1870-12-30,319
"GMY",1871,1871-12-30,1000
"GMY",1872,1872-12-30,427
"GMY",1873,1873-12-30,426
"GMY",1874,1874-12-30,429
"GMY",1875,1875-12-30,428
"GMY",1876,1876-12-30,429
"GMY",1877,1877-12-30,429
"GMY",1878,1878-12-30,429
"GMY",1879,1879-12-30,430
"GMY",1880,1880-12-30,430
"GMY",1881,1881-12-30,456
"GMY",1882,1882-12-30,455
"GMY",1883,1883-12-30,457
"GMY",1884,1884-12-30,457
"GMY",1885,1885-12-30,459
"GMY",1886,1886-12-30,460
"GMY",1887,1887-12-30,503
"GMY",1888,1888-12-30,504
"GMY",1889,1889-12-30,504
"GMY",1890,1890-12-30,505
"GMY",1891,1891-12-30,524
"GMY",1892,1892-12-30,526
"GMY",1893,1893-12-30,601
"GMY",1894,1894-12-30,601
"GMY",1895,1895-12-30,602
"GMY",1896,1896-12-30,602
"GMY",1897,1897-12-30,604
"GMY",1898,1898-12-30,606
"GMY",1899,1899-12-30,619
"GMY",1900,1900-12-30,624
"GMY",1901,1901-12-30,630
"GMY",1902,1902-12-30,638
"GMY",1903,1903-12-30,636
"GMY",1904,1904-12-30,642
"GMY",1905,1905-12-30,648
"GMY",1906,1906-12-30,653
"GMY",1907,1907-12-30,658
"GMY",1908,1908-12-30,663
"GMY",1909,1909-12-30,667
"GMY",1910,1910-12-30,673
"GMY",1911,1911-12-30,677
"GMY",1912,1912-12-30,716
"GMY",1913,1913-12-30,859
"GMY",1914,1914-12-29,862
"GMY",1915,1915-12-29,3823
"GMY",1916,1916-12-29,4580
"GMY",1917,1917-12-29,5380
"GMY",1918,1918-12-30,8000
"GMY",1919,1919-12-30,114
"GMY",1920,1920-12-30,114
"GMY",1921,1921-12-30,114
"GMY",1922,1922-12-30,114
"GMY",1923,1923-12-30,114
"GMY",1924,1924-12-30,114
"GMY",1925,1925-12-30,114
"GMY",1926,1926-12-30,114
"GMY",1927,1927-12-30,114
"GMY",1928,1928-12-30,114
"GMY",1929,1929-12-30,114
"GMY",1930,1930-12-30,114
"GMY",1931,1931-12-30,114
"GMY",1932,1932-12-30,114
"GMY",1933,1933-12-30,118
"GMY",1934,1934-12-30,315
"GMY",1935,1935-12-30,461
"GMY",1936,1936-12-30,596
"GMY",1937,1937-12-30,603
"GMY",1938,1938-12-30,782
"GMY",1939,1939-12-30,2750
"GMY",1940,1940-12-29,3300
"GMY",1941,1941-12-29,7100
"GMY",1942,1942-12-29,7028
"GMY",1943,1943-12-29,6957
"GMY",1944,1944-12-29,6128
"GMY",1945,1945-12-29,5300
"GMY",1990,1990-12-29,545
"GMY",1991,1991-12-29,457
"GMY",1992,1992-12-29,442
"GMY",1993,1993-12-29,398
"GMY",1994,1994-12-29,362
"GMY",1995,1995-12-29,352
"GMY",1996,1996-12-29,339
"GMY",1997,1997-12-29,335
"GMY",1998,1998-12-29,333
"GMY",1999,1999-12-29,331
"GMY",2000,2000-12-29,221
"GMY",2001,2001-12-29,308
"GMY",2002,2002-12-29,296
"GMY",2003,2003-12-29,284
"GMY",2004,2004-12-29,284
"GMY",2005,2005-12-29,285
"GMY",2006,2006-12-29,285
"GMY",2007,2007-12-29,246
"GMY",2008,2008-12-29,246
"GMY",2009,2009-12-29,244
"GMY",2010,2010-12-29,251
"GMY",2011,2011-12-29,251
"GMY",2012,2012-12-29,251
"GMY",2013,2013-12-29,196
"GMY",2014,2014-12-29,186
"GMY",2015,2015-12-29,182
"GMY",2016,2016-12-29,179
"GFR",1955,1955-12-29,205
"GFR",1956,1956-12-29,154
"GFR",1957,1957-12-29,70
"GFR",1958,1958-12-29,100
"GFR",1959,1959-12-29,290
"GFR",1960,1960-12-29,310
"GFR",1961,1961-12-29,350
"GFR",1962,1962-12-29,354
"GFR",1963,1963-12-29,425
"GFR",1964,1964-12-29,440
"GFR",1965,1965-12-29,440
"GFR",1966,1966-12-29,480
"GFR",1967,1967-12-29,490
"GFR",1968,1968-12-29,490
"GFR",1969,1969-12-29,485
"GFR",1970,1970-12-29,510
"GFR",1971,1971-12-29,505
"GFR",1972,1972-12-29,505
"GFR",1973,1973-12-29,465
"GFR",1974,1974-12-29,475
"GFR",1975,1975-12-29,491
"GFR",1976,1976-12-29,493
"GFR",1977,1977-12-29,495
"GFR",1978,1978-12-29,491
"GFR",1979,1979-12-29,492
"GFR",1980,1980-12-29,490
"GFR",1981,1981-12-29,493
"GFR",1982,1982-12-29,495
"GFR",1983,1983-12-29,496
"GFR",1984,1984-12-29,487
"GFR",1985,1985-12-29,495
"GFR",1986,1986-12-29,495
"GFR",1987,1987-12-29,495
"GFR",1988,1988-12-29,495
"GFR",1989,1989-12-29,503
"GFR",1990,1990-12-29,545
"GDR",1954,1954-12-29,106
"GDR",1955,1955-12-29,108
"GDR",1956,1956-12-29,109
"GDR",1957,1957-12-29,113
"GDR",1958,1958-12-29,99
"GDR",1959,1959-12-29,86
"GDR",1960,1960-12-29,111
"GDR",1961,1961-12-29,139
"GDR",1962,1962-12-29,144
"GDR",1963,1963-12-29,203
"GDR",1964,1964-12-29,203
"GDR",1965,1965-12-29,205
"GDR",1966,1966-12-29,201
"GDR",1967,1967-12-29,201
"GDR",1968,1968-12-29,201
"GDR",1969,1969-12-29,201
"GDR",1970,1970-12-29,202
"GDR",1971,1971-12-29,202
"GDR",1972,1972-12-29,202
"GDR",1973,1973-12-29,202
"GDR",1974,1974-12-29,215
"GDR",1975,1975-12-29,220
"GDR",1976,1976-12-29,220
"GDR",1977,1977-12-29,226
"GDR",1978,1978-12-29,226
"GDR",1979,1979-12-29,228
"GDR",1980,1980-12-29,228
"GDR",1981,1981-12-29,231
"GDR",1982,1982-12-29,234
"GDR",1983,1983-12-29,236
"GDR",1984,1984-12-29,196
"GDR",1985,1985-12-29,242
"GDR",1986,1986-12-29,242
"GDR",1987,1987-12-29,241
"GDR",1988,1988-12-29,242
"GDR",1989,1989-12-29,262
"GDR",1990,1990-12-29,137
"POL",1919,1919-12-30,300
"POL",1920,1920-12-30,962
"POL",1921,1921-12-30,255
"POL",1922,1922-12-30,252
"POL",1923,1923-12-30,270
"POL",1924,1924-12-30,278
"POL",1925,1925-12-30,272
"POL",1926,1926-12-30,293
"POL",1927,1927-12-30,265
"POL",1928,1928-12-30,268
"POL",1929,1929-12-30,268
"POL",1930,1930-12-30,263
"POL",1931,1931-12-30,269
"POL",1932,1932-12-30,269
"POL",1933,1933-12-30,269
"POL",1934,1934-12-30,272
"POL",1935,1935-12-30,271
"POL",1936,1936-12-30,272
"POL",1937,1937-12-30,281
"POL",1938,1938-12-30,308
"POL",1939,1939-12-30,275
"POL",1945,1945-12-29,197
"POL",1946,1946-12-29,132
"POL",1947,1947-12-29,168
"POL",1948,1948-12-29,204
"POL",1949,1949-12-29,255
"POL",1950,1950-12-29,328
"POL",1951,1951-12-29,400
"POL",1952,1952-12-29,450
"POL",1953,1953-12-29,450
"POL",1954,1954-12-29,300
"POL",1955,1955-12-29,300
"POL",1956,1956-12-29,300
"POL",1957,1957-12-29,300
"POL",1958,1958-12-29,300
"POL",1959,1959-12-29,200
"POL",1960,1960-12-29,200
"POL",1961,1961-12-29,305
"POL",1962,1962-12-29,310
"POL",1963,1963-12-29,303
"POL",1964,1964-12-29,302
"POL",1965,1965-12-29,302
"POL",1966,1966-12-29,303
"POL",1967,1967-12-29,305
"POL",1968,1968-12-29,310
"POL",1969,1969-12-29,312
"POL",1970,1970-12-29,314
"POL",1971,1971-12-29,315
"POL",1972,1972-12-29,318
"POL",1973,1973-12-29,328
"POL",1974,1974-12-29,366
"POL",1975,1975-12-29,435
"POL",1976,1976-12-29,435
"POL",1977,1977-12-29,370
"POL",1978,1978-12-29,382
"POL",1979,1979-12-29,399
"POL",1980,1980-12-29,408
"POL",1981,1981-12-29,414
"POL",1982,1982-12-29,420
"POL",1983,1983-12-29,426
"POL",1984,1984-12-29,434
"POL",1985,1985-12-29,439
"POL",1986,1986-12-29,443
"POL",1987,1987-12-29,441
"POL",1988,1988-12-29,430
"POL",1989,1989-12-29,350
"POL",1990,1990-12-29,313
"POL",1991,1991-12-29,305
"POL",1992,1992-12-29,270
"POL",1993,1993-12-29,260
"POL",1994,1994-12-29,255
"POL",1995,1995-12-29,250
"POL",1996,1996-12-29,235
"POL",1997,1997-12-29,230
"POL",1998,1998-12-29,230
"POL",1999,1999-12-29,187
"POL",2000,2000-12-29,217
"POL",2001,2001-12-29,206
"POL",2002,2002-12-29,163
"POL",2003,2003-12-29,163
"POL",2004,2004-12-29,152
"POL",2005,2005-12-29,142
"POL",2006,2006-12-29,142
"POL",2007,2007-12-29,142
"POL",2008,2008-12-29,127
"POL",2009,2009-12-29,122
"POL",2010,2010-12-29,100
"POL",2011,2011-12-29,100
"POL",2012,2012-12-29,100
"POL",2013,2013-12-29,96
"POL",2014,2014-12-29,99
"POL",2015,2015-12-29,99
"POL",2016,2016-12-29,99
"AUH",1816,1816-12-30,222
"AUH",1817,1817-12-30,202
"AUH",1818,1818-12-30,182
"AUH",1819,1819-12-30,242
"AUH",1820,1820-12-30,258
"AUH",1821,1821-12-30,273
"AUH",1822,1822-12-30,273
"AUH",1823,1823-12-30,272
"AUH",1824,1824-12-30,273
"AUH",1825,1825-12-30,273
"AUH",1826,1826-12-30,273
"AUH",1827,1827-12-30,273
"AUH",1828,1828-12-30,273
"AUH",1829,1829-12-30,273
"AUH",1830,1830-12-30,273
"AUH",1831,1831-12-30,273
"AUH",1832,1832-12-30,252
"AUH",1833,1833-12-30,253
"AUH",1834,1834-12-30,271
"AUH",1835,1835-12-30,256
"AUH",1836,1836-12-30,281
"AUH",1837,1837-12-30,306
"AUH",1838,1838-12-30,332
"AUH",1839,1839-12-30,357
"AUH",1840,1840-12-30,267
"AUH",1841,1841-12-30,331
"AUH",1842,1842-12-30,396
"AUH",1843,1843-12-30,462
"AUH",1844,1844-12-30,393
"AUH",1845,1845-12-30,319
"AUH",1846,1846-12-30,318
"AUH",1847,1847-12-30,317
"AUH",1848,1848-12-30,409
"AUH",1849,1849-12-30,408
"AUH",1850,1850-12-30,434
"AUH",1851,1851-12-30,461
"AUH",1852,1852-12-30,487
"AUH",1853,1853-12-30,514
"AUH",1854,1854-12-30,540
"AUH",1855,1855-12-30,427
"AUH",1856,1856-12-30,427
"AUH",1857,1857-12-30,427
"AUH",1858,1858-12-30,403
"AUH",1859,1859-12-30,355
"AUH",1860,1860-12-30,306
"AUH",1861,1861-12-30,254
"AUH",1862,1862-12-30,255
"AUH",1863,1863-12-30,278
"AUH",1864,1864-12-30,298
"AUH",1865,1865-12-30,300
"AUH",1866,1866-12-30,275
"AUH",1867,1867-12-30,268
"AUH",1868,1868-12-30,256
"AUH",1869,1869-12-30,252
"AUH",1870,1870-12-30,252
"AUH",1871,1871-12-30,260
"AUH",1872,1872-12-30,264
"AUH",1873,1873-12-30,292
"AUH",1874,1874-12-30,285
"AUH",1875,1875-12-30,303
"AUH",1876,1876-12-30,278
"AUH",1877,1877-12-30,278
"AUH",1878,1878-12-30,278
"AUH",1879,1879-12-30,277
"AUH",1880,1880-12-30,273
"AUH",1881,1881-12-30,273
"AUH",1882,1882-12-30,279
"AUH",1883,1883-12-30,297
"AUH",1884,1884-12-30,279
"AUH",1885,1885-12-30,295
"AUH",1886,1886-12-30,297
"AUH",1887,1887-12-30,295
"AUH",1888,1888-12-30,280
"AUH",1889,1889-12-30,275
"AUH",1890,1890-12-30,332
"AUH",1891,1891-12-30,315
"AUH",1892,1892-12-30,324
"AUH",1893,1893-12-30,333
"AUH",1894,1894-12-30,307
"AUH",1895,1895-12-30,312
"AUH",1896,1896-12-30,305
"AUH",1897,1897-12-30,305
"AUH",1898,1898-12-30,312
"AUH",1899,1899-12-30,308
"AUH",1900,1900-12-30,308
"AUH",1901,1901-12-30,309
"AUH",1902,1902-12-30,309
"AUH",1903,1903-12-30,311
"AUH",1904,1904-12-30,312
"AUH",1905,1905-12-30,313
"AUH",1906,1906-12-30,314
"AUH",1907,1907-12-30,316
"AUH",1908,1908-12-30,314
"AUH",1909,1909-12-30,317
"AUH",1910,1910-12-30,315
"AUH",1911,1911-12-30,300
"AUH",1912,1912-12-30,322
"AUH",1913,1913-12-30,358
"AUH",1914,1914-12-29,839
"AUH",1915,1915-12-29,3800
"AUH",1916,1916-12-29,839
"AUH",1917,1917-12-29,839
"AUH",1918,1918-12-30,839
"AUS",1919,1919-12-30,29
"AUS",1920,1920-12-30,29
"AUS",1921,1921-12-30,29
"AUS",1922,1922-12-30,29
"AUS",1923,1923-12-30,29
"AUS",1924,1924-12-30,30
"AUS",1925,1925-12-30,30
"AUS",1926,1926-12-30,22
"AUS",1927,1927-12-30,20
"AUS",1928,1928-12-30,20
"AUS",1929,1929-12-30,21
"AUS",1930,1930-12-30,21
"AUS",1931,1931-12-30,21
"AUS",1932,1932-12-30,21
"AUS",1933,1933-12-30,21
"AUS",1934,1934-12-30,21
"AUS",1935,1935-12-30,25
"AUS",1936,1936-12-30,26
"AUS",1937,1937-12-30,42
"AUS",1938,1938-12-30,58
"AUS",1955,1955-12-29,15
"AUS",1956,1956-12-29,19
"AUS",1957,1957-12-29,23
"AUS",1958,1958-12-29,27
"AUS",1959,1959-12-29,31
"AUS",1960,1960-12-29,35
"AUS",1961,1961-12-29,38
"AUS",1962,1962-12-29,38
"AUS",1963,1963-12-29,75
"AUS",1964,1964-12-29,55
"AUS",1965,1965-12-29,55
"AUS",1966,1966-12-29,55
"AUS",1967,1967-12-29,60
"AUS",1968,1968-12-29,55
"AUS",1969,1969-12-29,55
"AUS",1970,1970-12-29,55
"AUS",1971,1971-12-29,60
"AUS",1972,1972-12-29,60
"AUS",1973,1973-12-29,60
"AUS",1974,1974-12-29,60
"AUS",1975,1975-12-29,50
"AUS",1976,1976-12-29,40
"AUS",1977,1977-12-29,37
"AUS",1978,1978-12-29,40
"AUS",1979,1979-12-29,40
"AUS",1980,1980-12-29,40
"AUS",1981,1981-12-29,40
"AUS",1982,1982-12-29,40
"AUS",1983,1983-12-29,50
"AUS",1984,1984-12-29,40
"AUS",1985,1985-12-29,40
"AUS",1986,1986-12-29,39
"AUS",1987,1987-12-29,70
"AUS",1988,1988-12-29,55
"AUS",1989,1989-12-29,48
"AUS",1990,1990-12-29,43
"AUS",1991,1991-12-29,44
"AUS",1992,1992-12-29,52
"AUS",1993,1993-12-29,52
"AUS",1994,1994-12-29,45
"AUS",1995,1995-12-29,45
"AUS",1996,1996-12-29,45
"AUS",1997,1997-12-29,48
"AUS",1998,1998-12-29,60
"AUS",1999,1999-12-29,49
"AUS",2000,2000-12-29,40
"AUS",2001,2001-12-29,35
"AUS",2002,2002-12-29,35
"AUS",2003,2003-12-29,35
"AUS",2004,2004-12-29,37
"AUS",2005,2005-12-29,40
"AUS",2006,2006-12-29,40
"AUS",2007,2007-12-29,40
"AUS",2008,2008-12-29,40
"AUS",2009,2009-12-29,35
"AUS",2010,2010-12-29,27
"AUS",2011,2011-12-29,26
"AUS",2012,2012-12-29,26
"AUS",2013,2013-12-29,23
"AUS",2014,2014-12-29,23
"AUS",2015,2015-12-29,23
"AUS",2016,2016-12-29,23
"HUN",1919,1919-12-30,27
"HUN",1920,1920-12-30,27
"HUN",1921,1921-12-30,35
"HUN",1922,1922-12-30,35
"HUN",1923,1923-12-30,35
"HUN",1924,1924-12-30,35
"HUN",1925,1925-12-30,35
"HUN",1926,1926-12-30,35
"HUN",1927,1927-12-30,35
"HUN",1928,1928-12-30,35
"HUN",1929,1929-12-30,35
"HUN",1930,1930-12-30,35
"HUN",1931,1931-12-30,35
"HUN",1932,1932-12-30,35
"HUN",1933,1933-12-30,35
"HUN",1934,1934-12-30,35
"HUN",1935,1935-12-30,35
"HUN",1936,1936-12-30,35
"HUN",1937,1937-12-30,35
"HUN",1938,1938-12-30,35
"HUN",1939,1939-12-30,33
"HUN",1942,1942-12-29,350
"HUN",1946,1946-12-29,18
"HUN",1947,1947-12-29,15
"HUN",1948,1948-12-29,35
"HUN",1949,1949-12-29,55
"HUN",1950,1950-12-29,105
"HUN",1951,1951-12-29,155
"HUN",1952,1952-12-29,170
"HUN",1953,1953-12-29,181
"HUN",1954,1954-12-29,193
"HUN",1955,1955-12-29,204
"HUN",1956,1956-12-29,215
"HUN",1957,1957-12-29,5
"HUN",1958,1958-12-29,30
"HUN",1959,1959-12-29,55
"HUN",1960,1960-12-29,80
"HUN",1961,1961-12-29,115
"HUN",1962,1962-12-29,120
"HUN",1963,1963-12-29,156
"HUN",1964,1964-12-29,156
"HUN",1965,1965-12-29,156
"HUN",1966,1966-12-29,156
"HUN",1967,1967-12-29,156
"HUN",1968,1968-12-29,146
"HUN",1969,1969-12-29,146
"HUN",1970,1970-12-29,146
"HUN",1971,1971-12-29,146
"HUN",1972,1972-12-29,146
"HUN",1973,1973-12-29,140
"HUN",1974,1974-12-29,125
"HUN",1975,1975-12-29,118
"HUN",1976,1976-12-29,118
"HUN",1977,1977-12-29,122
"HUN",1978,1978-12-29,122
"HUN",1979,1979-12-29,121
"HUN",1980,1980-12-29,120
"HUN",1981,1981-12-29,119
"HUN",1982,1982-12-29,119
"HUN",1983,1983-12-29,118
"HUN",1984,1984-12-29,118
"HUN",1985,1985-12-29,117
"HUN",1986,1986-12-29,116
"HUN",1987,1987-12-29,116
"HUN",1988,1988-12-29,117
"HUN",1989,1989-12-29,109
"HUN",1990,1990-12-29,94
"HUN",1991,1991-12-29,87
"HUN",1992,1992-12-29,78
"HUN",1993,1993-12-29,65
"HUN",1994,1994-12-29,60
"HUN",1995,1995-12-29,60
"HUN",1996,1996-12-29,50
"HUN",1997,1997-12-29,50
"HUN",1998,1998-12-29,43
"HUN",1999,1999-12-29,51
"HUN",2000,2000-12-29,44
"HUN",2001,2001-12-29,34
"HUN",2002,2002-12-29,33
"HUN",2003,2003-12-29,33
"HUN",2004,2004-12-29,33
"HUN",2005,2005-12-29,32
"HUN",2006,2006-12-29,32
"HUN",2007,2007-12-29,32
"HUN",2008,2008-12-29,32
"HUN",2009,2009-12-29,25
"HUN",2010,2010-12-29,29
"HUN",2011,2011-12-29,30
"HUN",2012,2012-12-29,23
"HUN",2013,2013-12-29,27
"HUN",2014,2014-12-29,27
"HUN",2015,2015-12-29,27
"HUN",2016,2016-12-29,27
"CZE",1918,1918-12-30,150
"CZE",1919,1919-12-30,150
"CZE",1920,1920-12-30,150
"CZE",1921,1921-12-30,150
"CZE",1922,1922-12-30,150
"CZE",1923,1923-12-30,150
"CZE",1924,1924-12-30,150
"CZE",1925,1925-12-30,125
"CZE",1926,1926-12-30,120
"CZE",1927,1927-12-30,127
"CZE",1928,1928-12-30,130
"CZE",1929,1929-12-30,130
"CZE",1930,1930-12-30,130
"CZE",1931,1931-12-30,129
"CZE",1932,1932-12-30,118
"CZE",1933,1933-12-30,122
"CZE",1934,1934-12-30,118
"CZE",1935,1935-12-30,117
"CZE",1936,1936-12-30,163
"CZE",1937,1937-12-30,163
"CZE",1938,1938-12-30,163
"CZE",1939,1939-12-30,163
"CZE",1945,1945-12-29,250
"CZE",1946,1946-12-29,250
"CZE",1947,1947-12-29,250
"CZE",1948,1948-12-29,250
"CZE",1949,1949-12-29,250
"CZE",1950,1950-12-29,250
"CZE",1951,1951-12-29,250
"CZE",1952,1952-12-29,250
"CZE",1953,1953-12-29,250
"CZE",1954,1954-12-29,250
"CZE",1955,1955-12-29,250
"CZE",1956,1956-12-29,250
"CZE",1957,1957-12-29,250
"CZE",1958,1958-12-29,250
"CZE",1959,1959-12-29,303
"CZE",1960,1960-12-29,303
"CZE",1961,1961-12-29,310
"CZE",1962,1962-12-29,305
"CZE",1963,1963-12-29,301
"CZE",1964,1964-12-29,301
"CZE",1965,1965-12-29,267
"CZE",1966,1966-12-29,259
"CZE",1967,1967-12-29,259
"CZE",1968,1968-12-29,250
"CZE",1969,1969-12-29,210
"CZE",1970,1970-12-29,222
"CZE",1971,1971-12-29,222
"CZE",1972,1972-12-29,221
"CZE",1973,1973-12-29,223
"CZE",1974,1974-12-29,218
"CZE",1975,1975-12-29,210
"CZE",1976,1976-12-29,210
"CZE",1977,1977-12-29,180
"CZE",1978,1978-12-29,183
"CZE",1979,1979-12-29,187
"CZE",1980,1980-12-29,190
"CZE",1981,1981-12-29,194
"CZE",1982,1982-12-29,198
"CZE",1983,1983-12-29,202
"CZE",1984,1984-12-29,206
"CZE",1985,1985-12-29,210
"CZE",1986,1986-12-29,214
"CZE",1987,1987-12-29,215
"CZE",1988,1988-12-29,211
"CZE",1989,1989-12-29,175
"CZE",1990,1990-12-29,198
"CZE",1991,1991-12-29,154
"CZE",1992,1992-12-29,154
"ITA",1816,1816-12-30,19
"ITA",1817,1817-12-30,39
"ITA",1818,1818-12-30,39
"ITA",1819,1819-12-30,39
"ITA",1820,1820-12-30,41
"ITA",1821,1821-12-30,43
"ITA",1822,1822-12-30,56
"ITA",1823,1823-12-30,19
"ITA",1824,1824-12-30,27
"ITA",1825,1825-12-30,27
"ITA",1826,1826-12-30,27
"ITA",1827,1827-12-30,27
"ITA",1828,1828-12-30,31
"ITA",1829,1829-12-30,31
"ITA",1830,1830-12-30,31
"ITA",1831,1831-12-30,31
"ITA",1832,1832-12-30,31
"ITA",1833,1833-12-30,31
"ITA",1834,1834-12-30,31
"ITA",1835,1835-12-30,38
"ITA",1836,1836-12-30,38
"ITA",1837,1837-12-30,38
"ITA",1838,1838-12-30,38
"ITA",1839,1839-12-30,35
"ITA",1840,1840-12-30,38
"ITA",1841,1841-12-30,35
"ITA",1842,1842-12-30,31
"ITA",1843,1843-12-30,28
"ITA",1844,1844-12-30,28
"ITA",1845,1845-12-30,28
"ITA",1846,1846-12-30,32
"ITA",1847,1847-12-30,36
"ITA",1848,1848-12-30,70
"ITA",1849,1849-12-30,70
"ITA",1850,1850-12-30,41
"ITA",1851,1851-12-30,55
"ITA",1852,1852-12-30,55
"ITA",1853,1853-12-30,51
"ITA",1854,1854-12-30,51
"ITA",1855,1855-12-30,53
"ITA",1856,1856-12-30,52
"ITA",1857,1857-12-30,51
"ITA",1858,1858-12-30,51
"ITA",1859,1859-12-30,53
"ITA",1860,1860-12-30,184
"ITA",1861,1861-12-30,201
"ITA",1862,1862-12-30,185
"ITA",1863,1863-12-30,275
"ITA",1864,1864-12-30,365
"ITA",1865,1865-12-30,209
"ITA",1866,1866-12-30,233
"ITA",1867,1867-12-30,394
"ITA",1868,1868-12-30,294
"ITA",1869,1869-12-30,204
"ITA",1870,1870-12-30,174
"ITA",1871,1871-12-30,353
"ITA",1872,1872-12-30,175
"ITA",1873,1873-12-30,161
"ITA",1874,1874-12-30,177
"ITA",1875,1875-12-30,179
"ITA",1876,1876-12-30,156
"ITA",1877,1877-12-30,152
"ITA",1878,1878-12-30,203
"ITA",1879,1879-12-30,167
"ITA",1880,1880-12-30,167
"ITA",1881,1881-12-30,167
"ITA",1882,1882-12-30,162
"ITA",1883,1883-12-30,163
"ITA",1884,1884-12-30,223
"ITA",1885,1885-12-30,226
"ITA",1886,1886-12-30,227
"ITA",1887,1887-12-30,230
"ITA",1888,1888-12-30,237
"ITA",1889,1889-12-30,256
"ITA",1890,1890-12-30,257
"ITA",1891,1891-12-30,265
"ITA",1892,1892-12-30,241
"ITA",1893,1893-12-30,264
"ITA",1894,1894-12-30,250
"ITA",1895,1895-12-30,229
"ITA",1896,1896-12-30,226
"ITA",1897,1897-12-30,247
"ITA",1898,1898-12-30,318
"ITA",1899,1899-12-30,264
"ITA",1900,1900-12-30,262
"ITA",1901,1901-12-30,262
"ITA",1902,1902-12-30,276
"ITA",1903,1903-12-30,270
"ITA",1904,1904-12-30,263
"ITA",1905,1905-12-30,266
"ITA",1906,1906-12-30,267
"ITA",1907,1907-12-30,219
"ITA",1908,1908-12-30,227
"ITA",1909,1909-12-30,251
"ITA",1910,1910-12-30,252
"ITA",1911,1911-12-30,291
"ITA",1912,1912-12-30,398
"ITA",1913,1913-12-30,288
"ITA",1914,1914-12-29,344
"ITA",1915,1915-12-29,3159
"ITA",1916,1916-12-29,3159
"ITA",1917,1917-12-29,3159
"ITA",1918,1918-12-30,3159
"ITA",1919,1919-12-30,2000
"ITA",1920,1920-12-30,840
"ITA",1921,1921-12-30,290
"ITA",1922,1922-12-30,291
"ITA",1923,1923-12-30,311
"ITA",1924,1924-12-30,380
"ITA",1925,1925-12-30,299
"ITA",1926,1926-12-30,317
"ITA",1927,1927-12-30,318
"ITA",1928,1928-12-30,317
"ITA",1929,1929-12-30,315
"ITA",1930,1930-12-30,333
"ITA",1931,1931-12-30,314
"ITA",1932,1932-12-30,354
"ITA",1933,1933-12-30,363
"ITA",1934,1934-12-30,362
"ITA",1935,1935-12-30,1380
"ITA",1936,1936-12-30,343
"ITA",1937,1937-12-30,466
"ITA",1938,1938-12-30,486
"ITA",1939,1939-12-30,581
"ITA",1940,1940-12-29,1634
"ITA",1942,1942-12-29,3750
"ITA",1943,1943-12-29,1702
"ITA",1944,1944-12-29,283
"ITA",1945,1945-12-29,276
"ITA",1946,1946-12-29,260
"ITA",1947,1947-12-29,280
"ITA",1948,1948-12-29,310
"ITA",1949,1949-12-29,330
"ITA",1950,1950-12-29,235
"ITA",1951,1951-12-29,320
"ITA",1952,1952-12-29,325
"ITA",1953,1953-12-29,330
"ITA",1954,1954-12-29,315
"ITA",1955,1955-12-29,318
"ITA",1956,1956-12-29,320
"ITA",1957,1957-12-29,321
"ITA",1958,1958-12-29,321
"ITA",1959,1959-12-29,321
"ITA",1960,1960-12-29,321
"ITA",1961,1961-12-29,470
"ITA",1962,1962-12-29,470
"ITA",1963,1963-12-29,515
"ITA",1964,1964-12-29,590
"ITA",1965,1965-12-29,460
"ITA",1966,1966-12-29,435
"ITA",1967,1967-12-29,430
"ITA",1968,1968-12-29,430
"ITA",1969,1969-12-29,435
"ITA",1970,1970-12-29,435
"ITA",1971,1971-12-29,435
"ITA",1972,1972-12-29,510
"ITA",1973,1973-12-29,548
"ITA",1974,1974-12-29,534
"ITA",1975,1975-12-29,459
"ITA",1976,1976-12-29,455
"ITA",1977,1977-12-29,475
"ITA",1978,1978-12-29,489
"ITA",1979,1979-12-29,490
"ITA",1980,1980-12-29,500
"ITA",1981,1981-12-29,505
"ITA",1982,1982-12-29,517
"ITA",1983,1983-12-29,498
"ITA",1984,1984-12-29,508
"ITA",1985,1985-12-29,504
"ITA",1986,1986-12-29,529
"ITA",1987,1987-12-29,504
"ITA",1988,1988-12-29,506
"ITA",1989,1989-12-29,506
"ITA",1990,1990-12-29,493
"ITA",1991,1991-12-29,473
"ITA",1992,1992-12-29,471
"ITA",1993,1993-12-29,450
"ITA",1994,1994-12-29,436
"ITA",1995,1995-12-29,435
"ITA",1996,1996-12-29,431
"ITA",1997,1997-12-29,419
"ITA",1998,1998-12-29,402
"ITA",1999,1999-12-29,391
"ITA",2000,2000-12-29,251
"ITA",2001,2001-12-29,230
"ITA",2002,2002-12-29,216
"ITA",2003,2003-12-29,200
"ITA",2004,2004-12-29,196
"ITA",2005,2005-12-29,192
"ITA",2006,2006-12-29,191
"ITA",2007,2007-12-29,191
"ITA",2008,2008-12-29,186
"ITA",2009,2009-12-29,293
"ITA",2010,2010-12-29,293
"ITA",2011,2011-12-29,185
"ITA",2012,2012-12-29,185
"ITA",2013,2013-12-29,181
"ITA",2014,2014-12-29,176
"ITA",2015,2015-12-29,176
"ITA",2016,2016-12-29,175
"ALB",1914,1914-12-29,2
"ALB",1915,1915-12-29,2
"ALB",1916,1916-12-29,2
"ALB",1917,1917-12-29,2
"ALB",1918,1918-12-30,3
"ALB",1919,1919-12-30,3
"ALB",1920,1920-12-30,4
"ALB",1921,1921-12-30,3
"ALB",1922,1922-12-30,5
"ALB",1923,1923-12-30,8
"ALB",1924,1924-12-30,8
"ALB",1925,1925-12-30,8
"ALB",1926,1926-12-30,8
"ALB",1927,1927-12-30,8
"ALB",1928,1928-12-30,10
"ALB",1929,1929-12-30,11
"ALB",1930,1930-12-30,11
"ALB",1931,1931-12-30,11
"ALB",1932,1932-12-30,13
"ALB",1933,1933-12-30,13
"ALB",1934,1934-12-30,13
"ALB",1935,1935-12-30,9
"ALB",1936,1936-12-30,9
"ALB",1937,1937-12-30,9
"ALB",1938,1938-12-30,9
"ALB",1939,1939-12-30,9
"ALB",1944,1944-12-29,60
"ALB",1945,1945-12-29,60
"ALB",1946,1946-12-29,60
"ALB",1947,1947-12-29,60
"ALB",1948,1948-12-29,60
"ALB",1949,1949-12-29,65
"ALB",1950,1950-12-29,60
"ALB",1951,1951-12-29,55
"ALB",1952,1952-12-29,61
"ALB",1953,1953-12-29,53
"ALB",1954,1954-12-29,41
"ALB",1955,1955-12-29,39
"ALB",1956,1956-12-29,37
"ALB",1957,1957-12-29,33
"ALB",1958,1958-12-29,31
"ALB",1959,1959-12-29,27
"ALB",1960,1960-12-29,27
"ALB",1961,1961-12-29,50
"ALB",1962,1962-12-29,50
"ALB",1963,1963-12-29,52
"ALB",1964,1964-12-29,52
"ALB",1965,1965-12-29,52
"ALB",1966,1966-12-29,52
"ALB",1967,1967-12-29,52
"ALB",1968,1968-12-29,52
"ALB",1969,1969-12-29,52
"ALB",1970,1970-12-29,52
"ALB",1971,1971-12-29,52
"ALB",1972,1972-12-29,52
"ALB",1973,1973-12-29,52
"ALB",1974,1974-12-29,53
"ALB",1975,1975-12-29,52
"ALB",1976,1976-12-29,52
"ALB",1977,1977-12-29,45
"ALB",1978,1978-12-29,45
"ALB",1979,1979-12-29,45
"ALB",1980,1980-12-29,46
"ALB",1981,1981-12-29,41
"ALB",1982,1982-12-29,42
"ALB",1983,1983-12-29,42
"ALB",1984,1984-12-29,41
"ALB",1985,1985-12-29,40
"ALB",1986,1986-12-29,42
"ALB",1987,1987-12-29,42
"ALB",1988,1988-12-29,42
"ALB",1989,1989-12-29,40
"ALB",1990,1990-12-29,48
"ALB",1991,1991-12-29,40
"ALB",1992,1992-12-29,65
"ALB",1993,1993-12-29,65
"ALB",1994,1994-12-29,65
"ALB",1995,1995-12-29,52
"ALB",1996,1996-12-29,52
"ALB",1997,1997-12-29,52
"ALB",1998,1998-12-29,20
"ALB",1999,1999-12-29,18
"ALB",2000,2000-12-29,54
"ALB",2001,2001-12-29,27
"ALB",2002,2002-12-29,27
"ALB",2003,2003-12-29,22
"ALB",2004,2004-12-29,22
"ALB",2005,2005-12-29,22
"ALB",2006,2006-12-29,22
"ALB",2007,2007-12-29,11
"ALB",2008,2008-12-29,11
"ALB",2009,2009-12-29,14
"ALB",2010,2010-12-29,14
"ALB",2011,2011-12-29,14
"ALB",2012,2012-12-29,14
"ALB",2013,2013-12-29,14
"ALB",2014,2014-12-29,14
"ALB",2015,2015-12-29,8
"ALB",2016,2016-12-29,8
"CRO",1992,1992-12-29,103
"CRO",1993,1993-12-29,80
"CRO",1994,1994-12-29,70
"CRO",1995,1995-12-29,60
"CRO",1996,1996-12-29,58
"CRO",1997,1997-12-29,58
"CRO",1998,1998-12-29,58
"CRO",1999,1999-12-29,60
"CRO",2000,2000-12-29,61
"CRO",2001,2001-12-29,58
"CRO",2002,2002-12-29,51
"CRO",2003,2003-12-29,21
"CRO",2004,2004-12-29,111
"CRO",2005,2005-12-29,201
"CRO",2006,2006-12-29,21
"CRO",2007,2007-12-29,21
"CRO",2008,2008-12-29,18
"CRO",2009,2009-12-29,19
"CRO",2010,2010-12-29,19
"CRO",2011,2011-12-29,19
"CRO",2012,2012-12-29,19
"CRO",2013,2013-12-29,19
"CRO",2014,2014-12-29,17
"CRO",2015,2015-12-29,17
"CRO",2016,2016-12-29,17
"YUG",1878,1878-12-30,7
"YUG",1879,1879-12-30,7
"YUG",1880,1880-12-30,7
"YUG",1881,1881-12-30,7
"YUG",1882,1882-12-30,7
"YUG",1883,1883-12-30,10
"YUG",1884,1884-12-30,18
"YUG",1885,1885-12-30,13
"YUG",1886,1886-12-30,13
"YUG",1887,1887-12-30,13
"YUG",1888,1888-12-30,13
"YUG",1889,1889-12-30,13
"YUG",1890,1890-12-30,10
"YUG",1891,1891-12-30,10
"YUG",1892,1892-12-30,12
"YUG",1893,1893-12-30,13
"YUG",1894,1894-12-30,17
"YUG",1895,1895-12-30,19
"YUG",1896,1896-12-30,22
"YUG",1897,1897-12-30,22
"YUG",1898,1898-12-30,23
"YUG",1899,1899-12-30,23
"YUG",1900,1900-12-30,22
"YUG",1901,1901-12-30,22
"YUG",1902,1902-12-30,24
"YUG",1903,1903-12-30,26
"YUG",1904,1904-12-30,27
"YUG",1905,1905-12-30,27
"YUG",1906,1906-12-30,28
"YUG",1907,1907-12-30,34
"YUG",1908,1908-12-30,29
"YUG",1909,1909-12-30,36
"YUG",1910,1910-12-30,35
"YUG",1911,1911-12-30,30
"YUG",1912,1912-12-30,31
"YUG",1913,1913-12-30,32
"YUG",1914,1914-12-29,41
"YUG",1915,1915-12-29,84
"YUG",1916,1916-12-29,102
"YUG",1917,1917-12-29,156
"YUG",1918,1918-12-30,201
"YUG",1919,1919-12-30,255
"YUG",1920,1920-12-30,205
"YUG",1921,1921-12-30,155
"YUG",1922,1922-12-30,255
"YUG",1923,1923-12-30,154
"YUG",1924,1924-12-30,152
"YUG",1925,1925-12-30,152
"YUG",1926,1926-12-30,118
"YUG",1927,1927-12-30,110
"YUG",1928,1928-12-30,111
"YUG",1929,1929-12-30,112
"YUG",1930,1930-12-30,112
"YUG",1931,1931-12-30,114
"YUG",1932,1932-12-30,104
"YUG",1933,1933-12-30,114
"YUG",1934,1934-12-30,115
"YUG",1935,1935-12-30,123
"YUG",1936,1936-12-30,124
"YUG",1937,1937-12-30,142
"YUG",1938,1938-12-30,144
"YUG",1939,1939-12-30,146
"YUG",1940,1940-12-29,149
"YUG",1941,1941-12-29,150
"YUG",1944,1944-12-29,153
"YUG",1945,1945-12-29,156
"YUG",1946,1946-12-29,159
"YUG",1947,1947-12-29,159
"YUG",1948,1948-12-29,245
"YUG",1949,1949-12-29,245
"YUG",1950,1950-12-29,245
"YUG",1951,1951-12-29,367
"YUG",1952,1952-12-29,367
"YUG",1953,1953-12-29,367
"YUG",1954,1954-12-29,367
"YUG",1955,1955-12-29,370
"YUG",1956,1956-12-29,370
"YUG",1957,1957-12-29,370
"YUG",1958,1958-12-29,370
"YUG",1959,1959-12-29,370
"YUG",1960,1960-12-29,370
"YUG",1961,1961-12-29,250
"YUG",1962,1962-12-29,250
"YUG",1963,1963-12-29,350
"YUG",1964,1964-12-29,336
"YUG",1965,1965-12-29,310
"YUG",1966,1966-12-29,310
"YUG",1967,1967-12-29,297
"YUG",1968,1968-12-29,257
"YUG",1969,1969-12-29,257
"YUG",1970,1970-12-29,257
"YUG",1971,1971-12-29,258
"YUG",1972,1972-12-29,258
"YUG",1973,1973-12-29,258
"YUG",1974,1974-12-29,262
"YUG",1975,1975-12-29,270
"YUG",1976,1976-12-29,275
"YUG",1977,1977-12-29,266
"YUG",1978,1978-12-29,266
"YUG",1979,1979-12-29,264
"YUG",1980,1980-12-29,260
"YUG",1981,1981-12-29,260
"YUG",1982,1982-12-29,259
"YUG",1983,1983-12-29,259
"YUG",1984,1984-12-29,259
"YUG",1985,1985-12-29,258
"YUG",1986,1986-12-29,234
"YUG",1987,1987-12-29,234
"YUG",1988,1988-12-29,229
"YUG",1989,1989-12-29,225
"YUG",1990,1990-12-29,180
"YUG",1991,1991-12-29,169
"YUG",1992,1992-12-29,137
"YUG",1993,1993-12-29,100
"YUG",1994,1994-12-29,130
"YUG",1995,1995-12-29,130
"YUG",1996,1996-12-29,105
"YUG",1997,1997-12-29,115
"YUG",1998,1998-12-29,105
"YUG",1999,1999-12-29,105
"YUG",2000,2000-12-29,98
"YUG",2001,2001-12-29,106
"YUG",2002,2002-12-29,75
"YUG",2003,2003-12-29,74
"YUG",2004,2004-12-29,70
"YUG",2005,2005-12-29,65
"YUG",2006,2006-12-29,65
"YUG",2007,2007-12-29,40
"YUG",2008,2008-12-29,24
"YUG",2009,2009-12-29,24
"YUG",2010,2010-12-29,29
"YUG",2011,2011-12-29,29
"YUG",2012,2012-12-29,29
"YUG",2013,2013-12-29,28
"YUG",2014,2014-12-29,28
"YUG",2015,2015-12-29,28
"YUG",2016,2016-12-29,28
"GRC",1828,1828-12-30,5
"GRC",1829,1829-12-30,5
"GRC",1830,1830-12-30,5
"GRC",1831,1831-12-30,5
"GRC",1832,1832-12-30,8
"GRC",1833,1833-12-30,9
"GRC",1834,1834-12-30,11
"GRC",1835,1835-12-30,12
"GRC",1836,1836-12-30,9
"GRC",1837,1837-12-30,11
"GRC",1838,1838-12-30,12
"GRC",1839,1839-12-30,12
"GRC",1840,1840-12-30,9
"GRC",1841,1841-12-30,8
"GRC",1842,1842-12-30,8
"GRC",1843,1843-12-30,8
"GRC",1844,1844-12-30,7
"GRC",1845,1845-12-30,7
"GRC",1846,1846-12-30,6
"GRC",1847,1847-12-30,8
"GRC",1848,1848-12-30,10
"GRC",1849,1849-12-30,9
"GRC",1850,1850-12-30,9
"GRC",1851,1851-12-30,9
"GRC",1852,1852-12-30,8
"GRC",1853,1853-12-30,10
"GRC",1854,1854-12-30,10
"GRC",1855,1855-12-30,9
"GRC",1856,1856-12-30,9
"GRC",1857,1857-12-30,9
"GRC",1858,1858-12-30,10
"GRC",1859,1859-12-30,10
"GRC",1860,1860-12-30,10
"GRC",1861,1861-12-30,8
"GRC",1862,1862-12-30,8
"GRC",1863,1863-12-30,12
"GRC",1864,1864-12-30,12
"GRC",1865,1865-12-30,13
"GRC",1866,1866-12-30,13
"GRC",1867,1867-12-30,15
"GRC",1868,1868-12-30,16
"GRC",1869,1869-12-30,16
"GRC",1870,1870-12-30,14
"GRC",1871,1871-12-30,11
"GRC",1872,1872-12-30,11
"GRC",1873,1873-12-30,11
"GRC",1874,1874-12-30,11
"GRC",1875,1875-12-30,14
"GRC",1876,1876-12-30,12
"GRC",1877,1877-12-30,25
"GRC",1878,1878-12-30,13
"GRC",1879,1879-12-30,13
"GRC",1880,1880-12-30,10
"GRC",1881,1881-12-30,84
"GRC",1882,1882-12-30,32
"GRC",1883,1883-12-30,28
"GRC",1884,1884-12-30,28
"GRC",1885,1885-12-30,28
"GRC",1886,1886-12-30,28
"GRC",1887,1887-12-30,27
"GRC",1888,1888-12-30,25
"GRC",1889,1889-12-30,29
"GRC",1890,1890-12-30,25
"GRC",1891,1891-12-30,32
"GRC",1892,1892-12-30,31
"GRC",1893,1893-12-30,25
"GRC",1894,1894-12-30,25
"GRC",1895,1895-12-30,26
"GRC",1896,1896-12-30,25
"GRC",1897,1897-12-30,25
"GRC",1898,1898-12-30,25
"GRC",1899,1899-12-30,25
"GRC",1900,1900-12-30,25
"GRC",1901,1901-12-30,22
"GRC",1902,1902-12-30,22
"GRC",1903,1903-12-30,23
"GRC",1904,1904-12-30,28
"GRC",1905,1905-12-30,29
"GRC",1906,1906-12-30,26
"GRC",1907,1907-12-30,25
"GRC",1908,1908-12-30,25
"GRC",1909,1909-12-30,25
"GRC",1910,1910-12-30,30
"GRC",1911,1911-12-30,33
"GRC",1912,1912-12-30,27
"GRC",1913,1913-12-30,200
"GRC",1914,1914-12-29,29
"GRC",1915,1915-12-29,33
"GRC",1916,1916-12-29,37
"GRC",1917,1917-12-29,42
"GRC",1918,1918-12-30,51
"GRC",1919,1919-12-30,58
"GRC",1920,1920-12-30,65
"GRC",1921,1921-12-30,72
"GRC",1922,1922-12-30,79
"GRC",1923,1923-12-30,79
"GRC",1924,1924-12-30,78
"GRC",1925,1925-12-30,81
"GRC",1926,1926-12-30,79
"GRC",1927,1927-12-30,76
"GRC",1928,1928-12-30,73
"GRC",1929,1929-12-30,69
"GRC",1930,1930-12-30,66
"GRC",1931,1931-12-30,62
"GRC",1932,1932-12-30,62
"GRC",1933,1933-12-30,62
"GRC",1934,1934-12-30,63
"GRC",1935,1935-12-30,63
"GRC",1936,1936-12-30,68
"GRC",1937,1937-12-30,90
"GRC",1938,1938-12-30,95
"GRC",1939,1939-12-30,98
"GRC",1940,1940-12-29,105
"GRC",1941,1941-12-29,414
"GRC",1945,1945-12-29,117
"GRC",1946,1946-12-29,120
"GRC",1947,1947-12-29,137
"GRC",1948,1948-12-29,154
"GRC",1949,1949-12-29,223
"GRC",1950,1950-12-29,192
"GRC",1951,1951-12-29,160
"GRC",1952,1952-12-29,171
"GRC",1953,1953-12-29,171
"GRC",1954,1954-12-29,173
"GRC",1955,1955-12-29,144
"GRC",1956,1956-12-29,135
"GRC",1957,1957-12-29,144
"GRC",1958,1958-12-29,148
"GRC",1959,1959-12-29,152
"GRC",1960,1960-12-29,160
"GRC",1961,1961-12-29,160
"GRC",1962,1962-12-29,160
"GRC",1963,1963-12-29,175
"GRC",1964,1964-12-29,175
"GRC",1965,1965-12-29,190
"GRC",1966,1966-12-29,175
"GRC",1967,1967-12-29,170
"GRC",1968,1968-12-29,185
"GRC",1969,1969-12-29,180
"GRC",1970,1970-12-29,180
"GRC",1971,1971-12-29,180
"GRC",1972,1972-12-29,180
"GRC",1973,1973-12-29,184
"GRC",1974,1974-12-29,186
"GRC",1975,1975-12-29,185
"GRC",1976,1976-12-29,186
"GRC",1977,1977-12-29,187
"GRC",1978,1978-12-29,186
"GRC",1979,1979-12-29,187
"GRC",1980,1980-12-29,186
"GRC",1981,1981-12-29,188
"GRC",1982,1982-12-29,186
"GRC",1983,1983-12-29,177
"GRC",1984,1984-12-29,197
"GRC",1985,1985-12-29,201
"GRC",1986,1986-12-29,202
"GRC",1987,1987-12-29,199
"GRC",1988,1988-12-29,199
"GRC",1989,1989-12-29,201
"GRC",1990,1990-12-29,201
"GRC",1991,1991-12-29,205
"GRC",1992,1992-12-29,208
"GRC",1993,1993-12-29,213
"GRC",1994,1994-12-29,206
"GRC",1995,1995-12-29,213
"GRC",1996,1996-12-29,212
"GRC",1997,1997-12-29,206
"GRC",1998,1998-12-29,202
"GRC",1999,1999-12-29,204
"GRC",2000,2000-12-29,159
"GRC",2001,2001-12-29,159
"GRC",2002,2002-12-29,178
"GRC",2003,2003-12-29,178
"GRC",2004,2004-12-29,171
"GRC",2005,2005-12-29,164
"GRC",2006,2006-12-29,164
"GRC",2007,2007-12-29,147
"GRC",2008,2008-12-29,157
"GRC",2009,2009-12-29,157
"GRC",2010,2010-12-29,157
"GRC",2011,2011-12-29,139
"GRC",2012,2012-12-29,146
"GRC",2013,2013-12-29,144
"GRC",2014,2014-12-29,143
"GRC",2015,2015-12-29,145
"GRC",2016,2016-12-29,143
"BUL",1908,1908-12-30,59
"BUL",1909,1909-12-30,60
"BUL",1910,1910-12-30,58
"BUL",1911,1911-12-30,61
"BUL",1912,1912-12-30,61
"BUL",1913,1913-12-30,592
"BUL",1914,1914-12-29,52
"BUL",1915,1915-12-29,49
"BUL",1916,1916-12-29,800
"BUL",1917,1917-12-29,38
"BUL",1918,1918-12-30,857
"BUL",1919,1919-12-30,20
"BUL",1920,1920-12-30,20
"BUL",1921,1921-12-30,20
"BUL",1922,1922-12-30,20
"BUL",1923,1923-12-30,20
"BUL",1924,1924-12-30,20
"BUL",1925,1925-12-30,20
"BUL",1926,1926-12-30,20
"BUL",1927,1927-12-30,20
"BUL",1928,1928-12-30,20
"BUL",1929,1929-12-30,20
"BUL",1930,1930-12-30,20
"BUL",1931,1931-12-30,20
"BUL",1932,1932-12-30,20
"BUL",1933,1933-12-30,20
"BUL",1934,1934-12-30,20
"BUL",1935,1935-12-30,20
"BUL",1936,1936-12-30,20
"BUL",1937,1937-12-30,20
"BUL",1938,1938-12-30,20
"BUL",1939,1939-12-30,48
"BUL",1940,1940-12-29,163
"BUL",1944,1944-12-29,450
"BUL",1945,1945-12-29,39
"BUL",1946,1946-12-29,106
"BUL",1947,1947-12-29,131
"BUL",1948,1948-12-29,157
"BUL",1949,1949-12-29,183
"BUL",1950,1950-12-29,209
"BUL",1951,1951-12-29,200
"BUL",1952,1952-12-29,190
"BUL",1953,1953-12-29,187
"BUL",1954,1954-12-29,213
"BUL",1955,1955-12-29,213
"BUL",1956,1956-12-29,191
"BUL",1957,1957-12-29,192
"BUL",1958,1958-12-29,167
"BUL",1959,1959-12-29,143
"BUL",1960,1960-12-29,118
"BUL",1961,1961-12-29,132
"BUL",1962,1962-12-29,135
"BUL",1963,1963-12-29,183
"BUL",1964,1964-12-29,178
"BUL",1965,1965-12-29,178
"BUL",1966,1966-12-29,176
"BUL",1967,1967-12-29,176
"BUL",1968,1968-12-29,175
"BUL",1969,1969-12-29,175
"BUL",1970,1970-12-29,175
"BUL",1971,1971-12-29,189
"BUL",1972,1972-12-29,189
"BUL",1973,1973-12-29,177
"BUL",1974,1974-12-29,174
"BUL",1975,1975-12-29,175
"BUL",1976,1976-12-29,177
"BUL",1977,1977-12-29,186
"BUL",1978,1978-12-29,187
"BUL",1979,1979-12-29,187
"BUL",1980,1980-12-29,188
"BUL",1981,1981-12-29,188
"BUL",1982,1982-12-29,188
"BUL",1983,1983-12-29,189
"BUL",1984,1984-12-29,189
"BUL",1985,1985-12-29,189
"BUL",1986,1986-12-29,190
"BUL",1987,1987-12-29,191
"BUL",1988,1988-12-29,160
"BUL",1989,1989-12-29,150
"BUL",1990,1990-12-29,129
"BUL",1991,1991-12-29,107
"BUL",1992,1992-12-29,99
"BUL",1993,1993-12-29,52
"BUL",1994,1994-12-29,80
"BUL",1995,1995-12-29,90
"BUL",1996,1996-12-29,80
"BUL",1997,1997-12-29,80
"BUL",1998,1998-12-29,75
"BUL",1999,1999-12-29,70
"BUL",2000,2000-12-29,80
"BUL",2001,2001-12-29,77
"BUL",2002,2002-12-29,68
"BUL",2003,2003-12-29,51
"BUL",2004,2004-12-29,51
"BUL",2005,2005-12-29,51
"BUL",2006,2006-12-29,51
"BUL",2007,2007-12-29,51
"BUL",2008,2008-12-29,40
"BUL",2009,2009-12-29,41
"BUL",2010,2010-12-29,35
"BUL",2011,2011-12-29,31
"BUL",2012,2012-12-29,31
"BUL",2013,2013-12-29,31
"BUL",2014,2014-12-29,31
"BUL",2015,2015-12-29,31
"BUL",2016,2016-12-29,31
"ROM",1878,1878-12-30,16
"ROM",1879,1879-12-30,17
"ROM",1880,1880-12-30,21
"ROM",1881,1881-12-30,21
"ROM",1882,1882-12-30,21
"ROM",1883,1883-12-30,36
"ROM",1884,1884-12-30,35
"ROM",1885,1885-12-30,34
"ROM",1886,1886-12-30,34
"ROM",1887,1887-12-30,36
"ROM",1888,1888-12-30,37
"ROM",1889,1889-12-30,41
"ROM",1890,1890-12-30,49
"ROM",1891,1891-12-30,40
"ROM",1892,1892-12-30,51
"ROM",1893,1893-12-30,51
"ROM",1894,1894-12-30,47
"ROM",1895,1895-12-30,47
"ROM",1896,1896-12-30,61
"ROM",1897,1897-12-30,60
"ROM",1898,1898-12-30,62
"ROM",1899,1899-12-30,67
"ROM",1900,1900-12-30,63
"ROM",1901,1901-12-30,53
"ROM",1902,1902-12-30,66
"ROM",1903,1903-12-30,66
"ROM",1904,1904-12-30,65
"ROM",1905,1905-12-30,66
"ROM",1906,1906-12-30,70
"ROM",1907,1907-12-30,69
"ROM",1908,1908-12-30,90
"ROM",1909,1909-12-30,104
"ROM",1910,1910-12-30,89
"ROM",1911,1911-12-30,97
"ROM",1912,1912-12-30,100
"ROM",1913,1913-12-30,109
"ROM",1914,1914-12-29,145
"ROM",1915,1915-12-29,189
"ROM",1916,1916-12-29,211
"ROM",1917,1917-12-29,247
"ROM",1918,1918-12-30,269
"ROM",1919,1919-12-30,292
"ROM",1920,1920-12-30,252
"ROM",1921,1921-12-30,253
"ROM",1922,1922-12-30,233
"ROM",1923,1923-12-30,203
"ROM",1924,1924-12-30,150
"ROM",1925,1925-12-30,144
"ROM",1926,1926-12-30,145
"ROM",1927,1927-12-30,155
"ROM",1928,1928-12-30,191
"ROM",1929,1929-12-30,191
"ROM",1930,1930-12-30,192
"ROM",1931,1931-12-30,180
"ROM",1932,1932-12-30,142
"ROM",1933,1933-12-30,147
"ROM",1934,1934-12-30,147
"ROM",1935,1935-12-30,142
"ROM",1936,1936-12-30,137
"ROM",1937,1937-12-30,177
"ROM",1938,1938-12-30,169
"ROM",1939,1939-12-30,148
"ROM",1940,1940-12-29,815
"ROM",1944,1944-12-29,975
"ROM",1945,1945-12-29,119
"ROM",1946,1946-12-29,114
"ROM",1947,1947-12-29,140
"ROM",1948,1948-12-29,166
"ROM",1949,1949-12-29,167
"ROM",1950,1950-12-29,218
"ROM",1951,1951-12-29,269
"ROM",1952,1952-12-29,270
"ROM",1953,1953-12-29,271
"ROM",1954,1954-12-29,272
"ROM",1955,1955-12-29,272
"ROM",1956,1956-12-29,233
"ROM",1957,1957-12-29,194
"ROM",1958,1958-12-29,205
"ROM",1959,1959-12-29,216
"ROM",1960,1960-12-29,227
"ROM",1961,1961-12-29,312
"ROM",1962,1962-12-29,304
"ROM",1963,1963-12-29,250
"ROM",1964,1964-12-29,250
"ROM",1965,1965-12-29,258
"ROM",1966,1966-12-29,212
"ROM",1967,1967-12-29,190
"ROM",1968,1968-12-29,190
"ROM",1969,1969-12-29,190
"ROM",1970,1970-12-29,211
"ROM",1971,1971-12-29,218
"ROM",1972,1972-12-29,218
"ROM",1973,1973-12-29,192
"ROM",1974,1974-12-29,218
"ROM",1975,1975-12-29,220
"ROM",1976,1976-12-29,220
"ROM",1977,1977-12-29,208
"ROM",1978,1978-12-29,209
"ROM",1979,1979-12-29,210
"ROM",1980,1980-12-29,211
"ROM",1981,1981-12-29,212
"ROM",1982,1982-12-29,213
"ROM",1983,1983-12-29,232
"ROM",1984,1984-12-29,236
"ROM",1985,1985-12-29,237
"ROM",1986,1986-12-29,238
"ROM",1987,1987-12-29,248
"ROM",1988,1988-12-29,220
"ROM",1989,1989-12-29,207
"ROM",1990,1990-12-29,126
"ROM",1991,1991-12-29,201
"ROM",1992,1992-12-29,172
"ROM",1993,1993-12-29,200
"ROM",1994,1994-12-29,200
"ROM",1995,1995-12-29,200
"ROM",1996,1996-12-29,200
"ROM",1997,1997-12-29,200
"ROM",1998,1998-12-29,200
"ROM",1999,1999-12-29,170
"ROM",2000,2000-12-29,207
"ROM",2001,2001-12-29,103
"ROM",2002,2002-12-29,99
"ROM",2003,2003-12-29,104
"ROM",2004,2004-12-29,101
"ROM",2005,2005-12-29,97
"ROM",2006,2006-12-29,97
"ROM",2007,2007-12-29,70
"ROM",2008,2008-12-29,74
"ROM",2009,2009-12-29,73
"ROM",2010,2010-12-29,73
"ROM",2011,2011-12-29,72
"ROM",2012,2012-12-29,74
"ROM",2013,2013-12-29,71
"ROM",2014,2014-12-29,71
"ROM",2015,2015-12-29,71
"ROM",2016,2016-12-29,71
"RUS",1816,1816-12-30,800
"RUS",1817,1817-12-30,700
"RUS",1818,1818-12-30,600
"RUS",1819,1819-12-30,596
"RUS",1820,1820-12-30,772
"RUS",1821,1821-12-30,949
"RUS",1822,1822-12-30,1001
"RUS",1823,1823-12-30,684
"RUS",1824,1824-12-30,1032
"RUS",1825,1825-12-30,860
"RUS",1826,1826-12-30,578
"RUS",1827,1827-12-30,675
"RUS",1828,1828-12-30,624
"RUS",1829,1829-12-30,803
"RUS",1830,1830-12-30,826
"RUS",1831,1831-12-30,851
"RUS",1832,1832-12-30,875
"RUS",1833,1833-12-30,900
"RUS",1834,1834-12-30,784
"RUS",1835,1835-12-30,668
"RUS",1836,1836-12-30,1020
"RUS",1837,1837-12-30,574
"RUS",1838,1838-12-30,570
"RUS",1839,1839-12-30,567
"RUS",1840,1840-12-30,623
"RUS",1841,1841-12-30,680
"RUS",1842,1842-12-30,736
"RUS",1843,1843-12-30,793
"RUS",1844,1844-12-30,754
"RUS",1845,1845-12-30,706
"RUS",1846,1846-12-30,677
"RUS",1847,1847-12-30,803
"RUS",1848,1848-12-30,526
"RUS",1849,1849-12-30,699
"RUS",1850,1850-12-30,871
"RUS",1851,1851-12-30,560
"RUS",1852,1852-12-30,756
"RUS",1853,1853-12-30,761
"RUS",1854,1854-12-30,1100
"RUS",1855,1855-12-30,1550
"RUS",1856,1856-12-30,2000
"RUS",1857,1857-12-30,1019
"RUS",1858,1858-12-30,870
"RUS",1859,1859-12-30,850
"RUS",1860,1860-12-30,862
"RUS",1861,1861-12-30,864
"RUS",1862,1862-12-30,682
"RUS",1863,1863-12-30,812
"RUS",1864,1864-12-30,1135
"RUS",1865,1865-12-30,727
"RUS",1866,1866-12-30,697
"RUS",1867,1867-12-30,628
"RUS",1868,1868-12-30,673
"RUS",1869,1869-12-30,706
"RUS",1870,1870-12-30,738
"RUS",1871,1871-12-30,765
"RUS",1872,1872-12-30,826
"RUS",1873,1873-12-30,826
"RUS",1874,1874-12-30,830
"RUS",1875,1875-12-30,835
"RUS",1876,1876-12-30,859
"RUS",1877,1877-12-30,840
"RUS",1878,1878-12-30,1213
"RUS",1879,1879-12-30,843
"RUS",1880,1880-12-30,909
"RUS",1881,1881-12-30,908
"RUS",1882,1882-12-30,908
"RUS",1883,1883-12-30,803
"RUS",1884,1884-12-30,803
"RUS",1885,1885-12-30,803
"RUS",1886,1886-12-30,820
"RUS",1887,1887-12-30,837
"RUS",1888,1888-12-30,900
"RUS",1889,1889-12-30,843
"RUS",1890,1890-12-30,844
"RUS",1891,1891-12-30,871
"RUS",1892,1892-12-30,896
"RUS",1893,1893-12-30,890
"RUS",1894,1894-12-30,921
"RUS",1895,1895-12-30,928
"RUS",1896,1896-12-30,928
"RUS",1897,1897-12-30,928
"RUS",1898,1898-12-30,928
"RUS",1899,1899-12-30,938
"RUS",1900,1900-12-30,1142
"RUS",1901,1901-12-30,1142
"RUS",1902,1902-12-30,1160
"RUS",1903,1903-12-30,1160
"RUS",1904,1904-12-30,1160
"RUS",1905,1905-12-30,2365
"RUS",1906,1906-12-30,1236
"RUS",1907,1907-12-30,1234
"RUS",1908,1908-12-30,1381
"RUS",1909,1909-12-30,1434
"RUS",1910,1910-12-30,1380
"RUS",1911,1911-12-30,1427
"RUS",1912,1912-12-30,1434
"RUS",1913,1913-12-30,1286
"RUS",1914,1914-12-29,1321
"RUS",1915,1915-12-29,5500
"RUS",1916,1916-12-29,10900
"RUS",1917,1917-12-29,9050
"RUS",1919,1919-12-30,1550
"RUS",1920,1920-12-30,3050
"RUS",1921,1921-12-30,5500
"RUS",1922,1922-12-30,3600
"RUS",1923,1923-12-30,2100
"RUS",1924,1924-12-30,562
"RUS",1925,1925-12-30,562
"RUS",1926,1926-12-30,562
"RUS",1927,1927-12-30,562
"RUS",1928,1928-12-30,562
"RUS",1929,1929-12-30,562
"RUS",1930,1930-12-30,562
"RUS",1931,1931-12-30,562
"RUS",1932,1932-12-30,562
"RUS",1933,1933-12-30,885
"RUS",1934,1934-12-30,940
"RUS",1935,1935-12-30,1300
"RUS",1936,1936-12-30,1300
"RUS",1937,1937-12-30,1433
"RUS",1938,1938-12-30,1566
"RUS",1939,1939-12-30,1789
"RUS",1940,1940-12-29,4200
"RUS",1941,1941-12-29,4207
"RUS",1942,1942-12-29,4932
"RUS",1943,1943-12-29,5112
"RUS",1944,1944-12-29,6100
"RUS",1945,1945-12-29,12500
"RUS",1946,1946-12-29,2500
"RUS",1947,1947-12-29,2700
"RUS",1948,1948-12-29,2900
"RUS",1949,1949-12-29,3600
"RUS",1950,1950-12-29,4300
"RUS",1951,1951-12-29,5000
"RUS",1952,1952-12-29,5800
"RUS",1953,1953-12-29,5800
"RUS",1954,1954-12-29,5800
"RUS",1955,1955-12-29,5800
"RUS",1956,1956-12-29,5100
"RUS",1957,1957-12-29,4500
"RUS",1958,1958-12-29,3900
"RUS",1959,1959-12-29,3600
"RUS",1960,1960-12-29,3600
"RUS",1961,1961-12-29,3000
"RUS",1962,1962-12-29,3000
"RUS",1963,1963-12-29,3110
"RUS",1964,1964-12-29,3110
"RUS",1965,1965-12-29,2780
"RUS",1966,1966-12-29,3800
"RUS",1967,1967-12-29,3900
"RUS",1968,1968-12-29,4100
"RUS",1969,1969-12-29,4200
"RUS",1970,1970-12-29,4300
"RUS",1971,1971-12-29,3900
"RUS",1972,1972-12-29,4000
"RUS",1973,1973-12-29,4000
"RUS",1974,1974-12-29,4100
"RUS",1975,1975-12-29,4100
"RUS",1976,1976-12-29,4200
"RUS",1977,1977-12-29,3900
"RUS",1978,1978-12-29,3900
"RUS",1979,1979-12-29,3900
"RUS",1980,1980-12-29,3900
"RUS",1981,1981-12-29,3900
"RUS",1982,1982-12-29,3900
"RUS",1983,1983-12-29,3900
"RUS",1984,1984-12-29,3900
"RUS",1985,1985-12-29,3900
"RUS",1986,1986-12-29,3900
"RUS",1987,1987-12-29,3900
"RUS",1988,1988-12-29,3900
"RUS",1989,1989-12-29,3700
"RUS",1990,1990-12-29,3400
"RUS",1991,1991-12-29,3000
"RUS",1992,1992-12-29,1900
"RUS",1993,1993-12-29,1500
"RUS",1994,1994-12-29,1400
"RUS",1995,1995-12-29,1400
"RUS",1996,1996-12-29,1300
"RUS",1997,1997-12-29,1300
"RUS",1998,1998-12-29,1000
"RUS",1999,1999-12-29,900
"RUS",2000,2000-12-29,1004
"RUS",2001,2001-12-29,977
"RUS",2002,2002-12-29,988
"RUS",2003,2003-12-29,961
"RUS",2004,2004-12-29,999
"RUS",2005,2005-12-29,1037
"RUS",2006,2006-12-29,1027
"RUS",2007,2007-12-29,1027
"RUS",2008,2008-12-29,1027
"RUS",2009,2009-12-29,1027
"RUS",2010,2010-12-29,1027
"RUS",2011,2011-12-29,1046
"RUS",2012,2012-12-29,956
"RUS",2013,2013-12-29,845
"RUS",2014,2014-12-29,845
"RUS",2015,2015-12-29,771
"RUS",2016,2016-12-29,798
"EST",1918,1918-12-30,16
"EST",1919,1919-12-30,16
"EST",1920,1920-12-30,16
"EST",1921,1921-12-30,16
"EST",1922,1922-12-30,16
"EST",1923,1923-12-30,21
"EST",1924,1924-12-30,21
"EST",1925,1925-12-30,19
"EST",1926,1926-12-30,18
"EST",1927,1927-12-30,19
"EST",1928,1928-12-30,16
"EST",1929,1929-12-30,15
"EST",1930,1930-12-30,14
"EST",1931,1931-12-30,14
"EST",1932,1932-12-30,12
"EST",1933,1933-12-30,12
"EST",1934,1934-12-30,12
"EST",1935,1935-12-30,12
"EST",1936,1936-12-30,12
"EST",1937,1937-12-30,12
"EST",1938,1938-12-30,12
"EST",1939,1939-12-30,15
"EST",1940,1940-12-29,18
"EST",1992,1992-12-29,3
"EST",1993,1993-12-29,5
"EST",1994,1994-12-29,4
"EST",1995,1995-12-29,6
"EST",1996,1996-12-29,6
"EST",1997,1997-12-29,7
"EST",1998,1998-12-29,7
"EST",1999,1999-12-29,7
"EST",2000,2000-12-29,5
"EST",2001,2001-12-29,4
"EST",2002,2002-12-29,6
"EST",2003,2003-12-29,6
"EST",2004,2004-12-29,5
"EST",2005,2005-12-29,5
"EST",2006,2006-12-29,5
"EST",2007,2007-12-29,4
"EST",2008,2008-12-29,4
"EST",2009,2009-12-29,5
"EST",2010,2010-12-29,5
"EST",2011,2011-12-29,6
"EST",2012,2012-12-29,6
"EST",2013,2013-12-29,6
"EST",2014,2014-12-29,6
"EST",2015,2015-12-29,6
"EST",2016,2016-12-29,6
"LIT",1918,1918-12-30,42
"LIT",1919,1919-12-30,50
"LIT",1920,1920-12-30,50
"LIT",1921,1921-12-30,50
"LIT",1922,1922-12-30,30
"LIT",1923,1923-12-30,30
"LIT",1924,1924-12-30,30
"LIT",1925,1925-12-30,30
"LIT",1926,1926-12-30,21
"LIT",1927,1927-12-30,21
"LIT",1928,1928-12-30,18
"LIT",1929,1929-12-30,15
"LIT",1930,1930-12-30,20
"LIT",1931,1931-12-30,18
"LIT",1932,1932-12-30,20
"LIT",1933,1933-12-30,20
"LIT",1934,1934-12-30,19
"LIT",1935,1935-12-30,23
"LIT",1936,1936-12-30,21
"LIT",1937,1937-12-30,23
"LIT",1938,1938-12-30,23
"LIT",1939,1939-12-30,27
"LIT",1940,1940-12-29,33
"LIT",1992,1992-12-29,10
"LIT",1993,1993-12-29,10
"LIT",1994,1994-12-29,10
"LIT",1995,1995-12-29,12
"LIT",1996,1996-12-29,12
"LIT",1997,1997-12-29,12
"LIT",1998,1998-12-29,12
"LIT",1999,1999-12-29,12
"LIT",2000,2000-12-29,13
"LIT",2001,2001-12-29,12
"LIT",2002,2002-12-29,14
"LIT",2003,2003-12-29,13
"LIT",2004,2004-12-29,13
"LIT",2005,2005-12-29,14
"LIT",2006,2006-12-29,14
"LIT",2007,2007-12-29,12
"LIT",2008,2008-12-29,9
"LIT",2009,2009-12-29,9
"LIT",2010,2010-12-29,9
"LIT",2011,2011-12-29,11
"LIT",2012,2012-12-29,11
"LIT",2013,2013-12-29,12
"LIT",2014,2014-12-29,12
"LIT",2015,2015-12-29,11
"LIT",2016,2016-12-29,16
"FIN",1919,1919-12-30,38
"FIN",1920,1920-12-30,39
"FIN",1921,1921-12-30,35
"FIN",1922,1922-12-30,30
"FIN",1923,1923-12-30,29
"FIN",1924,1924-12-30,31
"FIN",1925,1925-12-30,32
"FIN",1926,1926-12-30,29
"FIN",1927,1927-12-30,30
"FIN",1928,1928-12-30,30
"FIN",1929,1929-12-30,29
"FIN",1930,1930-12-30,27
"FIN",1931,1931-12-30,31
"FIN",1932,1932-12-30,29
"FIN",1933,1933-12-30,32
"FIN",1934,1934-12-30,31
"FIN",1935,1935-12-30,31
"FIN",1936,1936-12-30,31
"FIN",1937,1937-12-30,31
"FIN",1938,1938-12-30,36
"FIN",1939,1939-12-30,37
"FIN",1940,1940-12-29,300
"FIN",1943,1943-12-29,350
"FIN",1944,1944-12-29,350
"FIN",1945,1945-12-29,32
"FIN",1946,1946-12-29,42
"FIN",1947,1947-12-29,42
"FIN",1948,1948-12-29,42
"FIN",1949,1949-12-29,42
"FIN",1950,1950-12-29,42
"FIN",1951,1951-12-29,42
"FIN",1952,1952-12-29,42
"FIN",1953,1953-12-29,42
"FIN",1954,1954-12-29,42
"FIN",1955,1955-12-29,42
"FIN",1956,1956-12-29,42
"FIN",1957,1957-12-29,42
"FIN",1958,1958-12-29,42
"FIN",1959,1959-12-29,42
"FIN",1960,1960-12-29,42
"FIN",1961,1961-12-29,48
"FIN",1962,1962-12-29,47
"FIN",1963,1963-12-29,35
"FIN",1964,1964-12-29,40
"FIN",1965,1965-12-29,40
"FIN",1966,1966-12-29,40
"FIN",1967,1967-12-29,40
"FIN",1968,1968-12-29,40
"FIN",1969,1969-12-29,40
"FIN",1970,1970-12-29,40
"FIN",1971,1971-12-29,40
"FIN",1972,1972-12-29,40
"FIN",1973,1973-12-29,40
"FIN",1974,1974-12-29,40
"FIN",1975,1975-12-29,40
"FIN",1976,1976-12-29,36
"FIN",1977,1977-12-29,40
"FIN",1978,1978-12-29,40
"FIN",1979,1979-12-29,36
"FIN",1980,1980-12-29,36
"FIN",1981,1981-12-29,36
"FIN",1982,1982-12-29,36
"FIN",1983,1983-12-29,40
"FIN",1984,1984-12-29,40
"FIN",1985,1985-12-29,40
"FIN",1986,1986-12-29,37
"FIN",1987,1987-12-29,37
"FIN",1988,1988-12-29,40
"FIN",1989,1989-12-29,39
"FIN",1990,1990-12-29,31
"FIN",1991,1991-12-29,32
"FIN",1992,1992-12-29,33
"FIN",1993,1993-12-29,31
"FIN",1994,1994-12-29,35
"FIN",1995,1995-12-29,32
"FIN",1996,1996-12-29,35
"FIN",1997,1997-12-29,35
"FIN",1998,1998-12-29,35
"FIN",1999,1999-12-29,35
"FIN",2000,2000-12-29,32
"FIN",2001,2001-12-29,32
"FIN",2002,2002-12-29,32
"FIN",2003,2003-12-29,27
"FIN",2004,2004-12-29,28
"FIN",2005,2005-12-29,28
"FIN",2006,2006-12-29,28
"FIN",2007,2007-12-29,29
"FIN",2008,2008-12-29,29
"FIN",2009,2009-12-29,29
"FIN",2010,2010-12-29,23
"FIN",2011,2011-12-29,22
"FIN",2012,2012-12-29,22
"FIN",2013,2013-12-29,22
"FIN",2014,2014-12-29,22
"FIN",2015,2015-12-29,22
"FIN",2016,2016-12-29,22
"NOR",1905,1905-12-30,32
"NOR",1906,1906-12-30,7
"NOR",1907,1907-12-30,7
"NOR",1908,1908-12-30,7
"NOR",1909,1909-12-30,7
"NOR",1910,1910-12-30,5
"NOR",1911,1911-12-30,5
"NOR",1912,1912-12-30,5
"NOR",1913,1913-12-30,5
"NOR",1914,1914-12-29,5
"NOR",1915,1915-12-29,5
"NOR",1916,1916-12-29,5
"NOR",1917,1917-12-29,7
"NOR",1918,1918-12-30,7
"NOR",1919,1919-12-30,7
"NOR",1920,1920-12-30,7
"NOR",1921,1921-12-30,7
"NOR",1922,1922-12-30,7
"NOR",1923,1923-12-30,7
"NOR",1924,1924-12-30,7
"NOR",1925,1925-12-30,6
"NOR",1926,1926-12-30,7
"NOR",1927,1927-12-30,6
"NOR",1928,1928-12-30,6
"NOR",1929,1929-12-30,6
"NOR",1930,1930-12-30,4
"NOR",1931,1931-12-30,5
"NOR",1932,1932-12-30,5
"NOR",1933,1933-12-30,5
"NOR",1934,1934-12-30,4
"NOR",1935,1935-12-30,4
"NOR",1936,1936-12-30,4
"NOR",1937,1937-12-30,4
"NOR",1938,1938-12-30,4
"NOR",1939,1939-12-30,4
"NOR",1940,1940-12-29,4
"NOR",1945,1945-12-29,4
"NOR",1946,1946-12-29,33
"NOR",1947,1947-12-29,30
"NOR",1948,1948-12-29,30
"NOR",1949,1949-12-29,30
"NOR",1950,1950-12-29,30
"NOR",1951,1951-12-29,30
"NOR",1952,1952-12-29,31
"NOR",1953,1953-12-29,31
"NOR",1954,1954-12-29,32
"NOR",1955,1955-12-29,33
"NOR",1956,1956-12-29,34
"NOR",1957,1957-12-29,34
"NOR",1958,1958-12-29,35
"NOR",1959,1959-12-29,36
"NOR",1960,1960-12-29,37
"NOR",1961,1961-12-29,32
"NOR",1962,1962-12-29,34
"NOR",1963,1963-12-29,35
"NOR",1964,1964-12-29,35
"NOR",1965,1965-12-29,35
"NOR",1966,1966-12-29,35
"NOR",1967,1967-12-29,35
"NOR",1968,1968-12-29,35
"NOR",1969,1969-12-29,35
"NOR",1970,1970-12-29,35
"NOR",1971,1971-12-29,35
"NOR",1972,1972-12-29,35
"NOR",1973,1973-12-29,39
"NOR",1974,1974-12-29,40
"NOR",1975,1975-12-29,38
"NOR",1976,1976-12-29,39
"NOR",1977,1977-12-29,39
"NOR",1978,1978-12-29,40
"NOR",1979,1979-12-29,40
"NOR",1980,1980-12-29,40
"NOR",1981,1981-12-29,39
"NOR",1982,1982-12-29,40
"NOR",1983,1983-12-29,41
"NOR",1984,1984-12-29,39
"NOR",1985,1985-12-29,36
"NOR",1986,1986-12-29,38
"NOR",1987,1987-12-29,38
"NOR",1988,1988-12-29,40
"NOR",1989,1989-12-29,43
"NOR",1990,1990-12-29,51
"NOR",1991,1991-12-29,41
"NOR",1992,1992-12-29,36
"NOR",1993,1993-12-29,32
"NOR",1994,1994-12-29,33
"NOR",1995,1995-12-29,38
"NOR",1996,1996-12-29,38
"NOR",1997,1997-12-29,33
"NOR",1998,1998-12-29,33
"NOR",1999,1999-12-29,33
"NOR",2000,2000-12-29,27
"NOR",2001,2001-12-29,27
"NOR",2002,2002-12-29,27
"NOR",2003,2003-12-29,27
"NOR",2004,2004-12-29,26
"NOR",2005,2005-12-29,26
"NOR",2006,2006-12-29,26
"NOR",2007,2007-12-29,23
"NOR",2008,2008-12-29,16
"NOR",2009,2009-12-29,19
"NOR",2010,2010-12-29,24
"NOR",2011,2011-12-29,26
"NOR",2012,2012-12-29,24
"NOR",2013,2013-12-29,24
"NOR",2014,2014-12-29,26
"NOR",2015,2015-12-29,26
"NOR",2016,2016-12-29,26
"DEN",1816,1816-12-30,32
"DEN",1817,1817-12-30,31
"DEN",1818,1818-12-30,30
"DEN",1819,1819-12-30,29
"DEN",1820,1820-12-30,28
"DEN",1821,1821-12-30,26
"DEN",1822,1822-12-30,28
"DEN",1823,1823-12-30,30
"DEN",1824,1824-12-30,41
"DEN",1825,1825-12-30,41
"DEN",1826,1826-12-30,41
"DEN",1827,1827-12-30,41
"DEN",1828,1828-12-30,41
"DEN",1829,1829-12-30,41
"DEN",1830,1830-12-30,41
"DEN",1831,1831-12-30,41
"DEN",1832,1832-12-30,41
"DEN",1833,1833-12-30,41
"DEN",1834,1834-12-30,33
"DEN",1835,1835-12-30,41
"DEN",1836,1836-12-30,41
"DEN",1837,1837-12-30,39
"DEN",1838,1838-12-30,37
"DEN",1839,1839-12-30,35
"DEN",1840,1840-12-30,45
"DEN",1841,1841-12-30,38
"DEN",1842,1842-12-30,31
"DEN",1843,1843-12-30,23
"DEN",1844,1844-12-30,24
"DEN",1845,1845-12-30,26
"DEN",1846,1846-12-30,27
"DEN",1847,1847-12-30,27
"DEN",1848,1848-12-30,27
"DEN",1849,1849-12-30,41
"DEN",1850,1850-12-30,26
"DEN",1851,1851-12-30,26
"DEN",1852,1852-12-30,26
"DEN",1853,1853-12-30,26
"DEN",1854,1854-12-30,26
"DEN",1855,1855-12-30,25
"DEN",1856,1856-12-30,25
"DEN",1857,1857-12-30,25
"DEN",1858,1858-12-30,25
"DEN",1859,1859-12-30,25
"DEN",1860,1860-12-30,25
"DEN",1861,1861-12-30,25
"DEN",1862,1862-12-30,25
"DEN",1863,1863-12-30,25
"DEN",1864,1864-12-30,32
"DEN",1865,1865-12-30,38
"DEN",1866,1866-12-30,43
"DEN",1867,1867-12-30,46
"DEN",1868,1868-12-30,51
"DEN",1869,1869-12-30,39
"DEN",1870,1870-12-30,39
"DEN",1871,1871-12-30,38
"DEN",1872,1872-12-30,39
"DEN",1873,1873-12-30,39
"DEN",1874,1874-12-30,39
"DEN",1875,1875-12-30,16
"DEN",1876,1876-12-30,16
"DEN",1877,1877-12-30,16
"DEN",1878,1878-12-30,11
"DEN",1879,1879-12-30,6
"DEN",1880,1880-12-30,6
"DEN",1881,1881-12-30,6
"DEN",1882,1882-12-30,6
"DEN",1883,1883-12-30,6
"DEN",1884,1884-12-30,6
"DEN",1885,1885-12-30,8
"DEN",1886,1886-12-30,11
"DEN",1887,1887-12-30,14
"DEN",1888,1888-12-30,17
"DEN",1889,1889-12-30,18
"DEN",1890,1890-12-30,18
"DEN",1891,1891-12-30,17
"DEN",1892,1892-12-30,15
"DEN",1893,1893-12-30,15
"DEN",1894,1894-12-30,15
"DEN",1895,1895-12-30,12
"DEN",1896,1896-12-30,12
"DEN",1897,1897-12-30,16
"DEN",1898,1898-12-30,12
"DEN",1899,1899-12-30,12
"DEN",1900,1900-12-30,11
"DEN",1901,1901-12-30,11
"DEN",1902,1902-12-30,11
"DEN",1903,1903-12-30,11
"DEN",1904,1904-12-30,11
"DEN",1905,1905-12-30,11
"DEN",1906,1906-12-30,11
"DEN",1907,1907-12-30,11
"DEN",1908,1908-12-30,12
"DEN",1909,1909-12-30,15
"DEN",1910,1910-12-30,15
"DEN",1911,1911-12-30,15
"DEN",1912,1912-12-30,15
"DEN",1913,1913-12-30,15
"DEN",1914,1914-12-29,15
"DEN",1915,1915-12-29,15
"DEN",1916,1916-12-29,16
"DEN",1917,1917-12-29,16
"DEN",1918,1918-12-30,16
"DEN",1919,1919-12-30,16
"DEN",1920,1920-12-30,16
"DEN",1921,1921-12-30,15
"DEN",1922,1922-12-30,13
"DEN",1923,1923-12-30,13
"DEN",1924,1924-12-30,14
"DEN",1925,1925-12-30,14
"DEN",1926,1926-12-30,14
"DEN",1927,1927-12-30,13
"DEN",1928,1928-12-30,14
"DEN",1929,1929-12-30,12
"DEN",1930,1930-12-30,11
"DEN",1931,1931-12-30,11
"DEN",1932,1932-12-30,11
"DEN",1933,1933-12-30,11
"DEN",1934,1934-12-30,10
"DEN",1935,1935-12-30,10
"DEN",1936,1936-12-30,12
"DEN",1937,1937-12-30,12
"DEN",1938,1938-12-30,11
"DEN",1939,1939-12-30,12
"DEN",1940,1940-12-29,13
"DEN",1945,1945-12-29,13
"DEN",1946,1946-12-29,14
"DEN",1947,1947-12-29,14
"DEN",1948,1948-12-29,14
"DEN",1949,1949-12-29,16
"DEN",1950,1950-12-29,18
"DEN",1951,1951-12-29,25
"DEN",1952,1952-12-29,25
"DEN",1953,1953-12-29,25
"DEN",1954,1954-12-29,25
"DEN",1955,1955-12-29,25
"DEN",1956,1956-12-29,35
"DEN",1957,1957-12-29,35
"DEN",1958,1958-12-29,32
"DEN",1959,1959-12-29,32
"DEN",1960,1960-12-29,32
"DEN",1961,1961-12-29,45
"DEN",1962,1962-12-29,47
"DEN",1963,1963-12-29,45
"DEN",1964,1964-12-29,45
"DEN",1965,1965-12-29,50
"DEN",1966,1966-12-29,50
"DEN",1967,1967-12-29,50
"DEN",1968,1968-12-29,45
"DEN",1969,1969-12-29,45
"DEN",1970,1970-12-29,45
"DEN",1971,1971-12-29,45
"DEN",1972,1972-12-29,45
"DEN",1973,1973-12-29,39
"DEN",1974,1974-12-29,35
"DEN",1975,1975-12-29,34
"DEN",1976,1976-12-29,31
"DEN",1977,1977-12-29,32
"DEN",1978,1978-12-29,33
"DEN",1979,1979-12-29,33
"DEN",1980,1980-12-29,33
"DEN",1981,1981-12-29,33
"DEN",1982,1982-12-29,32
"DEN",1983,1983-12-29,30
"DEN",1984,1984-12-29,31
"DEN",1985,1985-12-29,29
"DEN",1986,1986-12-29,28
"DEN",1987,1987-12-29,28
"DEN",1988,1988-12-29,30
"DEN",1989,1989-12-29,31
"DEN",1990,1990-12-29,31
"DEN",1991,1991-12-29,30
"DEN",1992,1992-12-29,28
"DEN",1993,1993-12-29,27
"DEN",1994,1994-12-29,28
"DEN",1995,1995-12-29,27
"DEN",1996,1996-12-29,28
"DEN",1997,1997-12-29,29
"DEN",1998,1998-12-29,25
"DEN",1999,1999-12-29,27
"DEN",2000,2000-12-29,22
"DEN",2001,2001-12-29,21
"DEN",2002,2002-12-29,23
"DEN",2003,2003-12-29,23
"DEN",2004,2004-12-29,22
"DEN",2005,2005-12-29,21
"DEN",2006,2006-12-29,21
"DEN",2007,2007-12-29,22
"DEN",2008,2008-12-29,30
"DEN",2009,2009-12-29,30
"DEN",2010,2010-12-29,27
"DEN",2011,2011-12-29,19
"DEN",2012,2012-12-29,19
"DEN",2013,2013-12-29,16
"DEN",2014,2014-12-29,17
"DEN",2015,2015-12-29,17
"DEN",2016,2016-12-29,17
"SEN",1960,1960-12-29,1
"SEN",1961,1961-12-29,4
"SEN",1962,1962-12-29,4
"SEN",1963,1963-12-29,9
"SEN",1964,1964-12-29,7
"SEN",1965,1965-12-29,7
"SEN",1966,1966-12-29,7
"SEN",1967,1967-12-29,7
"SEN",1968,1968-12-29,7
"SEN",1969,1969-12-29,7
"SEN",1970,1970-12-29,7
"SEN",1971,1971-12-29,7
"SEN",1972,1972-12-29,7
"SEN",1973,1973-12-29,7
"SEN",1974,1974-12-29,7
"SEN",1975,1975-12-29,7
"SEN",1976,1976-12-29,11
"SEN",1977,1977-12-29,13
"SEN",1978,1978-12-29,13
"SEN",1979,1979-12-29,8
"SEN",1980,1980-12-29,8
"SEN",1981,1981-12-29,14
"SEN",1982,1982-12-29,18
"SEN",1983,1983-12-29,18
"SEN",1984,1984-12-29,18
"SEN",1985,1985-12-29,18
"SEN",1986,1986-12-29,18
"SEN",1987,1987-12-29,18
"SEN",1988,1988-12-29,14
"SEN",1989,1989-12-29,15
"SEN",1990,1990-12-29,18
"SEN",1991,1991-12-29,18
"SEN",1992,1992-12-29,18
"SEN",1993,1993-12-29,18
"SEN",1994,1994-12-29,14
"SEN",1995,1995-12-29,14
"SEN",1996,1996-12-29,14
"SEN",1997,1997-12-29,14
"SEN",1998,1998-12-29,13
"SEN",1999,1999-12-29,13
"SEN",2000,2000-12-29,9
"SEN",2001,2001-12-29,10
"SEN",2002,2002-12-29,9
"SEN",2003,2003-12-29,14
"SEN",2004,2004-12-29,14
"SEN",2005,2005-12-29,14
"SEN",2006,2006-12-29,14
"SEN",2007,2007-12-29,14
"SEN",2008,2008-12-29,14
"SEN",2009,2009-12-29,14
"SEN",2010,2010-12-29,14
"SEN",2011,2011-12-29,14
"SEN",2012,2012-12-29,14
"SEN",2013,2013-12-29,14
"SEN",2014,2014-12-29,14
"SEN",2015,2015-12-29,14
"SEN",2016,2016-12-29,14
"GUI",1958,1958-12-29,2
"GUI",1959,1959-12-29,2
"GUI",1960,1960-12-29,3
"GUI",1961,1961-12-29,5
"GUI",1962,1962-12-29,5
"GUI",1963,1963-12-29,10
"GUI",1964,1964-12-29,8
"GUI",1965,1965-12-29,9
"GUI",1966,1966-12-29,9
"GUI",1967,1967-12-29,5
"GUI",1968,1968-12-29,9
"GUI",1969,1969-12-29,9
"GUI",1970,1970-12-29,9
"GUI",1971,1971-12-29,9
"GUI",1972,1972-12-29,17
"GUI",1973,1973-12-29,17
"GUI",1974,1974-12-29,17
"GUI",1975,1975-12-29,7
"GUI",1976,1976-12-29,10
"GUI",1977,1977-12-29,10
"GUI",1978,1978-12-29,18
"GUI",1979,1979-12-29,18
"GUI",1980,1980-12-29,28
"GUI",1981,1981-12-29,28
"GUI",1982,1982-12-29,28
"GUI",1983,1983-12-29,28
"GUI",1984,1984-12-29,28
"GUI",1985,1985-12-29,28
"GUI",1986,1986-12-29,24
"GUI",1987,1987-12-29,24
"GUI",1988,1988-12-29,15
"GUI",1989,1989-12-29,15
"GUI",1990,1990-12-29,15
"GUI",1991,1991-12-29,15
"GUI",1992,1992-12-29,15
"GUI",1993,1993-12-29,15
"GUI",1994,1994-12-29,12
"GUI",1995,1995-12-29,12
"GUI",1996,1996-12-29,12
"GUI",1997,1997-12-29,12
"GUI",1998,1998-12-29,12
"GUI",1999,1999-12-29,12
"GUI",2000,2000-12-29,10
"GUI",2001,2001-12-29,10
"GUI",2002,2002-12-29,10
"GUI",2003,2003-12-29,10
"GUI",2004,2004-12-29,10
"GUI",2005,2005-12-29,10
"GUI",2006,2006-12-29,10
"GUI",2007,2007-12-29,12
"GUI",2008,2008-12-29,12
"GUI",2009,2009-12-29,12
"GUI",2010,2010-12-29,12
"GUI",2011,2011-12-29,12
"GUI",2012,2012-12-29,12
"GUI",2013,2013-12-29,10
"GUI",2014,2014-12-29,10
"GUI",2015,2015-12-29,10
"GUI",2016,2016-12-29,10
"LBR",1920,1920-12-30,2
"LBR",1921,1921-12-30,2
"LBR",1922,1922-12-30,2
"LBR",1923,1923-12-30,2
"LBR",1924,1924-12-30,2
"LBR",1925,1925-12-30,2
"LBR",1926,1926-12-30,2
"LBR",1927,1927-12-30,2
"LBR",1928,1928-12-30,2
"LBR",1929,1929-12-30,2
"LBR",1930,1930-12-30,6
"LBR",1931,1931-12-30,6
"LBR",1932,1932-12-30,5
"LBR",1933,1933-12-30,1
"LBR",1934,1934-12-30,4
"LBR",1935,1935-12-30,4
"LBR",1936,1936-12-30,4
"LBR",1937,1937-12-30,4
"LBR",1938,1938-12-30,1
"LBR",1939,1939-12-30,1
"LBR",1940,1940-12-29,5
"LBR",1941,1941-12-29,5
"LBR",1942,1942-12-29,5
"LBR",1943,1943-12-29,5
"LBR",1944,1944-12-29,5
"LBR",1945,1945-12-29,5
"LBR",1946,1946-12-29,5
"LBR",1947,1947-12-29,5
"LBR",1948,1948-12-29,5
"LBR",1949,1949-12-29,5
"LBR",1950,1950-12-29,5
"LBR",1951,1951-12-29,5
"LBR",1952,1952-12-29,5
"LBR",1953,1953-12-29,5
"LBR",1954,1954-12-29,5
"LBR",1955,1955-12-29,5
"LBR",1956,1956-12-29,2
"LBR",1957,1957-12-29,2
"LBR",1958,1958-12-29,4
"LBR",1959,1959-12-29,4
"LBR",1960,1960-12-29,3
"LBR",1961,1961-12-29,2
"LBR",1962,1962-12-29,3
"LBR",1963,1963-12-29,4
"LBR",1964,1964-12-29,4
"LBR",1965,1965-12-29,4
"LBR",1966,1966-12-29,4
"LBR",1967,1967-12-29,4
"LBR",1968,1968-12-29,5
"LBR",1969,1969-12-29,5
"LBR",1970,1970-12-29,5
"LBR",1971,1971-12-29,5
"LBR",1972,1972-12-29,6
"LBR",1973,1973-12-29,6
"LBR",1974,1974-12-29,6
"LBR",1975,1975-12-29,6
"LBR",1976,1976-12-29,6
"LBR",1977,1977-12-29,4
"LBR",1978,1978-12-29,7
"LBR",1979,1979-12-29,7
"LBR",1980,1980-12-29,7
"LBR",1981,1981-12-29,5
"LBR",1982,1982-12-29,5
"LBR",1983,1983-12-29,5
"LBR",1984,1984-12-29,6
"LBR",1985,1985-12-29,6
"LBR",1986,1986-12-29,6
"LBR",1987,1987-12-29,6
"LBR",1988,1988-12-29,7
"LBR",1989,1989-12-29,7
"LBR",1990,1990-12-29,8
"LBR",1991,1991-12-29,5
"LBR",1992,1992-12-29,2
"LBR",1993,1993-12-29,2
"LBR",1999,1999-12-29,5
"LBR",2000,2000-12-29,15
"LBR",2001,2001-12-29,15
"LBR",2002,2002-12-29,15
"LBR",2003,2003-12-29,15
"LBR",2004,2004-12-29,15
"LBR",2005,2005-12-29,15
"LBR",2006,2006-12-29,15
"LBR",2007,2007-12-29,2
"LBR",2008,2008-12-29,2
"LBR",2009,2009-12-29,2
"LBR",2010,2010-12-29,2
"LBR",2011,2011-12-29,2
"LBR",2012,2012-12-29,2
"LBR",2013,2013-12-29,2
"LBR",2014,2014-12-29,2
"LBR",2015,2015-12-29,2
"LBR",2016,2016-12-29,2
"SIE",1961,1961-12-29,1
"SIE",1962,1962-12-29,2
"SIE",1963,1963-12-29,3
"SIE",1964,1964-12-29,3
"SIE",1965,1965-12-29,3
"SIE",1966,1966-12-29,3
"SIE",1967,1967-12-29,3
"SIE",1968,1968-12-29,3
"SIE",1969,1969-12-29,4
"SIE",1970,1970-12-29,3
"SIE",1971,1971-12-29,3
"SIE",1972,1972-12-29,3
"SIE",1973,1973-12-29,3
"SIE",1974,1974-12-29,5
"SIE",1975,1975-12-29,5
"SIE",1976,1976-12-29,3
"SIE",1977,1977-12-29,4
"SIE",1978,1978-12-29,1
"SIE",1979,1979-12-29,2
"SIE",1980,1980-12-29,2
"SIE",1981,1981-12-29,4
"SIE",1982,1982-12-29,4
"SIE",1983,1983-12-29,6
"SIE",1984,1984-12-29,4
"SIE",1985,1985-12-29,4
"SIE",1986,1986-12-29,4
"SIE",1987,1987-12-29,6
"SIE",1988,1988-12-29,4
"SIE",1989,1989-12-29,4
"SIE",1990,1990-12-29,5
"SIE",1991,1991-12-29,5
"SIE",1992,1992-12-29,8
"SIE",1993,1993-12-29,5
"SIE",1994,1994-12-29,5
"SIE",1995,1995-12-29,5
"SIE",1996,1996-12-29,5
"SIE",1997,1997-12-29,5
"SIE",1998,1998-12-29,4
"SIE",1999,1999-12-29,3
"SIE",2000,2000-12-29,3
"SIE",2001,2001-12-29,6
"SIE",2002,2002-12-29,13
"SIE",2003,2003-12-29,13
"SIE",2004,2004-12-29,13
"SIE",2005,2005-12-29,13
"SIE",2006,2006-12-29,13
"SIE",2007,2007-12-29,11
"SIE",2008,2008-12-29,11
"SIE",2009,2009-12-29,11
"SIE",2010,2010-12-29,11
"SIE",2011,2011-12-29,11
"SIE",2012,2012-12-29,11
"SIE",2013,2013-12-29,11
"SIE",2014,2014-12-29,11
"SIE",2015,2015-12-29,11
"SIE",2016,2016-12-29,9
"GHA",1957,1957-12-29,2
"GHA",1958,1958-12-29,2
"GHA",1959,1959-12-29,2
"GHA",1960,1960-12-29,5
"GHA",1961,1961-12-29,10
"GHA",1962,1962-12-29,10
"GHA",1963,1963-12-29,18
"GHA",1964,1964-12-29,25
"GHA",1965,1965-12-29,25
"GHA",1966,1966-12-29,30
"GHA",1967,1967-12-29,30
"GHA",1968,1968-12-29,35
"GHA",1969,1969-12-29,35
"GHA",1970,1970-12-29,35
"GHA",1971,1971-12-29,35
"GHA",1972,1972-12-29,40
"GHA",1973,1973-12-29,40
"GHA",1974,1974-12-29,35
"GHA",1975,1975-12-29,20
"GHA",1976,1976-12-29,20
"GHA",1977,1977-12-29,18
"GHA",1978,1978-12-29,19
"GHA",1979,1979-12-29,15
"GHA",1980,1980-12-29,14
"GHA",1981,1981-12-29,9
"GHA",1982,1982-12-29,9
"GHA",1983,1983-12-29,8
"GHA",1984,1984-12-29,15
"GHA",1985,1985-12-29,15
"GHA",1986,1986-12-29,9
"GHA",1987,1987-12-29,11
"GHA",1988,1988-12-29,16
"GHA",1989,1989-12-29,16
"GHA",1990,1990-12-29,9
"GHA",1991,1991-12-29,9
"GHA",1992,1992-12-29,7
"GHA",1993,1993-12-29,7
"GHA",1994,1994-12-29,7
"GHA",1995,1995-12-29,7
"GHA",1996,1996-12-29,7
"GHA",1997,1997-12-29,7
"GHA",1998,1998-12-29,7
"GHA",1999,1999-12-29,7
"GHA",2000,2000-12-29,7
"GHA",2001,2001-12-29,7
"GHA",2002,2002-12-29,7
"GHA",2003,2003-12-29,7
"GHA",2004,2004-12-29,7
"GHA",2005,2005-12-29,7
"GHA",2006,2006-12-29,7
"GHA",2007,2007-12-29,14
"GHA",2008,2008-12-29,14
"GHA",2009,2009-12-29,14
"GHA",2010,2010-12-29,16
"GHA",2011,2011-12-29,12
"GHA",2012,2012-12-29,16
"GHA",2013,2013-12-29,16
"GHA",2014,2014-12-29,16
"GHA",2015,2015-12-29,16
"GHA",2016,2016-12-29,16
"NIG",1960,1960-12-29,5
"NIG",1961,1961-12-29,6
"NIG",1962,1962-12-29,7
"NIG",1963,1963-12-29,25
"NIG",1964,1964-12-29,25
"NIG",1965,1965-12-29,25
"NIG",1966,1966-12-29,30
"NIG",1967,1967-12-29,35
"NIG",1968,1968-12-29,85
"NIG",1969,1969-12-29,110
"NIG",1970,1970-12-29,200
"NIG",1971,1971-12-29,320
"NIG",1972,1972-12-29,305
"NIG",1973,1973-12-29,305
"NIG",1974,1974-12-29,300
"NIG",1975,1975-12-29,270
"NIG",1976,1976-12-29,270
"NIG",1977,1977-12-29,300
"NIG",1978,1978-12-29,204
"NIG",1979,1979-12-29,164
"NIG",1980,1980-12-29,150
"NIG",1981,1981-12-29,144
"NIG",1982,1982-12-29,144
"NIG",1983,1983-12-29,144
"NIG",1984,1984-12-29,144
"NIG",1985,1985-12-29,134
"NIG",1986,1986-12-29,138
"NIG",1987,1987-12-29,138
"NIG",1988,1988-12-29,107
"NIG",1989,1989-12-29,107
"NIG",1990,1990-12-29,94
"NIG",1991,1991-12-29,94
"NIG",1992,1992-12-29,76
"NIG",1993,1993-12-29,76
"NIG",1994,1994-12-29,80
"NIG",1995,1995-12-29,80
"NIG",1996,1996-12-29,80
"NIG",1997,1997-12-29,76
"NIG",1998,1998-12-29,76
"NIG",1999,1999-12-29,77
"NIG",2000,2000-12-29,76
"NIG",2001,2001-12-29,78
"NIG",2002,2002-12-29,78
"NIG",2003,2003-12-29,78
"NIG",2004,2004-12-29,78
"NIG",2005,2005-12-29,79
"NIG",2006,2006-12-29,79
"NIG",2007,2007-12-29,85
"NIG",2008,2008-12-29,80
"NIG",2009,2009-12-29,80
"NIG",2010,2010-12-29,80
"NIG",2011,2011-12-29,80
"NIG",2012,2012-12-29,80
"NIG",2013,2013-12-29,80
"NIG",2014,2014-12-29,80
"NIG",2015,2015-12-29,80
"NIG",2016,2016-12-29,80
"CEN",1964,1964-12-29,2
"CEN",1965,1965-12-29,2
"CEN",1966,1966-12-29,2
"CEN",1967,1967-12-29,2
"CEN",1968,1968-12-29,2
"CEN",1969,1969-12-29,2
"CEN",1970,1970-12-29,2
"CEN",1971,1971-12-29,2
"CEN",1972,1972-12-29,3
"CEN",1973,1973-12-29,3
"CEN",1974,1974-12-29,3
"CEN",1975,1975-12-29,3
"CEN",1976,1976-12-29,4
"CEN",1977,1977-12-29,7
"CEN",1978,1978-12-29,4
"CEN",1979,1979-12-29,4
"CEN",1980,1980-12-29,4
"CEN",1981,1981-12-29,4
"CEN",1982,1982-12-29,5
"CEN",1983,1983-12-29,4
"CEN",1984,1984-12-29,5
"CEN",1985,1985-12-29,5
"CEN",1986,1986-12-29,5
"CEN",1987,1987-12-29,5
"CEN",1988,1988-12-29,5
"CEN",1989,1989-12-29,5
"CEN",1990,1990-12-29,4
"CEN",1991,1991-12-29,4
"CEN",1992,1992-12-29,4
"CEN",1993,1993-12-29,4
"CEN",1994,1994-12-29,4
"CEN",1995,1995-12-29,4
"CEN",1996,1996-12-29,5
"CEN",1997,1997-12-29,5
"CEN",1998,1998-12-29,4
"CEN",1999,1999-12-29,3
"CEN",2000,2000-12-29,3
"CEN",2001,2001-12-29,3
"CEN",2002,2002-12-29,3
"CEN",2003,2003-12-29,3
"CEN",2004,2004-12-29,3
"CEN",2005,2005-12-29,3
"CEN",2006,2006-12-29,3
"CEN",2007,2007-12-29,3
"CEN",2008,2008-12-29,3
"CEN",2009,2009-12-29,3
"CEN",2010,2010-12-29,3
"CEN",2011,2011-12-29,2
"CEN",2012,2012-12-29,2
"CEN",2013,2013-12-29,2
"CEN",2014,2014-12-29,7
"CEN",2015,2015-12-29,7
"CEN",2016,2016-12-29,7
"CHA",1963,1963-12-29,2
"CHA",1964,1964-12-29,2
"CHA",1965,1965-12-29,4
"CHA",1966,1966-12-29,5
"CHA",1967,1967-12-29,5
"CHA",1968,1968-12-29,6
"CHA",1969,1969-12-29,5
"CHA",1970,1970-12-29,7
"CHA",1971,1971-12-29,8
"CHA",1972,1972-12-29,10
"CHA",1973,1973-12-29,10
"CHA",1974,1974-12-29,10
"CHA",1975,1975-12-29,11
"CHA",1976,1976-12-29,11
"CHA",1977,1977-12-29,9
"CHA",1978,1978-12-29,5
"CHA",1979,1979-12-29,5
"CHA",1980,1980-12-29,3
"CHA",1981,1981-12-29,3
"CHA",1982,1982-12-29,3
"CHA",1983,1983-12-29,4
"CHA",1984,1984-12-29,16
"CHA",1985,1985-12-29,16
"CHA",1986,1986-12-29,22
"CHA",1987,1987-12-29,30
"CHA",1988,1988-12-29,33
"CHA",1989,1989-12-29,33
"CHA",1990,1990-12-29,50
"CHA",1991,1991-12-29,50
"CHA",1992,1992-12-29,38
"CHA",1993,1993-12-29,30
"CHA",1994,1994-12-29,40
"CHA",1995,1995-12-29,40
"CHA",1996,1996-12-29,40
"CHA",1997,1997-12-29,35
"CHA",1998,1998-12-29,30
"CHA",1999,1999-12-29,30
"CHA",2000,2000-12-29,30
"CHA",2001,2001-12-29,30
"CHA",2002,2002-12-29,30
"CHA",2003,2003-12-29,30
"CHA",2004,2004-12-29,30
"CHA",2005,2005-12-29,30
"CHA",2006,2006-12-29,30
"CHA",2007,2007-12-29,17
"CHA",2008,2008-12-29,25
"CHA",2009,2009-12-29,25
"CHA",2010,2010-12-29,25
"CHA",2011,2011-12-29,26
"CHA",2012,2012-12-29,25
"CHA",2013,2013-12-29,25
"CHA",2014,2014-12-29,25
"CHA",2015,2015-12-29,25
"CHA",2016,2016-12-29,30
"CON",1962,1962-12-29,1
"CON",1963,1963-12-29,2
"CON",1964,1964-12-29,2
"CON",1965,1965-12-29,4
"CON",1966,1966-12-29,5
"CON",1967,1967-12-29,5
"CON",1968,1968-12-29,3
"CON",1969,1969-12-29,3
"CON",1970,1970-12-29,6
"CON",1971,1971-12-29,6
"CON",1972,1972-12-29,9
"CON",1973,1973-12-29,7
"CON",1974,1974-12-29,7
"CON",1975,1975-12-29,7
"CON",1976,1976-12-29,10
"CON",1977,1977-12-29,7
"CON",1978,1978-12-29,11
"CON",1979,1979-12-29,16
"CON",1980,1980-12-29,16
"CON",1981,1981-12-29,14
"CON",1982,1982-12-29,11
"CON",1983,1983-12-29,11
"CON",1984,1984-12-29,15
"CON",1985,1985-12-29,15
"CON",1986,1986-12-29,13
"CON",1987,1987-12-29,14
"CON",1988,1988-12-29,51
"CON",1989,1989-12-29,51
"CON",1990,1990-12-29,9
"CON",1991,1991-12-29,9
"CON",1992,1992-12-29,10
"CON",1993,1993-12-29,10
"CON",1994,1994-12-29,10
"CON",1995,1995-12-29,10
"CON",1996,1996-12-29,10
"CON",1997,1997-12-29,10
"CON",1998,1998-12-29,10
"CON",1999,1999-12-29,10
"CON",2000,2000-12-29,10
"CON",2001,2001-12-29,10
"CON",2002,2002-12-29,10
"CON",2003,2003-12-29,10
"CON",2004,2004-12-29,10
"CON",2005,2005-12-29,10
"CON",2006,2006-12-29,10
"CON",2007,2007-12-29,10
"CON",2008,2008-12-29,10
"CON",2009,2009-12-29,10
"CON",2010,2010-12-29,10
"CON",2011,2011-12-29,10
"CON",2012,2012-12-29,10
"CON",2013,2013-12-29,10
"CON",2014,2014-12-29,10
"CON",2015,2015-12-29,10
"CON",2016,2016-12-29,10
"DRC",1960,1960-12-29,25
"DRC",1961,1961-12-29,18
"DRC",1962,1962-12-29,20
"DRC",1963,1963-12-29,25
"DRC",1964,1964-12-29,25
"DRC",1965,1965-12-29,25
"DRC",1966,1966-12-29,25
"DRC",1967,1967-12-29,35
"DRC",1968,1968-12-29,30
"DRC",1969,1969-12-29,45
"DRC",1970,1970-12-29,45
"DRC",1971,1971-12-29,45
"DRC",1972,1972-12-29,45
"DRC",1973,1973-12-29,65
"DRC",1974,1974-12-29,60
"DRC",1975,1975-12-29,55
"DRC",1976,1976-12-29,55
"DRC",1977,1977-12-29,53
"DRC",1978,1978-12-29,53
"DRC",1979,1979-12-29,23
"DRC",1980,1980-12-29,26
"DRC",1981,1981-12-29,44
"DRC",1982,1982-12-29,40
"DRC",1983,1983-12-29,42
"DRC",1984,1984-12-29,60
"DRC",1985,1985-12-29,62
"DRC",1986,1986-12-29,53
"DRC",1987,1987-12-29,53
"DRC",1988,1988-12-29,51
"DRC",1989,1989-12-29,51
"DRC",1990,1990-12-29,55
"DRC",1991,1991-12-29,60
"DRC",1992,1992-12-29,45
"DRC",1993,1993-12-29,40
"DRC",1994,1994-12-29,40
"DRC",1995,1995-12-29,40
"DRC",1996,1996-12-29,50
"DRC",1997,1997-12-29,30
"DRC",1998,1998-12-29,50
"DRC",1999,1999-12-29,55
"DRC",2000,2000-12-29,56
"DRC",2001,2001-12-29,81
"DRC",2002,2002-12-29,81
"DRC",2003,2003-12-29,98
"DRC",2004,2004-12-29,81
"DRC",2005,2005-12-29,65
"DRC",2006,2006-12-29,65
"DRC",2007,2007-12-29,51
"DRC",2008,2008-12-29,134
"DRC",2009,2009-12-29,151
"DRC",2010,2010-12-29,151
"DRC",2011,2011-12-29,159
"DRC",2012,2012-12-29,159
"DRC",2013,2013-12-29,134
"DRC",2014,2014-12-29,134
"DRC",2015,2015-12-29,134
"DRC",2016,2016-12-29,134
"UGA",1962,1962-12-29,2
"UGA",1963,1963-12-29,6
"UGA",1964,1964-12-29,6
"UGA",1965,1965-12-29,6
"UGA",1966,1966-12-29,11
"UGA",1967,1967-12-29,12
"UGA",1968,1968-12-29,15
"UGA",1969,1969-12-29,16
"UGA",1970,1970-12-29,16
"UGA",1971,1971-12-29,14
"UGA",1972,1972-12-29,13
"UGA",1973,1973-12-29,12
"UGA",1974,1974-12-29,25
"UGA",1975,1975-12-29,25
"UGA",1976,1976-12-29,25
"UGA",1977,1977-12-29,23
"UGA",1978,1978-12-29,6
"UGA",1979,1979-12-29,6
"UGA",1980,1980-12-29,6
"UGA",1981,1981-12-29,6
"UGA",1982,1982-12-29,10
"UGA",1983,1983-12-29,13
"UGA",1984,1984-12-29,15
"UGA",1985,1985-12-29,15
"UGA",1986,1986-12-29,15
"UGA",1987,1987-12-29,25
"UGA",1988,1988-12-29,35
"UGA",1989,1989-12-29,40
"UGA",1990,1990-12-29,60
"UGA",1991,1991-12-29,60
"UGA",1992,1992-12-29,70
"UGA",1993,1993-12-29,70
"UGA",1994,1994-12-29,60
"UGA",1995,1995-12-29,51
"UGA",1996,1996-12-29,50
"UGA",1997,1997-12-29,50
"UGA",1998,1998-12-29,50
"UGA",1999,1999-12-29,50
"UGA",2000,2000-12-29,50
"UGA",2001,2001-12-29,55
"UGA",2002,2002-12-29,55
"UGA",2003,2003-12-29,60
"UGA",2004,2004-12-29,53
"UGA",2005,2005-12-29,45
"UGA",2006,2006-12-29,45
"UGA",2007,2007-12-29,45
"UGA",2008,2008-12-29,45
"UGA",2009,2009-12-29,45
"UGA",2010,2010-12-29,45
"UGA",2011,2011-12-29,45
"UGA",2012,2012-12-29,45
"UGA",2013,2013-12-29,45
"UGA",2014,2014-12-29,45
"UGA",2015,2015-12-29,45
"UGA",2016,2016-12-29,45
"KEN",1963,1963-12-29,3
"KEN",1964,1964-12-29,15
"KEN",1965,1965-12-29,16
"KEN",1966,1966-12-29,17
"KEN",1967,1967-12-29,16
"KEN",1968,1968-12-29,8
"KEN",1969,1969-12-29,7
"KEN",1970,1970-12-29,7
"KEN",1971,1971-12-29,7
"KEN",1972,1972-12-29,7
"KEN",1973,1973-12-29,8
"KEN",1974,1974-12-29,9
"KEN",1975,1975-12-29,9
"KEN",1976,1976-12-29,9
"KEN",1977,1977-12-29,13
"KEN",1978,1978-12-29,13
"KEN",1979,1979-12-29,13
"KEN",1980,1980-12-29,13
"KEN",1981,1981-12-29,17
"KEN",1982,1982-12-29,19
"KEN",1983,1983-12-29,18
"KEN",1984,1984-12-29,19
"KEN",1985,1985-12-29,19
"KEN",1986,1986-12-29,20
"KEN",1987,1987-12-29,21
"KEN",1988,1988-12-29,20
"KEN",1989,1989-12-29,20
"KEN",1990,1990-12-29,20
"KEN",1991,1991-12-29,20
"KEN",1992,1992-12-29,24
"KEN",1993,1993-12-29,24
"KEN",1994,1994-12-29,22
"KEN",1995,1995-12-29,22
"KEN",1996,1996-12-29,24
"KEN",1997,1997-12-29,24
"KEN",1998,1998-12-29,25
"KEN",1999,1999-12-29,24
"KEN",2000,2000-12-29,22
"KEN",2001,2001-12-29,24
"KEN",2002,2002-12-29,24
"KEN",2003,2003-12-29,24
"KEN",2004,2004-12-29,24
"KEN",2005,2005-12-29,24
"KEN",2006,2006-12-29,24
"KEN",2007,2007-12-29,24
"KEN",2008,2008-12-29,24
"KEN",2009,2009-12-29,24
"KEN",2010,2010-12-29,24
"KEN",2011,2011-12-29,24
"KEN",2012,2012-12-29,24
"KEN",2013,2013-12-29,24
"KEN",2014,2014-12-29,24
"KEN",2015,2015-12-29,24
"KEN",2016,2016-12-29,24
"TAZ",1961,1961-12-29,1
"TAZ",1962,1962-12-29,2
"TAZ",1963,1963-12-29,8
"TAZ",1964,1964-12-29,8
"TAZ",1965,1965-12-29,10
"TAZ",1966,1966-12-29,12
"TAZ",1967,1967-12-29,13
"TAZ",1968,1968-12-29,14
"TAZ",1969,1969-12-29,15
"TAZ",1970,1970-12-29,20
"TAZ",1971,1971-12-29,20
"TAZ",1972,1972-12-29,25
"TAZ",1973,1973-12-29,25
"TAZ",1974,1974-12-29,20
"TAZ",1975,1975-12-29,25
"TAZ",1976,1976-12-29,25
"TAZ",1977,1977-12-29,31
"TAZ",1978,1978-12-29,63
"TAZ",1979,1979-12-29,53
"TAZ",1980,1980-12-29,53
"TAZ",1981,1981-12-29,43
"TAZ",1982,1982-12-29,43
"TAZ",1983,1983-12-29,84
"TAZ",1984,1984-12-29,43
"TAZ",1985,1985-12-29,43
"TAZ",1986,1986-12-29,40
"TAZ",1987,1987-12-29,40
"TAZ",1988,1988-12-29,40
"TAZ",1989,1989-12-29,40
"TAZ",1990,1990-12-29,40
"TAZ",1991,1991-12-29,40
"TAZ",1992,1992-12-29,46
"TAZ",1993,1993-12-29,46
"TAZ",1994,1994-12-29,50
"TAZ",1995,1995-12-29,50
"TAZ",1996,1996-12-29,50
"TAZ",1997,1997-12-29,35
"TAZ",1998,1998-12-29,35
"TAZ",1999,1999-12-29,35
"TAZ",2000,2000-12-29,34
"TAZ",2001,2001-12-29,27
"TAZ",2002,2002-12-29,27
"TAZ",2003,2003-12-29,27
"TAZ",2004,2004-12-29,27
"TAZ",2005,2005-12-29,27
"TAZ",2006,2006-12-29,27
"TAZ",2007,2007-12-29,27
"TAZ",2008,2008-12-29,27
"TAZ",2009,2009-12-29,27
"TAZ",2010,2010-12-29,27
"TAZ",2011,2011-12-29,27
"TAZ",2012,2012-12-29,27
"TAZ",2013,2013-12-29,27
"TAZ",2014,2014-12-29,27
"TAZ",2015,2015-12-29,27
"TAZ",2016,2016-12-29,27
"RWA",1962,1962-12-29,1
"RWA",1963,1963-12-29,1
"RWA",1964,1964-12-29,2
"RWA",1965,1965-12-29,2
"RWA",1966,1966-12-29,3
"RWA",1967,1967-12-29,3
"RWA",1968,1968-12-29,4
"RWA",1969,1969-12-29,4
"RWA",1970,1970-12-29,4
"RWA",1971,1971-12-29,4
"RWA",1972,1972-12-29,4
"RWA",1973,1973-12-29,4
"RWA",1974,1974-12-29,4
"RWA",1975,1975-12-29,4
"RWA",1976,1976-12-29,4
"RWA",1977,1977-12-29,4
"RWA",1978,1978-12-29,4
"RWA",1979,1979-12-29,4
"RWA",1980,1980-12-29,5
"RWA",1981,1981-12-29,5
"RWA",1982,1982-12-29,5
"RWA",1983,1983-12-29,5
"RWA",1984,1984-12-29,5
"RWA",1985,1985-12-29,5
"RWA",1986,1986-12-29,5
"RWA",1987,1987-12-29,5
"RWA",1988,1988-12-29,5
"RWA",1989,1989-12-29,6
"RWA",1990,1990-12-29,6
"RWA",1991,1991-12-29,30
"RWA",1992,1992-12-29,30
"RWA",1993,1993-12-29,30
"RWA",1994,1994-12-29,30
"RWA",1995,1995-12-29,30
"RWA",1996,1996-12-29,55
"RWA",1997,1997-12-29,40
"RWA",1998,1998-12-29,40
"RWA",1999,1999-12-29,40
"RWA",2000,2000-12-29,70
"RWA",2001,2001-12-29,70
"RWA",2002,2002-12-29,70
"RWA",2003,2003-12-29,51
"RWA",2004,2004-12-29,51
"RWA",2005,2005-12-29,51
"RWA",2006,2006-12-29,51
"RWA",2007,2007-12-29,33
"RWA",2008,2008-12-29,33
"RWA",2009,2009-12-29,33
"RWA",2010,2010-12-29,33
"RWA",2011,2011-12-29,33
"RWA",2012,2012-12-29,33
"RWA",2013,2013-12-29,33
"RWA",2014,2014-12-29,33
"RWA",2015,2015-12-29,33
"RWA",2016,2016-12-29,33
"SOM",1960,1960-12-29,4
"SOM",1961,1961-12-29,4
"SOM",1962,1962-12-29,4
"SOM",1963,1963-12-29,9
"SOM",1964,1964-12-29,11
"SOM",1965,1965-12-29,12
"SOM",1966,1966-12-29,15
"SOM",1967,1967-12-29,16
"SOM",1968,1968-12-29,14
"SOM",1969,1969-12-29,18
"SOM",1970,1970-12-29,20
"SOM",1971,1971-12-29,20
"SOM",1972,1972-12-29,25
"SOM",1973,1973-12-29,25
"SOM",1974,1974-12-29,30
"SOM",1975,1975-12-29,30
"SOM",1976,1976-12-29,31
"SOM",1977,1977-12-29,53
"SOM",1978,1978-12-29,54
"SOM",1979,1979-12-29,54
"SOM",1980,1980-12-29,54
"SOM",1981,1981-12-29,54
"SOM",1982,1982-12-29,54
"SOM",1983,1983-12-29,48
"SOM",1984,1984-12-29,43
"SOM",1985,1985-12-29,43
"SOM",1986,1986-12-29,50
"SOM",1987,1987-12-29,50
"SOM",1988,1988-12-29,47
"SOM",1989,1989-12-29,47
"SOM",1990,1990-12-29,47
"SOM",1991,1991-12-29,7
"SOM",1999,1999-12-29,50
"SOM",2000,2000-12-29,50
"SOM",2009,2009-12-29,2
"SOM",2010,2010-12-29,2
"SOM",2011,2011-12-29,2
"SOM",2012,2012-12-29,2
"SOM",2013,2013-12-29,3
"SOM",2014,2014-12-29,20
"SOM",2015,2015-12-29,11
"SOM",2016,2016-12-29,17
"ETH",1898,1898-12-30,150
"ETH",1899,1899-12-30,150
"ETH",1900,1900-12-30,150
"ETH",1901,1901-12-30,150
"ETH",1902,1902-12-30,150
"ETH",1903,1903-12-30,150
"ETH",1904,1904-12-30,150
"ETH",1905,1905-12-30,150
"ETH",1906,1906-12-30,150
"ETH",1907,1907-12-30,150
"ETH",1908,1908-12-30,150
"ETH",1909,1909-12-30,150
"ETH",1910,1910-12-30,150
"ETH",1911,1911-12-30,150
"ETH",1912,1912-12-30,150
"ETH",1913,1913-12-30,150
"ETH",1914,1914-12-29,250
"ETH",1915,1915-12-29,250
"ETH",1916,1916-12-29,250
"ETH",1917,1917-12-29,250
"ETH",1918,1918-12-30,250
"ETH",1919,1919-12-30,100
"ETH",1920,1920-12-30,100
"ETH",1921,1921-12-30,100
"ETH",1922,1922-12-30,100
"ETH",1923,1923-12-30,100
"ETH",1924,1924-12-30,100
"ETH",1925,1925-12-30,100
"ETH",1926,1926-12-30,100
"ETH",1927,1927-12-30,100
"ETH",1928,1928-12-30,100
"ETH",1929,1929-12-30,100
"ETH",1930,1930-12-30,100
"ETH",1931,1931-12-30,100
"ETH",1932,1932-12-30,100
"ETH",1933,1933-12-30,100
"ETH",1934,1934-12-30,100
"ETH",1935,1935-12-30,100
"ETH",1936,1936-12-30,500
"ETH",1946,1946-12-29,10
"ETH",1947,1947-12-29,10
"ETH",1948,1948-12-29,10
"ETH",1949,1949-12-29,10
"ETH",1950,1950-12-29,20
"ETH",1951,1951-12-29,20
"ETH",1952,1952-12-29,20
"ETH",1953,1953-12-29,20
"ETH",1954,1954-12-29,20
"ETH",1955,1955-12-29,24
"ETH",1956,1956-12-29,28
"ETH",1957,1957-12-29,32
"ETH",1958,1958-12-29,36
"ETH",1959,1959-12-29,29
"ETH",1960,1960-12-29,29
"ETH",1961,1961-12-29,27
"ETH",1962,1962-12-29,30
"ETH",1963,1963-12-29,55
"ETH",1964,1964-12-29,60
"ETH",1965,1965-12-29,60
"ETH",1966,1966-12-29,40
"ETH",1967,1967-12-29,45
"ETH",1968,1968-12-29,45
"ETH",1969,1969-12-29,45
"ETH",1970,1970-12-29,45
"ETH",1971,1971-12-29,45
"ETH",1972,1972-12-29,50
"ETH",1973,1973-12-29,50
"ETH",1974,1974-12-29,45
"ETH",1975,1975-12-29,50
"ETH",1976,1976-12-29,65
"ETH",1977,1977-12-29,225
"ETH",1978,1978-12-29,233
"ETH",1979,1979-12-29,250
"ETH",1980,1980-12-29,250
"ETH",1981,1981-12-29,240
"ETH",1982,1982-12-29,240
"ETH",1983,1983-12-29,240
"ETH",1984,1984-12-29,190
"ETH",1985,1985-12-29,240
"ETH",1986,1986-12-29,300
"ETH",1987,1987-12-29,300
"ETH",1988,1988-12-29,250
"ETH",1989,1989-12-29,250
"ETH",1990,1990-12-29,250
"ETH",1991,1991-12-29,120
"ETH",1992,1992-12-29,120
"ETH",1993,1993-12-29,120
"ETH",1994,1994-12-29,120
"ETH",1995,1995-12-29,120
"ETH",1996,1996-12-29,100
"ETH",1997,1997-12-29,100
"ETH",1998,1998-12-29,200
"ETH",1999,1999-12-29,300
"ETH",2000,2000-12-29,352
"ETH",2001,2001-12-29,252
"ETH",2002,2002-12-29,252
"ETH",2003,2003-12-29,164
"ETH",2004,2004-12-29,173
"ETH",2005,2005-12-29,183
"ETH",2006,2006-12-29,183
"ETH",2007,2007-12-29,153
"ETH",2008,2008-12-29,138
"ETH",2009,2009-12-29,138
"ETH",2010,2010-12-29,138
"ETH",2011,2011-12-29,138
"ETH",2012,2012-12-29,138
"ETH",2013,2013-12-29,138
"ETH",2014,2014-12-29,138
"ETH",2015,2015-12-29,138
"ETH",2016,2016-12-29,138
"ERI",1993,1993-12-29,55
"ERI",1994,1994-12-29,55
"ERI",1995,1995-12-29,45
"ERI",1996,1996-12-29,45
"ERI",1997,1997-12-29,55
"ERI",1998,1998-12-29,100
"ERI",1999,1999-12-29,215
"ERI",2000,2000-12-29,200
"ERI",2001,2001-12-29,172
"ERI",2002,2002-12-29,172
"ERI",2003,2003-12-29,202
"ERI",2004,2004-12-29,202
"ERI",2005,2005-12-29,202
"ERI",2006,2006-12-29,202
"ERI",2007,2007-12-29,202
"ERI",2008,2008-12-29,202
"ERI",2009,2009-12-29,202
"ERI",2010,2010-12-29,202
"ERI",2011,2011-12-29,202
"ERI",2012,2012-12-29,202
"ERI",2013,2013-12-29,202
"ERI",2014,2014-12-29,202
"ERI",2015,2015-12-29,202
"ERI",2016,2016-12-29,202
"ANG",1975,1975-12-29,30
"ANG",1976,1976-12-29,35
"ANG",1977,1977-12-29,47
"ANG",1978,1978-12-29,47
"ANG",1979,1979-12-29,47
"ANG",1980,1980-12-29,47
"ANG",1981,1981-12-29,53
"ANG",1982,1982-12-29,54
"ANG",1983,1983-12-29,54
"ANG",1984,1984-12-29,60
"ANG",1985,1985-12-29,66
"ANG",1986,1986-12-29,70
"ANG",1987,1987-12-29,74
"ANG",1988,1988-12-29,107
"ANG",1989,1989-12-29,107
"ANG",1990,1990-12-29,115
"ANG",1991,1991-12-29,150
"ANG",1992,1992-12-29,128
"ANG",1993,1993-12-29,128
"ANG",1994,1994-12-29,120
"ANG",1995,1995-12-29,100
"ANG",1996,1996-12-29,95
"ANG",1997,1997-12-29,95
"ANG",1998,1998-12-29,100
"ANG",1999,1999-12-29,100
"ANG",2000,2000-12-29,108
"ANG",2001,2001-12-29,130
"ANG",2002,2002-12-29,100
"ANG",2003,2003-12-29,120
"ANG",2004,2004-12-29,114
"ANG",2005,2005-12-29,108
"ANG",2006,2006-12-29,108
"ANG",2007,2007-12-29,107
"ANG",2008,2008-12-29,100
"ANG",2009,2009-12-29,107
"ANG",2010,2010-12-29,107
"ANG",2011,2011-12-29,107
"ANG",2012,2012-12-29,107
"ANG",2013,2013-12-29,107
"ANG",2014,2014-12-29,107
"ANG",2015,2015-12-29,107
"ANG",2016,2016-12-29,107
"ZAM",1964,1964-12-29,9
"ZAM",1965,1965-12-29,9
"ZAM",1966,1966-12-29,11
"ZAM",1967,1967-12-29,10
"ZAM",1968,1968-12-29,11
"ZAM",1969,1969-12-29,11
"ZAM",1970,1970-12-29,12
"ZAM",1971,1971-12-29,13
"ZAM",1972,1972-12-29,14
"ZAM",1973,1973-12-29,16
"ZAM",1974,1974-12-29,16
"ZAM",1975,1975-12-29,16
"ZAM",1976,1976-12-29,17
"ZAM",1977,1977-12-29,20
"ZAM",1978,1978-12-29,14
"ZAM",1979,1979-12-29,14
"ZAM",1980,1980-12-29,15
"ZAM",1981,1981-12-29,17
"ZAM",1982,1982-12-29,16
"ZAM",1983,1983-12-29,16
"ZAM",1984,1984-12-29,16
"ZAM",1985,1985-12-29,16
"ZAM",1986,1986-12-29,17
"ZAM",1987,1987-12-29,17
"ZAM",1988,1988-12-29,17
"ZAM",1989,1989-12-29,17
"ZAM",1990,1990-12-29,16
"ZAM",1991,1991-12-29,16
"ZAM",1992,1992-12-29,16
"ZAM",1993,1993-12-29,16
"ZAM",1994,1994-12-29,16
"ZAM",1995,1995-12-29,16
"ZAM",1996,1996-12-29,16
"ZAM",1997,1997-12-29,21
"ZAM",1998,1998-12-29,17
"ZAM",1999,1999-12-29,17
"ZAM",2000,2000-12-29,22
"ZAM",2001,2001-12-29,22
"ZAM",2002,2002-12-29,22
"ZAM",2003,2003-12-29,18
"ZAM",2004,2004-12-29,17
"ZAM",2005,2005-12-29,15
"ZAM",2006,2006-12-29,15
"ZAM",2007,2007-12-29,15
"ZAM",2008,2008-12-29,15
"ZAM",2009,2009-12-29,15
"ZAM",2010,2010-12-29,15
"ZAM",2011,2011-12-29,15
"ZAM",2012,2012-12-29,15
"ZAM",2013,2013-12-29,15
"ZAM",2014,2014-12-29,15
"ZAM",2015,2015-12-29,15
"ZAM",2016,2016-12-29,15
"ZIM",1965,1965-12-29,10
"ZIM",1966,1966-12-29,10
"ZIM",1967,1967-12-29,10
"ZIM",1968,1968-12-29,11
"ZIM",1969,1969-12-29,11
"ZIM",1970,1970-12-29,11
"ZIM",1971,1971-12-29,11
"ZIM",1972,1972-12-29,11
"ZIM",1973,1973-12-29,11
"ZIM",1974,1974-12-29,15
"ZIM",1975,1975-12-29,15
"ZIM",1976,1976-12-29,17
"ZIM",1977,1977-12-29,17
"ZIM",1978,1978-12-29,24
"ZIM",1979,1979-12-29,38
"ZIM",1980,1980-12-29,94
"ZIM",1981,1981-12-29,74
"ZIM",1982,1982-12-29,50
"ZIM",1983,1983-12-29,46
"ZIM",1984,1984-12-29,46
"ZIM",1985,1985-12-29,46
"ZIM",1986,1986-12-29,45
"ZIM",1987,1987-12-29,45
"ZIM",1988,1988-12-29,45
"ZIM",1989,1989-12-29,51
"ZIM",1990,1990-12-29,45
"ZIM",1991,1991-12-29,45
"ZIM",1992,1992-12-29,48
"ZIM",1993,1993-12-29,48
"ZIM",1994,1994-12-29,43
"ZIM",1995,1995-12-29,40
"ZIM",1996,1996-12-29,40
"ZIM",1997,1997-12-29,40
"ZIM",1998,1998-12-29,40
"ZIM",1999,1999-12-29,40
"ZIM",2000,2000-12-29,40
"ZIM",2001,2001-12-29,39
"ZIM",2002,2002-12-29,26
"ZIM",2003,2003-12-29,29
"ZIM",2004,2004-12-29,29
"ZIM",2005,2005-12-29,29
"ZIM",2006,2006-12-29,29
"ZIM",2007,2007-12-29,29
"ZIM",2008,2008-12-29,29
"ZIM",2009,2009-12-29,29
"ZIM",2010,2010-12-29,29
"ZIM",2011,2011-12-29,29
"ZIM",2012,2012-12-29,29
"ZIM",2013,2013-12-29,29
"ZIM",2014,2014-12-29,29
"ZIM",2015,2015-12-29,29
"ZIM",2016,2016-12-29,29
"SAF",1923,1923-12-30,2
"SAF",1925,1925-12-30,2
"SAF",1926,1926-12-30,2
"SAF",1927,1927-12-30,2
"SAF",1928,1928-12-30,2
"SAF",1929,1929-12-30,2
"SAF",1930,1930-12-30,1
"SAF",1931,1931-12-30,2
"SAF",1932,1932-12-30,2
"SAF",1933,1933-12-30,2
"SAF",1934,1934-12-30,3
"SAF",1935,1935-12-30,4
"SAF",1936,1936-12-30,4
"SAF",1937,1937-12-30,4
"SAF",1938,1938-12-30,4
"SAF",1939,1939-12-30,5
"SAF",1941,1941-12-29,120
"SAF",1943,1943-12-29,140
"SAF",1944,1944-12-29,140
"SAF",1946,1946-12-29,40
"SAF",1947,1947-12-29,30
"SAF",1948,1948-12-29,10
"SAF",1949,1949-12-29,9
"SAF",1950,1950-12-29,10
"SAF",1951,1951-12-29,11
"SAF",1952,1952-12-29,13
"SAF",1953,1953-12-29,14
"SAF",1954,1954-12-29,15
"SAF",1955,1955-12-29,16
"SAF",1956,1956-12-29,17
"SAF",1957,1957-12-29,19
"SAF",1958,1958-12-29,20
"SAF",1959,1959-12-29,21
"SAF",1960,1960-12-29,22
"SAF",1961,1961-12-29,24
"SAF",1962,1962-12-29,24
"SAF",1963,1963-12-29,45
"SAF",1964,1964-12-29,50
"SAF",1965,1965-12-29,55
"SAF",1966,1966-12-29,50
"SAF",1967,1967-12-29,50
"SAF",1968,1968-12-29,55
"SAF",1969,1969-12-29,55
"SAF",1970,1970-12-29,40
"SAF",1971,1971-12-29,60
"SAF",1972,1972-12-29,75
"SAF",1973,1973-12-29,40
"SAF",1974,1974-12-29,45
"SAF",1975,1975-12-29,50
"SAF",1976,1976-12-29,59
"SAF",1977,1977-12-29,67
"SAF",1978,1978-12-29,78
"SAF",1979,1979-12-29,70
"SAF",1980,1980-12-29,70
"SAF",1981,1981-12-29,78
"SAF",1982,1982-12-29,78
"SAF",1983,1983-12-29,77
"SAF",1984,1984-12-29,97
"SAF",1985,1985-12-29,95
"SAF",1986,1986-12-29,90
"SAF",1987,1987-12-29,102
"SAF",1988,1988-12-29,100
"SAF",1989,1989-12-29,100
"SAF",1990,1990-12-29,85
"SAF",1991,1991-12-29,80
"SAF",1992,1992-12-29,75
"SAF",1993,1993-12-29,75
"SAF",1994,1994-12-29,75
"SAF",1995,1995-12-29,75
"SAF",1996,1996-12-29,75
"SAF",1997,1997-12-29,75
"SAF",1998,1998-12-29,75
"SAF",1999,1999-12-29,68
"SAF",2000,2000-12-29,63
"SAF",2001,2001-12-29,62
"SAF",2002,2002-12-29,60
"SAF",2003,2003-12-29,56
"SAF",2004,2004-12-29,56
"SAF",2005,2005-12-29,56
"SAF",2006,2006-12-29,56
"SAF",2007,2007-12-29,62
"SAF",2008,2008-12-29,62
"SAF",2009,2009-12-29,62
"SAF",2010,2010-12-29,62
"SAF",2011,2011-12-29,62
"SAF",2012,2012-12-29,62
"SAF",2013,2013-12-29,62
"SAF",2014,2014-12-29,62
"SAF",2015,2015-12-29,62
"SAF",2016,2016-12-29,67
"MOR",1847,1847-12-30,10
"MOR",1848,1848-12-30,10
"MOR",1849,1849-12-30,10
"MOR",1850,1850-12-30,10
"MOR",1851,1851-12-30,10
"MOR",1852,1852-12-30,10
"MOR",1853,1853-12-30,10
"MOR",1854,1854-12-30,10
"MOR",1855,1855-12-30,10
"MOR",1856,1856-12-30,10
"MOR",1857,1857-12-30,10
"MOR",1858,1858-12-30,10
"MOR",1859,1859-12-30,10
"MOR",1860,1860-12-30,10
"MOR",1861,1861-12-30,10
"MOR",1862,1862-12-30,10
"MOR",1863,1863-12-30,10
"MOR",1864,1864-12-30,10
"MOR",1865,1865-12-30,10
"MOR",1866,1866-12-30,10
"MOR",1867,1867-12-30,10
"MOR",1868,1868-12-30,10
"MOR",1869,1869-12-30,10
"MOR",1870,1870-12-30,10
"MOR",1871,1871-12-30,10
"MOR",1872,1872-12-30,10
"MOR",1873,1873-12-30,9
"MOR",1874,1874-12-30,9
"MOR",1875,1875-12-30,9
"MOR",1876,1876-12-30,9
"MOR",1877,1877-12-30,9
"MOR",1878,1878-12-30,9
"MOR",1879,1879-12-30,9
"MOR",1880,1880-12-30,9
"MOR",1881,1881-12-30,9
"MOR",1882,1882-12-30,9
"MOR",1883,1883-12-30,9
"MOR",1884,1884-12-30,10
"MOR",1885,1885-12-30,10
"MOR",1886,1886-12-30,10
"MOR",1887,1887-12-30,10
"MOR",1888,1888-12-30,10
"MOR",1889,1889-12-30,10
"MOR",1890,1890-12-30,10
"MOR",1891,1891-12-30,10
"MOR",1892,1892-12-30,10
"MOR",1893,1893-12-30,10
"MOR",1894,1894-12-30,10
"MOR",1895,1895-12-30,10
"MOR",1896,1896-12-30,10
"MOR",1897,1897-12-30,10
"MOR",1898,1898-12-30,10
"MOR",1899,1899-12-30,10
"MOR",1900,1900-12-30,10
"MOR",1901,1901-12-30,10
"MOR",1902,1902-12-30,10
"MOR",1903,1903-12-30,10
"MOR",1904,1904-12-30,10
"MOR",1905,1905-12-30,10
"MOR",1906,1906-12-30,6
"MOR",1907,1907-12-30,6
"MOR",1908,1908-12-30,6
"MOR",1909,1909-12-30,6
"MOR",1910,1910-12-30,6
"MOR",1911,1911-12-30,6
"MOR",1956,1956-12-29,20
"MOR",1957,1957-12-29,24
"MOR",1958,1958-12-29,27
"MOR",1959,1959-12-29,27
"MOR",1960,1960-12-29,27
"MOR",1961,1961-12-29,40
"MOR",1962,1962-12-29,45
"MOR",1963,1963-12-29,40
"MOR",1964,1964-12-29,45
"MOR",1965,1965-12-29,50
"MOR",1966,1966-12-29,65
"MOR",1967,1967-12-29,65
"MOR",1968,1968-12-29,70
"MOR",1969,1969-12-29,70
"MOR",1970,1970-12-29,65
"MOR",1971,1971-12-29,65
"MOR",1972,1972-12-29,65
"MOR",1973,1973-12-29,65
"MOR",1974,1974-12-29,65
"MOR",1975,1975-12-29,75
"MOR",1976,1976-12-29,90
"MOR",1977,1977-12-29,85
"MOR",1978,1978-12-29,85
"MOR",1979,1979-12-29,98
"MOR",1980,1980-12-29,117
"MOR",1981,1981-12-29,120
"MOR",1982,1982-12-29,125
"MOR",1983,1983-12-29,135
"MOR",1984,1984-12-29,149
"MOR",1985,1985-12-29,165
"MOR",1986,1986-12-29,185
"MOR",1987,1987-12-29,200
"MOR",1988,1988-12-29,195
"MOR",1989,1989-12-29,195
"MOR",1990,1990-12-29,195
"MOR",1991,1991-12-29,195
"MOR",1992,1992-12-29,195
"MOR",1993,1993-12-29,195
"MOR",1994,1994-12-29,195
"MOR",1995,1995-12-29,195
"MOR",1996,1996-12-29,195
"MOR",1997,1997-12-29,195
"MOR",1998,1998-12-29,195
"MOR",1999,1999-12-29,195
"MOR",2000,2000-12-29,198
"MOR",2001,2001-12-29,198
"MOR",2002,2002-12-29,196
"MOR",2003,2003-12-29,196
"MOR",2004,2004-12-29,198
"MOR",2005,2005-12-29,201
"MOR",2006,2006-12-29,201
"MOR",2007,2007-12-29,201
"MOR",2008,2008-12-29,196
"MOR",2009,2009-12-29,196
"MOR",2010,2010-12-29,196
"MOR",2011,2011-12-29,196
"MOR",2012,2012-12-29,196
"MOR",2013,2013-12-29,196
"MOR",2014,2014-12-29,196
"MOR",2015,2015-12-29,196
"MOR",2016,2016-12-29,196
"ALG",1962,1962-12-29,45
"ALG",1963,1963-12-29,70
"ALG",1964,1964-12-29,65
"ALG",1965,1965-12-29,60
"ALG",1966,1966-12-29,75
"ALG",1967,1967-12-29,75
"ALG",1968,1968-12-29,75
"ALG",1969,1969-12-29,80
"ALG",1970,1970-12-29,80
"ALG",1971,1971-12-29,80
"ALG",1972,1972-12-29,80
"ALG",1973,1973-12-29,80
"ALG",1974,1974-12-29,80
"ALG",1975,1975-12-29,80
"ALG",1976,1976-12-29,85
"ALG",1977,1977-12-29,75
"ALG",1978,1978-12-29,76
"ALG",1979,1979-12-29,88
"ALG",1980,1980-12-29,101
"ALG",1981,1981-12-29,101
"ALG",1982,1982-12-29,120
"ALG",1983,1983-12-29,130
"ALG",1984,1984-12-29,170
"ALG",1985,1985-12-29,170
"ALG",1986,1986-12-29,180
"ALG",1987,1987-12-29,170
"ALG",1988,1988-12-29,126
"ALG",1989,1989-12-29,126
"ALG",1990,1990-12-29,126
"ALG",1991,1991-12-29,126
"ALG",1992,1992-12-29,126
"ALG",1993,1993-12-29,126
"ALG",1994,1994-12-29,126
"ALG",1995,1995-12-29,120
"ALG",1996,1996-12-29,119
"ALG",1997,1997-12-29,124
"ALG",1998,1998-12-29,120
"ALG",1999,1999-12-29,120
"ALG",2000,2000-12-29,124
"ALG",2001,2001-12-29,124
"ALG",2002,2002-12-29,136
"ALG",2003,2003-12-29,127
"ALG",2004,2004-12-29,132
"ALG",2005,2005-12-29,138
"ALG",2006,2006-12-29,138
"ALG",2007,2007-12-29,138
"ALG",2008,2008-12-29,147
"ALG",2009,2009-12-29,147
"ALG",2010,2010-12-29,147
"ALG",2011,2011-12-29,147
"ALG",2012,2012-12-29,130
"ALG",2013,2013-12-29,130
"ALG",2014,2014-12-29,130
"ALG",2015,2015-12-29,130
"ALG",2016,2016-12-29,130
"TUN",1825,1825-12-30,9
"TUN",1826,1826-12-30,9
"TUN",1827,1827-12-30,9
"TUN",1828,1828-12-30,9
"TUN",1829,1829-12-30,9
"TUN",1830,1830-12-30,9
"TUN",1831,1831-12-30,9
"TUN",1832,1832-12-30,9
"TUN",1833,1833-12-30,9
"TUN",1834,1834-12-30,9
"TUN",1835,1835-12-30,9
"TUN",1836,1836-12-30,9
"TUN",1837,1837-12-30,9
"TUN",1838,1838-12-30,9
"TUN",1839,1839-12-30,9
"TUN",1840,1840-12-30,9
"TUN",1841,1841-12-30,10
"TUN",1842,1842-12-30,10
"TUN",1843,1843-12-30,11
"TUN",1844,1844-12-30,11
"TUN",1845,1845-12-30,12
"TUN",1846,1846-12-30,12
"TUN",1847,1847-12-30,13
"TUN",1848,1848-12-30,13
"TUN",1849,1849-12-30,14
"TUN",1850,1850-12-30,14
"TUN",1851,1851-12-30,15
"TUN",1852,1852-12-30,15
"TUN",1853,1853-12-30,15
"TUN",1854,1854-12-30,16
"TUN",1855,1855-12-30,16
"TUN",1856,1856-12-30,17
"TUN",1857,1857-12-30,17
"TUN",1858,1858-12-30,18
"TUN",1859,1859-12-30,18
"TUN",1860,1860-12-30,18
"TUN",1861,1861-12-30,19
"TUN",1862,1862-12-30,19
"TUN",1863,1863-12-30,20
"TUN",1864,1864-12-30,20
"TUN",1865,1865-12-30,21
"TUN",1866,1866-12-30,21
"TUN",1867,1867-12-30,22
"TUN",1868,1868-12-30,22
"TUN",1869,1869-12-30,23
"TUN",1870,1870-12-30,23
"TUN",1871,1871-12-30,23
"TUN",1872,1872-12-30,4
"TUN",1873,1873-12-30,4
"TUN",1874,1874-12-30,4
"TUN",1875,1875-12-30,4
"TUN",1876,1876-12-30,4
"TUN",1877,1877-12-30,4
"TUN",1878,1878-12-30,4
"TUN",1879,1879-12-30,5
"TUN",1880,1880-12-30,5
"TUN",1881,1881-12-30,5
"TUN",1956,1956-12-29,5
"TUN",1957,1957-12-29,6
"TUN",1958,1958-12-29,6
"TUN",1959,1959-12-29,12
"TUN",1960,1960-12-29,16
"TUN",1961,1961-12-29,18
"TUN",1962,1962-12-29,18
"TUN",1963,1963-12-29,25
"TUN",1964,1964-12-29,25
"TUN",1965,1965-12-29,20
"TUN",1966,1966-12-29,25
"TUN",1967,1967-12-29,25
"TUN",1968,1968-12-29,25
"TUN",1969,1969-12-29,25
"TUN",1970,1970-12-29,25
"TUN",1971,1971-12-29,25
"TUN",1972,1972-12-29,20
"TUN",1973,1973-12-29,20
"TUN",1974,1974-12-29,20
"TUN",1975,1975-12-29,20
"TUN",1976,1976-12-29,21
"TUN",1977,1977-12-29,20
"TUN",1978,1978-12-29,22
"TUN",1979,1979-12-29,24
"TUN",1980,1980-12-29,29
"TUN",1981,1981-12-29,29
"TUN",1982,1982-12-29,32
"TUN",1983,1983-12-29,28
"TUN",1984,1984-12-29,38
"TUN",1985,1985-12-29,38
"TUN",1986,1986-12-29,38
"TUN",1987,1987-12-29,38
"TUN",1988,1988-12-29,40
"TUN",1989,1989-12-29,40
"TUN",1990,1990-12-29,35
"TUN",1991,1991-12-29,35
"TUN",1992,1992-12-29,35
"TUN",1993,1993-12-29,35
"TUN",1994,1994-12-29,35
"TUN",1995,1995-12-29,35
"TUN",1996,1996-12-29,35
"TUN",1997,1997-12-29,35
"TUN",1998,1998-12-29,35
"TUN",1999,1999-12-29,35
"TUN",2000,2000-12-29,35
"TUN",2001,2001-12-29,35
"TUN",2002,2002-12-29,35
"TUN",2003,2003-12-29,35
"TUN",2004,2004-12-29,35
"TUN",2005,2005-12-29,35
"TUN",2006,2006-12-29,35
"TUN",2007,2007-12-29,35
"TUN",2008,2008-12-29,36
"TUN",2009,2009-12-29,36
"TUN",2010,2010-12-29,36
"TUN",2011,2011-12-29,36
"TUN",2012,2012-12-29,36
"TUN",2013,2013-12-29,36
"TUN",2014,2014-12-29,36
"TUN",2015,2015-12-29,36
"TUN",2016,2016-12-29,36
"LIB",1951,1951-12-29,3
"LIB",1952,1952-12-29,3
"LIB",1953,1953-12-29,3
"LIB",1954,1954-12-29,3
"LIB",1955,1955-12-29,3
"LIB",1956,1956-12-29,3
"LIB",1957,1957-12-29,3
"LIB",1958,1958-12-29,3
"LIB",1959,1959-12-29,5
"LIB",1960,1960-12-29,5
"LIB",1961,1961-12-29,8
"LIB",1962,1962-12-29,8
"LIB",1963,1963-12-29,13
"LIB",1964,1964-12-29,16
"LIB",1965,1965-12-29,17
"LIB",1966,1966-12-29,20
"LIB",1967,1967-12-29,20
"LIB",1968,1968-12-29,30
"LIB",1969,1969-12-29,25
"LIB",1970,1970-12-29,18
"LIB",1971,1971-12-29,19
"LIB",1972,1972-12-29,20
"LIB",1973,1973-12-29,20
"LIB",1974,1974-12-29,25
"LIB",1975,1975-12-29,25
"LIB",1976,1976-12-29,25
"LIB",1977,1977-12-29,30
"LIB",1978,1978-12-29,50
"LIB",1979,1979-12-29,51
"LIB",1980,1980-12-29,53
"LIB",1981,1981-12-29,55
"LIB",1982,1982-12-29,55
"LIB",1983,1983-12-29,68
"LIB",1984,1984-12-29,90
"LIB",1985,1985-12-29,91
"LIB",1986,1986-12-29,91
"LIB",1987,1987-12-29,91
"LIB",1988,1988-12-29,86
"LIB",1989,1989-12-29,86
"LIB",1990,1990-12-29,86
"LIB",1991,1991-12-29,86
"LIB",1992,1992-12-29,85
"LIB",1993,1993-12-29,85
"LIB",1994,1994-12-29,80
"LIB",1995,1995-12-29,76
"LIB",1996,1996-12-29,76
"LIB",1997,1997-12-29,70
"LIB",1998,1998-12-29,70
"LIB",1999,1999-12-29,85
"LIB",2000,2000-12-29,76
"LIB",2001,2001-12-29,76
"LIB",2002,2002-12-29,76
"LIB",2003,2003-12-29,76
"LIB",2004,2004-12-29,76
"LIB",2005,2005-12-29,76
"LIB",2006,2006-12-29,76
"LIB",2007,2007-12-29,76
"LIB",2008,2008-12-29,76
"LIB",2009,2009-12-29,76
"LIB",2010,2010-12-29,76
"LIB",2011,2011-12-29,76
"LIB",2014,2014-12-29,7
"LIB",2015,2015-12-29,7
"SUD",1956,1956-12-29,9
"SUD",1957,1957-12-29,9
"SUD",1958,1958-12-29,9
"SUD",1959,1959-12-29,10
"SUD",1960,1960-12-29,10
"SUD",1961,1961-12-29,18
"SUD",1962,1962-12-29,18
"SUD",1963,1963-12-29,17
"SUD",1964,1964-12-29,18
"SUD",1965,1965-12-29,18
"SUD",1966,1966-12-29,20
"SUD",1967,1967-12-29,20
"SUD",1968,1968-12-29,20
"SUD",1969,1969-12-29,25
"SUD",1970,1970-12-29,25
"SUD",1971,1971-12-29,35
"SUD",1972,1972-12-29,35
"SUD",1973,1973-12-29,35
"SUD",1974,1974-12-29,35
"SUD",1975,1975-12-29,50
"SUD",1976,1976-12-29,50
"SUD",1977,1977-12-29,50
"SUD",1978,1978-12-29,71
"SUD",1979,1979-12-29,65
"SUD",1980,1980-12-29,65
"SUD",1981,1981-12-29,87
"SUD",1982,1982-12-29,86
"SUD",1983,1983-12-29,86
"SUD",1984,1984-12-29,65
"SUD",1985,1985-12-29,65
"SUD",1986,1986-12-29,59
"SUD",1987,1987-12-29,59
"SUD",1988,1988-12-29,65
"SUD",1989,1989-12-29,65
"SUD",1990,1990-12-29,65
"SUD",1991,1991-12-29,65
"SUD",1992,1992-12-29,82
"SUD",1993,1993-12-29,82
"SUD",1994,1994-12-29,82
"SUD",1995,1995-12-29,89
"SUD",1996,1996-12-29,89
"SUD",1997,1997-12-29,105
"SUD",1998,1998-12-29,105
"SUD",1999,1999-12-29,105
"SUD",2000,2000-12-29,104
"SUD",2001,2001-12-29,117
"SUD",2002,2002-12-29,117
"SUD",2003,2003-12-29,104
"SUD",2004,2004-12-29,104
"SUD",2005,2005-12-29,105
"SUD",2006,2006-12-29,105
"SUD",2007,2007-12-29,105
"SUD",2008,2008-12-29,109
"SUD",2009,2009-12-29,109
"SUD",2010,2010-12-29,109
"SUD",2011,2011-12-29,109
"SUD",2012,2012-12-29,109
"SUD",2013,2013-12-29,244
"SUD",2014,2014-12-29,244
"SUD",2015,2015-12-29,244
"SUD",2016,2016-12-29,244
"IRN",1855,1855-12-30,18
"IRN",1856,1856-12-30,18
"IRN",1857,1857-12-30,18
"IRN",1858,1858-12-30,18
"IRN",1859,1859-12-30,18
"IRN",1860,1860-12-30,19
"IRN",1861,1861-12-30,19
"IRN",1862,1862-12-30,19
"IRN",1863,1863-12-30,19
"IRN",1864,1864-12-30,19
"IRN",1865,1865-12-30,19
"IRN",1866,1866-12-30,20
"IRN",1867,1867-12-30,20
"IRN",1868,1868-12-30,20
"IRN",1869,1869-12-30,20
"IRN",1870,1870-12-30,20
"IRN",1871,1871-12-30,20
"IRN",1872,1872-12-30,20
"IRN",1873,1873-12-30,20
"IRN",1874,1874-12-30,20
"IRN",1875,1875-12-30,20
"IRN",1876,1876-12-30,30
"IRN",1877,1877-12-30,30
"IRN",1878,1878-12-30,30
"IRN",1879,1879-12-30,30
"IRN",1880,1880-12-30,30
"IRN",1881,1881-12-30,30
"IRN",1882,1882-12-30,30
"IRN",1883,1883-12-30,30
"IRN",1884,1884-12-30,30
"IRN",1885,1885-12-30,25
"IRN",1886,1886-12-30,25
"IRN",1887,1887-12-30,25
"IRN",1888,1888-12-30,25
"IRN",1889,1889-12-30,25
"IRN",1890,1890-12-30,25
"IRN",1891,1891-12-30,25
"IRN",1892,1892-12-30,25
"IRN",1893,1893-12-30,25
"IRN",1894,1894-12-30,25
"IRN",1895,1895-12-30,25
"IRN",1896,1896-12-30,25
"IRN",1897,1897-12-30,25
"IRN",1898,1898-12-30,25
"IRN",1899,1899-12-30,25
"IRN",1900,1900-12-30,25
"IRN",1901,1901-12-30,25
"IRN",1902,1902-12-30,25
"IRN",1903,1903-12-30,25
"IRN",1904,1904-12-30,25
"IRN",1905,1905-12-30,30
"IRN",1906,1906-12-30,30
"IRN",1907,1907-12-30,30
"IRN",1908,1908-12-30,30
"IRN",1909,1909-12-30,30
"IRN",1910,1910-12-30,30
"IRN",1911,1911-12-30,30
"IRN",1912,1912-12-30,30
"IRN",1913,1913-12-30,30
"IRN",1914,1914-12-29,59
"IRN",1915,1915-12-29,59
"IRN",1916,1916-12-29,59
"IRN",1917,1917-12-29,5
"IRN",1918,1918-12-30,46
"IRN",1919,1919-12-30,43
"IRN",1920,1920-12-30,40
"IRN",1921,1921-12-30,37
"IRN",1922,1922-12-30,33
"IRN",1923,1923-12-30,30
"IRN",1924,1924-12-30,28
"IRN",1925,1925-12-30,40
"IRN",1926,1926-12-30,40
"IRN",1927,1927-12-30,40
"IRN",1928,1928-12-30,40
"IRN",1929,1929-12-30,40
"IRN",1930,1930-12-30,40
"IRN",1931,1931-12-30,40
"IRN",1932,1932-12-30,40
"IRN",1933,1933-12-30,97
"IRN",1934,1934-12-30,97
"IRN",1935,1935-12-30,95
"IRN",1936,1936-12-30,94
"IRN",1937,1937-12-30,92
"IRN",1938,1938-12-30,90
"IRN",1939,1939-12-30,32
"IRN",1940,1940-12-29,120
"IRN",1941,1941-12-29,124
"IRN",1942,1942-12-29,65
"IRN",1943,1943-12-29,80
"IRN",1944,1944-12-29,86
"IRN",1945,1945-12-29,90
"IRN",1946,1946-12-29,101
"IRN",1947,1947-12-29,91
"IRN",1948,1948-12-29,92
"IRN",1949,1949-12-29,114
"IRN",1950,1950-12-29,114
"IRN",1951,1951-12-29,123
"IRN",1952,1952-12-29,132
"IRN",1953,1953-12-29,132
"IRN",1954,1954-12-29,132
"IRN",1955,1955-12-29,128
"IRN",1956,1956-12-29,128
"IRN",1957,1957-12-29,138
"IRN",1958,1958-12-29,147
"IRN",1959,1959-12-29,157
"IRN",1960,1960-12-29,208
"IRN",1961,1961-12-29,185
"IRN",1962,1962-12-29,200
"IRN",1963,1963-12-29,200
"IRN",1964,1964-12-29,200
"IRN",1965,1965-12-29,205
"IRN",1966,1966-12-29,210
"IRN",1967,1967-12-29,210
"IRN",1968,1968-12-29,210
"IRN",1969,1969-12-29,225
"IRN",1970,1970-12-29,245
"IRN",1971,1971-12-29,255
"IRN",1972,1972-12-29,265
"IRN",1973,1973-12-29,285
"IRN",1974,1974-12-29,310
"IRN",1975,1975-12-29,385
"IRN",1976,1976-12-29,420
"IRN",1977,1977-12-29,350
"IRN",1978,1978-12-29,350
"IRN",1979,1979-12-29,415
"IRN",1980,1980-12-29,305
"IRN",1981,1981-12-29,260
"IRN",1982,1982-12-29,240
"IRN",1983,1983-12-29,240
"IRN",1984,1984-12-29,335
"IRN",1985,1985-12-29,345
"IRN",1986,1986-12-29,345
"IRN",1987,1987-12-29,350
"IRN",1988,1988-12-29,654
"IRN",1989,1989-12-29,604
"IRN",1990,1990-12-29,440
"IRN",1991,1991-12-29,465
"IRN",1992,1992-12-29,528
"IRN",1993,1993-12-29,528
"IRN",1994,1994-12-29,528
"IRN",1995,1995-12-29,530
"IRN",1996,1996-12-29,540
"IRN",1997,1997-12-29,575
"IRN",1998,1998-12-29,460
"IRN",1999,1999-12-29,460
"IRN",2000,2000-12-29,513
"IRN",2001,2001-12-29,513
"IRN",2002,2002-12-29,520
"IRN",2003,2003-12-29,540
"IRN",2004,2004-12-29,480
"IRN",2005,2005-12-29,420
"IRN",2006,2006-12-29,545
"IRN",2007,2007-12-29,545
"IRN",2008,2008-12-29,545
"IRN",2009,2009-12-29,523
"IRN",2010,2010-12-29,523
"IRN",2011,2011-12-29,523
"IRN",2012,2012-12-29,523
"IRN",2013,2013-12-29,523
"IRN",2014,2014-12-29,523
"IRN",2015,2015-12-29,523
"IRN",2016,2016-12-29,523
"TUR",1816,1816-12-30,121
"TUR",1817,1817-12-30,121
"TUR",1818,1818-12-30,121
"TUR",1819,1819-12-30,141
"TUR",1820,1820-12-30,161
"TUR",1821,1821-12-30,181
"TUR",1822,1822-12-30,200
"TUR",1823,1823-12-30,206
"TUR",1824,1824-12-30,191
"TUR",1825,1825-12-30,190
"TUR",1826,1826-12-30,190
"TUR",1827,1827-12-30,191
"TUR",1828,1828-12-30,129
"TUR",1829,1829-12-30,129
"TUR",1830,1830-12-30,129
"TUR",1831,1831-12-30,129
"TUR",1832,1832-12-30,129
"TUR",1833,1833-12-30,129
"TUR",1834,1834-12-30,129
"TUR",1835,1835-12-30,129
"TUR",1836,1836-12-30,129
"TUR",1837,1837-12-30,129
"TUR",1838,1838-12-30,129
"TUR",1839,1839-12-30,278
"TUR",1840,1840-12-30,137
"TUR",1841,1841-12-30,145
"TUR",1842,1842-12-30,153
"TUR",1843,1843-12-30,162
"TUR",1844,1844-12-30,171
"TUR",1845,1845-12-30,158
"TUR",1846,1846-12-30,144
"TUR",1847,1847-12-30,130
"TUR",1848,1848-12-30,135
"TUR",1849,1849-12-30,140
"TUR",1850,1850-12-30,145
"TUR",1851,1851-12-30,150
"TUR",1852,1852-12-30,150
"TUR",1853,1853-12-30,160
"TUR",1854,1854-12-30,160
"TUR",1855,1855-12-30,160
"TUR",1856,1856-12-30,160
"TUR",1857,1857-12-30,160
"TUR",1858,1858-12-30,160
"TUR",1859,1859-12-30,160
"TUR",1860,1860-12-30,160
"TUR",1861,1861-12-30,160
"TUR",1862,1862-12-30,159
"TUR",1863,1863-12-30,159
"TUR",1864,1864-12-30,159
"TUR",1865,1865-12-30,160
"TUR",1866,1866-12-30,160
"TUR",1867,1867-12-30,160
"TUR",1868,1868-12-30,133
"TUR",1869,1869-12-30,143
"TUR",1870,1870-12-30,153
"TUR",1871,1871-12-30,163
"TUR",1872,1872-12-30,163
"TUR",1873,1873-12-30,163
"TUR",1874,1874-12-30,144
"TUR",1875,1875-12-30,151
"TUR",1876,1876-12-30,411
"TUR",1877,1877-12-30,461
"TUR",1878,1878-12-30,336
"TUR",1879,1879-12-30,211
"TUR",1880,1880-12-30,151
"TUR",1881,1881-12-30,251
"TUR",1882,1882-12-30,241
"TUR",1883,1883-12-30,231
"TUR",1884,1884-12-30,211
"TUR",1885,1885-12-30,211
"TUR",1886,1886-12-30,231
"TUR",1887,1887-12-30,211
"TUR",1888,1888-12-30,221
"TUR",1889,1889-12-30,260
"TUR",1890,1890-12-30,236
"TUR",1891,1891-12-30,247
"TUR",1892,1892-12-30,241
"TUR",1893,1893-12-30,247
"TUR",1894,1894-12-30,234
"TUR",1895,1895-12-30,231
"TUR",1896,1896-12-30,261
"TUR",1897,1897-12-30,436
"TUR",1898,1898-12-30,336
"TUR",1899,1899-12-30,235
"TUR",1900,1900-12-30,273
"TUR",1901,1901-12-30,275
"TUR",1902,1902-12-30,266
"TUR",1903,1903-12-30,266
"TUR",1904,1904-12-30,239
"TUR",1905,1905-12-30,298
"TUR",1906,1906-12-30,310
"TUR",1907,1907-12-30,321
"TUR",1908,1908-12-30,319
"TUR",1909,1909-12-30,312
"TUR",1910,1910-12-30,324
"TUR",1911,1911-12-30,336
"TUR",1912,1912-12-30,241
"TUR",1913,1913-12-30,241
"TUR",1914,1914-12-29,249
"TUR",1915,1915-12-29,790
"TUR",1918,1918-12-30,400
"TUR",1919,1919-12-30,129
"TUR",1920,1920-12-30,109
"TUR",1921,1921-12-30,169
"TUR",1922,1922-12-30,209
"TUR",1923,1923-12-30,129
"TUR",1924,1924-12-30,129
"TUR",1925,1925-12-30,129
"TUR",1926,1926-12-30,129
"TUR",1927,1927-12-30,99
"TUR",1928,1928-12-30,129
"TUR",1929,1929-12-30,129
"TUR",1930,1930-12-30,149
"TUR",1931,1931-12-30,145
"TUR",1932,1932-12-30,149
"TUR",1933,1933-12-30,149
"TUR",1934,1934-12-30,203
"TUR",1935,1935-12-30,211
"TUR",1936,1936-12-30,211
"TUR",1937,1937-12-30,211
"TUR",1938,1938-12-30,211
"TUR",1939,1939-12-30,148
"TUR",1941,1941-12-29,513
"TUR",1942,1942-12-29,513
"TUR",1943,1943-12-29,513
"TUR",1944,1944-12-29,513
"TUR",1945,1945-12-29,514
"TUR",1946,1946-12-29,689
"TUR",1947,1947-12-29,689
"TUR",1948,1948-12-29,689
"TUR",1949,1949-12-29,669
"TUR",1950,1950-12-29,684
"TUR",1951,1951-12-29,531
"TUR",1952,1952-12-29,533
"TUR",1953,1953-12-29,436
"TUR",1954,1954-12-29,413
"TUR",1955,1955-12-29,425
"TUR",1956,1956-12-29,437
"TUR",1957,1957-12-29,449
"TUR",1958,1958-12-29,460
"TUR",1959,1959-12-29,460
"TUR",1960,1960-12-29,435
"TUR",1961,1961-12-29,400
"TUR",1962,1962-12-29,420
"TUR",1963,1963-12-29,475
"TUR",1964,1964-12-29,480
"TUR",1965,1965-12-29,490
"TUR",1966,1966-12-29,510
"TUR",1967,1967-12-29,530
"TUR",1968,1968-12-29,535
"TUR",1969,1969-12-29,545
"TUR",1970,1970-12-29,540
"TUR",1971,1971-12-29,610
"TUR",1972,1972-12-29,610
"TUR",1973,1973-12-29,563
"TUR",1974,1974-12-29,574
"TUR",1975,1975-12-29,584
"TUR",1976,1976-12-29,674
"TUR",1977,1977-12-29,771
"TUR",1978,1978-12-29,721
"TUR",1979,1979-12-29,698
"TUR",1980,1980-12-29,717
"TUR",1981,1981-12-29,741
"TUR",1982,1982-12-29,769
"TUR",1983,1983-12-29,824
"TUR",1984,1984-12-29,815
"TUR",1985,1985-12-29,814
"TUR",1986,1986-12-29,860
"TUR",1987,1987-12-29,879
"TUR",1988,1988-12-29,847
"TUR",1989,1989-12-29,780
"TUR",1990,1990-12-29,769
"TUR",1991,1991-12-29,804
"TUR",1992,1992-12-29,704
"TUR",1993,1993-12-29,686
"TUR",1994,1994-12-29,811
"TUR",1995,1995-12-29,805
"TUR",1996,1996-12-29,818
"TUR",1997,1997-12-29,820
"TUR",1998,1998-12-29,788
"TUR",1999,1999-12-29,789
"TUR",2000,2000-12-29,610
"TUR",2001,2001-12-29,515
"TUR",2002,2002-12-29,515
"TUR",2003,2003-12-29,515
"TUR",2004,2004-12-29,515
"TUR",2005,2005-12-29,515
"TUR",2006,2006-12-29,515
"TUR",2007,2007-12-29,515
"TUR",2008,2008-12-29,510
"TUR",2009,2009-12-29,511
"TUR",2010,2010-12-29,511
"TUR",2011,2011-12-29,511
"TUR",2012,2012-12-29,511
"TUR",2013,2013-12-29,511
"TUR",2014,2014-12-29,511
"TUR",2015,2015-12-29,511
"TUR",2016,2016-12-29,511
"IRQ",1932,1932-12-30,12
"IRQ",1933,1933-12-30,10
"IRQ",1934,1934-12-30,10
"IRQ",1935,1935-12-30,14
"IRQ",1936,1936-12-30,19
"IRQ",1937,1937-12-30,23
"IRQ",1938,1938-12-30,28
"IRQ",1939,1939-12-30,19
"IRQ",1946,1946-12-29,51
"IRQ",1947,1947-12-29,31
"IRQ",1948,1948-12-29,31
"IRQ",1949,1949-12-29,31
"IRQ",1950,1950-12-29,35
"IRQ",1951,1951-12-29,38
"IRQ",1952,1952-12-29,42
"IRQ",1953,1953-12-29,46
"IRQ",1954,1954-12-29,49
"IRQ",1955,1955-12-29,53
"IRQ",1956,1956-12-29,57
"IRQ",1957,1957-12-29,60
"IRQ",1958,1958-12-29,64
"IRQ",1959,1959-12-29,57
"IRQ",1960,1960-12-29,74
"IRQ",1961,1961-12-29,90
"IRQ",1962,1962-12-29,91
"IRQ",1963,1963-12-29,80
"IRQ",1964,1964-12-29,80
"IRQ",1965,1965-12-29,90
"IRQ",1966,1966-12-29,90
"IRQ",1967,1967-12-29,90
"IRQ",1968,1968-12-29,90
"IRQ",1969,1969-12-29,90
"IRQ",1970,1970-12-29,95
"IRQ",1971,1971-12-29,105
"IRQ",1972,1972-12-29,105
"IRQ",1973,1973-12-29,105
"IRQ",1974,1974-12-29,110
"IRQ",1975,1975-12-29,155
"IRQ",1976,1976-12-29,190
"IRQ",1977,1977-12-29,140
"IRQ",1978,1978-12-29,362
"IRQ",1979,1979-12-29,444
"IRQ",1980,1980-12-29,430
"IRQ",1981,1981-12-29,392
"IRQ",1982,1982-12-29,404
"IRQ",1983,1983-12-29,434
"IRQ",1984,1984-12-29,788
"IRQ",1985,1985-12-29,788
"IRQ",1986,1986-12-29,800
"IRQ",1987,1987-12-29,900
"IRQ",1988,1988-12-29,1000
"IRQ",1989,1989-12-29,1000
"IRQ",1990,1990-12-29,1390
"IRQ",1991,1991-12-29,475
"IRQ",1992,1992-12-29,407
"IRQ",1993,1993-12-29,407
"IRQ",1994,1994-12-29,425
"IRQ",1995,1995-12-29,450
"IRQ",1996,1996-12-29,450
"IRQ",1997,1997-12-29,400
"IRQ",1998,1998-12-29,420
"IRQ",1999,1999-12-29,420
"IRQ",2000,2000-12-29,429
"IRQ",2001,2001-12-29,424
"IRQ",2002,2002-12-29,389
"IRQ",2003,2003-12-29,389
"IRQ",2004,2004-12-29,284
"IRQ",2005,2005-12-29,180
"IRQ",2006,2006-12-29,227
"IRQ",2007,2007-12-29,227
"IRQ",2008,2008-12-29,495
"IRQ",2009,2009-12-29,577
"IRQ",2010,2010-12-29,578
"IRQ",2011,2011-12-29,246
"IRQ",2012,2012-12-29,271
"IRQ",2013,2013-12-29,271
"IRQ",2014,2014-12-29,271
"IRQ",2015,2015-12-29,178
"IRQ",2016,2016-12-29,64
"EGY",1855,1855-12-30,24
"EGY",1856,1856-12-30,24
"EGY",1857,1857-12-30,15
"EGY",1858,1858-12-30,16
"EGY",1859,1859-12-30,17
"EGY",1860,1860-12-30,18
"EGY",1861,1861-12-30,19
"EGY",1862,1862-12-30,20
"EGY",1863,1863-12-30,21
"EGY",1864,1864-12-30,18
"EGY",1865,1865-12-30,14
"EGY",1866,1866-12-30,15
"EGY",1867,1867-12-30,17
"EGY",1868,1868-12-30,18
"EGY",1869,1869-12-30,19
"EGY",1870,1870-12-30,20
"EGY",1871,1871-12-30,22
"EGY",1872,1872-12-30,23
"EGY",1873,1873-12-30,24
"EGY",1874,1874-12-30,25
"EGY",1875,1875-12-30,26
"EGY",1876,1876-12-30,26
"EGY",1877,1877-12-30,26
"EGY",1878,1878-12-30,21
"EGY",1879,1879-12-30,15
"EGY",1880,1880-12-30,15
"EGY",1881,1881-12-30,15
"EGY",1882,1882-12-30,15
"EGY",1937,1937-12-30,22
"EGY",1938,1938-12-30,24
"EGY",1939,1939-12-30,25
"EGY",1940,1940-12-29,50
"EGY",1946,1946-12-29,50
"EGY",1947,1947-12-29,57
"EGY",1948,1948-12-29,64
"EGY",1949,1949-12-29,70
"EGY",1950,1950-12-29,74
"EGY",1951,1951-12-29,77
"EGY",1952,1952-12-29,81
"EGY",1953,1953-12-29,85
"EGY",1954,1954-12-29,88
"EGY",1955,1955-12-29,92
"EGY",1956,1956-12-29,93
"EGY",1957,1957-12-29,95
"EGY",1958,1958-12-29,107
"EGY",1959,1959-12-29,157
"EGY",1960,1960-12-29,160
"EGY",1961,1961-12-29,215
"EGY",1962,1962-12-29,220
"EGY",1963,1963-12-29,135
"EGY",1964,1964-12-29,160
"EGY",1965,1965-12-29,205
"EGY",1966,1966-12-29,215
"EGY",1967,1967-12-29,220
"EGY",1968,1968-12-29,195
"EGY",1969,1969-12-29,230
"EGY",1970,1970-12-29,255
"EGY",1971,1971-12-29,315
"EGY",1972,1972-12-29,390
"EGY",1973,1973-12-29,390
"EGY",1974,1974-12-29,410
"EGY",1975,1975-12-29,400
"EGY",1976,1976-12-29,400
"EGY",1977,1977-12-29,350
"EGY",1978,1978-12-29,447
"EGY",1979,1979-12-29,447
"EGY",1980,1980-12-29,447
"EGY",1981,1981-12-29,447
"EGY",1982,1982-12-29,447
"EGY",1983,1983-12-29,447
"EGY",1984,1984-12-29,466
"EGY",1985,1985-12-29,466
"EGY",1986,1986-12-29,400
"EGY",1987,1987-12-29,450
"EGY",1988,1988-12-29,452
"EGY",1989,1989-12-29,450
"EGY",1990,1990-12-29,434
"EGY",1991,1991-12-29,434
"EGY",1992,1992-12-29,424
"EGY",1993,1993-12-29,424
"EGY",1994,1994-12-29,430
"EGY",1995,1995-12-29,430
"EGY",1996,1996-12-29,430
"EGY",1997,1997-12-29,430
"EGY",1998,1998-12-29,430
"EGY",1999,1999-12-29,430
"EGY",2000,2000-12-29,448
"EGY",2001,2001-12-29,443
"EGY",2002,2002-12-29,443
"EGY",2003,2003-12-29,450
"EGY",2004,2004-12-29,459
"EGY",2005,2005-12-29,469
"EGY",2006,2006-12-29,469
"EGY",2007,2007-12-29,469
"EGY",2008,2008-12-29,469
"EGY",2009,2009-12-29,469
"EGY",2010,2010-12-29,469
"EGY",2011,2011-12-29,469
"EGY",2012,2012-12-29,439
"EGY",2013,2013-12-29,439
"EGY",2014,2014-12-29,439
"EGY",2015,2015-12-29,439
"EGY",2016,2016-12-29,439
"SYR",1946,1946-12-29,10
"SYR",1947,1947-12-29,10
"SYR",1948,1948-12-29,8
"SYR",1949,1949-12-29,20
"SYR",1950,1950-12-29,32
"SYR",1951,1951-12-29,32
"SYR",1952,1952-12-29,35
"SYR",1953,1953-12-29,35
"SYR",1954,1954-12-29,25
"SYR",1955,1955-12-29,25
"SYR",1956,1956-12-29,25
"SYR",1957,1957-12-29,60
"SYR",1958,1958-12-29,62
"SYR",1961,1961-12-29,52
"SYR",1962,1962-12-29,54
"SYR",1963,1963-12-29,75
"SYR",1964,1964-12-29,80
"SYR",1965,1965-12-29,70
"SYR",1966,1966-12-29,80
"SYR",1967,1967-12-29,80
"SYR",1968,1968-12-29,65
"SYR",1969,1969-12-29,75
"SYR",1970,1970-12-29,75
"SYR",1971,1971-12-29,110
"SYR",1972,1972-12-29,115
"SYR",1973,1973-12-29,115
"SYR",1974,1974-12-29,130
"SYR",1975,1975-12-29,230
"SYR",1976,1976-12-29,240
"SYR",1977,1977-12-29,250
"SYR",1978,1978-12-29,220
"SYR",1979,1979-12-29,220
"SYR",1980,1980-12-29,250
"SYR",1981,1981-12-29,270
"SYR",1982,1982-12-29,300
"SYR",1983,1983-12-29,400
"SYR",1984,1984-12-29,402
"SYR",1985,1985-12-29,402
"SYR",1986,1986-12-29,400
"SYR",1987,1987-12-29,400
"SYR",1988,1988-12-29,400
"SYR",1989,1989-12-29,400
"SYR",1990,1990-12-29,408
"SYR",1991,1991-12-29,408
"SYR",1992,1992-12-29,408
"SYR",1993,1993-12-29,408
"SYR",1994,1994-12-29,320
"SYR",1995,1995-12-29,320
"SYR",1996,1996-12-29,320
"SYR",1997,1997-12-29,320
"SYR",1998,1998-12-29,315
"SYR",1999,1999-12-29,310
"SYR",2000,2000-12-29,316
"SYR",2001,2001-12-29,321
"SYR",2002,2002-12-29,319
"SYR",2003,2003-12-29,319
"SYR",2004,2004-12-29,313
"SYR",2005,2005-12-29,308
"SYR",2006,2006-12-29,308
"SYR",2007,2007-12-29,308
"SYR",2008,2008-12-29,293
"SYR",2009,2009-12-29,293
"SYR",2010,2010-12-29,325
"SYR",2011,2011-12-29,295
"SYR",2012,2012-12-29,295
"SYR",2013,2013-12-29,178
"SYR",2014,2014-12-29,178
"SYR",2015,2015-12-29,178
"SYR",2016,2016-12-29,131
"LEB",1946,1946-12-29,4
"LEB",1947,1947-12-29,4
"LEB",1948,1948-12-29,3
"LEB",1949,1949-12-29,3
"LEB",1950,1950-12-29,5
"LEB",1951,1951-12-29,5
"LEB",1952,1952-12-29,5
"LEB",1953,1953-12-29,6
"LEB",1954,1954-12-29,7
"LEB",1955,1955-12-29,7
"LEB",1956,1956-12-29,7
"LEB",1957,1957-12-29,9
"LEB",1958,1958-12-29,9
"LEB",1959,1959-12-29,9
"LEB",1960,1960-12-29,10
"LEB",1961,1961-12-29,8
"LEB",1962,1962-12-29,10
"LEB",1963,1963-12-29,16
"LEB",1964,1964-12-29,16
"LEB",1965,1965-12-29,17
"LEB",1966,1966-12-29,19
"LEB",1967,1967-12-29,19
"LEB",1968,1968-12-29,19
"LEB",1969,1969-12-29,19
"LEB",1970,1970-12-29,19
"LEB",1971,1971-12-29,20
"LEB",1972,1972-12-29,20
"LEB",1973,1973-12-29,20
"LEB",1974,1974-12-29,20
"LEB",1975,1975-12-29,24
"LEB",1976,1976-12-29,24
"LEB",1977,1977-12-29,9
"LEB",1978,1978-12-29,9
"LEB",1979,1979-12-29,18
"LEB",1980,1980-12-29,18
"LEB",1981,1981-12-29,20
"LEB",1982,1982-12-29,21
"LEB",1983,1983-12-29,20
"LEB",1984,1984-12-29,19
"LEB",1985,1985-12-29,21
"LEB",1986,1986-12-29,36
"LEB",1987,1987-12-29,37
"LEB",1988,1988-12-29,20
"LEB",1989,1989-12-29,18
"LEB",1990,1990-12-29,36
"LEB",1991,1991-12-29,36
"LEB",1992,1992-12-29,37
"LEB",1993,1993-12-29,37
"LEB",1994,1994-12-29,50
"LEB",1995,1995-12-29,55
"LEB",1996,1996-12-29,55
"LEB",1997,1997-12-29,57
"LEB",1998,1998-12-29,58
"LEB",1999,1999-12-29,58
"LEB",2000,2000-12-29,64
"LEB",2001,2001-12-29,72
"LEB",2002,2002-12-29,72
"LEB",2003,2003-12-29,72
"LEB",2004,2004-12-29,72
"LEB",2005,2005-12-29,72
"LEB",2006,2006-12-29,72
"LEB",2007,2007-12-29,72
"LEB",2008,2008-12-29,56
"LEB",2009,2009-12-29,56
"LEB",2010,2010-12-29,59
"LEB",2011,2011-12-29,59
"LEB",2012,2012-12-29,59
"LEB",2013,2013-12-29,60
"LEB",2014,2014-12-29,60
"LEB",2015,2015-12-29,60
"LEB",2016,2016-12-29,60
"JOR",1946,1946-12-29,8
"JOR",1947,1947-12-29,8
"JOR",1948,1948-12-29,8
"JOR",1949,1949-12-29,14
"JOR",1950,1950-12-29,15
"JOR",1951,1951-12-29,15
"JOR",1952,1952-12-29,15
"JOR",1953,1953-12-29,15
"JOR",1954,1954-12-29,15
"JOR",1955,1955-12-29,15
"JOR",1956,1956-12-29,25
"JOR",1957,1957-12-29,36
"JOR",1958,1958-12-29,46
"JOR",1959,1959-12-29,46
"JOR",1961,1961-12-29,35
"JOR",1962,1962-12-29,35
"JOR",1963,1963-12-29,45
"JOR",1964,1964-12-29,45
"JOR",1965,1965-12-29,55
"JOR",1966,1966-12-29,50
"JOR",1967,1967-12-29,60
"JOR",1968,1968-12-29,55
"JOR",1969,1969-12-29,60
"JOR",1970,1970-12-29,70
"JOR",1971,1971-12-29,65
"JOR",1972,1972-12-29,70
"JOR",1973,1973-12-29,70
"JOR",1974,1974-12-29,70
"JOR",1975,1975-12-29,60
"JOR",1976,1976-12-29,65
"JOR",1977,1977-12-29,70
"JOR",1978,1978-12-29,70
"JOR",1979,1979-12-29,67
"JOR",1980,1980-12-29,65
"JOR",1981,1981-12-29,66
"JOR",1982,1982-12-29,68
"JOR",1983,1983-12-29,72
"JOR",1984,1984-12-29,78
"JOR",1985,1985-12-29,81
"JOR",1986,1986-12-29,86
"JOR",1987,1987-12-29,100
"JOR",1988,1988-12-29,165
"JOR",1989,1989-12-29,190
"JOR",1990,1990-12-29,100
"JOR",1991,1991-12-29,100
"JOR",1992,1992-12-29,100
"JOR",1993,1993-12-29,100
"JOR",1994,1994-12-29,100
"JOR",1995,1995-12-29,100
"JOR",1996,1996-12-29,100
"JOR",1997,1997-12-29,102
"JOR",1998,1998-12-29,102
"JOR",1999,1999-12-29,102
"JOR",2000,2000-12-29,104
"JOR",2001,2001-12-29,100
"JOR",2002,2002-12-29,100
"JOR",2003,2003-12-29,100
"JOR",2004,2004-12-29,100
"JOR",2005,2005-12-29,101
"JOR",2006,2006-12-29,101
"JOR",2007,2007-12-29,101
"JOR",2008,2008-12-29,101
"JOR",2009,2009-12-29,101
"JOR",2010,2010-12-29,101
"JOR",2011,2011-12-29,101
"JOR",2012,2012-12-29,101
"JOR",2013,2013-12-29,101
"JOR",2014,2014-12-29,101
"JOR",2015,2015-12-29,101
"JOR",2016,2016-12-29,101
"ISR",1948,1948-12-29,85
"ISR",1949,1949-12-29,82
"ISR",1950,1950-12-29,78
"ISR",1951,1951-12-29,75
"ISR",1952,1952-12-29,75
"ISR",1953,1953-12-29,75
"ISR",1954,1954-12-29,75
"ISR",1955,1955-12-29,75
"ISR",1956,1956-12-29,75
"ISR",1957,1957-12-29,70
"ISR",1958,1958-12-29,65
"ISR",1959,1959-12-29,65
"ISR",1960,1960-12-29,65
"ISR",1961,1961-12-29,63
"ISR",1962,1962-12-29,65
"ISR",1963,1963-12-29,65
"ISR",1964,1964-12-29,65
"ISR",1965,1965-12-29,65
"ISR",1966,1966-12-29,65
"ISR",1967,1967-12-29,75
"ISR",1968,1968-12-29,95
"ISR",1969,1969-12-29,100
"ISR",1970,1970-12-29,105
"ISR",1971,1971-12-29,130
"ISR",1972,1972-12-29,130
"ISR",1973,1973-12-29,130
"ISR",1974,1974-12-29,182
"ISR",1975,1975-12-29,172
"ISR",1976,1976-12-29,172
"ISR",1977,1977-12-29,179
"ISR",1978,1978-12-29,179
"ISR",1979,1979-12-29,181
"ISR",1980,1980-12-29,196
"ISR",1981,1981-12-29,201
"ISR",1982,1982-12-29,205
"ISR",1983,1983-12-29,205
"ISR",1984,1984-12-29,205
"ISR",1985,1985-12-29,195
"ISR",1986,1986-12-29,180
"ISR",1987,1987-12-29,180
"ISR",1988,1988-12-29,191
"ISR",1989,1989-12-29,191
"ISR",1990,1990-12-29,190
"ISR",1991,1991-12-29,190
"ISR",1992,1992-12-29,181
"ISR",1993,1993-12-29,181
"ISR",1994,1994-12-29,185
"ISR",1995,1995-12-29,185
"ISR",1996,1996-12-29,185
"ISR",1997,1997-12-29,185
"ISR",1998,1998-12-29,175
"ISR",1999,1999-12-29,173
"ISR",2000,2000-12-29,172
"ISR",2001,2001-12-29,164
"ISR",2002,2002-12-29,161
"ISR",2003,2003-12-29,167
"ISR",2004,2004-12-29,168
"ISR",2005,2005-12-29,168
"ISR",2006,2006-12-29,168
"ISR",2007,2007-12-29,168
"ISR",2008,2008-12-29,177
"ISR",2009,2009-12-29,177
"ISR",2010,2010-12-29,177
"ISR",2011,2011-12-29,177
"ISR",2012,2012-12-29,177
"ISR",2013,2013-12-29,177
"ISR",2014,2014-12-29,177
"ISR",2015,2015-12-29,177
"ISR",2016,2016-12-29,177
"SAU",1927,1927-12-30,4
"SAU",1928,1928-12-30,4
"SAU",1929,1929-12-30,4
"SAU",1930,1930-12-30,4
"SAU",1931,1931-12-30,4
"SAU",1932,1932-12-30,4
"SAU",1933,1933-12-30,4
"SAU",1934,1934-12-30,4
"SAU",1935,1935-12-30,4
"SAU",1936,1936-12-30,4
"SAU",1937,1937-12-30,4
"SAU",1938,1938-12-30,4
"SAU",1939,1939-12-30,4
"SAU",1940,1940-12-29,4
"SAU",1941,1941-12-29,4
"SAU",1942,1942-12-29,4
"SAU",1943,1943-12-29,4
"SAU",1944,1944-12-29,4
"SAU",1945,1945-12-29,4
"SAU",1946,1946-12-29,4
"SAU",1947,1947-12-29,4
"SAU",1948,1948-12-29,4
"SAU",1949,1949-12-29,5
"SAU",1950,1950-12-29,6
"SAU",1951,1951-12-29,7
"SAU",1952,1952-12-29,8
"SAU",1953,1953-12-29,9
"SAU",1954,1954-12-29,34
"SAU",1955,1955-12-29,33
"SAU",1956,1956-12-29,32
"SAU",1957,1957-12-29,31
"SAU",1958,1958-12-29,30
"SAU",1959,1959-12-29,30
"SAU",1960,1960-12-29,30
"SAU",1961,1961-12-29,35
"SAU",1962,1962-12-29,37
"SAU",1963,1963-12-29,35
"SAU",1964,1964-12-29,40
"SAU",1965,1965-12-29,40
"SAU",1966,1966-12-29,45
"SAU",1967,1967-12-29,50
"SAU",1968,1968-12-29,60
"SAU",1969,1969-12-29,60
"SAU",1970,1970-12-29,65
"SAU",1971,1971-12-29,75
"SAU",1972,1972-12-29,75
"SAU",1973,1973-12-29,75
"SAU",1974,1974-12-29,75
"SAU",1975,1975-12-29,75
"SAU",1976,1976-12-29,75
"SAU",1977,1977-12-29,75
"SAU",1978,1978-12-29,75
"SAU",1979,1979-12-29,79
"SAU",1980,1980-12-29,79
"SAU",1981,1981-12-29,79
"SAU",1982,1982-12-29,80
"SAU",1983,1983-12-29,80
"SAU",1984,1984-12-29,80
"SAU",1985,1985-12-29,80
"SAU",1986,1986-12-29,80
"SAU",1987,1987-12-29,80
"SAU",1988,1988-12-29,84
"SAU",1989,1989-12-29,82
"SAU",1990,1990-12-29,146
"SAU",1991,1991-12-29,191
"SAU",1992,1992-12-29,172
"SAU",1993,1993-12-29,172
"SAU",1994,1994-12-29,164
"SAU",1995,1995-12-29,175
"SAU",1996,1996-12-29,180
"SAU",1997,1997-12-29,180
"SAU",1998,1998-12-29,190
"SAU",1999,1999-12-29,190
"SAU",2000,2000-12-29,202
"SAU",2001,2001-12-29,201
"SAU",2002,2002-12-29,200
"SAU",2003,2003-12-29,200
"SAU",2004,2004-12-29,200
"SAU",2005,2005-12-29,200
"SAU",2006,2006-12-29,200
"SAU",2007,2007-12-29,225
"SAU",2008,2008-12-29,224
"SAU",2009,2009-12-29,222
"SAU",2010,2010-12-29,234
"SAU",2011,2011-12-29,234
"SAU",2012,2012-12-29,234
"SAU",2013,2013-12-29,234
"SAU",2014,2014-12-29,234
"SAU",2015,2015-12-29,227
"SAU",2016,2016-12-29,227
"YAR",1926,1926-12-30,18
"YAR",1927,1927-12-30,18
"YAR",1928,1928-12-30,18
"YAR",1929,1929-12-30,18
"YAR",1930,1930-12-30,18
"YAR",1931,1931-12-30,18
"YAR",1932,1932-12-30,18
"YAR",1933,1933-12-30,18
"YAR",1934,1934-12-30,18
"YAR",1935,1935-12-30,18
"YAR",1936,1936-12-30,18
"YAR",1937,1937-12-30,18
"YAR",1938,1938-12-30,18
"YAR",1939,1939-12-30,18
"YAR",1940,1940-12-29,18
"YAR",1941,1941-12-29,18
"YAR",1942,1942-12-29,18
"YAR",1943,1943-12-29,18
"YAR",1944,1944-12-29,18
"YAR",1945,1945-12-29,18
"YAR",1946,1946-12-29,18
"YAR",1947,1947-12-29,18
"YAR",1948,1948-12-29,18
"YAR",1949,1949-12-29,18
"YAR",1950,1950-12-29,18
"YAR",1951,1951-12-29,18
"YAR",1952,1952-12-29,18
"YAR",1953,1953-12-29,18
"YAR",1954,1954-12-29,18
"YAR",1955,1955-12-29,18
"YAR",1956,1956-12-29,18
"YAR",1957,1957-12-29,18
"YAR",1958,1958-12-29,18
"YAR",1959,1959-12-29,18
"YAR",1960,1960-12-29,18
"YAR",1961,1961-12-29,1
"YAR",1962,1962-12-29,2
"YAR",1963,1963-12-29,8
"YAR",1964,1964-12-29,8
"YAR",1965,1965-12-29,11
"YAR",1966,1966-12-29,8
"YAR",1967,1967-12-29,10
"YAR",1968,1968-12-29,10
"YAR",1969,1969-12-29,14
"YAR",1970,1970-12-29,13
"YAR",1971,1971-12-29,13
"YAR",1972,1972-12-29,20
"YAR",1973,1973-12-29,31
"YAR",1974,1974-12-29,35
"YAR",1975,1975-12-29,42
"YAR",1976,1976-12-29,42
"YAR",1977,1977-12-29,40
"YAR",1978,1978-12-29,40
"YAR",1979,1979-12-29,36
"YAR",1980,1980-12-29,36
"YAR",1981,1981-12-29,30
"YAR",1982,1982-12-29,22
"YAR",1983,1983-12-29,22
"YAR",1984,1984-12-29,28
"YAR",1985,1985-12-29,28
"YAR",1986,1986-12-29,28
"YAR",1987,1987-12-29,43
"YAR",1988,1988-12-29,62
"YAR",1989,1989-12-29,62
"YAR",1990,1990-12-29,127
"YPR",1967,1967-12-29,3
"YPR",1968,1968-12-29,10
"YPR",1969,1969-12-29,9
"YPR",1970,1970-12-29,9
"YPR",1971,1971-12-29,10
"YPR",1972,1972-12-29,13
"YPR",1973,1973-12-29,12
"YPR",1974,1974-12-29,14
"YPR",1975,1975-12-29,19
"YPR",1976,1976-12-29,21
"YPR",1977,1977-12-29,20
"YPR",1978,1978-12-29,20
"YPR",1979,1979-12-29,20
"YPR",1980,1980-12-29,23
"YPR",1981,1981-12-29,23
"YPR",1982,1982-12-29,25
"YPR",1983,1983-12-29,25
"YPR",1984,1984-12-29,27
"YPR",1985,1985-12-29,27
"YPR",1986,1986-12-29,34
"YPR",1987,1987-12-29,40
"YPR",1988,1988-12-29,88
"YPR",1989,1989-12-29,88
"KUW",1961,1961-12-29,1
"KUW",1962,1962-12-29,1
"KUW",1963,1963-12-29,2
"KUW",1964,1964-12-29,2
"KUW",1965,1965-12-29,8
"KUW",1966,1966-12-29,8
"KUW",1967,1967-12-29,8
"KUW",1968,1968-12-29,10
"KUW",1969,1969-12-29,10
"KUW",1970,1970-12-29,10
"KUW",1971,1971-12-29,14
"KUW",1972,1972-12-29,14
"KUW",1973,1973-12-29,14
"KUW",1974,1974-12-29,15
"KUW",1975,1975-12-29,25
"KUW",1976,1976-12-29,25
"KUW",1977,1977-12-29,10
"KUW",1978,1978-12-29,10
"KUW",1979,1979-12-29,11
"KUW",1980,1980-12-29,12
"KUW",1981,1981-12-29,12
"KUW",1982,1982-12-29,13
"KUW",1983,1983-12-29,13
"KUW",1984,1984-12-29,15
"KUW",1985,1985-12-29,16
"KUW",1986,1986-12-29,18
"KUW",1987,1987-12-29,20
"KUW",1988,1988-12-29,15
"KUW",1989,1989-12-29,20
"KUW",1990,1990-12-29,7
"KUW",1991,1991-12-29,10
"KUW",1992,1992-12-29,12
"KUW",1993,1993-12-29,12
"KUW",1994,1994-12-29,15
"KUW",1995,1995-12-29,20
"KUW",1996,1996-12-29,22
"KUW",1997,1997-12-29,28
"KUW",1998,1998-12-29,21
"KUW",1999,1999-12-29,21
"KUW",2000,2000-12-29,15
"KUW",2001,2001-12-29,16
"KUW",2002,2002-12-29,16
"KUW",2003,2003-12-29,16
"KUW",2004,2004-12-29,16
"KUW",2005,2005-12-29,16
"KUW",2006,2006-12-29,16
"KUW",2007,2007-12-29,16
"KUW",2008,2008-12-29,16
"KUW",2009,2009-12-29,16
"KUW",2010,2010-12-29,16
"KUW",2011,2011-12-29,16
"KUW",2012,2012-12-29,16
"KUW",2013,2013-12-29,16
"KUW",2014,2014-12-29,16
"KUW",2015,2015-12-29,16
"KUW",2016,2016-12-29,16
"QAT",1972,1972-12-29,2
"QAT",1973,1973-12-29,3
"QAT",1974,1974-12-29,3
"QAT",1975,1975-12-29,5
"QAT",1976,1976-12-29,5
"QAT",1977,1977-12-29,5
"QAT",1978,1978-12-29,5
"QAT",1979,1979-12-29,5
"QAT",1980,1980-12-29,6
"QAT",1981,1981-12-29,6
"QAT",1982,1982-12-29,6
"QAT",1983,1983-12-29,6
"QAT",1984,1984-12-29,6
"QAT",1985,1985-12-29,7
"QAT",1986,1986-12-29,9
"QAT",1987,1987-12-29,11
"QAT",1988,1988-12-29,7
"QAT",1989,1989-12-29,7
"QAT",1990,1990-12-29,11
"QAT",1991,1991-12-29,11
"QAT",1992,1992-12-29,8
"QAT",1993,1993-12-29,8
"QAT",1994,1994-12-29,10
"QAT",1995,1995-12-29,10
"QAT",1996,1996-12-29,11
"QAT",1997,1997-12-29,11
"QAT",1998,1998-12-29,11
"QAT",1999,1999-12-29,12
"QAT",2000,2000-12-29,12
"QAT",2001,2001-12-29,12
"QAT",2002,2002-12-29,12
"QAT",2003,2003-12-29,12
"QAT",2004,2004-12-29,12
"QAT",2005,2005-12-29,12
"QAT",2006,2006-12-29,12
"QAT",2007,2007-12-29,12
"QAT",2008,2008-12-29,12
"QAT",2009,2009-12-29,12
"QAT",2010,2010-12-29,12
"QAT",2011,2011-12-29,12
"QAT",2012,2012-12-29,12
"QAT",2013,2013-12-29,12
"QAT",2014,2014-12-29,12
"QAT",2015,2015-12-29,12
"QAT",2016,2016-12-29,12
"UAE",1971,1971-12-29,2
"UAE",1972,1972-12-29,10
"UAE",1973,1973-12-29,11
"UAE",1974,1974-12-29,19
"UAE",1975,1975-12-29,21
"UAE",1976,1976-12-29,27
"UAE",1977,1977-12-29,25
"UAE",1978,1978-12-29,25
"UAE",1979,1979-12-29,25
"UAE",1980,1980-12-29,44
"UAE",1981,1981-12-29,44
"UAE",1982,1982-12-29,44
"UAE",1983,1983-12-29,44
"UAE",1984,1984-12-29,44
"UAE",1985,1985-12-29,44
"UAE",1986,1986-12-29,44
"UAE",1987,1987-12-29,44
"UAE",1988,1988-12-29,43
"UAE",1989,1989-12-29,43
"UAE",1990,1990-12-29,66
"UAE",1991,1991-12-29,66
"UAE",1992,1992-12-29,55
"UAE",1993,1993-12-29,55
"UAE",1994,1994-12-29,60
"UAE",1995,1995-12-29,60
"UAE",1996,1996-12-29,60
"UAE",1997,1997-12-29,60
"UAE",1998,1998-12-29,65
"UAE",1999,1999-12-29,65
"UAE",2000,2000-12-29,65
"UAE",2001,2001-12-29,65
"UAE",2002,2002-12-29,42
"UAE",2003,2003-12-29,50
"UAE",2004,2004-12-29,50
"UAE",2005,2005-12-29,51
"UAE",2006,2006-12-29,51
"UAE",2007,2007-12-29,51
"UAE",2008,2008-12-29,51
"UAE",2009,2009-12-29,51
"UAE",2010,2010-12-29,51
"UAE",2011,2011-12-29,51
"UAE",2012,2012-12-29,51
"UAE",2013,2013-12-29,51
"UAE",2014,2014-12-29,51
"UAE",2015,2015-12-29,63
"UAE",2016,2016-12-29,63
"AFG",1920,1920-12-30,55
"AFG",1921,1921-12-30,55
"AFG",1922,1922-12-30,55
"AFG",1923,1923-12-30,65
"AFG",1924,1924-12-30,65
"AFG",1925,1925-12-30,76
"AFG",1926,1926-12-30,76
"AFG",1927,1927-12-30,76
"AFG",1928,1928-12-30,60
"AFG",1929,1929-12-30,60
"AFG",1930,1930-12-30,60
"AFG",1931,1931-12-30,60
"AFG",1932,1932-12-30,60
"AFG",1933,1933-12-30,72
"AFG",1934,1934-12-30,45
"AFG",1935,1935-12-30,72
"AFG",1936,1936-12-30,103
"AFG",1937,1937-12-30,103
"AFG",1938,1938-12-30,103
"AFG",1939,1939-12-30,103
"AFG",1940,1940-12-29,60
"AFG",1941,1941-12-29,90
"AFG",1942,1942-12-29,90
"AFG",1943,1943-12-29,90
"AFG",1944,1944-12-29,90
"AFG",1945,1945-12-29,90
"AFG",1946,1946-12-29,90
"AFG",1947,1947-12-29,100
"AFG",1948,1948-12-29,90
"AFG",1949,1949-12-29,75
"AFG",1950,1950-12-29,75
"AFG",1951,1951-12-29,60
"AFG",1952,1952-12-29,60
"AFG",1953,1953-12-29,41
"AFG",1954,1954-12-29,41
"AFG",1955,1955-12-29,43
"AFG",1956,1956-12-29,43
"AFG",1957,1957-12-29,43
"AFG",1958,1958-12-29,43
"AFG",1959,1959-12-29,50
"AFG",1960,1960-12-29,60
"AFG",1961,1961-12-29,110
"AFG",1962,1962-12-29,104
"AFG",1963,1963-12-29,110
"AFG",1964,1964-12-29,112
"AFG",1965,1965-12-29,97
"AFG",1966,1966-12-29,97
"AFG",1967,1967-12-29,95
"AFG",1968,1968-12-29,89
"AFG",1969,1969-12-29,89
"AFG",1970,1970-12-29,91
"AFG",1971,1971-12-29,91
"AFG",1972,1972-12-29,91
"AFG",1973,1973-12-29,91
"AFG",1974,1974-12-29,80
"AFG",1975,1975-12-29,130
"AFG",1976,1976-12-29,142
"AFG",1977,1977-12-29,143
"AFG",1978,1978-12-29,110
"AFG",1979,1979-12-29,89
"AFG",1980,1980-12-29,43
"AFG",1981,1981-12-29,45
"AFG",1982,1982-12-29,55
"AFG",1983,1983-12-29,46
"AFG",1984,1984-12-29,46
"AFG",1985,1985-12-29,47
"AFG",1986,1986-12-29,47
"AFG",1987,1987-12-29,50
"AFG",1988,1988-12-29,55
"AFG",1989,1989-12-29,55
"AFG",1990,1990-12-29,58
"AFG",1991,1991-12-29,45
"AFG",1992,1992-12-29,45
"AFG",1993,1993-12-29,45
"AFG",1994,1994-12-29,45
"AFG",1999,1999-12-29,400
"AFG",2000,2000-12-29,400
"AFG",2002,2002-12-29,50
"AFG",2003,2003-12-29,60
"AFG",2004,2004-12-29,44
"AFG",2005,2005-12-29,27
"AFG",2006,2006-12-29,27
"AFG",2007,2007-12-29,50
"AFG",2008,2008-12-29,51
"AFG",2009,2009-12-29,53
"AFG",2010,2010-12-29,94
"AFG",2011,2011-12-29,136
"AFG",2012,2012-12-29,171
"AFG",2013,2013-12-29,191
"AFG",2014,2014-12-29,186
"AFG",2015,2015-12-29,179
"AFG",2016,2016-12-29,161
"TAJ",1992,1992-12-29,3
"TAJ",1993,1993-12-29,3
"TAJ",1994,1994-12-29,3
"TAJ",1995,1995-12-29,8
"TAJ",1996,1996-12-29,10
"TAJ",1997,1997-12-29,10
"TAJ",1998,1998-12-29,7
"TAJ",1999,1999-12-29,7
"TAJ",2000,2000-12-29,6
"TAJ",2001,2001-12-29,6
"TAJ",2002,2002-12-29,6
"TAJ",2003,2003-12-29,6
"TAJ",2004,2004-12-29,7
"TAJ",2005,2005-12-29,8
"TAJ",2006,2006-12-29,8
"TAJ",2007,2007-12-29,8
"TAJ",2008,2008-12-29,9
"TAJ",2009,2009-12-29,9
"TAJ",2010,2010-12-29,9
"TAJ",2011,2011-12-29,9
"TAJ",2012,2012-12-29,9
"TAJ",2013,2013-12-29,9
"TAJ",2014,2014-12-29,9
"TAJ",2015,2015-12-29,9
"TAJ",2016,2016-12-29,9
"KYR",1992,1992-12-29,12
"KYR",1993,1993-12-29,12
"KYR",1994,1994-12-29,13
"KYR",1995,1995-12-29,13
"KYR",1996,1996-12-29,13
"KYR",1997,1997-12-29,14
"KYR",1998,1998-12-29,11
"KYR",1999,1999-12-29,12
"KYR",2000,2000-12-29,9
"KYR",2001,2001-12-29,9
"KYR",2002,2002-12-29,11
"KYR",2003,2003-12-29,11
"KYR",2004,2004-12-29,12
"KYR",2005,2005-12-29,13
"KYR",2006,2006-12-29,13
"KYR",2007,2007-12-29,13
"KYR",2008,2008-12-29,11
"KYR",2009,2009-12-29,11
"KYR",2010,2010-12-29,11
"KYR",2011,2011-12-29,11
"KYR",2012,2012-12-29,11
"KYR",2013,2013-12-29,11
"KYR",2014,2014-12-29,11
"KYR",2015,2015-12-29,11
"KYR",2016,2016-12-29,11
"UZB",1992,1992-12-29,40
"UZB",1993,1993-12-29,41
"UZB",1994,1994-12-29,20
"UZB",1995,1995-12-29,21
"UZB",1996,1996-12-29,30
"UZB",1997,1997-12-29,65
"UZB",1998,1998-12-29,33
"UZB",1999,1999-12-29,33
"UZB",2000,2000-12-29,59
"UZB",2001,2001-12-29,52
"UZB",2002,2002-12-29,52
"UZB",2003,2003-12-29,52
"UZB",2004,2004-12-29,54
"UZB",2005,2005-12-29,55
"UZB",2006,2006-12-29,55
"UZB",2007,2007-12-29,55
"UZB",2008,2008-12-29,67
"UZB",2009,2009-12-29,67
"UZB",2010,2010-12-29,67
"UZB",2011,2011-12-29,67
"UZB",2012,2012-12-29,67
"UZB",2013,2013-12-29,48
"UZB",2014,2014-12-29,48
"UZB",2015,2015-12-29,48
"UZB",2016,2016-12-29,48
"CHN",1860,1860-12-30,1000
"CHN",1861,1861-12-30,1000
"CHN",1862,1862-12-30,1000
"CHN",1863,1863-12-30,1000
"CHN",1864,1864-12-30,1000
"CHN",1865,1865-12-30,1000
"CHN",1866,1866-12-30,1000
"CHN",1867,1867-12-30,1000
"CHN",1868,1868-12-30,1000
"CHN",1869,1869-12-30,1000
"CHN",1870,1870-12-30,1000
"CHN",1871,1871-12-30,1000
"CHN",1872,1872-12-30,1000
"CHN",1873,1873-12-30,1000
"CHN",1874,1874-12-30,1000
"CHN",1875,1875-12-30,1000
"CHN",1876,1876-12-30,1000
"CHN",1877,1877-12-30,1000
"CHN",1878,1878-12-30,1000
"CHN",1879,1879-12-30,1000
"CHN",1880,1880-12-30,1000
"CHN",1881,1881-12-30,1000
"CHN",1882,1882-12-30,1000
"CHN",1883,1883-12-30,1000
"CHN",1884,1884-12-30,1000
"CHN",1885,1885-12-30,1000
"CHN",1886,1886-12-30,1000
"CHN",1887,1887-12-30,1000
"CHN",1888,1888-12-30,1000
"CHN",1889,1889-12-30,1000
"CHN",1890,1890-12-30,1000
"CHN",1891,1891-12-30,1000
"CHN",1892,1892-12-30,1000
"CHN",1893,1893-12-30,1000
"CHN",1894,1894-12-30,1000
"CHN",1895,1895-12-30,1000
"CHN",1896,1896-12-30,1000
"CHN",1897,1897-12-30,1000
"CHN",1898,1898-12-30,1000
"CHN",1899,1899-12-30,1000
"CHN",1900,1900-12-30,1000
"CHN",1901,1901-12-30,1000
"CHN",1902,1902-12-30,1000
"CHN",1903,1903-12-30,1000
"CHN",1904,1904-12-30,1000
"CHN",1905,1905-12-30,1000
"CHN",1906,1906-12-30,1000
"CHN",1907,1907-12-30,1000
"CHN",1908,1908-12-30,1000
"CHN",1909,1909-12-30,1000
"CHN",1910,1910-12-30,1000
"CHN",1911,1911-12-30,1003
"CHN",1912,1912-12-30,450
"CHN",1913,1913-12-30,450
"CHN",1914,1914-12-29,460
"CHN",1915,1915-12-29,500
"CHN",1916,1916-12-29,850
"CHN",1917,1917-12-29,900
"CHN",1918,1918-12-30,1300
"CHN",1919,1919-12-30,1380
"CHN",1920,1920-12-30,1442
"CHN",1921,1921-12-30,1504
"CHN",1922,1922-12-30,1566
"CHN",1923,1923-12-30,1628
"CHN",1924,1924-12-30,1700
"CHN",1925,1925-12-30,1700
"CHN",1926,1926-12-30,1700
"CHN",1927,1927-12-30,1700
"CHN",1928,1928-12-30,1700
"CHN",1929,1929-12-30,1700
"CHN",1930,1930-12-30,1700
"CHN",1931,1931-12-30,1700
"CHN",1932,1932-12-30,1700
"CHN",1933,1933-12-30,1700
"CHN",1934,1934-12-30,1700
"CHN",1935,1935-12-30,1700
"CHN",1936,1936-12-30,1700
"CHN",1937,1937-12-30,2000
"CHN",1938,1938-12-30,900
"CHN",1939,1939-12-30,1488
"CHN",1940,1940-12-29,2036
"CHN",1941,1941-12-29,2584
"CHN",1942,1942-12-29,3132
"CHN",1943,1943-12-29,3680
"CHN",1944,1944-12-29,4228
"CHN",1945,1945-12-29,4775
"CHN",1946,1946-12-29,4158
"CHN",1947,1947-12-29,4015
"CHN",1948,1948-12-29,3690
"CHN",1949,1949-12-29,2570
"CHN",1950,1950-12-29,4000
"CHN",1951,1951-12-29,3000
"CHN",1952,1952-12-29,3026
"CHN",1953,1953-12-29,3052
"CHN",1954,1954-12-29,3078
"CHN",1955,1955-12-29,3000
"CHN",1956,1956-12-29,3130
"CHN",1957,1957-12-29,3156
"CHN",1958,1958-12-29,3182
"CHN",1959,1959-12-29,3208
"CHN",1960,1960-12-29,3234
"CHN",1961,1961-12-29,2200
"CHN",1962,1962-12-29,2300
"CHN",1963,1963-12-29,2500
"CHN",1964,1964-12-29,2750
"CHN",1965,1965-12-29,2400
"CHN",1966,1966-12-29,2600
"CHN",1967,1967-12-29,2710
"CHN",1968,1968-12-29,2800
"CHN",1969,1969-12-29,2830
"CHN",1970,1970-12-29,2850
"CHN",1971,1971-12-29,2970
"CHN",1972,1972-12-29,3040
"CHN",1973,1973-12-29,3250
"CHN",1974,1974-12-29,4300
"CHN",1975,1975-12-29,4300
"CHN",1976,1976-12-29,4300
"CHN",1977,1977-12-29,4300
"CHN",1978,1978-12-29,4500
"CHN",1979,1979-12-29,4600
"CHN",1980,1980-12-29,4650
"CHN",1981,1981-12-29,4750
"CHN",1982,1982-12-29,4350
"CHN",1983,1983-12-29,4100
"CHN",1984,1984-12-29,4100
"CHN",1985,1985-12-29,4100
"CHN",1986,1986-12-29,4030
"CHN",1987,1987-12-29,3530
"CHN",1988,1988-12-29,3780
"CHN",1989,1989-12-29,3900
"CHN",1990,1990-12-29,3500
"CHN",1991,1991-12-29,3200
"CHN",1992,1992-12-29,3160
"CHN",1993,1993-12-29,3030
"CHN",1994,1994-12-29,2930
"CHN",1995,1995-12-29,2930
"CHN",1996,1996-12-29,2650
"CHN",1997,1997-12-29,2600
"CHN",1998,1998-12-29,2600
"CHN",1999,1999-12-29,2400
"CHN",2000,2000-12-29,2810
"CHN",2001,2001-12-29,2310
"CHN",2002,2002-12-29,2270
"CHN",2003,2003-12-29,2250
"CHN",2004,2004-12-29,2253
"CHN",2005,2005-12-29,2255
"CHN",2006,2006-12-29,2255
"CHN",2007,2007-12-29,2255
"CHN",2008,2008-12-29,2105
"CHN",2009,2009-12-29,2185
"CHN",2010,2010-12-29,2285
"CHN",2011,2011-12-29,2285
"CHN",2012,2012-12-29,2285
"CHN",2013,2013-12-29,2285
"CHN",2014,2014-12-29,2333
"CHN",2015,2015-12-29,2333
"CHN",2016,2016-12-29,2333
"TAW",1949,1949-12-29,1500
"TAW",1950,1950-12-29,300
"TAW",1951,1951-12-29,500
"TAW",1952,1952-12-29,500
"TAW",1953,1953-12-29,600
"TAW",1954,1954-12-29,600
"TAW",1955,1955-12-29,600
"TAW",1956,1956-12-29,530
"TAW",1957,1957-12-29,580
"TAW",1958,1958-12-29,630
"TAW",1959,1959-12-29,615
"TAW",1960,1960-12-29,600
"TAW",1961,1961-12-29,580
"TAW",1962,1962-12-29,570
"TAW",1963,1963-12-29,544
"TAW",1964,1964-12-29,600
"TAW",1965,1965-12-29,524
"TAW",1966,1966-12-29,544
"TAW",1967,1967-12-29,547
"TAW",1968,1968-12-29,528
"TAW",1969,1969-12-29,555
"TAW",1970,1970-12-29,522
"TAW",1971,1971-12-29,540
"TAW",1972,1972-12-29,550
"TAW",1973,1973-12-29,503
"TAW",1974,1974-12-29,493
"TAW",1975,1975-12-29,504
"TAW",1976,1976-12-29,475
"TAW",1977,1977-12-29,460
"TAW",1978,1978-12-29,471
"TAW",1979,1979-12-29,468
"TAW",1980,1980-12-29,465
"TAW",1981,1981-12-29,461
"TAW",1982,1982-12-29,457
"TAW",1983,1983-12-29,464
"TAW",1984,1984-12-29,484
"TAW",1985,1985-12-29,444
"TAW",1986,1986-12-29,424
"TAW",1987,1987-12-29,424
"TAW",1988,1988-12-29,406
"TAW",1989,1989-12-29,406
"TAW",1990,1990-12-29,370
"TAW",1991,1991-12-29,370
"TAW",1992,1992-12-29,360
"TAW",1993,1993-12-29,442
"TAW",1994,1994-12-29,425
"TAW",1995,1995-12-29,425
"TAW",1996,1996-12-29,400
"TAW",1997,1997-12-29,400
"TAW",1998,1998-12-29,370
"TAW",1999,1999-12-29,370
"TAW",2000,2000-12-29,370
"TAW",2001,2001-12-29,370
"TAW",2002,2002-12-29,370
"TAW",2003,2003-12-29,290
"TAW",2004,2004-12-29,290
"TAW",2005,2005-12-29,290
"TAW",2006,2006-12-29,290
"TAW",2007,2007-12-29,290
"TAW",2008,2008-12-29,290
"TAW",2009,2009-12-29,290
"TAW",2010,2010-12-29,290
"TAW",2011,2011-12-29,290
"TAW",2012,2012-12-29,290
"TAW",2013,2013-12-29,290
"TAW",2014,2014-12-29,290
"TAW",2015,2015-12-29,290
"TAW",2016,2016-12-29,215
"PRK",1948,1948-12-29,200
"PRK",1949,1949-12-29,60
"PRK",1950,1950-12-29,120
"PRK",1951,1951-12-29,100
"PRK",1952,1952-12-29,211
"PRK",1953,1953-12-29,260
"PRK",1954,1954-12-29,280
"PRK",1955,1955-12-29,300
"PRK",1956,1956-12-29,320
"PRK",1957,1957-12-29,340
"PRK",1958,1958-12-29,360
"PRK",1959,1959-12-29,380
"PRK",1960,1960-12-29,400
"PRK",1961,1961-12-29,390
"PRK",1962,1962-12-29,380
"PRK",1963,1963-12-29,352
"PRK",1964,1964-12-29,362
"PRK",1965,1965-12-29,378
"PRK",1966,1966-12-29,383
"PRK",1967,1967-12-29,383
"PRK",1968,1968-12-29,410
"PRK",1969,1969-12-29,410
"PRK",1970,1970-12-29,438
"PRK",1971,1971-12-29,450
"PRK",1972,1972-12-29,460
"PRK",1973,1973-12-29,470
"PRK",1974,1974-12-29,470
"PRK",1975,1975-12-29,470
"PRK",1976,1976-12-29,500
"PRK",1977,1977-12-29,520
"PRK",1978,1978-12-29,632
"PRK",1979,1979-12-29,692
"PRK",1980,1980-12-29,700
"PRK",1981,1981-12-29,768
"PRK",1982,1982-12-29,782
"PRK",1983,1983-12-29,784
"PRK",1984,1984-12-29,784
"PRK",1985,1985-12-29,784
"PRK",1986,1986-12-29,838
"PRK",1987,1987-12-29,838
"PRK",1988,1988-12-29,842
"PRK",1989,1989-12-29,1040
"PRK",1990,1990-12-29,1200
"PRK",1991,1991-12-29,1200
"PRK",1992,1992-12-29,1200
"PRK",1993,1993-12-29,1100
"PRK",1994,1994-12-29,1100
"PRK",1995,1995-12-29,1100
"PRK",1996,1996-12-29,1100
"PRK",1997,1997-12-29,1100
"PRK",1998,1998-12-29,1000
"PRK",1999,1999-12-29,1000
"PRK",2000,2000-12-29,1055
"PRK",2001,2001-12-29,1082
"PRK",2002,2002-12-29,1082
"PRK",2003,2003-12-29,1082
"PRK",2004,2004-12-29,1094
"PRK",2005,2005-12-29,1106
"PRK",2006,2006-12-29,1106
"PRK",2007,2007-12-29,1106
"PRK",2008,2008-12-29,1106
"PRK",2009,2009-12-29,1106
"PRK",2010,2010-12-29,1106
"PRK",2011,2011-12-29,1190
"PRK",2012,2012-12-29,1190
"PRK",2013,2013-12-29,1190
"PRK",2014,2014-12-29,1190
"PRK",2015,2015-12-29,1190
"PRK",2016,2016-12-29,1190
"ROK",1949,1949-12-29,69
"ROK",1950,1950-12-29,109
"ROK",1951,1951-12-29,196
"ROK",1952,1952-12-29,335
"ROK",1953,1953-12-29,504
"ROK",1954,1954-12-29,630
"ROK",1955,1955-12-29,730
"ROK",1956,1956-12-29,650
"ROK",1957,1957-12-29,650
"ROK",1958,1958-12-29,650
"ROK",1959,1959-12-29,650
"ROK",1960,1960-12-29,650
"ROK",1961,1961-12-29,570
"ROK",1962,1962-12-29,570
"ROK",1963,1963-12-29,627
"ROK",1964,1964-12-29,600
"ROK",1965,1965-12-29,604
"ROK",1966,1966-12-29,572
"ROK",1967,1967-12-29,612
"ROK",1968,1968-12-29,620
"ROK",1969,1969-12-29,620
"ROK",1970,1970-12-29,645
"ROK",1971,1971-12-29,638
"ROK",1972,1972-12-29,635
"ROK",1973,1973-12-29,634
"ROK",1974,1974-12-29,634
"ROK",1975,1975-12-29,630
"ROK",1976,1976-12-29,610
"ROK",1977,1977-12-29,600
"ROK",1978,1978-12-29,600
"ROK",1979,1979-12-29,638
"ROK",1980,1980-12-29,600
"ROK",1981,1981-12-29,606
"ROK",1982,1982-12-29,601
"ROK",1983,1983-12-29,602
"ROK",1984,1984-12-29,602
"ROK",1985,1985-12-29,600
"ROK",1986,1986-12-29,604
"ROK",1987,1987-12-29,604
"ROK",1988,1988-12-29,626
"ROK",1989,1989-12-29,647
"ROK",1990,1990-12-29,650
"ROK",1991,1991-12-29,750
"ROK",1992,1992-12-29,750
"ROK",1993,1993-12-29,750
"ROK",1994,1994-12-29,750
"ROK",1995,1995-12-29,750
"ROK",1996,1996-12-29,670
"ROK",1997,1997-12-29,670
"ROK",1998,1998-12-29,670
"ROK",1999,1999-12-29,665
"ROK",2000,2000-12-29,683
"ROK",2001,2001-12-29,683
"ROK",2002,2002-12-29,686
"ROK",2003,2003-12-29,686
"ROK",2004,2004-12-29,687
"ROK",2005,2005-12-29,688
"ROK",2006,2006-12-29,688
"ROK",2007,2007-12-29,687
"ROK",2008,2008-12-29,687
"ROK",2009,2009-12-29,687
"ROK",2010,2010-12-29,687
"ROK",2011,2011-12-29,655
"ROK",2012,2012-12-29,655
"ROK",2013,2013-12-29,655
"ROK",2014,2014-12-29,655
"ROK",2015,2015-12-29,655
"ROK",2016,2016-12-29,628
"JPN",1860,1860-12-30,12
"JPN",1861,1861-12-30,12
"JPN",1862,1862-12-30,12
"JPN",1869,1869-12-30,6
"JPN",1870,1870-12-30,6
"JPN",1871,1871-12-30,17
"JPN",1872,1872-12-30,20
"JPN",1873,1873-12-30,40
"JPN",1874,1874-12-30,41
"JPN",1875,1875-12-30,41
"JPN",1876,1876-12-30,37
"JPN",1877,1877-12-30,38
"JPN",1878,1878-12-30,43
"JPN",1879,1879-12-30,44
"JPN",1880,1880-12-30,45
"JPN",1881,1881-12-30,46
"JPN",1882,1882-12-30,47
"JPN",1883,1883-12-30,48
"JPN",1884,1884-12-30,48
"JPN",1885,1885-12-30,52
"JPN",1886,1886-12-30,56
"JPN",1887,1887-12-30,62
"JPN",1888,1888-12-30,62
"JPN",1889,1889-12-30,69
"JPN",1890,1890-12-30,71
"JPN",1891,1891-12-30,89
"JPN",1892,1892-12-30,79
"JPN",1893,1893-12-30,71
"JPN",1894,1894-12-30,83
"JPN",1895,1895-12-30,207
"JPN",1896,1896-12-30,103
"JPN",1897,1897-12-30,132
"JPN",1898,1898-12-30,156
"JPN",1899,1899-12-30,147
"JPN",1900,1900-12-30,182
"JPN",1901,1901-12-30,206
"JPN",1902,1902-12-30,209
"JPN",1903,1903-12-30,214
"JPN",1904,1904-12-30,218
"JPN",1905,1905-12-30,250
"JPN",1906,1906-12-30,266
"JPN",1907,1907-12-30,262
"JPN",1908,1908-12-30,273
"JPN",1909,1909-12-30,273
"JPN",1910,1910-12-30,283
"JPN",1911,1911-12-30,274
"JPN",1912,1912-12-30,275
"JPN",1913,1913-12-30,296
"JPN",1914,1914-12-29,300
"JPN",1915,1915-12-29,650
"JPN",1916,1916-12-29,650
"JPN",1917,1917-12-29,660
"JPN",1918,1918-12-30,660
"JPN",1919,1919-12-30,306
"JPN",1920,1920-12-30,306
"JPN",1921,1921-12-30,306
"JPN",1922,1922-12-30,306
"JPN",1923,1923-12-30,306
"JPN",1924,1924-12-30,306
"JPN",1925,1925-12-30,306
"JPN",1926,1926-12-30,302
"JPN",1927,1927-12-30,274
"JPN",1928,1928-12-30,285
"JPN",1929,1929-12-30,296
"JPN",1930,1930-12-30,293
"JPN",1931,1931-12-30,292
"JPN",1932,1932-12-30,370
"JPN",1933,1933-12-30,371
"JPN",1934,1934-12-30,399
"JPN",1935,1935-12-30,410
"JPN",1936,1936-12-30,416
"JPN",1937,1937-12-30,393
"JPN",1938,1938-12-30,370
"JPN",1939,1939-12-30,957
"JPN",1940,1940-12-29,957
"JPN",1941,1941-12-29,3075
"JPN",1942,1942-12-29,3075
"JPN",1943,1943-12-29,3075
"JPN",1944,1944-12-29,4325
"JPN",1945,1945-12-29,6095
"JPN",1952,1952-12-29,119
"JPN",1953,1953-12-29,123
"JPN",1954,1954-12-29,165
"JPN",1955,1955-12-29,196
"JPN",1956,1956-12-29,215
"JPN",1957,1957-12-29,224
"JPN",1958,1958-12-29,243
"JPN",1959,1959-12-29,255
"JPN",1960,1960-12-29,263
"JPN",1961,1961-12-29,230
"JPN",1962,1962-12-29,235
"JPN",1963,1963-12-29,243
"JPN",1964,1964-12-29,244
"JPN",1965,1965-12-29,246
"JPN",1966,1966-12-29,227
"JPN",1967,1967-12-29,231
"JPN",1968,1968-12-29,235
"JPN",1969,1969-12-29,236
"JPN",1970,1970-12-29,236
"JPN",1971,1971-12-29,234
"JPN",1972,1972-12-29,233
"JPN",1973,1973-12-29,233
"JPN",1974,1974-12-29,237
"JPN",1975,1975-12-29,237
"JPN",1976,1976-12-29,236
"JPN",1977,1977-12-29,236
"JPN",1978,1978-12-29,239
"JPN",1979,1979-12-29,239
"JPN",1980,1980-12-29,242
"JPN",1981,1981-12-29,241
"JPN",1982,1982-12-29,243
"JPN",1983,1983-12-29,241
"JPN",1984,1984-12-29,241
"JPN",1985,1985-12-29,241
"JPN",1986,1986-12-29,245
"JPN",1987,1987-12-29,244
"JPN",1988,1988-12-29,245
"JPN",1989,1989-12-29,247
"JPN",1990,1990-12-29,250
"JPN",1991,1991-12-29,250
"JPN",1992,1992-12-29,242
"JPN",1993,1993-12-29,242
"JPN",1994,1994-12-29,233
"JPN",1995,1995-12-29,240
"JPN",1996,1996-12-29,250
"JPN",1997,1997-12-29,250
"JPN",1998,1998-12-29,255
"JPN",1999,1999-12-29,240
"JPN",2000,2000-12-29,237
"JPN",2001,2001-12-29,240
"JPN",2002,2002-12-29,240
"JPN",2003,2003-12-29,240
"JPN",2004,2004-12-29,240
"JPN",2005,2005-12-29,240
"JPN",2006,2006-12-29,260
"JPN",2007,2007-12-29,240
"JPN",2008,2008-12-29,240
"JPN",2009,2009-12-29,230
"JPN",2010,2010-12-29,230
"JPN",2011,2011-12-29,248
"JPN",2012,2012-12-29,248
"JPN",2013,2013-12-29,247
"JPN",2014,2014-12-29,247
"JPN",2015,2015-12-29,247
"JPN",2016,2016-12-29,247
"IND",1947,1947-12-29,311
"IND",1948,1948-12-29,321
"IND",1949,1949-12-29,331
"IND",1950,1950-12-29,341
"IND",1951,1951-12-29,351
"IND",1952,1952-12-29,361
"IND",1953,1953-12-29,371
"IND",1954,1954-12-29,381
"IND",1955,1955-12-29,391
"IND",1956,1956-12-29,400
"IND",1957,1957-12-29,445
"IND",1958,1958-12-29,490
"IND",1959,1959-12-29,535
"IND",1960,1960-12-29,535
"IND",1961,1961-12-29,775
"IND",1962,1962-12-29,800
"IND",1963,1963-12-29,1083
"IND",1964,1964-12-29,1215
"IND",1965,1965-12-29,1220
"IND",1966,1966-12-29,1400
"IND",1967,1967-12-29,1420
"IND",1968,1968-12-29,1480
"IND",1969,1969-12-29,1510
"IND",1970,1970-12-29,1550
"IND",1971,1971-12-29,1560
"IND",1972,1972-12-29,1590
"IND",1973,1973-12-29,1620
"IND",1974,1974-12-29,1620
"IND",1975,1975-12-29,1670
"IND",1976,1976-12-29,1440
"IND",1977,1977-12-29,1270
"IND",1978,1978-12-29,1300
"IND",1979,1979-12-29,1286
"IND",1980,1980-12-29,1104
"IND",1981,1981-12-29,1104
"IND",1982,1982-12-29,1120
"IND",1983,1983-12-29,1104
"IND",1984,1984-12-29,1120
"IND",1985,1985-12-29,1260
"IND",1986,1986-12-29,1260
"IND",1987,1987-12-29,1260
"IND",1988,1988-12-29,1360
"IND",1989,1989-12-29,1260
"IND",1990,1990-12-29,1260
"IND",1991,1991-12-29,1260
"IND",1992,1992-12-29,1260
"IND",1993,1993-12-29,1260
"IND",1994,1994-12-29,1260
"IND",1995,1995-12-29,1260
"IND",1996,1996-12-29,1260
"IND",1997,1997-12-29,1260
"IND",1998,1998-12-29,1300
"IND",1999,1999-12-29,1300
"IND",2000,2000-12-29,1303
"IND",2001,2001-12-29,1263
"IND",2002,2002-12-29,1298
"IND",2003,2003-12-29,1325
"IND",2004,2004-12-29,1325
"IND",2005,2005-12-29,1325
"IND",2006,2006-12-29,1325
"IND",2007,2007-12-29,1316
"IND",2008,2008-12-29,1288
"IND",2009,2009-12-29,1281
"IND",2010,2010-12-29,1325
"IND",2011,2011-12-29,1325
"IND",2012,2012-12-29,1325
"IND",2013,2013-12-29,1325
"IND",2014,2014-12-29,1325
"IND",2015,2015-12-29,1346
"IND",2016,2016-12-29,1346
"PAK",1947,1947-12-29,275
"PAK",1948,1948-12-29,265
"PAK",1949,1949-12-29,256
"PAK",1950,1950-12-29,246
"PAK",1951,1951-12-29,237
"PAK",1952,1952-12-29,227
"PAK",1953,1953-12-29,218
"PAK",1954,1954-12-29,208
"PAK",1955,1955-12-29,199
"PAK",1956,1956-12-29,190
"PAK",1957,1957-12-29,206
"PAK",1958,1958-12-29,223
"PAK",1959,1959-12-29,223
"PAK",1960,1960-12-29,223
"PAK",1961,1961-12-29,243
"PAK",1962,1962-12-29,249
"PAK",1963,1963-12-29,270
"PAK",1964,1964-12-29,275
"PAK",1965,1965-12-29,277
"PAK",1966,1966-12-29,300
"PAK",1967,1967-12-29,351
"PAK",1968,1968-12-29,357
"PAK",1969,1969-12-29,390
"PAK",1970,1970-12-29,390
"PAK",1971,1971-12-29,404
"PAK",1972,1972-12-29,350
"PAK",1973,1973-12-29,466
"PAK",1974,1974-12-29,395
"PAK",1975,1975-12-29,502
"PAK",1976,1976-12-29,604
"PAK",1977,1977-12-29,588
"PAK",1978,1978-12-29,518
"PAK",1979,1979-12-29,544
"PAK",1980,1980-12-29,467
"PAK",1981,1981-12-29,560
"PAK",1982,1982-12-29,588
"PAK",1983,1983-12-29,479
"PAK",1984,1984-12-29,479
"PAK",1985,1985-12-29,483
"PAK",1986,1986-12-29,483
"PAK",1987,1987-12-29,481
"PAK",1988,1988-12-29,481
"PAK",1989,1989-12-29,520
"PAK",1990,1990-12-29,550
"PAK",1991,1991-12-29,565
"PAK",1992,1992-12-29,580
"PAK",1993,1993-12-29,580
"PAK",1994,1994-12-29,580
"PAK",1995,1995-12-29,580
"PAK",1996,1996-12-29,580
"PAK",1997,1997-12-29,610
"PAK",1998,1998-12-29,590
"PAK",1999,1999-12-29,590
"PAK",2000,2000-12-29,612
"PAK",2001,2001-12-29,620
"PAK",2002,2002-12-29,620
"PAK",2003,2003-12-29,620
"PAK",2004,2004-12-29,620
"PAK",2005,2005-12-29,619
"PAK",2006,2006-12-29,619
"PAK",2007,2007-12-29,619
"PAK",2008,2008-12-29,619
"PAK",2009,2009-12-29,617
"PAK",2010,2010-12-29,617
"PAK",2011,2011-12-29,617
"PAK",2012,2012-12-29,642
"PAK",2013,2013-12-29,642
"PAK",2014,2014-12-29,644
"PAK",2015,2015-12-29,644
"PAK",2016,2016-12-29,644
"BNG",1972,1972-12-29,47
"BNG",1973,1973-12-29,86
"BNG",1974,1974-12-29,100
"BNG",1975,1975-12-29,100
"BNG",1976,1976-12-29,126
"BNG",1977,1977-12-29,126
"BNG",1978,1978-12-29,129
"BNG",1979,1979-12-29,120
"BNG",1980,1980-12-29,71
"BNG",1981,1981-12-29,77
"BNG",1982,1982-12-29,77
"BNG",1983,1983-12-29,77
"BNG",1984,1984-12-29,81
"BNG",1985,1985-12-29,91
"BNG",1986,1986-12-29,91
"BNG",1987,1987-12-29,102
"BNG",1988,1988-12-29,102
"BNG",1989,1989-12-29,103
"BNG",1990,1990-12-29,103
"BNG",1991,1991-12-29,107
"BNG",1992,1992-12-29,107
"BNG",1993,1993-12-29,107
"BNG",1994,1994-12-29,113
"BNG",1995,1995-12-29,115
"BNG",1996,1996-12-29,113
"BNG",1997,1997-12-29,110
"BNG",1998,1998-12-29,110
"BNG",1999,1999-12-29,110
"BNG",2000,2000-12-29,137
"BNG",2001,2001-12-29,137
"BNG",2002,2002-12-29,137
"BNG",2003,2003-12-29,126
"BNG",2004,2004-12-29,126
"BNG",2005,2005-12-29,126
"BNG",2006,2006-12-29,126
"BNG",2007,2007-12-29,127
"BNG",2008,2008-12-29,150
"BNG",2009,2009-12-29,157
"BNG",2010,2010-12-29,157
"BNG",2011,2011-12-29,157
"BNG",2012,2012-12-29,157
"BNG",2013,2013-12-29,157
"BNG",2014,2014-12-29,157
"BNG",2015,2015-12-29,157
"BNG",2016,2016-12-29,157
"MYA",1948,1948-12-29,3
"MYA",1949,1949-12-29,4
"MYA",1950,1950-12-29,6
"MYA",1951,1951-12-29,8
"MYA",1952,1952-12-29,10
"MYA",1953,1953-12-29,14
"MYA",1954,1954-12-29,19
"MYA",1955,1955-12-29,25
"MYA",1956,1956-12-29,33
"MYA",1957,1957-12-29,44
"MYA",1958,1958-12-29,56
"MYA",1959,1959-12-29,67
"MYA",1960,1960-12-29,79
"MYA",1961,1961-12-29,90
"MYA",1962,1962-12-29,100
"MYA",1963,1963-12-29,105
"MYA",1964,1964-12-29,123
"MYA",1965,1965-12-29,133
"MYA",1966,1966-12-29,135
"MYA",1967,1967-12-29,136
"MYA",1968,1968-12-29,136
"MYA",1969,1969-12-29,173
"MYA",1970,1970-12-29,174
"MYA",1971,1971-12-29,175
"MYA",1972,1972-12-29,191
"MYA",1973,1973-12-29,198
"MYA",1974,1974-12-29,202
"MYA",1975,1975-12-29,209
"MYA",1976,1976-12-29,210
"MYA",1977,1977-12-29,208
"MYA",1978,1978-12-29,212
"MYA",1979,1979-12-29,212
"MYA",1980,1980-12-29,179
"MYA",1981,1981-12-29,210
"MYA",1982,1982-12-29,210
"MYA",1983,1983-12-29,179
"MYA",1984,1984-12-29,181
"MYA",1985,1985-12-29,186
"MYA",1986,1986-12-29,186
"MYA",1987,1987-12-29,186
"MYA",1988,1988-12-29,186
"MYA",1989,1989-12-29,200
"MYA",1990,1990-12-29,230
"MYA",1991,1991-12-29,286
"MYA",1992,1992-12-29,286
"MYA",1993,1993-12-29,322
"MYA",1994,1994-12-29,322
"MYA",1995,1995-12-29,322
"MYA",1996,1996-12-29,322
"MYA",1997,1997-12-29,322
"MYA",1998,1998-12-29,322
"MYA",1999,1999-12-29,345
"MYA",2000,2000-12-29,344
"MYA",2001,2001-12-29,344
"MYA",2002,2002-12-29,444
"MYA",2003,2003-12-29,488
"MYA",2004,2004-12-29,458
"MYA",2005,2005-12-29,428
"MYA",2006,2006-12-29,376
"MYA",2007,2007-12-29,375
"MYA",2008,2008-12-29,406
"MYA",2009,2009-12-29,406
"MYA",2010,2010-12-29,406
"MYA",2011,2011-12-29,406
"MYA",2012,2012-12-29,406
"MYA",2013,2013-12-29,406
"MYA",2014,2014-12-29,406
"MYA",2015,2015-12-29,406
"MYA",2016,2016-12-29,406
"THI",1887,1887-12-30,15
"THI",1888,1888-12-30,15
"THI",1889,1889-12-30,15
"THI",1890,1890-12-30,15
"THI",1891,1891-12-30,15
"THI",1892,1892-12-30,15
"THI",1893,1893-12-30,5
"THI",1894,1894-12-30,6
"THI",1895,1895-12-30,6
"THI",1896,1896-12-30,6
"THI",1897,1897-12-30,6
"THI",1898,1898-12-30,6
"THI",1899,1899-12-30,6
"THI",1900,1900-12-30,10
"THI",1901,1901-12-30,4
"THI",1902,1902-12-30,10
"THI",1903,1903-12-30,18
"THI",1904,1904-12-30,18
"THI",1905,1905-12-30,18
"THI",1906,1906-12-30,16
"THI",1907,1907-12-30,26
"THI",1908,1908-12-30,31
"THI",1909,1909-12-30,31
"THI",1910,1910-12-30,31
"THI",1911,1911-12-30,31
"THI",1912,1912-12-30,31
"THI",1913,1913-12-30,31
"THI",1914,1914-12-29,32
"THI",1915,1915-12-29,32
"THI",1916,1916-12-29,32
"THI",1917,1917-12-29,32
"THI",1918,1918-12-30,32
"THI",1919,1919-12-30,25
"THI",1920,1920-12-30,25
"THI",1921,1921-12-30,25
"THI",1922,1922-12-30,24
"THI",1923,1923-12-30,26
"THI",1924,1924-12-30,26
"THI",1925,1925-12-30,25
"THI",1926,1926-12-30,26
"THI",1927,1927-12-30,27
"THI",1928,1928-12-30,27
"THI",1929,1929-12-30,28
"THI",1930,1930-12-30,28
"THI",1931,1931-12-30,30
"THI",1932,1932-12-30,30
"THI",1933,1933-12-30,27
"THI",1934,1934-12-30,27
"THI",1935,1935-12-30,27
"THI",1936,1936-12-30,32
"THI",1937,1937-12-30,35
"THI",1938,1938-12-30,38
"THI",1939,1939-12-30,31
"THI",1946,1946-12-29,44
"THI",1947,1947-12-29,44
"THI",1948,1948-12-29,44
"THI",1949,1949-12-29,44
"THI",1950,1950-12-29,44
"THI",1951,1951-12-29,44
"THI",1952,1952-12-29,44
"THI",1953,1953-12-29,45
"THI",1954,1954-12-29,45
"THI",1955,1955-12-29,45
"THI",1956,1956-12-29,50
"THI",1957,1957-12-29,100
"THI",1958,1958-12-29,100
"THI",1959,1959-12-29,99
"THI",1960,1960-12-29,97
"THI",1961,1961-12-29,80
"THI",1962,1962-12-29,83
"THI",1963,1963-12-29,85
"THI",1964,1964-12-29,85
"THI",1965,1965-12-29,132
"THI",1966,1966-12-29,151
"THI",1967,1967-12-29,151
"THI",1968,1968-12-29,167
"THI",1969,1969-12-29,175
"THI",1970,1970-12-29,175
"THI",1971,1971-12-29,195
"THI",1972,1972-12-29,205
"THI",1973,1973-12-29,233
"THI",1974,1974-12-29,221
"THI",1975,1975-12-29,227
"THI",1976,1976-12-29,228
"THI",1977,1977-12-29,230
"THI",1978,1978-12-29,250
"THI",1979,1979-12-29,250
"THI",1980,1980-12-29,234
"THI",1981,1981-12-29,250
"THI",1982,1982-12-29,250
"THI",1983,1983-12-29,233
"THI",1984,1984-12-29,235
"THI",1985,1985-12-29,235
"THI",1986,1986-12-29,256
"THI",1987,1987-12-29,256
"THI",1988,1988-12-29,256
"THI",1989,1989-12-29,283
"THI",1990,1990-12-29,283
"THI",1991,1991-12-29,283
"THI",1992,1992-12-29,283
"THI",1993,1993-12-29,295
"THI",1994,1994-12-29,290
"THI",1995,1995-12-29,288
"THI",1996,1996-12-29,288
"THI",1997,1997-12-29,288
"THI",1998,1998-12-29,280
"THI",1999,1999-12-29,300
"THI",2000,2000-12-29,301
"THI",2001,2001-12-29,306
"THI",2002,2002-12-29,306
"THI",2003,2003-12-29,314
"THI",2004,2004-12-29,310
"THI",2005,2005-12-29,307
"THI",2006,2006-12-29,307
"THI",2007,2007-12-29,307
"THI",2008,2008-12-29,306
"THI",2009,2009-12-29,307
"THI",2010,2010-12-29,306
"THI",2011,2011-12-29,306
"THI",2012,2012-12-29,306
"THI",2013,2013-12-29,361
"THI",2014,2014-12-29,361
"THI",2015,2015-12-29,361
"THI",2016,2016-12-29,361
"CAM",1953,1953-12-29,44
"CAM",1954,1954-12-29,44
"CAM",1955,1955-12-29,40
"CAM",1956,1956-12-29,40
"CAM",1957,1957-12-29,36
"CAM",1958,1958-12-29,36
"CAM",1959,1959-12-29,35
"CAM",1960,1960-12-29,35
"CAM",1961,1961-12-29,65
"CAM",1962,1962-12-29,70
"CAM",1963,1963-12-29,75
"CAM",1964,1964-12-29,75
"CAM",1965,1965-12-29,76
"CAM",1966,1966-12-29,83
"CAM",1967,1967-12-29,83
"CAM",1968,1968-12-29,84
"CAM",1969,1969-12-29,85
"CAM",1970,1970-12-29,85
"CAM",1971,1971-12-29,205
"CAM",1972,1972-12-29,200
"CAM",1973,1973-12-29,213
"CAM",1974,1974-12-29,220
"CAM",1975,1975-12-29,62
"CAM",1976,1976-12-29,62
"CAM",1977,1977-12-29,70
"CAM",1978,1978-12-29,70
"CAM",1979,1979-12-29,10
"CAM",1980,1980-12-29,35
"CAM",1981,1981-12-29,20
"CAM",1982,1982-12-29,20
"CAM",1983,1983-12-29,20
"CAM",1984,1984-12-29,30
"CAM",1985,1985-12-29,35
"CAM",1986,1986-12-29,60
"CAM",1987,1987-12-29,60
"CAM",1988,1988-12-29,60
"CAM",1989,1989-12-29,99
"CAM",1990,1990-12-29,112
"CAM",1991,1991-12-29,112
"CAM",1992,1992-12-29,135
"CAM",1993,1993-12-29,102
"CAM",1994,1994-12-29,70
"CAM",1995,1995-12-29,70
"CAM",1996,1996-12-29,60
"CAM",1997,1997-12-29,60
"CAM",1998,1998-12-29,60
"CAM",1999,1999-12-29,60
"CAM",2000,2000-12-29,140
"CAM",2001,2001-12-29,140
"CAM",2002,2002-12-29,125
"CAM",2003,2003-12-29,125
"CAM",2004,2004-12-29,125
"CAM",2005,2005-12-29,124
"CAM",2006,2006-12-29,124
"CAM",2007,2007-12-29,124
"CAM",2008,2008-12-29,124
"CAM",2009,2009-12-29,124
"CAM",2010,2010-12-29,124
"CAM",2011,2011-12-29,124
"CAM",2012,2012-12-29,124
"CAM",2013,2013-12-29,124
"CAM",2014,2014-12-29,124
"CAM",2015,2015-12-29,124
"CAM",2016,2016-12-29,124
"LAO",1953,1953-12-29,25
"LAO",1954,1954-12-29,25
"LAO",1955,1955-12-29,25
"LAO",1956,1956-12-29,25
"LAO",1957,1957-12-29,25
"LAO",1958,1958-12-29,25
"LAO",1959,1959-12-29,29
"LAO",1960,1960-12-29,29
"LAO",1961,1961-12-29,55
"LAO",1962,1962-12-29,60
"LAO",1963,1963-12-29,83
"LAO",1964,1964-12-29,91
"LAO",1965,1965-12-29,86
"LAO",1966,1966-12-29,93
"LAO",1967,1967-12-29,62
"LAO",1968,1968-12-29,62
"LAO",1969,1969-12-29,59
"LAO",1970,1970-12-29,62
"LAO",1971,1971-12-29,72
"LAO",1972,1972-12-29,79
"LAO",1973,1973-12-29,71
"LAO",1974,1974-12-29,60
"LAO",1975,1975-12-29,46
"LAO",1976,1976-12-29,46
"LAO",1977,1977-12-29,45
"LAO",1978,1978-12-29,47
"LAO",1979,1979-12-29,46
"LAO",1980,1980-12-29,55
"LAO",1981,1981-12-29,46
"LAO",1982,1982-12-29,46
"LAO",1983,1983-12-29,49
"LAO",1984,1984-12-29,54
"LAO",1985,1985-12-29,54
"LAO",1986,1986-12-29,56
"LAO",1987,1987-12-29,56
"LAO",1988,1988-12-29,56
"LAO",1989,1989-12-29,56
"LAO",1990,1990-12-29,55
"LAO",1991,1991-12-29,53
"LAO",1992,1992-12-29,37
"LAO",1993,1993-12-29,37
"LAO",1994,1994-12-29,45
"LAO",1995,1995-12-29,50
"LAO",1996,1996-12-29,50
"LAO",1997,1997-12-29,50
"LAO",1998,1998-12-29,50
"LAO",1999,1999-12-29,50
"LAO",2000,2000-12-29,29
"LAO",2001,2001-12-29,29
"LAO",2002,2002-12-29,29
"LAO",2003,2003-12-29,29
"LAO",2004,2004-12-29,29
"LAO",2005,2005-12-29,29
"LAO",2006,2006-12-29,29
"LAO",2007,2007-12-29,29
"LAO",2008,2008-12-29,29
"LAO",2009,2009-12-29,29
"LAO",2010,2010-12-29,29
"LAO",2011,2011-12-29,29
"LAO",2012,2012-12-29,29
"LAO",2013,2013-12-29,29
"LAO",2014,2014-12-29,29
"LAO",2015,2015-12-29,29
"LAO",2016,2016-12-29,29
"DRV",1954,1954-12-29,180
"DRV",1955,1955-12-29,190
"DRV",1956,1956-12-29,200
"DRV",1957,1957-12-29,210
"DRV",1958,1958-12-29,220
"DRV",1959,1959-12-29,230
"DRV",1960,1960-12-29,240
"DRV",1961,1961-12-29,250
"DRV",1962,1962-12-29,260
"DRV",1963,1963-12-29,250
"DRV",1964,1964-12-29,256
"DRV",1965,1965-12-29,256
"DRV",1966,1966-12-29,256
"DRV",1967,1967-12-29,418
"DRV",1968,1968-12-29,447
"DRV",1969,1969-12-29,477
"DRV",1970,1970-12-29,452
"DRV",1971,1971-12-29,455
"DRV",1972,1972-12-29,625
"DRV",1973,1973-12-29,630
"DRV",1974,1974-12-29,665
"DRV",1975,1975-12-29,643
"DRV",1976,1976-12-29,637
"DRV",1977,1977-12-29,615
"DRV",1978,1978-12-29,660
"DRV",1979,1979-12-29,650
"DRV",1980,1980-12-29,900
"DRV",1981,1981-12-29,1000
"DRV",1982,1982-12-29,1000
"DRV",1983,1983-12-29,1029
"DRV",1984,1984-12-29,1227
"DRV",1985,1985-12-29,1027
"DRV",1986,1986-12-29,1260
"DRV",1987,1987-12-29,1260
"DRV",1988,1988-12-29,1250
"DRV",1989,1989-12-29,1250
"DRV",1990,1990-12-29,1050
"DRV",1991,1991-12-29,1040
"DRV",1992,1992-12-29,857
"DRV",1993,1993-12-29,857
"DRV",1994,1994-12-29,700
"DRV",1995,1995-12-29,650
"DRV",1996,1996-12-29,650
"DRV",1997,1997-12-29,650
"DRV",1998,1998-12-29,640
"DRV",1999,1999-12-29,485
"DRV",2000,2000-12-29,484
"DRV",2001,2001-12-29,484
"DRV",2002,2002-12-29,484
"DRV",2003,2003-12-29,484
"DRV",2004,2004-12-29,484
"DRV",2005,2005-12-29,484
"DRV",2006,2006-12-29,455
"DRV",2007,2007-12-29,455
"DRV",2008,2008-12-29,455
"DRV",2009,2009-12-29,455
"DRV",2010,2010-12-29,455
"DRV",2011,2011-12-29,455
"DRV",2012,2012-12-29,482
"DRV",2013,2013-12-29,482
"DRV",2014,2014-12-29,482
"DRV",2015,2015-12-29,482
"DRV",2016,2016-12-29,482
"RVN",1954,1954-12-29,170
"RVN",1955,1955-12-29,160
"RVN",1956,1956-12-29,150
"RVN",1957,1957-12-29,160
"RVN",1958,1958-12-29,160
"RVN",1959,1959-12-29,160
"RVN",1960,1960-12-29,160
"RVN",1961,1961-12-29,375
"RVN",1962,1962-12-29,400
"RVN",1963,1963-12-29,425
"RVN",1964,1964-12-29,230
"RVN",1965,1965-12-29,565
"RVN",1966,1966-12-29,617
"RVN",1967,1967-12-29,645
"RVN",1968,1968-12-29,735
"RVN",1969,1969-12-29,892
"RVN",1970,1970-12-29,1000
"RVN",1971,1971-12-29,1060
"RVN",1972,1972-12-29,1100
"RVN",1973,1973-12-29,1090
"RVN",1974,1974-12-29,980
"RVN",1975,1975-12-29,570
"MAL",1957,1957-12-29,18
"MAL",1958,1958-12-29,20
"MAL",1959,1959-12-29,20
"MAL",1960,1960-12-29,20
"MAL",1961,1961-12-29,44
"MAL",1962,1962-12-29,46
"MAL",1963,1963-12-29,14
"MAL",1964,1964-12-29,32
"MAL",1965,1965-12-29,37
"MAL",1966,1966-12-29,35
"MAL",1967,1967-12-29,40
"MAL",1968,1968-12-29,46
"MAL",1969,1969-12-29,46
"MAL",1970,1970-12-29,58
"MAL",1971,1971-12-29,62
"MAL",1972,1972-12-29,69
"MAL",1973,1973-12-29,70
"MAL",1974,1974-12-29,75
"MAL",1975,1975-12-29,76
"MAL",1976,1976-12-29,80
"MAL",1977,1977-12-29,79
"MAL",1978,1978-12-29,82
"MAL",1979,1979-12-29,82
"MAL",1980,1980-12-29,83
"MAL",1981,1981-12-29,90
"MAL",1982,1982-12-29,95
"MAL",1983,1983-12-29,99
"MAL",1984,1984-12-29,125
"MAL",1985,1985-12-29,110
"MAL",1986,1986-12-29,113
"MAL",1987,1987-12-29,113
"MAL",1988,1988-12-29,113
"MAL",1989,1989-12-29,115
"MAL",1990,1990-12-29,130
"MAL",1991,1991-12-29,128
"MAL",1992,1992-12-29,128
"MAL",1993,1993-12-29,115
"MAL",1994,1994-12-29,115
"MAL",1995,1995-12-29,122
"MAL",1996,1996-12-29,128
"MAL",1997,1997-12-29,110
"MAL",1998,1998-12-29,110
"MAL",1999,1999-12-29,95
"MAL",2000,2000-12-29,96
"MAL",2001,2001-12-29,100
"MAL",2002,2002-12-29,100
"MAL",2003,2003-12-29,104
"MAL",2004,2004-12-29,107
"MAL",2005,2005-12-29,110
"MAL",2006,2006-12-29,110
"MAL",2007,2007-12-29,109
"MAL",2008,2008-12-29,109
"MAL",2009,2009-12-29,109
"MAL",2010,2010-12-29,109
"MAL",2011,2011-12-29,109
"MAL",2012,2012-12-29,109
"MAL",2013,2013-12-29,109
"MAL",2014,2014-12-29,109
"MAL",2015,2015-12-29,109
"MAL",2016,2016-12-29,109
"PHI",1947,1947-12-29,27
"PHI",1948,1948-12-29,28
"PHI",1949,1949-12-29,28
"PHI",1950,1950-12-29,29
"PHI",1951,1951-12-29,29
"PHI",1952,1952-12-29,30
"PHI",1953,1953-12-29,30
"PHI",1954,1954-12-29,34
"PHI",1955,1955-12-29,38
"PHI",1956,1956-12-29,42
"PHI",1957,1957-12-29,58
"PHI",1958,1958-12-29,58
"PHI",1959,1959-12-29,58
"PHI",1960,1960-12-29,58
"PHI",1961,1961-12-29,62
"PHI",1962,1962-12-29,60
"PHI",1963,1963-12-29,45
"PHI",1964,1964-12-29,47
"PHI",1965,1965-12-29,46
"PHI",1966,1966-12-29,45
"PHI",1967,1967-12-29,45
"PHI",1968,1968-12-29,51
"PHI",1969,1969-12-29,55
"PHI",1970,1970-12-29,59
"PHI",1971,1971-12-29,58
"PHI",1972,1972-12-29,62
"PHI",1973,1973-12-29,63
"PHI",1974,1974-12-29,90
"PHI",1975,1975-12-29,120
"PHI",1976,1976-12-29,140
"PHI",1977,1977-12-29,155
"PHI",1978,1978-12-29,156
"PHI",1979,1979-12-29,156
"PHI",1980,1980-12-29,155
"PHI",1981,1981-12-29,156
"PHI",1982,1982-12-29,157
"PHI",1983,1983-12-29,113
"PHI",1984,1984-12-29,105
"PHI",1985,1985-12-29,115
"PHI",1986,1986-12-29,105
"PHI",1987,1987-12-29,105
"PHI",1988,1988-12-29,148
"PHI",1989,1989-12-29,112
"PHI",1990,1990-12-29,109
"PHI",1991,1991-12-29,107
"PHI",1992,1992-12-29,107
"PHI",1993,1993-12-29,107
"PHI",1994,1994-12-29,104
"PHI",1995,1995-12-29,104
"PHI",1996,1996-12-29,103
"PHI",1997,1997-12-29,105
"PHI",1998,1998-12-29,106
"PHI",1999,1999-12-29,107
"PHI",2000,2000-12-29,106
"PHI",2001,2001-12-29,107
"PHI",2002,2002-12-29,106
"PHI",2003,2003-12-29,106
"PHI",2004,2004-12-29,106
"PHI",2005,2005-12-29,106
"PHI",2006,2006-12-29,106
"PHI",2007,2007-12-29,106
"PHI",2008,2008-12-29,106
"PHI",2009,2009-12-29,106
"PHI",2010,2010-12-29,120
"PHI",2011,2011-12-29,125
"PHI",2012,2012-12-29,125
"PHI",2013,2013-12-29,125
"PHI",2014,2014-12-29,125
"PHI",2015,2015-12-29,125
"PHI",2016,2016-12-29,125
"INS",1949,1949-12-29,200
"INS",1950,1950-12-29,600
"INS",1951,1951-12-29,400
"INS",1952,1952-12-29,200
"INS",1953,1953-12-29,100
"INS",1954,1954-12-29,149
"INS",1955,1955-12-29,199
"INS",1956,1956-12-29,248
"INS",1957,1957-12-29,265
"INS",1958,1958-12-29,282
"INS",1959,1959-12-29,299
"INS",1960,1960-12-29,316
"INS",1961,1961-12-29,375
"INS",1962,1962-12-29,375
"INS",1963,1963-12-29,375
"INS",1964,1964-12-29,376
"INS",1965,1965-12-29,351
"INS",1966,1966-12-29,346
"INS",1967,1967-12-29,347
"INS",1968,1968-12-29,348
"INS",1969,1969-12-29,358
"INS",1970,1970-12-29,358
"INS",1971,1971-12-29,358
"INS",1972,1972-12-29,356
"INS",1973,1973-12-29,310
"INS",1974,1974-12-29,270
"INS",1975,1975-12-29,260
"INS",1976,1976-12-29,257
"INS",1977,1977-12-29,260
"INS",1978,1978-12-29,250
"INS",1979,1979-12-29,250
"INS",1980,1980-12-29,250
"INS",1981,1981-12-29,265
"INS",1982,1982-12-29,280
"INS",1983,1983-12-29,269
"INS",1984,1984-12-29,281
"INS",1985,1985-12-29,278
"INS",1986,1986-12-29,284
"INS",1987,1987-12-29,284
"INS",1988,1988-12-29,284
"INS",1989,1989-12-29,285
"INS",1990,1990-12-29,283
"INS",1991,1991-12-29,278
"INS",1992,1992-12-29,283
"INS",1993,1993-12-29,271
"INS",1994,1994-12-29,280
"INS",1995,1995-12-29,280
"INS",1996,1996-12-29,280
"INS",1997,1997-12-29,280
"INS",1998,1998-12-29,280
"INS",1999,1999-12-29,296
"INS",2000,2000-12-29,297
"INS",2001,2001-12-29,297
"INS",2002,2002-12-29,297
"INS",2003,2003-12-29,302
"INS",2004,2004-12-29,302
"INS",2005,2005-12-29,302
"INS",2006,2006-12-29,302
"INS",2007,2007-12-29,302
"INS",2008,2008-12-29,302
"INS",2009,2009-12-29,302
"INS",2010,2010-12-29,302
"INS",2011,2011-12-29,302
"INS",2012,2012-12-29,302
"INS",2013,2013-12-29,396
"INS",2014,2014-12-29,396
"INS",2015,2015-12-29,396
"INS",2016,2016-12-29,396
"AUL",1920,1920-12-30,6
"AUL",1921,1921-12-30,6
"AUL",1922,1922-12-30,6
"AUL",1923,1923-12-30,7
"AUL",1924,1924-12-30,7
"AUL",1925,1925-12-30,7
"AUL",1926,1926-12-30,8
"AUL",1927,1927-12-30,8
"AUL",1928,1928-12-30,8
"AUL",1929,1929-12-30,7
"AUL",1930,1930-12-30,7
"AUL",1931,1931-12-30,6
"AUL",1932,1932-12-30,6
"AUL",1933,1933-12-30,6
"AUL",1934,1934-12-30,8
"AUL",1935,1935-12-30,8
"AUL",1936,1936-12-30,8
"AUL",1937,1937-12-30,8
"AUL",1938,1938-12-30,8
"AUL",1939,1939-12-30,8
"AUL",1940,1940-12-29,82
"AUL",1941,1941-12-29,400
"AUL",1943,1943-12-29,680
"AUL",1944,1944-12-29,680
"AUL",1945,1945-12-29,596
"AUL",1946,1946-12-29,103
"AUL",1947,1947-12-29,82
"AUL",1948,1948-12-29,61
"AUL",1949,1949-12-29,41
"AUL",1950,1950-12-29,38
"AUL",1951,1951-12-29,33
"AUL",1952,1952-12-29,32
"AUL",1953,1953-12-29,57
"AUL",1954,1954-12-29,54
"AUL",1955,1955-12-29,52
"AUL",1956,1956-12-29,52
"AUL",1957,1957-12-29,48
"AUL",1958,1958-12-29,46
"AUL",1959,1959-12-29,48
"AUL",1960,1960-12-29,47
"AUL",1961,1961-12-29,46
"AUL",1962,1962-12-29,49
"AUL",1963,1963-12-29,49
"AUL",1964,1964-12-29,53
"AUL",1965,1965-12-29,53
"AUL",1966,1966-12-29,59
"AUL",1967,1967-12-29,72
"AUL",1968,1968-12-29,80
"AUL",1969,1969-12-29,82
"AUL",1970,1970-12-29,86
"AUL",1971,1971-12-29,86
"AUL",1972,1972-12-29,86
"AUL",1973,1973-12-29,71
"AUL",1974,1974-12-29,68
"AUL",1975,1975-12-29,70
"AUL",1976,1976-12-29,71
"AUL",1977,1977-12-29,70
"AUL",1978,1978-12-29,70
"AUL",1979,1979-12-29,70
"AUL",1980,1980-12-29,71
"AUL",1981,1981-12-29,72
"AUL",1982,1982-12-29,73
"AUL",1983,1983-12-29,73
"AUL",1984,1984-12-29,71
"AUL",1985,1985-12-29,70
"AUL",1986,1986-12-29,71
"AUL",1987,1987-12-29,70
"AUL",1988,1988-12-29,71
"AUL",1989,1989-12-29,70
"AUL",1990,1990-12-29,68
"AUL",1991,1991-12-29,68
"AUL",1992,1992-12-29,68
"AUL",1993,1993-12-29,68
"AUL",1994,1994-12-29,65
"AUL",1995,1995-12-29,65
"AUL",1996,1996-12-29,65
"AUL",1997,1997-12-29,65
"AUL",1998,1998-12-29,65
"AUL",1999,1999-12-29,55
"AUL",2000,2000-12-29,51
"AUL",2001,2001-12-29,51
"AUL",2002,2002-12-29,51
"AUL",2003,2003-12-29,54
"AUL",2004,2004-12-29,53
"AUL",2005,2005-12-29,53
"AUL",2006,2006-12-29,53
"AUL",2007,2007-12-29,52
"AUL",2008,2008-12-29,51
"AUL",2009,2009-12-29,55
"AUL",2010,2010-12-29,55
"AUL",2011,2011-12-29,57
"AUL",2012,2012-12-29,57
"AUL",2013,2013-12-29,57
"AUL",2014,2014-12-29,56
"AUL",2015,2015-12-29,57
"AUL",2016,2016-12-29,57
"PNG",1975,1975-12-29,4
"PNG",1976,1976-12-29,4
"PNG",1977,1977-12-29,3
"PNG",1978,1978-12-29,4
"PNG",1979,1979-12-29,4
"PNG",1980,1980-12-29,3
"PNG",1981,1981-12-29,3
"PNG",1982,1982-12-29,3
"PNG",1983,1983-12-29,3
"PNG",1984,1984-12-29,3
"PNG",1985,1985-12-29,3
"PNG",1986,1986-12-29,3
"PNG",1987,1987-12-29,3
"PNG",1988,1988-12-29,3
"PNG",1989,1989-12-29,3
"PNG",1990,1990-12-29,4
"PNG",1991,1991-12-29,4
"PNG",1992,1992-12-29,4
"PNG",1993,1993-12-29,4
"PNG",1994,1994-12-29,4
"PNG",1995,1995-12-29,5
"PNG",1996,1996-12-29,5
"PNG",1997,1997-12-29,5
"PNG",1998,1998-12-29,5
"PNG",1999,1999-12-29,4
"PNG",2000,2000-12-29,4
"PNG",2001,2001-12-29,4
"PNG",2002,2002-12-29,3
"PNG",2003,2003-12-29,3
"PNG",2004,2004-12-29,3
"PNG",2005,2005-12-29,3
"PNG",2006,2006-12-29,9
"PNG",2007,2007-12-29,3
"PNG",2008,2008-12-29,3
"PNG",2009,2009-12-29,3
"PNG",2010,2010-12-29,3
"PNG",2011,2011-12-29,3
"PNG",2012,2012-12-29,3
"PNG",2013,2013-12-29,3
"PNG",2014,2014-12-29,2
"PNG",2015,2015-12-29,2
"PNG",2016,2016-12-29,2
"NEW",1922,1922-12-30,1
"NEW",1923,1923-12-30,1
"NEW",1924,1924-12-30,1
"NEW",1925,1925-12-30,1
"NEW",1926,1926-12-30,1
"NEW",1927,1927-12-30,1
"NEW",1928,1928-12-30,1
"NEW",1929,1929-12-30,1
"NEW",1930,1930-12-30,1
"NEW",1931,1931-12-30,1
"NEW",1932,1932-12-30,1
"NEW",1933,1933-12-30,1
"NEW",1934,1934-12-30,1
"NEW",1935,1935-12-30,1
"NEW",1936,1936-12-30,1
"NEW",1937,1937-12-30,1
"NEW",1938,1938-12-30,1
"NEW",1939,1939-12-30,1
"NEW",1940,1940-12-29,1
"NEW",1941,1941-12-29,100
"NEW",1942,1942-12-29,154
"NEW",1944,1944-12-29,157
"NEW",1950,1950-12-29,9
"NEW",1951,1951-12-29,9
"NEW",1952,1952-12-29,10
"NEW",1953,1953-12-29,10
"NEW",1954,1954-12-29,10
"NEW",1955,1955-12-29,10
"NEW",1956,1956-12-29,11
"NEW",1957,1957-12-29,12
"NEW",1958,1958-12-29,11
"NEW",1959,1959-12-29,12
"NEW",1960,1960-12-29,12
"NEW",1961,1961-12-29,13
"NEW",1962,1962-12-29,12
"NEW",1963,1963-12-29,12
"NEW",1964,1964-12-29,13
"NEW",1965,1965-12-29,13
"NEW",1966,1966-12-29,13
"NEW",1967,1967-12-29,13
"NEW",1968,1968-12-29,13
"NEW",1969,1969-12-29,14
"NEW",1970,1970-12-29,14
"NEW",1971,1971-12-29,14
"NEW",1972,1972-12-29,14
"NEW",1973,1973-12-29,13
"NEW",1974,1974-12-29,13
"NEW",1975,1975-12-29,13
"NEW",1976,1976-12-29,13
"NEW",1977,1977-12-29,13
"NEW",1978,1978-12-29,13
"NEW",1979,1979-12-29,13
"NEW",1980,1980-12-29,13
"NEW",1981,1981-12-29,12
"NEW",1982,1982-12-29,12
"NEW",1983,1983-12-29,13
"NEW",1984,1984-12-29,13
"NEW",1985,1985-12-29,13
"NEW",1986,1986-12-29,12
"NEW",1987,1987-12-29,13
"NEW",1988,1988-12-29,13
"NEW",1989,1989-12-29,12
"NEW",1990,1990-12-29,11
"NEW",1991,1991-12-29,11
"NEW",1992,1992-12-29,11
"NEW",1993,1993-12-29,11
"NEW",1994,1994-12-29,10
"NEW",1995,1995-12-29,10
"NEW",1996,1996-12-29,10
"NEW",1997,1997-12-29,10
"NEW",1998,1998-12-29,10
"NEW",1999,1999-12-29,10
"NEW",2000,2000-12-29,9
"NEW",2001,2001-12-29,9
"NEW",2002,2002-12-29,9
"NEW",2003,2003-12-29,9
"NEW",2004,2004-12-29,9
"NEW",2005,2005-12-29,9
"NEW",2006,2006-12-29,9
"NEW",2007,2007-12-29,9
"NEW",2008,2008-12-29,9
"NEW",2009,2009-12-29,9
"NEW",2010,2010-12-29,10
"NEW",2011,2011-12-29,10
"NEW",2012,2012-12-29,10
"NEW",2013,2013-12-29,9
"NEW",2014,2014-12-29,9
"NEW",2015,2015-12-29,9
"NEW",2016,2016-12-29,9
"AFG",1920,1816-07-26,55
"ALB",1914,1816-07-26,2
"ALG",1962,1816-07-26,45
"ANG",1975,1816-07-26,30
"ARG",1841,1816-07-26,7
"AUH",1816,1816-07-26,222
"AUL",1920,1816-07-26,6
"AUS",1919,1816-07-26,29
"BEL",1830,1816-07-26,62
"BNG",1972,1816-07-26,47
"BOL",1848,1816-07-26,17
"BRA",1826,1816-07-26,18
"BUL",1908,1816-07-26,59
"CAM",1953,1816-07-26,44
"CAN",1920,1816-07-26,4
"CEN",1964,1816-07-26,2
"CHA",1963,1816-07-26,2
"CHL",1839,1816-07-26,3
"CHN",1860,1816-07-26,1000
"COL",1831,1816-07-26,3
"CON",1962,1816-07-26,1
"COS",1920,1816-07-26,1
"CRO",1992,1816-07-26,103
"CUB",1902,1816-07-26,3
"CZE",1918,1816-07-26,150
"DEN",1816,1816-07-26,32
"DOM",1894,1816-07-26,1
"DRC",1960,1816-07-26,25
"DRV",1954,1816-07-26,180
"ECU",1870,1816-07-26,2
"EGY",1855,1816-07-26,24
"ERI",1993,1816-07-26,55
"EST",1918,1816-07-26,16
"ETH",1898,1816-07-26,150
"FIN",1919,1816-07-26,38
"FRN",1816,1816-07-26,132
"GDR",1954,1816-07-26,106
"GFR",1955,1816-07-26,205
"GHA",1957,1816-07-26,2
"GMY",1816,1816-07-26,130
"GRC",1828,1816-07-26,5
"GUA",1868,1816-07-26,3
"GUI",1958,1816-07-26,2
"HAI",1859,1816-07-26,30
"HON",1899,1816-07-26,1
"HUN",1919,1816-07-26,27
"IND",1947,1816-07-26,311
"INS",1949,1816-07-26,200
"IRN",1855,1816-07-26,18
"IRQ",1932,1816-07-26,12
"ISR",1948,1816-07-26,85
"ITA",1816,1816-07-26,19
"JOR",1946,1816-07-26,8
"JPN",1860,1816-07-26,12
"KEN",1963,1816-07-26,3
"KUW",1961,1816-07-26,1
"KYR",1992,1816-07-26,12
"LAO",1953,1816-07-26,25
"LBR",1920,1816-07-26,2
"LEB",1946,1816-07-26,4
"LIB",1951,1816-07-26,3
"LIT",1918,1816-07-26,42
"LUX",1946,1816-07-26,2
"MAL",1957,1816-07-26,18
"MEX",1831,1816-07-26,25
"MOR",1847,1816-07-26,10
"MYA",1948,1816-07-26,3
"NEW",1922,1816-07-26,1
"NIC",1900,1816-07-26,2
"NIG",1960,1816-07-26,5
"NOR",1905,1816-07-26,32
"NTH",1816,1816-07-26,26
"PAK",1947,1816-07-26,275
"PAN",1963,1816-07-26,3
"PAR",1846,1816-07-26,8
"PER",1839,1816-07-26,4
"PHI",1947,1816-07-26,27
"PNG",1975,1816-07-26,4
"POL",1919,1816-07-26,300
"POR",1816,1816-07-26,22
"PRK",1948,1816-07-26,200
"QAT",1972,1816-07-26,2
"ROK",1949,1816-07-26,69
"ROM",1878,1816-07-26,16
"RUS",1816,1816-07-26,800
"RVN",1954,1816-07-26,170
"RWA",1962,1816-07-26,1
"SAF",1923,1816-07-26,2
"SAL",1875,1816-07-26,1
"SAU",1927,1816-07-26,4
"SEN",1960,1816-07-26,1
"SIE",1961,1816-07-26,1
"SOM",1960,1816-07-26,4
"SPN",1816,1816-07-26,125
"SUD",1956,1816-07-26,9
"SYR",1946,1816-07-26,10
"TAJ",1992,1816-07-26,3
"TAW",1949,1816-07-26,1500
"TAZ",1961,1816-07-26,1
"THI",1887,1816-07-26,15
"TUN",1825,1816-07-26,9
"TUR",1816,1816-07-26,121
"UAE",1971,1816-07-26,2
"UGA",1962,1816-07-26,2
"UKG",1816,1816-07-26,255
"USA",1816,1816-07-26,17
"UZB",1992,1816-07-26,40
"VEN",1857,1816-07-26,10
"YAR",1926,1816-07-26,18
"YPR",1967,1816-07-26,3
"YUG",1878,1816-07-26,7
"ZAM",1964,1816-07-26,9
"ZIM",1965,1816-07-26,10
