"name","year","date","tpop"
"USA",1816,1816-12-30,8659
"USA",1817,1817-12-30,8899
"USA",1818,1818-12-30,9139
"USA",1819,1819-12-30,9379
"USA",1820,1820-12-30,9618
"USA",1821,1821-12-30,9939
"USA",1822,1822-12-30,10268
"USA",1823,1823-12-30,10596
"USA",1824,1824-12-30,10924
"USA",1825,1825-12-30,11252
"USA",1826,1826-12-30,11580
"USA",1827,1827-12-30,11909
"USA",1828,1828-12-30,12237
"USA",1829,1829-12-30,12565
"USA",1830,1830-12-30,12901
"USA",1831,1831-12-30,13321
"USA",1832,1832-12-30,13742
"USA",1833,1833-12-30,14162
"USA",1834,1834-12-30,14582
"USA",1835,1835-12-30,15003
"USA",1836,1836-12-30,15423
"USA",1837,1837-12-30,15843
"USA",1838,1838-12-30,16264
"USA",1839,1839-12-30,16684
"USA",1840,1840-12-30,17120
"USA",1841,1841-12-30,17733
"USA",1842,1842-12-30,18345
"USA",1843,1843-12-30,18957
"USA",1844,1844-12-30,19569
"USA",1845,1845-12-30,20182
"USA",1846,1846-12-30,20794
"USA",1847,1847-12-30,21406
"USA",1848,1848-12-30,22018
"USA",1849,1849-12-30,22631
"USA",1850,1850-12-30,23261
"USA",1851,1851-12-30,24086
"USA",1852,1852-12-30,24911
"USA",1853,1853-12-30,25736
"USA",1854,1854-12-30,26561
"USA",1855,1855-12-30,27386
"USA",1856,1856-12-30,28212
"USA",1857,1857-12-30,29037
"USA",1858,1858-12-30,29862
"USA",1859,1859-12-30,30687
"USA",1860,1860-12-30,31513
"USA",1861,1861-12-30,32351
"USA",1862,1862-12-30,33188
"USA",1863,1863-12-30,34026
"USA",1864,1864-12-30,34863
"USA",1865,1865-12-30,35701
"USA",1866,1866-12-30,36538
"USA",1867,1867-12-30,37376
"USA",1868,1868-12-30,38213
"USA",1869,1869-12-30,39051
"USA",1870,1870-12-30,39905
"USA",1871,1871-12-30,40938
"USA",1872,1872-12-30,41972
"USA",1873,1873-12-30,43006
"USA",1874,1874-12-30,44040
"USA",1875,1875-12-30,45073
"USA",1876,1876-12-30,46107
"USA",1877,1877-12-30,47141
"USA",1878,1878-12-30,48174
"USA",1879,1879-12-30,49208
"USA",1880,1880-12-30,50262
"USA",1881,1881-12-30,51542
"USA",1882,1882-12-30,52821
"USA",1883,1883-12-30,54100
"USA",1884,1884-12-30,55379
"USA",1885,1885-12-30,56658
"USA",1886,1886-12-30,57938
"USA",1887,1887-12-30,59217
"USA",1888,1888-12-30,60496
"USA",1889,1889-12-30,61775
"USA",1890,1890-12-30,63056
"USA",1891,1891-12-30,64361
"USA",1892,1892-12-30,65666
"USA",1893,1893-12-30,66970
"USA",1894,1894-12-30,68275
"USA",1895,1895-12-30,69580
"USA",1896,1896-12-30,70885
"USA",1897,1897-12-30,72189
"USA",1898,1898-12-30,73494
"USA",1899,1899-12-30,74799
"USA",1900,1900-12-30,76094
"USA",1901,1901-12-30,77584
"USA",1902,1902-12-30,79163
"USA",1903,1903-12-30,80632
"USA",1904,1904-12-30,82166
"USA",1905,1905-12-30,83822
"USA",1906,1906-12-30,85450
"USA",1907,1907-12-30,87008
"USA",1908,1908-12-30,88710
"USA",1909,1909-12-30,90490
"USA",1910,1910-12-30,92407
"USA",1911,1911-12-30,93863
"USA",1912,1912-12-30,95335
"USA",1913,1913-12-30,97225
"USA",1914,1914-12-29,99111
"USA",1915,1915-12-29,100546
"USA",1916,1916-12-29,101961
"USA",1917,1917-12-29,103268
"USA",1918,1918-12-30,103208
"USA",1919,1919-12-30,104514
"USA",1920,1920-12-30,106461
"USA",1921,1921-12-30,108538
"USA",1922,1922-12-30,110049
"USA",1923,1923-12-30,111947
"USA",1924,1924-12-30,114109
"USA",1925,1925-12-30,115829
"USA",1926,1926-12-30,117397
"USA",1927,1927-12-30,119035
"USA",1928,1928-12-30,120509
"USA",1929,1929-12-30,121767
"USA",1930,1930-12-30,123188
"USA",1931,1931-12-30,124149
"USA",1932,1932-12-30,124949
"USA",1933,1933-12-30,125690
"USA",1934,1934-12-30,126485
"USA",1935,1935-12-30,127362
"USA",1936,1936-12-30,128181
"USA",1937,1937-12-30,128961
"USA",1938,1938-12-30,129969
"USA",1939,1939-12-30,131028
"USA",1940,1940-12-29,132122
"USA",1941,1941-12-29,133402
"USA",1942,1942-12-29,134860
"USA",1943,1943-12-29,136739
"USA",1944,1944-12-29,138397
"USA",1945,1945-12-29,139928
"USA",1946,1946-12-29,141389
"USA",1947,1947-12-29,144126
"USA",1948,1948-12-29,147208
"USA",1949,1949-12-29,149767
"USA",1950,1950-12-29,152271
"USA",1951,1951-12-29,154878
"USA",1952,1952-12-29,157553
"USA",1953,1953-12-29,160184
"USA",1954,1954-12-29,163026
"USA",1955,1955-12-29,165931
"USA",1956,1956-12-29,168903
"USA",1957,1957-12-29,171984
"USA",1958,1958-12-29,174882
"USA",1959,1959-12-29,177830
"USA",1960,1960-12-29,180671
"USA",1961,1961-12-29,183691
"USA",1962,1962-12-29,186538
"USA",1963,1963-12-29,189242
"USA",1964,1964-12-29,191889
"USA",1965,1965-12-29,194303
"USA",1966,1966-12-29,196560
"USA",1967,1967-12-29,198712
"USA",1968,1968-12-29,200706
"USA",1969,1969-12-29,202677
"USA",1970,1970-12-29,205052
"USA",1971,1971-12-29,207661
"USA",1972,1972-12-29,209896
"USA",1973,1973-12-29,211909
"USA",1974,1974-12-29,213854
"USA",1975,1975-12-29,215973
"USA",1976,1976-12-29,218035
"USA",1977,1977-12-29,220239
"USA",1978,1978-12-29,222585
"USA",1979,1979-12-29,225055
"USA",1980,1980-12-29,227726
"USA",1981,1981-12-29,229966
"USA",1982,1982-12-29,232188
"USA",1983,1983-12-29,234307
"USA",1984,1984-12-29,236348
"USA",1985,1985-12-29,238466
"USA",1986,1986-12-29,240651
"USA",1987,1987-12-29,242804
"USA",1988,1988-12-29,245021
"USA",1989,1989-12-29,247342
"USA",1990,1990-12-29,249907
"USA",1991,1991-12-29,252618
"USA",1992,1992-12-29,255391
"USA",1993,1993-12-29,258132
"USA",1994,1994-12-29,260602
"USA",1995,1995-12-29,262755
"USA",1996,1996-12-29,265284
"USA",1997,1997-12-29,267901
"USA",1998,1998-12-29,274028
"USA",1999,1999-12-29,276218
"USA",2000,2000-12-29,278357
"USA",2001,2001-12-29,285112
"USA",2002,2002-12-29,290270
"USA",2003,2003-12-29,292883
"USA",2004,2004-12-29,295487
"USA",2005,2005-12-29,298166
"USA",2006,2006-12-29,300943
"USA",2007,2007-12-29,303787
"USA",2008,2008-12-29,306657
"USA",2009,2009-12-29,309492
"USA",2010,2010-12-29,312247
"USA",2011,2011-12-29,314912
"USA",2012,2012-12-29,317505
"USA",2013,2013-12-29,315537
"USA",2014,2014-12-29,317719
"USA",2015,2015-12-29,319929
"USA",2016,2016-12-29,322180
"CAN",1920,1920-12-30,8556
"CAN",1921,1921-12-30,8788
"CAN",1922,1922-12-30,8919
"CAN",1923,1923-12-30,9010
"CAN",1924,1924-12-30,9143
"CAN",1925,1925-12-30,9294
"CAN",1926,1926-12-30,9451
"CAN",1927,1927-12-30,9637
"CAN",1928,1928-12-30,9835
"CAN",1929,1929-12-30,10029
"CAN",1930,1930-12-30,10208
"CAN",1931,1931-12-30,10377
"CAN",1932,1932-12-30,10510
"CAN",1933,1933-12-30,10633
"CAN",1934,1934-12-30,10741
"CAN",1935,1935-12-30,10845
"CAN",1936,1936-12-30,10950
"CAN",1937,1937-12-30,11045
"CAN",1938,1938-12-30,11152
"CAN",1939,1939-12-30,11267
"CAN",1940,1940-12-29,11381
"CAN",1941,1941-12-29,11507
"CAN",1942,1942-12-29,11654
"CAN",1943,1943-12-29,11795
"CAN",1944,1944-12-29,11946
"CAN",1945,1945-12-29,12072
"CAN",1946,1946-12-29,12292
"CAN",1947,1947-12-29,12551
"CAN",1948,1948-12-29,13167
"CAN",1949,1949-12-29,13475
"CAN",1950,1950-12-29,13737
"CAN",1951,1951-12-29,14050
"CAN",1952,1952-12-29,14496
"CAN",1953,1953-12-29,14886
"CAN",1954,1954-12-29,15330
"CAN",1955,1955-12-29,15736
"CAN",1956,1956-12-29,16123
"CAN",1957,1957-12-29,16677
"CAN",1958,1958-12-29,17120
"CAN",1959,1959-12-29,17522
"CAN",1960,1960-12-29,17909
"CAN",1961,1961-12-29,18238
"CAN",1962,1962-12-29,18614
"CAN",1963,1963-12-29,18964
"CAN",1964,1964-12-29,19325
"CAN",1965,1965-12-29,19678
"CAN",1966,1966-12-29,20048
"CAN",1967,1967-12-29,20412
"CAN",1968,1968-12-29,20729
"CAN",1969,1969-12-29,21028
"CAN",1970,1970-12-29,21297
"CAN",1971,1971-12-29,22962
"CAN",1972,1972-12-29,22220
"CAN",1973,1973-12-29,22494
"CAN",1974,1974-12-29,22808
"CAN",1975,1975-12-29,23142
"CAN",1976,1976-12-29,23450
"CAN",1977,1977-12-29,23726
"CAN",1978,1978-12-29,23964
"CAN",1979,1979-12-29,24202
"CAN",1980,1980-12-29,24516
"CAN",1981,1981-12-29,24820
"CAN",1982,1982-12-29,25117
"CAN",1983,1983-12-29,25367
"CAN",1984,1984-12-29,25608
"CAN",1985,1985-12-29,25843
"CAN",1986,1986-12-29,26101
"CAN",1987,1987-12-29,26450
"CAN",1988,1988-12-29,26798
"CAN",1989,1989-12-29,27286
"CAN",1990,1990-12-29,27701
"CAN",1991,1991-12-29,28031
"CAN",1992,1992-12-29,28377
"CAN",1993,1993-12-29,28703
"CAN",1994,1994-12-29,29036
"CAN",1995,1995-12-29,29354
"CAN",1996,1996-12-29,29672
"CAN",1997,1997-12-29,30004
"CAN",1998,1998-12-29,30563
"CAN",1999,1999-12-29,30857
"CAN",2000,2000-12-29,31147
"CAN",2001,2001-12-29,31021
"CAN",2002,2002-12-29,31284
"CAN",2003,2003-12-29,31592
"CAN",2004,2004-12-29,31914
"CAN",2005,2005-12-29,32253
"CAN",2006,2006-12-29,32611
"CAN",2007,2007-12-29,32986
"CAN",2008,2008-12-29,33370
"CAN",2009,2009-12-29,33753
"CAN",2010,2010-12-29,34126
"CAN",2011,2011-12-29,34487
"CAN",2012,2012-12-29,34838
"CAN",2013,2013-12-29,35255
"CAN",2014,2014-12-29,35605
"CAN",2015,2015-12-29,35950
"CAN",2016,2016-12-29,36290
"CUB",1902,1902-12-30,1760
"CUB",1903,1903-12-30,1840
"CUB",1904,1904-12-30,1880
"CUB",1905,1905-12-30,1930
"CUB",1906,1906-12-30,1980
"CUB",1909,1909-12-30,2150
"CUB",1910,1910-12-30,2220
"CUB",1911,1911-12-30,2290
"CUB",1912,1912-12-30,2360
"CUB",1913,1913-12-30,2410
"CUB",1914,1914-12-29,2510
"CUB",1915,1915-12-29,2590
"CUB",1916,1916-12-29,2660
"CUB",1917,1917-12-29,2750
"CUB",1918,1918-12-30,2830
"CUB",1919,1919-12-30,2910
"CUB",1920,1920-12-30,3000
"CUB",1921,1921-12-30,3080
"CUB",1922,1922-12-30,3180
"CUB",1923,1923-12-30,3260
"CUB",1924,1924-12-30,3350
"CUB",1925,1925-12-30,3430
"CUB",1926,1926-12-30,3520
"CUB",1927,1927-12-30,3610
"CUB",1928,1928-12-30,3510
"CUB",1929,1929-12-30,3580
"CUB",1930,1930-12-30,3650
"CUB",1931,1931-12-30,3960
"CUB",1932,1932-12-30,3960
"CUB",1933,1933-12-30,3960
"CUB",1934,1934-12-30,4040
"CUB",1935,1935-12-30,4070
"CUB",1936,1936-12-30,4110
"CUB",1937,1937-12-30,4170
"CUB",1938,1938-12-30,4230
"CUB",1939,1939-12-30,4250
"CUB",1940,1940-12-29,4290
"CUB",1941,1941-12-29,4330
"CUB",1942,1942-12-29,4370
"CUB",1943,1943-12-29,4780
"CUB",1944,1944-12-29,4850
"CUB",1945,1945-12-29,4930
"CUB",1946,1946-12-29,5040
"CUB",1947,1947-12-29,5150
"CUB",1948,1948-12-29,5287
"CUB",1949,1949-12-29,5399
"CUB",1950,1950-12-29,5858
"CUB",1951,1951-12-29,5638
"CUB",1952,1952-12-29,5759
"CUB",1953,1953-12-29,6129
"CUB",1954,1954-12-29,6254
"CUB",1955,1955-12-29,6426
"CUB",1956,1956-12-29,6513
"CUB",1957,1957-12-29,6641
"CUB",1958,1958-12-29,6763
"CUB",1959,1959-12-29,6901
"CUB",1960,1960-12-29,7029
"CUB",1961,1961-12-29,7134
"CUB",1962,1962-12-29,7254
"CUB",1963,1963-12-29,7415
"CUB",1964,1964-12-29,7612
"CUB",1965,1965-12-29,7809
"CUB",1966,1966-12-29,7985
"CUB",1967,1967-12-29,8139
"CUB",1968,1968-12-29,8284
"CUB",1969,1969-12-29,8421
"CUB",1970,1970-12-29,8546
"CUB",1971,1971-12-29,8678
"CUB",1972,1972-12-29,8041
"CUB",1973,1973-12-29,9011
"CUB",1974,1974-12-29,9162
"CUB",1975,1975-12-29,9299
"CUB",1976,1976-12-29,9430
"CUB",1977,1977-12-29,9547
"CUB",1978,1978-12-29,9644
"CUB",1979,1979-12-29,9720
"CUB",1980,1980-12-29,9724
"CUB",1981,1981-12-29,9724
"CUB",1982,1982-12-29,9801
"CUB",1983,1983-12-29,9897
"CUB",1984,1984-12-29,9994
"CUB",1985,1985-12-29,10098
"CUB",1986,1986-12-29,10199
"CUB",1987,1987-12-29,10301
"CUB",1988,1988-12-29,10412
"CUB",1989,1989-12-29,10523
"CUB",1990,1990-12-29,10624
"CUB",1991,1991-12-29,10744
"CUB",1992,1992-12-29,10831
"CUB",1993,1993-12-29,10904
"CUB",1994,1994-12-29,10950
"CUB",1995,1995-12-29,10980
"CUB",1996,1996-12-29,11019
"CUB",1997,1997-12-29,11059
"CUB",1998,1998-12-29,11116
"CUB",1999,1999-12-29,11160
"CUB",2000,2000-12-29,11201
"CUB",2001,2001-12-29,11157
"CUB",2002,2002-12-29,11212
"CUB",2003,2003-12-29,11246
"CUB",2004,2004-12-29,11273
"CUB",2005,2005-12-29,11292
"CUB",2006,2006-12-29,11301
"CUB",2007,2007-12-29,11302
"CUB",2008,2008-12-29,11296
"CUB",2009,2009-12-29,11289
"CUB",2010,2010-12-29,11282
"CUB",2011,2011-12-29,11276
"CUB",2012,2012-12-29,11271
"CUB",2013,2013-12-29,11412
"CUB",2014,2014-12-29,11440
"CUB",2015,2015-12-29,11461
"CUB",2016,2016-12-29,11476
"HAI",1859,1859-12-30,465
"HAI",1860,1860-12-30,476
"HAI",1861,1861-12-30,487
"HAI",1862,1862-12-30,499
"HAI",1863,1863-12-30,511
"HAI",1864,1864-12-30,524
"HAI",1865,1865-12-30,537
"HAI",1866,1866-12-30,550
"HAI",1867,1867-12-30,564
"HAI",1868,1868-12-30,578
"HAI",1869,1869-12-30,592
"HAI",1870,1870-12-30,607
"HAI",1871,1871-12-30,622
"HAI",1872,1872-12-30,637
"HAI",1873,1873-12-30,653
"HAI",1874,1874-12-30,669
"HAI",1875,1875-12-30,686
"HAI",1876,1876-12-30,703
"HAI",1877,1877-12-30,720
"HAI",1878,1878-12-30,738
"HAI",1879,1879-12-30,756
"HAI",1880,1880-12-30,775
"HAI",1881,1881-12-30,794
"HAI",1882,1882-12-30,814
"HAI",1883,1883-12-30,834
"HAI",1884,1884-12-30,855
"HAI",1885,1885-12-30,876
"HAI",1886,1886-12-30,898
"HAI",1887,1887-12-30,920
"HAI",1888,1888-12-30,943
"HAI",1889,1889-12-30,966
"HAI",1890,1890-12-30,990
"HAI",1891,1891-12-30,1014
"HAI",1892,1892-12-30,1039
"HAI",1893,1893-12-30,1065
"HAI",1894,1894-12-30,1092
"HAI",1895,1895-12-30,1119
"HAI",1896,1896-12-30,1146
"HAI",1897,1897-12-30,1175
"HAI",1898,1898-12-30,1204
"HAI",1899,1899-12-30,1233
"HAI",1900,1900-12-30,1250
"HAI",1901,1901-12-30,1290
"HAI",1902,1902-12-30,1340
"HAI",1903,1903-12-30,1380
"HAI",1904,1904-12-30,1430
"HAI",1905,1905-12-30,1470
"HAI",1906,1906-12-30,1510
"HAI",1907,1907-12-30,1560
"HAI",1908,1908-12-30,1560
"HAI",1909,1909-12-30,1640
"HAI",1910,1910-12-30,1730
"HAI",1911,1911-12-30,1770
"HAI",1912,1912-12-30,1820
"HAI",1913,1913-12-30,1860
"HAI",1914,1914-12-29,1910
"HAI",1915,1915-12-29,1950
"HAI",1934,1934-12-30,1990
"HAI",1935,1935-12-30,2040
"HAI",1936,1936-12-30,2080
"HAI",1937,1937-12-30,2120
"HAI",1938,1938-12-30,2150
"HAI",1939,1939-12-30,2790
"HAI",1940,1940-12-29,2830
"HAI",1941,1941-12-29,2880
"HAI",1942,1942-12-29,2940
"HAI",1943,1943-12-29,2980
"HAI",1944,1944-12-29,3030
"HAI",1945,1945-12-29,3090
"HAI",1946,1946-12-29,3140
"HAI",1947,1947-12-29,3200
"HAI",1948,1948-12-29,3233
"HAI",1949,1949-12-29,3293
"HAI",1950,1950-12-29,3097
"HAI",1951,1951-12-29,3149
"HAI",1952,1952-12-29,3200
"HAI",1953,1953-12-29,3251
"HAI",1954,1954-12-29,3302
"HAI",1955,1955-12-29,3354
"HAI",1956,1956-12-29,3407
"HAI",1957,1957-12-29,3460
"HAI",1958,1958-12-29,3514
"HAI",1959,1959-12-29,3568
"HAI",1960,1960-12-29,3804
"HAI",1961,1961-12-29,3872
"HAI",1962,1962-12-29,3940
"HAI",1963,1963-12-29,4008
"HAI",1964,1964-12-29,4075
"HAI",1965,1965-12-29,4143
"HAI",1966,1966-12-29,4219
"HAI",1967,1967-12-29,4294
"HAI",1968,1968-12-29,4370
"HAI",1969,1969-12-29,4445
"HAI",1970,1970-12-29,4520
"HAI",1971,1971-12-29,4600
"HAI",1972,1972-12-29,4680
"HAI",1973,1973-12-29,4760
"HAI",1974,1974-12-29,4840
"HAI",1975,1975-12-29,4920
"HAI",1976,1976-12-29,5007
"HAI",1977,1977-12-29,5093
"HAI",1978,1978-12-29,5180
"HAI",1979,1979-12-29,5266
"HAI",1980,1980-12-29,5353
"HAI",1981,1981-12-29,5455
"HAI",1982,1982-12-29,5558
"HAI",1983,1983-12-29,5660
"HAI",1984,1984-12-29,5762
"HAI",1985,1985-12-29,5865
"HAI",1986,1986-12-29,5989
"HAI",1987,1987-12-29,6113
"HAI",1988,1988-12-29,6238
"HAI",1989,1989-12-29,6362
"HAI",1990,1990-12-29,6486
"HAI",1991,1991-12-29,6625
"HAI",1992,1992-12-29,6764
"HAI",1993,1993-12-29,6903
"HAI",1994,1994-12-29,7041
"HAI",1995,1995-12-29,7180
"HAI",1996,1996-12-29,7336
"HAI",1997,1997-12-29,7492
"HAI",1998,1998-12-29,7952
"HAI",1999,1999-12-29,8087
"HAI",2000,2000-12-29,8222
"HAI",2001,2001-12-29,8132
"HAI",2002,2002-12-29,8860
"HAI",2003,2003-12-29,8996
"HAI",2004,2004-12-29,9130
"HAI",2005,2005-12-29,9261
"HAI",2006,2006-12-29,9389
"HAI",2007,2007-12-29,9514
"HAI",2008,2008-12-29,9638
"HAI",2009,2009-12-29,9765
"HAI",2010,2010-12-29,9896
"HAI",2011,2011-12-29,10033
"HAI",2012,2012-12-29,10174
"HAI",2013,2013-12-29,10432
"HAI",2014,2014-12-29,10572
"HAI",2015,2015-12-29,10711
"HAI",2016,2016-12-29,10847
"DOM",1894,1894-12-30,504
"DOM",1895,1895-12-30,523
"DOM",1896,1896-12-30,540
"DOM",1897,1897-12-30,556
"DOM",1898,1898-12-30,571
"DOM",1899,1899-12-30,585
"DOM",1900,1900-12-30,600
"DOM",1901,1901-12-30,610
"DOM",1902,1902-12-30,630
"DOM",1903,1903-12-30,640
"DOM",1904,1904-12-30,660
"DOM",1905,1905-12-30,670
"DOM",1906,1906-12-30,680
"DOM",1907,1907-12-30,700
"DOM",1908,1908-12-30,710
"DOM",1909,1909-12-30,730
"DOM",1910,1910-12-30,740
"DOM",1911,1911-12-30,750
"DOM",1912,1912-12-30,770
"DOM",1913,1913-12-30,780
"DOM",1914,1914-12-29,800
"DOM",1915,1915-12-29,810
"DOM",1916,1916-12-29,820
"DOM",1924,1924-12-30,1011
"DOM",1925,1925-12-30,1050
"DOM",1926,1926-12-30,1090
"DOM",1927,1927-12-30,1130
"DOM",1928,1928-12-30,1170
"DOM",1929,1929-12-30,1210
"DOM",1930,1930-12-30,1260
"DOM",1931,1931-12-30,1300
"DOM",1932,1932-12-30,1350
"DOM",1933,1933-12-30,1390
"DOM",1934,1934-12-30,1440
"DOM",1935,1935-12-30,1480
"DOM",1936,1936-12-30,1520
"DOM",1937,1937-12-30,1560
"DOM",1938,1938-12-30,1600
"DOM",1939,1939-12-30,1630
"DOM",1940,1940-12-29,1760
"DOM",1941,1941-12-29,1800
"DOM",1942,1942-12-29,1840
"DOM",1943,1943-12-29,1890
"DOM",1944,1944-12-29,1930
"DOM",1945,1945-12-29,1980
"DOM",1946,1946-12-29,2030
"DOM",1947,1947-12-29,2080
"DOM",1948,1948-12-29,2130
"DOM",1949,1949-12-29,2190
"DOM",1950,1950-12-29,2240
"DOM",1951,1951-12-29,2310
"DOM",1952,1952-12-29,2297
"DOM",1953,1953-12-29,2379
"DOM",1954,1954-12-29,2464
"DOM",1955,1955-12-29,2554
"DOM",1956,1956-12-29,2644
"DOM",1957,1957-12-29,2740
"DOM",1958,1958-12-29,2839
"DOM",1959,1959-12-29,2941
"DOM",1960,1960-12-29,3231
"DOM",1961,1961-12-29,3341
"DOM",1962,1962-12-29,3453
"DOM",1963,1963-12-29,3569
"DOM",1964,1964-12-29,3687
"DOM",1965,1965-12-29,3806
"DOM",1966,1966-12-29,3926
"DOM",1967,1967-12-29,4049
"DOM",1968,1968-12-29,4173
"DOM",1969,1969-12-29,4222
"DOM",1970,1970-12-29,4062
"DOM",1971,1971-12-29,4182
"DOM",1972,1972-12-29,4305
"DOM",1973,1973-12-29,4432
"DOM",1974,1974-12-29,4562
"DOM",1975,1975-12-29,4697
"DOM",1976,1976-12-29,4835
"DOM",1977,1977-12-29,5303
"DOM",1978,1978-12-29,5431
"DOM",1979,1979-12-29,5562
"DOM",1980,1980-12-29,5697
"DOM",1981,1981-12-29,5836
"DOM",1982,1982-12-29,5978
"DOM",1983,1983-12-29,6123
"DOM",1984,1984-12-29,6269
"DOM",1985,1985-12-29,6416
"DOM",1986,1986-12-29,6565
"DOM",1987,1987-12-29,6716
"DOM",1988,1988-12-29,6867
"DOM",1989,1989-12-29,7019
"DOM",1990,1990-12-29,7170
"DOM",1991,1991-12-29,7320
"DOM",1992,1992-12-29,7471
"DOM",1993,1993-12-29,7620
"DOM",1994,1994-12-29,7769
"DOM",1995,1995-12-29,7915
"DOM",1996,1996-12-29,8052
"DOM",1997,1997-12-29,8097
"DOM",1998,1998-12-29,8232
"DOM",1999,1999-12-29,8364
"DOM",2000,2000-12-29,8495
"DOM",2001,2001-12-29,8688
"DOM",2002,2002-12-29,8935
"DOM",2003,2003-12-29,9071
"DOM",2004,2004-12-29,9207
"DOM",2005,2005-12-29,9343
"DOM",2006,2006-12-29,9479
"DOM",2007,2007-12-29,9615
"DOM",2008,2008-12-29,9750
"DOM",2009,2009-12-29,9884
"DOM",2010,2010-12-29,10017
"DOM",2011,2011-12-29,10148
"DOM",2012,2012-12-29,10277
"DOM",2013,2013-12-29,10281
"DOM",2014,2014-12-29,10406
"DOM",2015,2015-12-29,10528
"DOM",2016,2016-12-29,10649
"MEX",1831,1831-12-30,6379
"MEX",1832,1832-12-30,6447
"MEX",1833,1833-12-30,6517
"MEX",1834,1834-12-30,6587
"MEX",1835,1835-12-30,6657
"MEX",1836,1836-12-30,6729
"MEX",1837,1837-12-30,6801
"MEX",1838,1838-12-30,6875
"MEX",1839,1839-12-30,6948
"MEX",1840,1840-12-30,7016
"MEX",1841,1841-12-30,7061
"MEX",1842,1842-12-30,7125
"MEX",1843,1843-12-30,7193
"MEX",1844,1844-12-30,7264
"MEX",1845,1845-12-30,7339
"MEX",1846,1846-12-30,7403
"MEX",1847,1847-12-30,7472
"MEX",1848,1848-12-30,7534
"MEX",1849,1849-12-30,7590
"MEX",1850,1850-12-30,7648
"MEX",1851,1851-12-30,7708
"MEX",1852,1852-12-30,7759
"MEX",1853,1853-12-30,7810
"MEX",1854,1854-12-30,7853
"MEX",1855,1855-12-30,7917
"MEX",1856,1856-12-30,7998
"MEX",1857,1857-12-30,8092
"MEX",1858,1858-12-30,8198
"MEX",1859,1859-12-30,8302
"MEX",1860,1860-12-30,8412
"MEX",1861,1861-12-30,8509
"MEX",1862,1862-12-30,8611
"MEX",1863,1863-12-30,8708
"MEX",1864,1864-12-30,8802
"MEX",1865,1865-12-30,8891
"MEX",1866,1866-12-30,8957
"MEX",1867,1867-12-30,9022
"MEX",1868,1868-12-30,9089
"MEX",1869,1869-12-30,9147
"MEX",1870,1870-12-30,9210
"MEX",1871,1871-12-30,9281
"MEX",1872,1872-12-30,9364
"MEX",1873,1873-12-30,9452
"MEX",1874,1874-12-30,9526
"MEX",1875,1875-12-30,9608
"MEX",1876,1876-12-30,9694
"MEX",1877,1877-12-30,9795
"MEX",1878,1878-12-30,9887
"MEX",1879,1879-12-30,9980
"MEX",1880,1880-12-30,10073
"MEX",1881,1881-12-30,10172
"MEX",1882,1882-12-30,10276
"MEX",1883,1883-12-30,10384
"MEX",1884,1884-12-30,10501
"MEX",1885,1885-12-30,10639
"MEX",1886,1886-12-30,10780
"MEX",1887,1887-12-30,10923
"MEX",1888,1888-12-30,11107
"MEX",1889,1889-12-30,11289
"MEX",1890,1890-12-30,11460
"MEX",1891,1891-12-30,11643
"MEX",1892,1892-12-30,11886
"MEX",1893,1893-12-30,12257
"MEX",1894,1894-12-30,12443
"MEX",1895,1895-12-30,12632
"MEX",1896,1896-12-30,12822
"MEX",1897,1897-12-30,13014
"MEX",1898,1898-12-30,13209
"MEX",1899,1899-12-30,13406
"MEX",1900,1900-12-30,13610
"MEX",1901,1901-12-30,13760
"MEX",1902,1902-12-30,13910
"MEX",1903,1903-12-30,14073
"MEX",1904,1904-12-30,14210
"MEX",1905,1905-12-30,14363
"MEX",1906,1906-12-30,14519
"MEX",1907,1907-12-30,14677
"MEX",1908,1908-12-30,14836
"MEX",1909,1909-12-30,15001
"MEX",1910,1910-12-30,15160
"MEX",1911,1911-12-30,15332
"MEX",1912,1912-12-30,15514
"MEX",1913,1913-12-30,15370
"MEX",1914,1914-12-29,15090
"MEX",1915,1915-12-29,14643
"MEX",1916,1916-12-29,14030
"MEX",1917,1917-12-29,13900
"MEX",1918,1918-12-30,14000
"MEX",1919,1919-12-30,14150
"MEX",1920,1920-12-30,14150
"MEX",1921,1921-12-30,14340
"MEX",1922,1922-12-30,14444
"MEX",1923,1923-12-30,14693
"MEX",1924,1924-12-30,14945
"MEX",1925,1925-12-30,15204
"MEX",1926,1926-12-30,15468
"MEX",1927,1927-12-30,15738
"MEX",1928,1928-12-30,16012
"MEX",1929,1929-12-30,16930
"MEX",1930,1930-12-30,16553
"MEX",1931,1931-12-30,16870
"MEX",1932,1932-12-30,17170
"MEX",1933,1933-12-30,17470
"MEX",1934,1934-12-30,17776
"MEX",1935,1935-12-30,18089
"MEX",1936,1936-12-30,18410
"MEX",1937,1937-12-30,18736
"MEX",1938,1938-12-30,19070
"MEX",1939,1939-12-30,19413
"MEX",1940,1940-12-29,19654
"MEX",1941,1941-12-29,20210
"MEX",1942,1942-12-29,20660
"MEX",1943,1943-12-29,21170
"MEX",1944,1944-12-29,21670
"MEX",1945,1945-12-29,22230
"MEX",1946,1946-12-29,22780
"MEX",1947,1947-12-29,23440
"MEX",1948,1948-12-29,24461
"MEX",1949,1949-12-29,25132
"MEX",1950,1950-12-29,27376
"MEX",1951,1951-12-29,28140
"MEX",1952,1952-12-29,28954
"MEX",1953,1953-12-29,29814
"MEX",1954,1954-12-29,30720
"MEX",1955,1955-12-29,31669
"MEX",1956,1956-12-29,32662
"MEX",1957,1957-12-29,33701
"MEX",1958,1958-12-29,34784
"MEX",1959,1959-12-29,35909
"MEX",1960,1960-12-29,36322
"MEX",1961,1961-12-29,38273
"MEX",1962,1962-12-29,39510
"MEX",1963,1963-12-29,40790
"MEX",1964,1964-12-29,42118
"MEX",1965,1965-12-29,43148
"MEX",1966,1966-12-29,44934
"MEX",1967,1967-12-29,46418
"MEX",1968,1968-12-29,47952
"MEX",1969,1969-12-29,49538
"MEX",1970,1970-12-29,50596
"MEX",1971,1971-12-29,52884
"MEX",1972,1972-12-29,54661
"MEX",1973,1973-12-29,56481
"MEX",1974,1974-12-29,58320
"MEX",1975,1975-12-29,59099
"MEX",1976,1976-12-29,60822
"MEX",1977,1977-12-29,62538
"MEX",1978,1978-12-29,64238
"MEX",1979,1979-12-29,65917
"MEX",1980,1980-12-29,67570
"MEX",1981,1981-12-29,69192
"MEX",1982,1982-12-29,70784
"MEX",1983,1983-12-29,72354
"MEX",1984,1984-12-29,73912
"MEX",1985,1985-12-29,75465
"MEX",1986,1986-12-29,77015
"MEX",1987,1987-12-29,78561
"MEX",1988,1988-12-29,80109
"MEX",1989,1989-12-29,81663
"MEX",1990,1990-12-29,83226
"MEX",1991,1991-12-29,84801
"MEX",1992,1992-12-29,86386
"MEX",1993,1993-12-29,87976
"MEX",1994,1994-12-29,89564
"MEX",1995,1995-12-29,90487
"MEX",1996,1996-12-29,92718
"MEX",1997,1997-12-29,94281
"MEX",1998,1998-12-29,95831
"MEX",1999,1999-12-29,97365
"MEX",2000,2000-12-29,98881
"MEX",2001,2001-12-29,99716
"MEX",2002,2002-12-29,106724
"MEX",2003,2003-12-29,108056
"MEX",2004,2004-12-29,109382
"MEX",2005,2005-12-29,110732
"MEX",2006,2006-12-29,112117
"MEX",2007,2007-12-29,113530
"MEX",2008,2008-12-29,114968
"MEX",2009,2009-12-29,116423
"MEX",2010,2010-12-29,117886
"MEX",2011,2011-12-29,119361
"MEX",2012,2012-12-29,120847
"MEX",2013,2013-12-29,122536
"MEX",2014,2014-12-29,124222
"MEX",2015,2015-12-29,125891
"MEX",2016,2016-12-29,127540
"GUA",1868,1868-12-30,504
"GUA",1869,1869-12-30,513
"GUA",1870,1870-12-30,522
"GUA",1871,1871-12-30,531
"GUA",1872,1872-12-30,541
"GUA",1873,1873-12-30,550
"GUA",1874,1874-12-30,560
"GUA",1875,1875-12-30,570
"GUA",1876,1876-12-30,581
"GUA",1877,1877-12-30,591
"GUA",1878,1878-12-30,602
"GUA",1879,1879-12-30,612
"GUA",1880,1880-12-30,623
"GUA",1881,1881-12-30,635
"GUA",1882,1882-12-30,646
"GUA",1883,1883-12-30,658
"GUA",1884,1884-12-30,669
"GUA",1885,1885-12-30,681
"GUA",1886,1886-12-30,694
"GUA",1887,1887-12-30,706
"GUA",1888,1888-12-30,719
"GUA",1889,1889-12-30,732
"GUA",1890,1890-12-30,745
"GUA",1891,1891-12-30,758
"GUA",1892,1892-12-30,772
"GUA",1893,1893-12-30,786
"GUA",1894,1894-12-30,800
"GUA",1895,1895-12-30,814
"GUA",1896,1896-12-30,829
"GUA",1897,1897-12-30,844
"GUA",1898,1898-12-30,859
"GUA",1899,1899-12-30,874
"GUA",1900,1900-12-30,890
"GUA",1901,1901-12-30,910
"GUA",1902,1902-12-30,940
"GUA",1903,1903-12-30,960
"GUA",1904,1904-12-30,990
"GUA",1905,1905-12-30,1010
"GUA",1906,1906-12-30,1030
"GUA",1907,1907-12-30,1050
"GUA",1908,1908-12-30,1060
"GUA",1909,1909-12-30,1080
"GUA",1910,1910-12-30,1100
"GUA",1911,1911-12-30,1120
"GUA",1912,1912-12-30,1140
"GUA",1913,1913-12-30,1170
"GUA",1914,1914-12-29,1180
"GUA",1915,1915-12-29,1200
"GUA",1916,1916-12-29,1210
"GUA",1917,1917-12-29,1230
"GUA",1918,1918-12-30,1240
"GUA",1919,1919-12-30,1260
"GUA",1920,1920-12-30,1270
"GUA",1921,1921-12-30,1320
"GUA",1922,1922-12-30,1370
"GUA",1923,1923-12-30,1420
"GUA",1924,1924-12-30,1470
"GUA",1925,1925-12-30,1510
"GUA",1926,1926-12-30,1560
"GUA",1927,1927-12-30,1600
"GUA",1928,1928-12-30,1660
"GUA",1929,1929-12-30,1710
"GUA",1930,1930-12-30,1760
"GUA",1931,1931-12-30,1810
"GUA",1932,1932-12-30,1860
"GUA",1933,1933-12-30,1910
"GUA",1934,1934-12-30,1940
"GUA",1935,1935-12-30,1980
"GUA",1936,1936-12-30,2020
"GUA",1937,1937-12-30,2070
"GUA",1938,1938-12-30,2110
"GUA",1939,1939-12-30,2150
"GUA",1940,1940-12-29,2200
"GUA",1941,1941-12-29,2250
"GUA",1942,1942-12-29,2300
"GUA",1943,1943-12-29,2340
"GUA",1944,1944-12-29,2390
"GUA",1945,1945-12-29,2440
"GUA",1946,1946-12-29,2500
"GUA",1947,1947-12-29,2570
"GUA",1948,1948-12-29,2641
"GUA",1949,1949-12-29,2724
"GUA",1950,1950-12-29,2969
"GUA",1951,1951-12-29,2892
"GUA",1952,1952-12-29,2981
"GUA",1953,1953-12-29,3058
"GUA",1954,1954-12-29,3159
"GUA",1955,1955-12-29,3258
"GUA",1956,1956-12-29,3347
"GUA",1957,1957-12-29,3451
"GUA",1958,1958-12-29,3546
"GUA",1959,1959-12-29,3652
"GUA",1960,1960-12-29,3964
"GUA",1961,1961-12-29,4079
"GUA",1962,1962-12-29,4197
"GUA",1963,1963-12-29,4318
"GUA",1964,1964-12-29,4442
"GUA",1965,1965-12-29,4568
"GUA",1966,1966-12-29,4698
"GUA",1967,1967-12-29,4830
"GUA",1968,1968-12-29,4964
"GUA",1969,1969-12-29,5103
"GUA",1970,1970-12-29,5246
"GUA",1971,1971-12-29,5393
"GUA",1972,1972-12-29,5544
"GUA",1973,1973-12-29,5699
"GUA",1974,1974-12-29,5858
"GUA",1975,1975-12-29,6023
"GUA",1976,1976-12-29,6191
"GUA",1977,1977-12-29,6364
"GUA",1978,1978-12-29,6543
"GUA",1979,1979-12-29,6726
"GUA",1980,1980-12-29,6917
"GUA",1981,1981-12-29,7113
"GUA",1982,1982-12-29,7315
"GUA",1983,1983-12-29,7524
"GUA",1984,1984-12-29,7740
"GUA",1985,1985-12-29,7963
"GUA",1986,1986-12-29,8195
"GUA",1987,1987-12-29,8434
"GUA",1988,1988-12-29,8681
"GUA",1989,1989-12-29,8935
"GUA",1990,1990-12-29,9197
"GUA",1991,1991-12-29,9467
"GUA",1992,1992-12-29,9745
"GUA",1993,1993-12-29,10030
"GUA",1994,1994-12-29,10322
"GUA",1995,1995-12-29,9976
"GUA",1996,1996-12-29,10243
"GUA",1997,1997-12-29,10517
"GUA",1998,1998-12-29,10801
"GUA",1999,1999-12-29,11090
"GUA",2000,2000-12-29,11385
"GUA",2001,2001-12-29,11678
"GUA",2002,2002-12-29,11766
"GUA",2003,2003-12-29,12063
"GUA",2004,2004-12-29,12368
"GUA",2005,2005-12-29,12679
"GUA",2006,2006-12-29,12995
"GUA",2007,2007-12-29,13318
"GUA",2008,2008-12-29,13648
"GUA",2009,2009-12-29,13989
"GUA",2010,2010-12-29,14342
"GUA",2011,2011-12-29,14707
"GUA",2012,2012-12-29,15083
"GUA",2013,2013-12-29,15596
"GUA",2014,2014-12-29,15924
"GUA",2015,2015-12-29,16252
"GUA",2016,2016-12-29,16582
"HON",1899,1899-12-30,410
"HON",1900,1900-12-30,420
"HON",1901,1901-12-30,440
"HON",1902,1902-12-30,450
"HON",1903,1903-12-30,470
"HON",1904,1904-12-30,481
"HON",1905,1905-12-30,500
"HON",1906,1906-12-30,510
"HON",1907,1907-12-30,520
"HON",1908,1908-12-30,530
"HON",1909,1909-12-30,540
"HON",1910,1910-12-30,550
"HON",1911,1911-12-30,560
"HON",1912,1912-12-30,570
"HON",1913,1913-12-30,580
"HON",1914,1914-12-29,590
"HON",1915,1915-12-29,600
"HON",1916,1916-12-29,610
"HON",1917,1917-12-29,630
"HON",1918,1918-12-30,660
"HON",1919,1919-12-30,690
"HON",1920,1920-12-30,720
"HON",1921,1921-12-30,740
"HON",1922,1922-12-30,770
"HON",1923,1923-12-30,800
"HON",1924,1924-12-30,820
"HON",1925,1925-12-30,850
"HON",1926,1926-12-30,880
"HON",1927,1927-12-30,890
"HON",1928,1928-12-30,910
"HON",1929,1929-12-30,960
"HON",1930,1930-12-30,950
"HON",1931,1931-12-30,970
"HON",1932,1932-12-30,990
"HON",1933,1933-12-30,1010
"HON",1934,1934-12-30,1020
"HON",1935,1935-12-30,1040
"HON",1936,1936-12-30,1060
"HON",1937,1937-12-30,1080
"HON",1938,1938-12-30,1100
"HON",1939,1939-12-30,1120
"HON",1940,1940-12-29,1150
"HON",1941,1941-12-29,1170
"HON",1942,1942-12-29,1200
"HON",1943,1943-12-29,1210
"HON",1944,1944-12-29,1240
"HON",1945,1945-12-29,1260
"HON",1946,1946-12-29,1290
"HON",1947,1947-12-29,1320
"HON",1948,1948-12-29,1353
"HON",1949,1949-12-29,1389
"HON",1950,1950-12-29,1445
"HON",1951,1951-12-29,1485
"HON",1952,1952-12-29,1528
"HON",1953,1953-12-29,1570
"HON",1954,1954-12-29,1617
"HON",1955,1955-12-29,1665
"HON",1956,1956-12-29,1715
"HON",1957,1957-12-29,1768
"HON",1958,1958-12-29,1823
"HON",1959,1959-12-29,1880
"HON",1960,1960-12-29,1943
"HON",1961,1961-12-29,1885
"HON",1962,1962-12-29,2066
"HON",1963,1963-12-29,2129
"HON",1964,1964-12-29,2193
"HON",1965,1965-12-29,2256
"HON",1966,1966-12-29,2320
"HON",1967,1967-12-29,2401
"HON",1968,1968-12-29,2483
"HON",1969,1969-12-29,2565
"HON",1970,1970-12-29,2639
"HON",1971,1971-12-29,2720
"HON",1972,1972-12-29,2805
"HON",1973,1973-12-29,2895
"HON",1974,1974-12-29,2991
"HON",1975,1975-12-29,3093
"HON",1976,1976-12-29,3202
"HON",1977,1977-12-29,3318
"HON",1978,1978-12-29,3439
"HON",1979,1979-12-29,3564
"HON",1980,1980-12-29,3691
"HON",1981,1981-12-29,3821
"HON",1982,1982-12-29,3955
"HON",1983,1983-12-29,4092
"HON",1984,1984-12-29,4232
"HON",1985,1985-12-29,4372
"HON",1986,1986-12-29,4514
"HON",1987,1987-12-29,4656
"HON",1988,1988-12-29,4802
"HON",1989,1989-12-29,4951
"HON",1990,1990-12-29,5105
"HON",1991,1991-12-29,5265
"HON",1992,1992-12-29,5427
"HON",1993,1993-12-29,5595
"HON",1994,1994-12-29,5770
"HON",1995,1995-12-29,5953
"HON",1996,1996-12-29,6140
"HON",1997,1997-12-29,6338
"HON",1998,1998-12-29,6147
"HON",1999,1999-12-29,6316
"HON",2000,2000-12-29,6485
"HON",2001,2001-12-29,6530
"HON",2002,2002-12-29,6496
"HON",2003,2003-12-29,6628
"HON",2004,2004-12-29,6762
"HON",2005,2005-12-29,6899
"HON",2006,2006-12-29,7037
"HON",2007,2007-12-29,7178
"HON",2008,2008-12-29,7322
"HON",2009,2009-12-29,7470
"HON",2010,2010-12-29,7621
"HON",2011,2011-12-29,7777
"HON",2012,2012-12-29,7936
"HON",2013,2013-12-29,8658
"HON",2014,2014-12-29,8809
"HON",2015,2015-12-29,8961
"HON",2016,2016-12-29,9113
"SAL",1875,1875-12-30,544
"SAL",1876,1876-12-30,555
"SAL",1877,1877-12-30,566
"SAL",1878,1878-12-30,577
"SAL",1879,1879-12-30,588
"SAL",1880,1880-12-30,600
"SAL",1881,1881-12-30,612
"SAL",1882,1882-12-30,624
"SAL",1883,1883-12-30,636
"SAL",1884,1884-12-30,644
"SAL",1885,1885-12-30,651
"SAL",1886,1886-12-30,658
"SAL",1887,1887-12-30,665
"SAL",1888,1888-12-30,671
"SAL",1889,1889-12-30,682
"SAL",1890,1890-12-30,689
"SAL",1891,1891-12-30,693
"SAL",1892,1892-12-30,704
"SAL",1893,1893-12-30,723
"SAL",1894,1894-12-30,738
"SAL",1895,1895-12-30,754
"SAL",1896,1896-12-30,765
"SAL",1897,1897-12-30,779
"SAL",1898,1898-12-30,786
"SAL",1899,1899-12-30,792
"SAL",1900,1900-12-30,800
"SAL",1901,1901-12-30,820
"SAL",1902,1902-12-30,840
"SAL",1903,1903-12-30,860
"SAL",1904,1904-12-30,870
"SAL",1905,1905-12-30,890
"SAL",1906,1906-12-30,910
"SAL",1907,1907-12-30,930
"SAL",1908,1908-12-30,950
"SAL",1909,1909-12-30,970
"SAL",1910,1910-12-30,990
"SAL",1911,1911-12-30,1000
"SAL",1912,1912-12-30,1020
"SAL",1913,1913-12-30,1040
"SAL",1914,1914-12-29,1060
"SAL",1915,1915-12-29,1070
"SAL",1916,1916-12-29,1100
"SAL",1917,1917-12-29,1110
"SAL",1918,1918-12-30,1130
"SAL",1919,1919-12-30,1150
"SAL",1920,1920-12-30,1170
"SAL",1921,1921-12-30,1190
"SAL",1922,1922-12-30,1220
"SAL",1923,1923-12-30,1240
"SAL",1924,1924-12-30,1270
"SAL",1925,1925-12-30,1300
"SAL",1926,1926-12-30,1330
"SAL",1927,1927-12-30,1350
"SAL",1928,1928-12-30,1390
"SAL",1929,1929-12-30,1410
"SAL",1930,1930-12-30,1440
"SAL",1931,1931-12-30,1460
"SAL",1932,1932-12-30,1470
"SAL",1933,1933-12-30,1490
"SAL",1934,1934-12-30,1510
"SAL",1935,1935-12-30,1530
"SAL",1936,1936-12-30,1550
"SAL",1937,1937-12-30,1570
"SAL",1938,1938-12-30,1590
"SAL",1939,1939-12-30,1610
"SAL",1940,1940-12-29,1630
"SAL",1941,1941-12-29,1650
"SAL",1942,1942-12-29,1680
"SAL",1943,1943-12-29,1690
"SAL",1944,1944-12-29,1720
"SAL",1945,1945-12-29,1740
"SAL",1946,1946-12-29,1760
"SAL",1947,1947-12-29,1780
"SAL",1948,1948-12-29,1811
"SAL",1949,1949-12-29,1835
"SAL",1950,1950-12-29,1859
"SAL",1951,1951-12-29,1912
"SAL",1952,1952-12-29,1965
"SAL",1953,1953-12-29,2020
"SAL",1954,1954-12-29,2077
"SAL",1955,1955-12-29,2135
"SAL",1956,1956-12-29,2195
"SAL",1957,1957-12-29,2257
"SAL",1958,1958-12-29,2321
"SAL",1959,1959-12-29,2386
"SAL",1960,1960-12-29,2578
"SAL",1961,1961-12-29,2526
"SAL",1962,1962-12-29,2627
"SAL",1963,1963-12-29,2721
"SAL",1964,1964-12-29,2824
"SAL",1965,1965-12-29,2928
"SAL",1966,1966-12-29,3037
"SAL",1967,1967-12-29,3151
"SAL",1968,1968-12-29,3266
"SAL",1969,1969-12-29,3390
"SAL",1970,1970-12-29,3534
"SAL",1971,1971-12-29,3647
"SAL",1972,1972-12-29,3668
"SAL",1973,1973-12-29,3771
"SAL",1974,1974-12-29,3887
"SAL",1975,1975-12-29,4005
"SAL",1976,1976-12-29,4122
"SAL",1977,1977-12-29,4255
"SAL",1978,1978-12-29,4353
"SAL",1979,1979-12-29,4435
"SAL",1980,1980-12-29,4508
"SAL",1981,1981-12-29,4587
"SAL",1982,1982-12-29,4662
"SAL",1983,1983-12-29,4724
"SAL",1984,1984-12-29,4780
"SAL",1985,1985-12-29,4856
"SAL",1986,1986-12-29,4948
"SAL",1987,1987-12-29,5054
"SAL",1988,1988-12-29,5090
"SAL",1989,1989-12-29,5193
"SAL",1990,1990-12-29,5031
"SAL",1991,1991-12-29,5351
"SAL",1992,1992-12-29,5477
"SAL",1993,1993-12-29,5393
"SAL",1994,1994-12-29,5528
"SAL",1995,1995-12-29,5662
"SAL",1996,1996-12-29,5796
"SAL",1997,1997-12-29,5928
"SAL",1998,1998-12-29,6032
"SAL",1999,1999-12-29,6154
"SAL",2000,2000-12-29,6276
"SAL",2001,2001-12-29,6397
"SAL",2002,2002-12-29,6008
"SAL",2003,2003-12-29,6029
"SAL",2004,2004-12-29,6050
"SAL",2005,2005-12-29,6073
"SAL",2006,2006-12-29,6097
"SAL",2007,2007-12-29,6123
"SAL",2008,2008-12-29,6152
"SAL",2009,2009-12-29,6183
"SAL",2010,2010-12-29,6218
"SAL",2011,2011-12-29,6256
"SAL",2012,2012-12-29,6297
"SAL",2013,2013-12-29,6251
"SAL",2014,2014-12-29,6281
"SAL",2015,2015-12-29,6312
"SAL",2016,2016-12-29,6345
"NIC",1900,1900-12-30,421
"NIC",1901,1901-12-30,433
"NIC",1902,1902-12-30,451
"NIC",1903,1903-12-30,464
"NIC",1904,1904-12-30,480
"NIC",1905,1905-12-30,492
"NIC",1906,1906-12-30,505
"NIC",1907,1907-12-30,515
"NIC",1908,1908-12-30,523
"NIC",1909,1909-12-30,532
"NIC",1910,1910-12-30,540
"NIC",1911,1911-12-30,551
"NIC",1912,1912-12-30,560
"NIC",1913,1913-12-30,570
"NIC",1914,1914-12-29,580
"NIC",1915,1915-12-29,591
"NIC",1916,1916-12-29,602
"NIC",1917,1917-12-29,610
"NIC",1918,1918-12-30,621
"NIC",1919,1919-12-30,630
"NIC",1920,1920-12-30,638
"NIC",1921,1921-12-30,644
"NIC",1922,1922-12-30,650
"NIC",1923,1923-12-30,655
"NIC",1924,1924-12-30,660
"NIC",1925,1925-12-30,664
"NIC",1926,1926-12-30,668
"NIC",1927,1927-12-30,670
"NIC",1928,1928-12-30,674
"NIC",1929,1929-12-30,680
"NIC",1930,1930-12-30,684
"NIC",1931,1931-12-30,690
"NIC",1932,1932-12-30,693
"NIC",1933,1933-12-30,697
"NIC",1934,1934-12-30,711
"NIC",1935,1935-12-30,728
"NIC",1936,1936-12-30,746
"NIC",1937,1937-12-30,765
"NIC",1938,1938-12-30,785
"NIC",1939,1939-12-30,806
"NIC",1940,1940-12-29,825
"NIC",1941,1941-12-29,844
"NIC",1942,1942-12-29,863
"NIC",1943,1943-12-29,880
"NIC",1944,1944-12-29,900
"NIC",1945,1945-12-29,923
"NIC",1946,1946-12-29,949
"NIC",1947,1947-12-29,977
"NIC",1948,1948-12-29,1001
"NIC",1949,1949-12-29,1028
"NIC",1950,1950-12-29,1052
"NIC",1951,1951-12-29,1083
"NIC",1952,1952-12-29,1116
"NIC",1953,1953-12-29,1149
"NIC",1954,1954-12-29,1183
"NIC",1955,1955-12-29,1218
"NIC",1956,1956-12-29,1255
"NIC",1957,1957-12-29,1292
"NIC",1958,1958-12-29,1330
"NIC",1959,1959-12-29,1370
"NIC",1960,1960-12-29,1411
"NIC",1961,1961-12-29,1453
"NIC",1962,1962-12-29,1496
"NIC",1963,1963-12-29,1541
"NIC",1964,1964-12-29,1579
"NIC",1965,1965-12-29,1619
"NIC",1966,1966-12-29,1660
"NIC",1967,1967-12-29,1701
"NIC",1968,1968-12-29,1744
"NIC",1969,1969-12-29,1788
"NIC",1970,1970-12-29,2053
"NIC",1971,1971-12-29,1889
"NIC",1972,1972-12-29,1955
"NIC",1973,1973-12-29,2015
"NIC",1974,1974-12-29,2087
"NIC",1975,1975-12-29,2408
"NIC",1976,1976-12-29,2244
"NIC",1977,1977-12-29,2325
"NIC",1978,1978-12-29,2410
"NIC",1979,1979-12-29,2644
"NIC",1980,1980-12-29,2771
"NIC",1981,1981-12-29,2871
"NIC",1982,1982-12-29,2957
"NIC",1983,1983-12-29,3058
"NIC",1984,1984-12-29,3163
"NIC",1985,1985-12-29,3272
"NIC",1986,1986-12-29,3384
"NIC",1987,1987-12-29,3501
"NIC",1988,1988-12-29,3622
"NIC",1989,1989-12-29,3745
"NIC",1990,1990-12-29,3871
"NIC",1991,1991-12-29,3999
"NIC",1992,1992-12-29,4131
"NIC",1993,1993-12-29,4265
"NIC",1994,1994-12-29,4401
"NIC",1995,1995-12-29,4539
"NIC",1996,1996-12-29,4238
"NIC",1997,1997-12-29,4351
"NIC",1998,1998-12-29,4807
"NIC",1999,1999-12-29,4938
"NIC",2000,2000-12-29,5074
"NIC",2001,2001-12-29,5174
"NIC",2002,2002-12-29,5249
"NIC",2003,2003-12-29,5318
"NIC",2004,2004-12-29,5386
"NIC",2005,2005-12-29,5455
"NIC",2006,2006-12-29,5525
"NIC",2007,2007-12-29,5596
"NIC",2008,2008-12-29,5668
"NIC",2009,2009-12-29,5743
"NIC",2010,2010-12-29,5822
"NIC",2011,2011-12-29,5905
"NIC",2012,2012-12-29,5992
"NIC",2013,2013-12-29,5946
"NIC",2014,2014-12-29,6014
"NIC",2015,2015-12-29,6082
"NIC",2016,2016-12-29,6150
"COS",1920,1920-12-30,420
"COS",1921,1921-12-30,430
"COS",1922,1922-12-30,430
"COS",1923,1923-12-30,440
"COS",1924,1924-12-30,450
"COS",1925,1925-12-30,460
"COS",1926,1926-12-30,470
"COS",1927,1927-12-30,470
"COS",1928,1928-12-30,480
"COS",1929,1929-12-30,490
"COS",1930,1930-12-30,500
"COS",1931,1931-12-30,510
"COS",1932,1932-12-30,520
"COS",1933,1933-12-30,530
"COS",1934,1934-12-30,540
"COS",1935,1935-12-30,550
"COS",1936,1936-12-30,560
"COS",1937,1937-12-30,580
"COS",1938,1938-12-30,590
"COS",1939,1939-12-30,610
"COS",1940,1940-12-29,620
"COS",1941,1941-12-29,630
"COS",1942,1942-12-29,650
"COS",1943,1943-12-29,660
"COS",1944,1944-12-29,680
"COS",1945,1945-12-29,700
"COS",1946,1946-12-29,710
"COS",1947,1947-12-29,730
"COS",1948,1948-12-29,750
"COS",1949,1949-12-29,770
"COS",1950,1950-12-29,800
"COS",1951,1951-12-29,830
"COS",1952,1952-12-29,920
"COS",1953,1953-12-29,954
"COS",1954,1954-12-29,989
"COS",1955,1955-12-29,1028
"COS",1956,1956-12-29,1069
"COS",1957,1957-12-29,1110
"COS",1958,1958-12-29,1153
"COS",1959,1959-12-29,1200
"COS",1960,1960-12-29,1254
"COS",1961,1961-12-29,1298
"COS",1962,1962-12-29,1343
"COS",1963,1963-12-29,1391
"COS",1964,1964-12-29,1439
"COS",1965,1965-12-29,1490
"COS",1966,1966-12-29,1541
"COS",1967,1967-12-29,1590
"COS",1968,1968-12-29,1634
"COS",1969,1969-12-29,1685
"COS",1970,1970-12-29,1727
"COS",1971,1971-12-29,1798
"COS",1972,1972-12-29,1843
"COS",1973,1973-12-29,1873
"COS",1974,1974-12-29,1922
"COS",1975,1975-12-29,1968
"COS",1976,1976-12-29,2009
"COS",1977,1977-12-29,2066
"COS",1978,1978-12-29,2115
"COS",1979,1979-12-29,2166
"COS",1980,1980-12-29,2245
"COS",1981,1981-12-29,2271
"COS",1982,1982-12-29,2424
"COS",1983,1983-12-29,2496
"COS",1984,1984-12-29,2569
"COS",1985,1985-12-29,2642
"COS",1986,1986-12-29,2716
"COS",1987,1987-12-29,2781
"COS",1988,1988-12-29,2851
"COS",1989,1989-12-29,2922
"COS",1990,1990-12-29,2805
"COS",1991,1991-12-29,2871
"COS",1992,1992-12-29,2938
"COS",1993,1993-12-29,3005
"COS",1994,1994-12-29,3266
"COS",1995,1995-12-29,3333
"COS",1996,1996-12-29,3398
"COS",1997,1997-12-29,3464
"COS",1998,1998-12-29,3841
"COS",1999,1999-12-29,3933
"COS",2000,2000-12-29,4023
"COS",2001,2001-12-29,3907
"COS",2002,2002-12-29,4094
"COS",2003,2003-12-29,4171
"COS",2004,2004-12-29,4246
"COS",2005,2005-12-29,4320
"COS",2006,2006-12-29,4392
"COS",2007,2007-12-29,4463
"COS",2008,2008-12-29,4533
"COS",2009,2009-12-29,4601
"COS",2010,2010-12-29,4670
"COS",2011,2011-12-29,4738
"COS",2012,2012-12-29,4805
"COS",2013,2013-12-29,4706
"COS",2014,2014-12-29,4758
"COS",2015,2015-12-29,4808
"COS",2016,2016-12-29,4857
"PAN",1903,1903-12-30,450
"PAN",1904,1904-12-30,450
"PAN",1905,1905-12-30,450
"PAN",1906,1906-12-30,450
"PAN",1907,1907-12-30,450
"PAN",1908,1908-12-30,450
"PAN",1909,1909-12-30,450
"PAN",1910,1910-12-30,450
"PAN",1911,1911-12-30,450
"PAN",1912,1912-12-30,450
"PAN",1913,1913-12-30,450
"PAN",1914,1914-12-29,450
"PAN",1915,1915-12-29,450
"PAN",1916,1916-12-29,450
"PAN",1917,1917-12-29,450
"PAN",1918,1918-12-30,450
"PAN",1919,1919-12-30,450
"PAN",1920,1920-12-30,450
"PAN",1921,1921-12-30,450
"PAN",1922,1922-12-30,450
"PAN",1923,1923-12-30,453
"PAN",1924,1924-12-30,455
"PAN",1925,1925-12-30,457
"PAN",1926,1926-12-30,459
"PAN",1927,1927-12-30,462
"PAN",1928,1928-12-30,464
"PAN",1929,1929-12-30,466
"PAN",1930,1930-12-30,467
"PAN",1931,1931-12-30,486
"PAN",1932,1932-12-30,501
"PAN",1933,1933-12-30,516
"PAN",1934,1934-12-30,531
"PAN",1935,1935-12-30,546
"PAN",1936,1936-12-30,561
"PAN",1937,1937-12-30,575
"PAN",1938,1938-12-30,590
"PAN",1939,1939-12-30,605
"PAN",1940,1940-12-29,620
"PAN",1941,1941-12-29,636
"PAN",1942,1942-12-29,651
"PAN",1943,1943-12-29,669
"PAN",1944,1944-12-29,685
"PAN",1945,1945-12-29,703
"PAN",1946,1946-12-29,721
"PAN",1947,1947-12-29,739
"PAN",1948,1948-12-29,767
"PAN",1949,1949-12-29,788
"PAN",1950,1950-12-29,795
"PAN",1951,1951-12-29,818
"PAN",1952,1952-12-29,842
"PAN",1953,1953-12-29,867
"PAN",1954,1954-12-29,892
"PAN",1955,1955-12-29,919
"PAN",1956,1956-12-29,946
"PAN",1957,1957-12-29,973
"PAN",1958,1958-12-29,1002
"PAN",1959,1959-12-29,1031
"PAN",1960,1960-12-29,1126
"PAN",1961,1961-12-29,1159
"PAN",1962,1962-12-29,1194
"PAN",1963,1963-12-29,1229
"PAN",1964,1964-12-29,1265
"PAN",1965,1965-12-29,1303
"PAN",1966,1966-12-29,1341
"PAN",1967,1967-12-29,1381
"PAN",1968,1968-12-29,1421
"PAN",1969,1969-12-29,1463
"PAN",1970,1970-12-29,1506
"PAN",1971,1971-12-29,1547
"PAN",1972,1972-12-29,1590
"PAN",1973,1973-12-29,1633
"PAN",1974,1974-12-29,1677
"PAN",1975,1975-12-29,1723
"PAN",1976,1976-12-29,1764
"PAN",1977,1977-12-29,1807
"PAN",1978,1978-12-29,1850
"PAN",1979,1979-12-29,1894
"PAN",1980,1980-12-29,1950
"PAN",1981,1981-12-29,1991
"PAN",1982,1982-12-29,2034
"PAN",1983,1983-12-29,2078
"PAN",1984,1984-12-29,2122
"PAN",1985,1985-12-29,2167
"PAN",1986,1986-12-29,2212
"PAN",1987,1987-12-29,2257
"PAN",1988,1988-12-29,2303
"PAN",1989,1989-12-29,2350
"PAN",1990,1990-12-29,2398
"PAN",1991,1991-12-29,2443
"PAN",1992,1992-12-29,2488
"PAN",1993,1993-12-29,2535
"PAN",1994,1994-12-29,2583
"PAN",1995,1995-12-29,2631
"PAN",1996,1996-12-29,2674
"PAN",1997,1997-12-29,2719
"PAN",1998,1998-12-29,2767
"PAN",1999,1999-12-29,2812
"PAN",2000,2000-12-29,2856
"PAN",2001,2001-12-29,2897
"PAN",2002,2002-12-29,3178
"PAN",2003,2003-12-29,3241
"PAN",2004,2004-12-29,3303
"PAN",2005,2005-12-29,3366
"PAN",2006,2006-12-29,3429
"PAN",2007,2007-12-29,3491
"PAN",2008,2008-12-29,3553
"PAN",2009,2009-12-29,3616
"PAN",2010,2010-12-29,3678
"PAN",2011,2011-12-29,3740
"PAN",2012,2012-12-29,3802
"PAN",2013,2013-12-29,3838
"PAN",2014,2014-12-29,3904
"PAN",2015,2015-12-29,3969
"PAN",2016,2016-12-29,4034
"COL",1831,1831-12-30,1565
"COL",1832,1832-12-30,1595
"COL",1833,1833-12-30,1625
"COL",1834,1834-12-30,1655
"COL",1835,1835-12-30,1686
"COL",1836,1836-12-30,1717
"COL",1837,1837-12-30,1750
"COL",1838,1838-12-30,1782
"COL",1839,1839-12-30,1816
"COL",1840,1840-12-30,1849
"COL",1841,1841-12-30,1884
"COL",1842,1842-12-30,1919
"COL",1843,1843-12-30,1955
"COL",1844,1844-12-30,2002
"COL",1845,1845-12-30,2050
"COL",1846,1846-12-30,2081
"COL",1847,1847-12-30,2112
"COL",1848,1848-12-30,2144
"COL",1849,1849-12-30,2177
"COL",1850,1850-12-30,2210
"COL",1851,1851-12-30,2243
"COL",1852,1852-12-30,2274
"COL",1853,1853-12-30,2305
"COL",1854,1854-12-30,2337
"COL",1855,1855-12-30,2370
"COL",1856,1856-12-30,2402
"COL",1857,1857-12-30,2435
"COL",1858,1858-12-30,2469
"COL",1859,1859-12-30,2503
"COL",1860,1860-12-30,2538
"COL",1861,1861-12-30,2573
"COL",1862,1862-12-30,2608
"COL",1863,1863-12-30,2644
"COL",1864,1864-12-30,2681
"COL",1865,1865-12-30,2718
"COL",1866,1866-12-30,2755
"COL",1867,1867-12-30,2793
"COL",1868,1868-12-30,2832
"COL",1869,1869-12-30,2871
"COL",1870,1870-12-30,2911
"COL",1871,1871-12-30,2951
"COL",1872,1872-12-30,2979
"COL",1873,1873-12-30,3008
"COL",1874,1874-12-30,3037
"COL",1875,1875-12-30,3066
"COL",1876,1876-12-30,3095
"COL",1877,1877-12-30,3125
"COL",1878,1878-12-30,3154
"COL",1879,1879-12-30,3185
"COL",1880,1880-12-30,3215
"COL",1881,1881-12-30,3246
"COL",1882,1882-12-30,3277
"COL",1883,1883-12-30,3308
"COL",1884,1884-12-30,3340
"COL",1885,1885-12-30,3372
"COL",1886,1886-12-30,3404
"COL",1887,1887-12-30,3437
"COL",1888,1888-12-30,3470
"COL",1889,1889-12-30,3503
"COL",1890,1890-12-30,3537
"COL",1891,1891-12-30,3570
"COL",1892,1892-12-30,3605
"COL",1893,1893-12-30,3639
"COL",1894,1894-12-30,3674
"COL",1895,1895-12-30,3709
"COL",1896,1896-12-30,3745
"COL",1897,1897-12-30,3780
"COL",1898,1898-12-30,3817
"COL",1899,1899-12-30,3853
"COL",1900,1900-12-30,3890
"COL",1901,1901-12-30,3940
"COL",1902,1902-12-30,3990
"COL",1903,1903-12-30,4040
"COL",1904,1904-12-30,4090
"COL",1905,1905-12-30,4140
"COL",1906,1906-12-30,4280
"COL",1907,1907-12-30,4410
"COL",1908,1908-12-30,4540
"COL",1909,1909-12-30,4670
"COL",1910,1910-12-30,4810
"COL",1911,1911-12-30,4940
"COL",1912,1912-12-30,5070
"COL",1913,1913-12-30,5190
"COL",1914,1914-12-29,5320
"COL",1915,1915-12-29,5450
"COL",1916,1916-12-29,5580
"COL",1917,1917-12-29,5720
"COL",1918,1918-12-30,5860
"COL",1919,1919-12-30,6030
"COL",1920,1920-12-30,6090
"COL",1921,1921-12-30,6210
"COL",1922,1922-12-30,6370
"COL",1923,1923-12-30,6460
"COL",1924,1924-12-30,6590
"COL",1925,1925-12-30,6720
"COL",1926,1926-12-30,6860
"COL",1927,1927-12-30,7000
"COL",1928,1928-12-30,7140
"COL",1929,1929-12-30,7280
"COL",1930,1930-12-30,7430
"COL",1931,1931-12-30,7570
"COL",1932,1932-12-30,7730
"COL",1933,1933-12-30,7880
"COL",1934,1934-12-30,8030
"COL",1935,1935-12-30,8200
"COL",1936,1936-12-30,8360
"COL",1937,1937-12-30,8530
"COL",1938,1938-12-30,8700
"COL",1939,1939-12-30,8900
"COL",1940,1940-12-29,9100
"COL",1941,1941-12-29,9320
"COL",1942,1942-12-29,9540
"COL",1943,1943-12-29,9770
"COL",1944,1944-12-29,10020
"COL",1945,1945-12-29,10270
"COL",1946,1946-12-29,10530
"COL",1947,1947-12-29,10800
"COL",1948,1948-12-29,10845
"COL",1949,1949-12-29,11087
"COL",1950,1950-12-29,11334
"COL",1951,1951-12-29,11615
"COL",1952,1952-12-29,11986
"COL",1953,1953-12-29,12369
"COL",1954,1954-12-29,12765
"COL",1955,1955-12-29,13172
"COL",1956,1956-12-29,13593
"COL",1957,1957-12-29,14028
"COL",1958,1958-12-29,14476
"COL",1959,1959-12-29,14938
"COL",1960,1960-12-29,15416
"COL",1961,1961-12-29,15908
"COL",1962,1962-12-29,16417
"COL",1963,1963-12-29,16941
"COL",1964,1964-12-29,17485
"COL",1965,1965-12-29,17996
"COL",1966,1966-12-29,18468
"COL",1967,1967-12-29,18956
"COL",1968,1968-12-29,19462
"COL",1969,1969-12-29,19984
"COL",1970,1970-12-29,20527
"COL",1971,1971-12-29,21088
"COL",1972,1972-12-29,21668
"COL",1973,1973-12-29,22343
"COL",1974,1974-12-29,23037
"COL",1975,1975-12-29,23502
"COL",1976,1976-12-29,23968
"COL",1977,1977-12-29,24434
"COL",1978,1978-12-29,24906
"COL",1979,1979-12-29,25376
"COL",1980,1980-12-29,25892
"COL",1981,1981-12-29,26426
"COL",1982,1982-12-29,26965
"COL",1983,1983-12-29,27502
"COL",1984,1984-12-29,28056
"COL",1985,1985-12-29,29481
"COL",1986,1986-12-29,30024
"COL",1987,1987-12-29,30578
"COL",1988,1988-12-29,31141
"COL",1989,1989-12-29,31715
"COL",1990,1990-12-29,32300
"COL",1991,1991-12-29,32841
"COL",1992,1992-12-29,33392
"COL",1993,1993-12-29,33951
"COL",1994,1994-12-29,34520
"COL",1995,1995-12-29,35099
"COL",1996,1996-12-29,35626
"COL",1997,1997-12-29,36162
"COL",1998,1998-12-29,40803
"COL",1999,1999-12-29,41564
"COL",2000,2000-12-29,42321
"COL",2001,2001-12-29,40806
"COL",2002,2002-12-29,41216
"COL",2003,2003-12-29,41872
"COL",2004,2004-12-29,42528
"COL",2005,2005-12-29,43184
"COL",2006,2006-12-29,43841
"COL",2007,2007-12-29,44498
"COL",2008,2008-12-29,45153
"COL",2009,2009-12-29,45803
"COL",2010,2010-12-29,46445
"COL",2011,2011-12-29,47079
"COL",2012,2012-12-29,47704
"COL",2013,2013-12-29,47343
"COL",2014,2014-12-29,47792
"COL",2015,2015-12-29,48229
"COL",2016,2016-12-29,48653
"VEN",1841,1841-12-30,1139
"VEN",1842,1842-12-30,1165
"VEN",1843,1843-12-30,1191
"VEN",1844,1844-12-30,1218
"VEN",1845,1845-12-30,1234
"VEN",1846,1846-12-30,1250
"VEN",1847,1847-12-30,1267
"VEN",1848,1848-12-30,1284
"VEN",1849,1849-12-30,1301
"VEN",1850,1850-12-30,1318
"VEN",1851,1851-12-30,1336
"VEN",1852,1852-12-30,1353
"VEN",1853,1853-12-30,1371
"VEN",1854,1854-12-30,1389
"VEN",1855,1855-12-30,1408
"VEN",1856,1856-12-30,1426
"VEN",1857,1857-12-30,1445
"VEN",1858,1858-12-30,1464
"VEN",1859,1859-12-30,1484
"VEN",1860,1860-12-30,1503
"VEN",1861,1861-12-30,1523
"VEN",1862,1862-12-30,1544
"VEN",1863,1863-12-30,1564
"VEN",1864,1864-12-30,1585
"VEN",1865,1865-12-30,1606
"VEN",1866,1866-12-30,1627
"VEN",1867,1867-12-30,1647
"VEN",1868,1868-12-30,1670
"VEN",1869,1869-12-30,1693
"VEN",1870,1870-12-30,1715
"VEN",1871,1871-12-30,1738
"VEN",1872,1872-12-30,1761
"VEN",1873,1873-12-30,1784
"VEN",1874,1874-12-30,1818
"VEN",1875,1875-12-30,1853
"VEN",1876,1876-12-30,1888
"VEN",1877,1877-12-30,1924
"VEN",1878,1878-12-30,1961
"VEN",1879,1879-12-30,1998
"VEN",1880,1880-12-30,2036
"VEN",1881,1881-12-30,2075
"VEN",1882,1882-12-30,2099
"VEN",1883,1883-12-30,2123
"VEN",1884,1884-12-30,2147
"VEN",1885,1885-12-30,2171
"VEN",1886,1886-12-30,2196
"VEN",1887,1887-12-30,2221
"VEN",1888,1888-12-30,2246
"VEN",1889,1889-12-30,2272
"VEN",1890,1890-12-30,2298
"VEN",1891,1891-12-30,2324
"VEN",1892,1892-12-30,2345
"VEN",1893,1893-12-30,2356
"VEN",1894,1894-12-30,2365
"VEN",1895,1895-12-30,2377
"VEN",1896,1896-12-30,2390
"VEN",1897,1897-12-30,2404
"VEN",1898,1898-12-30,2419
"VEN",1899,1899-12-30,2436
"VEN",1900,1900-12-30,2450
"VEN",1901,1901-12-30,2450
"VEN",1902,1902-12-30,2460
"VEN",1903,1903-12-30,2470
"VEN",1904,1904-12-30,2470
"VEN",1905,1905-12-30,2490
"VEN",1906,1906-12-30,2510
"VEN",1907,1907-12-30,2530
"VEN",1908,1908-12-30,2550
"VEN",1909,1909-12-30,2570
"VEN",1910,1910-12-30,2600
"VEN",1911,1911-12-30,2610
"VEN",1912,1912-12-30,2640
"VEN",1913,1913-12-30,2660
"VEN",1914,1914-12-29,2680
"VEN",1915,1915-12-29,2710
"VEN",1916,1916-12-29,2730
"VEN",1917,1917-12-29,2750
"VEN",1918,1918-12-30,2770
"VEN",1919,1919-12-30,2790
"VEN",1920,1920-12-30,2820
"VEN",1921,1921-12-30,2840
"VEN",1922,1922-12-30,2870
"VEN",1923,1923-12-30,2900
"VEN",1924,1924-12-30,2930
"VEN",1925,1925-12-30,2950
"VEN",1926,1926-12-30,2980
"VEN",1927,1927-12-30,3010
"VEN",1928,1928-12-30,3040
"VEN",1929,1929-12-30,3080
"VEN",1930,1930-12-30,3120
"VEN",1931,1931-12-30,3150
"VEN",1932,1932-12-30,3190
"VEN",1933,1933-12-30,3230
"VEN",1934,1934-12-30,3260
"VEN",1935,1935-12-30,3300
"VEN",1936,1936-12-30,3380
"VEN",1937,1937-12-30,3460
"VEN",1938,1938-12-30,3550
"VEN",1939,1939-12-30,3630
"VEN",1940,1940-12-29,3710
"VEN",1941,1941-12-29,3800
"VEN",1942,1942-12-29,3910
"VEN",1943,1943-12-29,4030
"VEN",1944,1944-12-29,4150
"VEN",1945,1945-12-29,4270
"VEN",1946,1946-12-29,4390
"VEN",1947,1947-12-29,4550
"VEN",1948,1948-12-29,4686
"VEN",1949,1949-12-29,4828
"VEN",1950,1950-12-29,4962
"VEN",1951,1951-12-29,5166
"VEN",1952,1952-12-29,5391
"VEN",1953,1953-12-29,5619
"VEN",1954,1954-12-29,5852
"VEN",1955,1955-12-29,6089
"VEN",1956,1956-12-29,6331
"VEN",1957,1957-12-29,6578
"VEN",1958,1958-12-29,6830
"VEN",1959,1959-12-29,7086
"VEN",1960,1960-12-29,7502
"VEN",1961,1961-12-29,7612
"VEN",1962,1962-12-29,7872
"VEN",1963,1963-12-29,8144
"VEN",1964,1964-12-29,8427
"VEN",1965,1965-12-29,8722
"VEN",1966,1966-12-29,9030
"VEN",1967,1967-12-29,9352
"VEN",1968,1968-12-29,9686
"VEN",1969,1969-12-29,10035
"VEN",1970,1970-12-29,10399
"VEN",1971,1971-12-29,10777
"VEN",1972,1972-12-29,11168
"VEN",1973,1973-12-29,11574
"VEN",1974,1974-12-29,11995
"VEN",1975,1975-12-29,12434
"VEN",1976,1976-12-29,12177
"VEN",1977,1977-12-29,12737
"VEN",1978,1978-12-29,12122
"VEN",1979,1979-12-29,13515
"VEN",1980,1980-12-29,13913
"VEN",1981,1981-12-29,14313
"VEN",1982,1982-12-29,15940
"VEN",1983,1983-12-29,16394
"VEN",1984,1984-12-29,16851
"VEN",1985,1985-12-29,17317
"VEN",1986,1986-12-29,17791
"VEN",1987,1987-12-29,18272
"VEN",1988,1988-12-29,18157
"VEN",1989,1989-12-29,18872
"VEN",1990,1990-12-29,19325
"VEN",1991,1991-12-29,19972
"VEN",1992,1992-12-29,20249
"VEN",1993,1993-12-29,20712
"VEN",1994,1994-12-29,21177
"VEN",1995,1995-12-29,21844
"VEN",1996,1996-12-29,22311
"VEN",1997,1997-12-29,22777
"VEN",1998,1998-12-29,23242
"VEN",1999,1999-12-29,23706
"VEN",2000,2000-12-29,24170
"VEN",2001,2001-12-29,24766
"VEN",2002,2002-12-29,25334
"VEN",2003,2003-12-29,25797
"VEN",2004,2004-12-29,26261
"VEN",2005,2005-12-29,26726
"VEN",2006,2006-12-29,27191
"VEN",2007,2007-12-29,27656
"VEN",2008,2008-12-29,28120
"VEN",2009,2009-12-29,28583
"VEN",2010,2010-12-29,29043
"VEN",2011,2011-12-29,29501
"VEN",2012,2012-12-29,29955
"VEN",2013,2013-12-29,30318
"VEN",2014,2014-12-29,30738
"VEN",2015,2015-12-29,31155
"VEN",2016,2016-12-29,31568
"ECU",1854,1854-12-30,893
"ECU",1855,1855-12-30,904
"ECU",1856,1856-12-30,915
"ECU",1857,1857-12-30,926
"ECU",1858,1858-12-30,938
"ECU",1859,1859-12-30,950
"ECU",1860,1860-12-30,962
"ECU",1861,1861-12-30,974
"ECU",1862,1862-12-30,986
"ECU",1863,1863-12-30,998
"ECU",1864,1864-12-30,1010
"ECU",1865,1865-12-30,1023
"ECU",1866,1866-12-30,1036
"ECU",1867,1867-12-30,1049
"ECU",1868,1868-12-30,1062
"ECU",1869,1869-12-30,1075
"ECU",1870,1870-12-30,1089
"ECU",1871,1871-12-30,1102
"ECU",1872,1872-12-30,1116
"ECU",1873,1873-12-30,1130
"ECU",1874,1874-12-30,1144
"ECU",1875,1875-12-30,1158
"ECU",1876,1876-12-30,1173
"ECU",1877,1877-12-30,1187
"ECU",1878,1878-12-30,1202
"ECU",1879,1879-12-30,1217
"ECU",1880,1880-12-30,1232
"ECU",1881,1881-12-30,1235
"ECU",1882,1882-12-30,1239
"ECU",1883,1883-12-30,1242
"ECU",1884,1884-12-30,1245
"ECU",1885,1885-12-30,1249
"ECU",1886,1886-12-30,1252
"ECU",1887,1887-12-30,1255
"ECU",1888,1888-12-30,1259
"ECU",1889,1889-12-30,1262
"ECU",1890,1890-12-30,1266
"ECU",1891,1891-12-30,1269
"ECU",1892,1892-12-30,1272
"ECU",1893,1893-12-30,1276
"ECU",1894,1894-12-30,1279
"ECU",1895,1895-12-30,1283
"ECU",1896,1896-12-30,1286
"ECU",1897,1897-12-30,1290
"ECU",1898,1898-12-30,1293
"ECU",1899,1899-12-30,1297
"ECU",1900,1900-12-30,1300
"ECU",1901,1901-12-30,1310
"ECU",1902,1902-12-30,1320
"ECU",1903,1903-12-30,1340
"ECU",1904,1904-12-30,1350
"ECU",1905,1905-12-30,1360
"ECU",1906,1906-12-30,1370
"ECU",1907,1907-12-30,1380
"ECU",1908,1908-12-30,1400
"ECU",1909,1909-12-30,1410
"ECU",1910,1910-12-30,1420
"ECU",1911,1911-12-30,1430
"ECU",1912,1912-12-30,1450
"ECU",1913,1913-12-30,1460
"ECU",1914,1914-12-29,1470
"ECU",1915,1915-12-29,1480
"ECU",1916,1916-12-29,1490
"ECU",1917,1917-12-29,1510
"ECU",1918,1918-12-30,1520
"ECU",1919,1919-12-30,1530
"ECU",1920,1920-12-30,1540
"ECU",1921,1921-12-30,1570
"ECU",1922,1922-12-30,1610
"ECU",1923,1923-12-30,1650
"ECU",1924,1924-12-30,1690
"ECU",1925,1925-12-30,1720
"ECU",1926,1926-12-30,1760
"ECU",1927,1927-12-30,1800
"ECU",1928,1928-12-30,1840
"ECU",1929,1929-12-30,1900
"ECU",1930,1930-12-30,1940
"ECU",1931,1931-12-30,2000
"ECU",1932,1932-12-30,2050
"ECU",1933,1933-12-30,2100
"ECU",1934,1934-12-30,2140
"ECU",1935,1935-12-30,2200
"ECU",1936,1936-12-30,2250
"ECU",1937,1937-12-30,2300
"ECU",1938,1938-12-30,2360
"ECU",1939,1939-12-30,2410
"ECU",1940,1940-12-29,2470
"ECU",1941,1941-12-29,2520
"ECU",1942,1942-12-29,2580
"ECU",1943,1943-12-29,2640
"ECU",1944,1944-12-29,2710
"ECU",1945,1945-12-29,2780
"ECU",1946,1946-12-29,2850
"ECU",1947,1947-12-29,2940
"ECU",1948,1948-12-29,3017
"ECU",1949,1949-12-29,3104
"ECU",1950,1950-12-29,3225
"ECU",1951,1951-12-29,3317
"ECU",1952,1952-12-29,3412
"ECU",1953,1953-12-29,3511
"ECU",1954,1954-12-29,3615
"ECU",1955,1955-12-29,3862
"ECU",1956,1956-12-29,3833
"ECU",1957,1957-12-29,3949
"ECU",1958,1958-12-29,4070
"ECU",1959,1959-12-29,4195
"ECU",1960,1960-12-29,4439
"ECU",1961,1961-12-29,4570
"ECU",1962,1962-12-29,4706
"ECU",1963,1963-12-29,4847
"ECU",1964,1964-12-29,4993
"ECU",1965,1965-12-29,5144
"ECU",1966,1966-12-29,5300
"ECU",1967,1967-12-29,5460
"ECU",1968,1968-12-29,5626
"ECU",1969,1969-12-29,5796
"ECU",1970,1970-12-29,5970
"ECU",1971,1971-12-29,6148
"ECU",1972,1972-12-29,6331
"ECU",1973,1973-12-29,6519
"ECU",1974,1974-12-29,6710
"ECU",1975,1975-12-29,6907
"ECU",1976,1976-12-29,7109
"ECU",1977,1977-12-29,7316
"ECU",1978,1978-12-29,7528
"ECU",1979,1979-12-29,7743
"ECU",1980,1980-12-29,7961
"ECU",1981,1981-12-29,8183
"ECU",1982,1982-12-29,8409
"ECU",1983,1983-12-29,8638
"ECU",1984,1984-12-29,8868
"ECU",1985,1985-12-29,9099
"ECU",1986,1986-12-29,9330
"ECU",1987,1987-12-29,9561
"ECU",1988,1988-12-29,9794
"ECU",1989,1989-12-29,10029
"ECU",1990,1990-12-29,10264
"ECU",1991,1991-12-29,10502
"ECU",1992,1992-12-29,10741
"ECU",1993,1993-12-29,10981
"ECU",1994,1994-12-29,11221
"ECU",1995,1995-12-29,11460
"ECU",1996,1996-12-29,11698
"ECU",1997,1997-12-29,11937
"ECU",1998,1998-12-29,12175
"ECU",1999,1999-12-29,12411
"ECU",2000,2000-12-29,12646
"ECU",2001,2001-12-29,12480
"ECU",2002,2002-12-29,13030
"ECU",2003,2003-12-29,13280
"ECU",2004,2004-12-29,13529
"ECU",2005,2005-12-29,13777
"ECU",2006,2006-12-29,14024
"ECU",2007,2007-12-29,14268
"ECU",2008,2008-12-29,14512
"ECU",2009,2009-12-29,14756
"ECU",2010,2010-12-29,15001
"ECU",2011,2011-12-29,15246
"ECU",2012,2012-12-29,15492
"ECU",2013,2013-12-29,15662
"ECU",2014,2014-12-29,15903
"ECU",2015,2015-12-29,16144
"ECU",2016,2016-12-29,16385
"PER",1839,1839-12-30,1629
"PER",1840,1840-12-30,1650
"PER",1841,1841-12-30,1672
"PER",1842,1842-12-30,1695
"PER",1843,1843-12-30,1717
"PER",1844,1844-12-30,1740
"PER",1845,1845-12-30,1763
"PER",1846,1846-12-30,1786
"PER",1847,1847-12-30,1810
"PER",1848,1848-12-30,1854
"PER",1849,1849-12-30,1928
"PER",1850,1850-12-30,2001
"PER",1851,1851-12-30,2058
"PER",1852,1852-12-30,2112
"PER",1853,1853-12-30,2169
"PER",1854,1854-12-30,2208
"PER",1855,1855-12-30,2247
"PER",1856,1856-12-30,2289
"PER",1857,1857-12-30,2324
"PER",1858,1858-12-30,2363
"PER",1859,1859-12-30,2397
"PER",1860,1860-12-30,2425
"PER",1861,1861-12-30,2451
"PER",1862,1862-12-30,2488
"PER",1863,1863-12-30,2512
"PER",1864,1864-12-30,2530
"PER",1865,1865-12-30,2546
"PER",1866,1866-12-30,2560
"PER",1867,1867-12-30,2574
"PER",1868,1868-12-30,2587
"PER",1869,1869-12-30,2601
"PER",1870,1870-12-30,2614
"PER",1871,1871-12-30,2629
"PER",1872,1872-12-30,2642
"PER",1873,1873-12-30,2655
"PER",1874,1874-12-30,2670
"PER",1875,1875-12-30,2684
"PER",1876,1876-12-30,2699
"PER",1877,1877-12-30,2711
"PER",1878,1878-12-30,2723
"PER",1879,1879-12-30,2735
"PER",1880,1880-12-30,2747
"PER",1881,1881-12-30,2759
"PER",1882,1882-12-30,2771
"PER",1883,1883-12-30,2759
"PER",1884,1884-12-30,2796
"PER",1885,1885-12-30,2808
"PER",1886,1886-12-30,2821
"PER",1887,1887-12-30,2833
"PER",1888,1888-12-30,2846
"PER",1889,1889-12-30,2858
"PER",1890,1890-12-30,2871
"PER",1891,1891-12-30,2883
"PER",1892,1892-12-30,2896
"PER",1893,1893-12-30,2909
"PER",1894,1894-12-30,2922
"PER",1895,1895-12-30,2935
"PER",1896,1896-12-30,2948
"PER",1897,1897-12-30,2961
"PER",1898,1898-12-30,2974
"PER",1899,1899-12-30,2987
"PER",1900,1900-12-30,3000
"PER",1901,1901-12-30,3100
"PER",1902,1902-12-30,3200
"PER",1903,1903-12-30,3300
"PER",1904,1904-12-30,3400
"PER",1905,1905-12-30,3500
"PER",1906,1906-12-30,3600
"PER",1907,1907-12-30,3700
"PER",1908,1908-12-30,3800
"PER",1909,1909-12-30,3900
"PER",1910,1910-12-30,4000
"PER",1911,1911-12-30,4100
"PER",1912,1912-12-30,4190
"PER",1913,1913-12-30,4270
"PER",1914,1914-12-29,4350
"PER",1915,1915-12-29,4430
"PER",1916,1916-12-29,4510
"PER",1917,1917-12-29,4590
"PER",1918,1918-12-30,4670
"PER",1919,1919-12-30,4750
"PER",1920,1920-12-30,4830
"PER",1921,1921-12-30,4910
"PER",1922,1922-12-30,4990
"PER",1923,1923-12-30,5070
"PER",1924,1924-12-30,5150
"PER",1925,1925-12-30,5230
"PER",1926,1926-12-30,5310
"PER",1927,1927-12-30,5400
"PER",1928,1928-12-30,5480
"PER",1929,1929-12-30,5570
"PER",1930,1930-12-30,5650
"PER",1931,1931-12-30,5740
"PER",1932,1932-12-30,5840
"PER",1933,1933-12-30,5940
"PER",1934,1934-12-30,6040
"PER",1935,1935-12-30,6130
"PER",1936,1936-12-30,6240
"PER",1937,1937-12-30,6350
"PER",1938,1938-12-30,6460
"PER",1939,1939-12-30,6570
"PER",1940,1940-12-29,6680
"PER",1941,1941-12-29,6800
"PER",1942,1942-12-29,6920
"PER",1943,1943-12-29,7040
"PER",1944,1944-12-29,7160
"PER",1945,1945-12-29,7290
"PER",1946,1946-12-29,7420
"PER",1947,1947-12-29,7550
"PER",1948,1948-12-29,7682
"PER",1949,1949-12-29,7822
"PER",1950,1950-12-29,7969
"PER",1951,1951-12-29,8118
"PER",1952,1952-12-29,8267
"PER",1953,1953-12-29,8425
"PER",1954,1954-12-29,8597
"PER",1955,1955-12-29,8790
"PER",1956,1956-12-29,9004
"PER",1957,1957-12-29,9235
"PER",1958,1958-12-29,9483
"PER",1959,1959-12-29,9746
"PER",1960,1960-12-29,9931
"PER",1961,1961-12-29,10217
"PER",1962,1962-12-29,10516
"PER",1963,1963-12-29,10826
"PER",1964,1964-12-29,11143
"PER",1965,1965-12-29,11467
"PER",1966,1966-12-29,11796
"PER",1967,1967-12-29,12132
"PER",1968,1968-12-29,12476
"PER",1969,1969-12-29,12829
"PER",1970,1970-12-29,13193
"PER",1971,1971-12-29,13568
"PER",1972,1972-12-29,13955
"PER",1973,1973-12-29,14350
"PER",1974,1974-12-29,14753
"PER",1975,1975-12-29,15161
"PER",1976,1976-12-29,15578
"PER",1977,1977-12-29,16004
"PER",1978,1978-12-29,16435
"PER",1979,1979-12-29,16867
"PER",1980,1980-12-29,17324
"PER",1981,1981-12-29,17720
"PER",1982,1982-12-29,18144
"PER",1983,1983-12-29,18568
"PER",1984,1984-12-29,18992
"PER",1985,1985-12-29,19492
"PER",1986,1986-12-29,19840
"PER",1987,1987-12-29,20261
"PER",1988,1988-12-29,20684
"PER",1989,1989-12-29,21113
"PER",1990,1990-12-29,21569
"PER",1991,1991-12-29,21998
"PER",1992,1992-12-29,22454
"PER",1993,1993-12-29,22739
"PER",1994,1994-12-29,23130
"PER",1995,1995-12-29,23532
"PER",1996,1996-12-29,23947
"PER",1997,1997-12-29,24371
"PER",1998,1998-12-29,24797
"PER",1999,1999-12-29,25230
"PER",2000,2000-12-29,25662
"PER",2001,2001-12-29,26367
"PER",2002,2002-12-29,26730
"PER",2003,2003-12-29,27073
"PER",2004,2004-12-29,27404
"PER",2005,2005-12-29,27723
"PER",2006,2006-12-29,28031
"PER",2007,2007-12-29,28328
"PER",2008,2008-12-29,28626
"PER",2009,2009-12-29,28934
"PER",2010,2010-12-29,29263
"PER",2011,2011-12-29,29615
"PER",2012,2012-12-29,29988
"PER",2013,2013-12-29,30566
"PER",2014,2014-12-29,30973
"PER",2015,2015-12-29,31377
"PER",2016,2016-12-29,31774
"BRA",1822,1822-12-30,4573
"BRA",1823,1823-12-30,4655
"BRA",1824,1824-12-30,4737
"BRA",1825,1825-12-30,4819
"BRA",1826,1826-12-30,4901
"BRA",1827,1827-12-30,4983
"BRA",1828,1828-12-30,5067
"BRA",1829,1829-12-30,5152
"BRA",1830,1830-12-30,5239
"BRA",1831,1831-12-30,5327
"BRA",1832,1832-12-30,5417
"BRA",1833,1833-12-30,5508
"BRA",1834,1834-12-30,5600
"BRA",1835,1835-12-30,5694
"BRA",1836,1836-12-30,5790
"BRA",1837,1837-12-30,5888
"BRA",1838,1838-12-30,5987
"BRA",1839,1839-12-30,6087
"BRA",1840,1840-12-30,6190
"BRA",1841,1841-12-30,6294
"BRA",1842,1842-12-30,6400
"BRA",1843,1843-12-30,6507
"BRA",1844,1844-12-30,6617
"BRA",1845,1845-12-30,6728
"BRA",1846,1846-12-30,6841
"BRA",1847,1847-12-30,6956
"BRA",1848,1848-12-30,7073
"BRA",1849,1849-12-30,7192
"BRA",1850,1850-12-30,7313
"BRA",1851,1851-12-30,7344
"BRA",1852,1852-12-30,7456
"BRA",1853,1853-12-30,7570
"BRA",1854,1854-12-30,7689
"BRA",1855,1855-12-30,7803
"BRA",1856,1856-12-30,7923
"BRA",1857,1857-12-30,8044
"BRA",1858,1858-12-30,8167
"BRA",1859,1859-12-30,8291
"BRA",1860,1860-12-30,8418
"BRA",1861,1861-12-30,8547
"BRA",1862,1862-12-30,8678
"BRA",1863,1863-12-30,8810
"BRA",1864,1864-12-30,8945
"BRA",1865,1865-12-30,9082
"BRA",1866,1866-12-30,8221
"BRA",1867,1867-12-30,8362
"BRA",1868,1868-12-30,9505
"BRA",1869,1869-12-30,9650
"BRA",1870,1870-12-30,9797
"BRA",1871,1871-12-30,9947
"BRA",1872,1872-12-30,10099
"BRA",1873,1873-12-30,10289
"BRA",1874,1874-12-30,10486
"BRA",1875,1875-12-30,10687
"BRA",1876,1876-12-30,10891
"BRA",1877,1877-12-30,11099
"BRA",1878,1878-12-30,11311
"BRA",1879,1879-12-30,11528
"BRA",1880,1880-12-30,11748
"BRA",1881,1881-12-30,11973
"BRA",1882,1882-12-30,12202
"BRA",1883,1883-12-30,12435
"BRA",1884,1884-12-30,12673
"BRA",1885,1885-12-30,12916
"BRA",1886,1886-12-30,13163
"BRA",1887,1887-12-30,13414
"BRA",1888,1888-12-30,13671
"BRA",1889,1889-12-30,13932
"BRA",1890,1890-12-30,14199
"BRA",1891,1891-12-30,14506
"BRA",1892,1892-12-30,14857
"BRA",1893,1893-12-30,15216
"BRA",1894,1894-12-30,15583
"BRA",1895,1895-12-30,15960
"BRA",1896,1896-12-30,16346
"BRA",1897,1897-12-30,16741
"BRA",1898,1898-12-30,17145
"BRA",1899,1899-12-30,17560
"BRA",1900,1900-12-30,17984
"BRA",1901,1901-12-30,18390
"BRA",1902,1902-12-30,18782
"BRA",1903,1903-12-30,19180
"BRA",1904,1904-12-30,19587
"BRA",1905,1905-12-30,20003
"BRA",1906,1906-12-30,20427
"BRA",1907,1907-12-30,20860
"BRA",1908,1908-12-30,21303
"BRA",1909,1909-12-30,21754
"BRA",1910,1910-12-30,22216
"BRA",1911,1911-12-30,22687
"BRA",1912,1912-12-30,23168
"BRA",1913,1913-12-30,23660
"BRA",1914,1914-12-29,24161
"BRA",1915,1915-12-29,24674
"BRA",1916,1916-12-29,25197
"BRA",1917,1917-12-29,25732
"BRA",1918,1918-12-30,26277
"BRA",1919,1919-12-30,26835
"BRA",1920,1920-12-30,27404
"BRA",1921,1921-12-30,27969
"BRA",1922,1922-12-30,28542
"BRA",1923,1923-12-30,29126
"BRA",1924,1924-12-30,29723
"BRA",1925,1925-12-30,30332
"BRA",1926,1926-12-30,30953
"BRA",1927,1927-12-30,31587
"BRA",1928,1928-12-30,32234
"BRA",1929,1929-12-30,32894
"BRA",1930,1930-12-30,33568
"BRA",1931,1931-12-30,34256
"BRA",1932,1932-12-30,34957
"BRA",1933,1933-12-30,35673
"BRA",1934,1934-12-30,36404
"BRA",1935,1935-12-30,37150
"BRA",1936,1936-12-30,37911
"BRA",1937,1937-12-30,38687
"BRA",1938,1938-12-30,39480
"BRA",1939,1939-12-30,40289
"BRA",1940,1940-12-29,41114
"BRA",1941,1941-12-29,42069
"BRA",1942,1942-12-29,43069
"BRA",1943,1943-12-29,44093
"BRA",1944,1944-12-29,45141
"BRA",1945,1945-12-29,46215
"BRA",1946,1946-12-29,47313
"BRA",1947,1947-12-29,48438
"BRA",1948,1948-12-29,49590
"BRA",1949,1949-12-29,50769
"BRA",1950,1950-12-29,51944
"BRA",1951,1951-12-29,53888
"BRA",1952,1952-12-29,55502
"BRA",1953,1953-12-29,57164
"BRA",1954,1954-12-29,58876
"BRA",1955,1955-12-29,60640
"BRA",1956,1956-12-29,62456
"BRA",1957,1957-12-29,64326
"BRA",1958,1958-12-29,66253
"BRA",1959,1959-12-29,68237
"BRA",1960,1960-12-29,72594
"BRA",1961,1961-12-29,74829
"BRA",1962,1962-12-29,77159
"BRA",1963,1963-12-29,79543
"BRA",1964,1964-12-29,81934
"BRA",1965,1965-12-29,84292
"BRA",1966,1966-12-29,86602
"BRA",1967,1967-12-29,88894
"BRA",1968,1968-12-29,91186
"BRA",1969,1969-12-29,93497
"BRA",1970,1970-12-29,95847
"BRA",1971,1971-12-29,98226
"BRA",1972,1972-12-29,100624
"BRA",1973,1973-12-29,103050
"BRA",1974,1974-12-29,105516
"BRA",1975,1975-12-29,108032
"BRA",1976,1976-12-29,110598
"BRA",1977,1977-12-29,113207
"BRA",1978,1978-12-29,115859
"BRA",1979,1979-12-29,118553
"BRA",1980,1980-12-29,118563
"BRA",1981,1981-12-29,121213
"BRA",1982,1982-12-29,123885
"BRA",1983,1983-12-29,126573
"BRA",1984,1984-12-29,129273
"BRA",1985,1985-12-29,131978
"BRA",1986,1986-12-29,134653
"BRA",1987,1987-12-29,137268
"BRA",1988,1988-12-29,139819
"BRA",1989,1989-12-29,142307
"BRA",1990,1990-12-29,144724
"BRA",1991,1991-12-29,147074
"BRA",1992,1992-12-29,149358
"BRA",1993,1993-12-29,151572
"BRA",1994,1994-12-29,153726
"BRA",1995,1995-12-29,155822
"BRA",1996,1996-12-29,157872
"BRA",1997,1997-12-29,159884
"BRA",1998,1998-12-29,165851
"BRA",1999,1999-12-29,167988
"BRA",2000,2000-12-29,170115
"BRA",2001,2001-12-29,173808
"BRA",2002,2002-12-29,179394
"BRA",2003,2003-12-29,181753
"BRA",2004,2004-12-29,184010
"BRA",2005,2005-12-29,186142
"BRA",2006,2006-12-29,188134
"BRA",2007,2007-12-29,189997
"BRA",2008,2008-12-29,191766
"BRA",2009,2009-12-29,193491
"BRA",2010,2010-12-29,195210
"BRA",2011,2011-12-29,196935
"BRA",2012,2012-12-29,198656
"BRA",2013,2013-12-29,202409
"BRA",2014,2014-12-29,204213
"BRA",2015,2015-12-29,205962
"BRA",2016,2016-12-29,207653
"BOL",1848,1848-12-30,1061
"BOL",1849,1849-12-30,1072
"BOL",1850,1850-12-30,1083
"BOL",1851,1851-12-30,1094
"BOL",1852,1852-12-30,1105
"BOL",1853,1853-12-30,1117
"BOL",1854,1854-12-30,1128
"BOL",1855,1855-12-30,1140
"BOL",1856,1856-12-30,1151
"BOL",1857,1857-12-30,1163
"BOL",1858,1858-12-30,1175
"BOL",1859,1859-12-30,1187
"BOL",1860,1860-12-30,1199
"BOL",1861,1861-12-30,1212
"BOL",1862,1862-12-30,1224
"BOL",1863,1863-12-30,1237
"BOL",1864,1864-12-30,1249
"BOL",1865,1865-12-30,1262
"BOL",1866,1866-12-30,1275
"BOL",1867,1867-12-30,1288
"BOL",1868,1868-12-30,1302
"BOL",1869,1869-12-30,1315
"BOL",1870,1870-12-30,1328
"BOL",1871,1871-12-30,1342
"BOL",1872,1872-12-30,1356
"BOL",1873,1873-12-30,1370
"BOL",1874,1874-12-30,1384
"BOL",1875,1875-12-30,1398
"BOL",1876,1876-12-30,1412
"BOL",1877,1877-12-30,1427
"BOL",1878,1878-12-30,1442
"BOL",1879,1879-12-30,1456
"BOL",1880,1880-12-30,1471
"BOL",1881,1881-12-30,1486
"BOL",1882,1882-12-30,1502
"BOL",1883,1883-12-30,1517
"BOL",1884,1884-12-30,1533
"BOL",1885,1885-12-30,1548
"BOL",1886,1886-12-30,1564
"BOL",1887,1887-12-30,1580
"BOL",1888,1888-12-30,1597
"BOL",1889,1889-12-30,1613
"BOL",1890,1890-12-30,1630
"BOL",1891,1891-12-30,1643
"BOL",1892,1892-12-30,1657
"BOL",1893,1893-12-30,1671
"BOL",1894,1894-12-30,1685
"BOL",1895,1895-12-30,1699
"BOL",1896,1896-12-30,1713
"BOL",1897,1897-12-30,1727
"BOL",1898,1898-12-30,1741
"BOL",1899,1899-12-30,1755
"BOL",1900,1900-12-30,1770
"BOL",1901,1901-12-30,1790
"BOL",1902,1902-12-30,1800
"BOL",1903,1903-12-30,1820
"BOL",1904,1904-12-30,1840
"BOL",1905,1905-12-30,1860
"BOL",1906,1906-12-30,1880
"BOL",1907,1907-12-30,1900
"BOL",1908,1908-12-30,1910
"BOL",1909,1909-12-30,1930
"BOL",1910,1910-12-30,1950
"BOL",1911,1911-12-30,1970
"BOL",1912,1912-12-30,1980
"BOL",1913,1913-12-30,2010
"BOL",1914,1914-12-29,2030
"BOL",1915,1915-12-29,2040
"BOL",1916,1916-12-29,2060
"BOL",1917,1917-12-29,2080
"BOL",1918,1918-12-30,2100
"BOL",1919,1919-12-30,2120
"BOL",1920,1920-12-30,2140
"BOL",1921,1921-12-30,2160
"BOL",1922,1922-12-30,2190
"BOL",1923,1923-12-30,2210
"BOL",1924,1924-12-30,2240
"BOL",1925,1925-12-30,2260
"BOL",1926,1926-12-30,2290
"BOL",1927,1927-12-30,2320
"BOL",1928,1928-12-30,2340
"BOL",1929,1929-12-30,2370
"BOL",1930,1930-12-30,2400
"BOL",1931,1931-12-30,2430
"BOL",1932,1932-12-30,2450
"BOL",1933,1933-12-30,2480
"BOL",1934,1934-12-30,2510
"BOL",1935,1935-12-30,2540
"BOL",1936,1936-12-30,2570
"BOL",1937,1937-12-30,2600
"BOL",1938,1938-12-30,2630
"BOL",1939,1939-12-30,2660
"BOL",1940,1940-12-29,2700
"BOL",1941,1941-12-29,2720
"BOL",1942,1942-12-29,2750
"BOL",1943,1943-12-29,2790
"BOL",1944,1944-12-29,2820
"BOL",1945,1945-12-29,2850
"BOL",1946,1946-12-29,2880
"BOL",1947,1947-12-29,2920
"BOL",1948,1948-12-29,2950
"BOL",1949,1949-12-29,2984
"BOL",1950,1950-12-29,2714
"BOL",1951,1951-12-29,3065
"BOL",1952,1952-12-29,3125
"BOL",1953,1953-12-29,3189
"BOL",1954,1954-12-29,3256
"BOL",1955,1955-12-29,3006
"BOL",1956,1956-12-29,3392
"BOL",1957,1957-12-29,3464
"BOL",1958,1958-12-29,3539
"BOL",1959,1959-12-29,3729
"BOL",1960,1960-12-29,3351
"BOL",1961,1961-12-29,3427
"BOL",1962,1962-12-29,3505
"BOL",1963,1963-12-29,3584
"BOL",1964,1964-12-29,3665
"BOL",1965,1965-12-29,3748
"BOL",1966,1966-12-29,3836
"BOL",1967,1967-12-29,3927
"BOL",1968,1968-12-29,4020
"BOL",1969,1969-12-29,4115
"BOL",1970,1970-12-29,4212
"BOL",1971,1971-12-29,4316
"BOL",1972,1972-12-29,4423
"BOL",1973,1973-12-29,4532
"BOL",1974,1974-12-29,4644
"BOL",1975,1975-12-29,4759
"BOL",1976,1976-12-29,4873
"BOL",1977,1977-12-29,4989
"BOL",1978,1978-12-29,5108
"BOL",1979,1979-12-29,5230
"BOL",1980,1980-12-29,5355
"BOL",1981,1981-12-29,5459
"BOL",1982,1982-12-29,5565
"BOL",1983,1983-12-29,5673
"BOL",1984,1984-12-29,5783
"BOL",1985,1985-12-29,5895
"BOL",1986,1986-12-29,6025
"BOL",1987,1987-12-29,6157
"BOL",1988,1988-12-29,6293
"BOL",1989,1989-12-29,6431
"BOL",1990,1990-12-29,6573
"BOL",1991,1991-12-29,6733
"BOL",1992,1992-12-29,6897
"BOL",1993,1993-12-29,7065
"BOL",1994,1994-12-29,7237
"BOL",1995,1995-12-29,7414
"BOL",1996,1996-12-29,7588
"BOL",1997,1997-12-29,7767
"BOL",1998,1998-12-29,7957
"BOL",1999,1999-12-29,8142
"BOL",2000,2000-12-29,8329
"BOL",2001,2001-12-29,8624
"BOL",2002,2002-12-29,8843
"BOL",2003,2003-12-29,9017
"BOL",2004,2004-12-29,9188
"BOL",2005,2005-12-29,9355
"BOL",2006,2006-12-29,9517
"BOL",2007,2007-12-29,9676
"BOL",2008,2008-12-29,9834
"BOL",2009,2009-12-29,9993
"BOL",2010,2010-12-29,10157
"BOL",2011,2011-12-29,10324
"BOL",2012,2012-12-29,10496
"BOL",2013,2013-12-29,10400
"BOL",2014,2014-12-29,10562
"BOL",2015,2015-12-29,10725
"BOL",2016,2016-12-29,10888
"PAR",1846,1846-12-30,311
"PAR",1847,1847-12-30,319
"PAR",1848,1848-12-30,328
"PAR",1849,1849-12-30,337
"PAR",1850,1850-12-30,346
"PAR",1851,1851-12-30,355
"PAR",1852,1852-12-30,365
"PAR",1853,1853-12-30,375
"PAR",1854,1854-12-30,385
"PAR",1855,1855-12-30,395
"PAR",1856,1856-12-30,406
"PAR",1857,1857-12-30,417
"PAR",1858,1858-12-30,428
"PAR",1859,1859-12-30,439
"PAR",1860,1860-12-30,451
"PAR",1861,1861-12-30,463
"PAR",1862,1862-12-30,476
"PAR",1863,1863-12-30,489
"PAR",1864,1864-12-30,502
"PAR",1865,1865-12-30,441
"PAR",1866,1866-12-30,388
"PAR",1867,1867-12-30,341
"PAR",1868,1868-12-30,300
"PAR",1869,1869-12-30,264
"PAR",1870,1870-12-30,232
"PAR",1876,1876-12-30,231
"PAR",1877,1877-12-30,237
"PAR",1878,1878-12-30,243
"PAR",1879,1879-12-30,249
"PAR",1880,1880-12-30,255
"PAR",1881,1881-12-30,261
"PAR",1882,1882-12-30,268
"PAR",1883,1883-12-30,275
"PAR",1884,1884-12-30,281
"PAR",1885,1885-12-30,288
"PAR",1886,1886-12-30,296
"PAR",1887,1887-12-30,303
"PAR",1888,1888-12-30,311
"PAR",1889,1889-12-30,318
"PAR",1890,1890-12-30,326
"PAR",1891,1891-12-30,340
"PAR",1892,1892-12-30,354
"PAR",1893,1893-12-30,368
"PAR",1894,1894-12-30,384
"PAR",1895,1895-12-30,400
"PAR",1896,1896-12-30,416
"PAR",1897,1897-12-30,434
"PAR",1898,1898-12-30,452
"PAR",1899,1899-12-30,470
"PAR",1900,1900-12-30,490
"PAR",1901,1901-12-30,510
"PAR",1902,1902-12-30,520
"PAR",1903,1903-12-30,540
"PAR",1904,1904-12-30,560
"PAR",1905,1905-12-30,570
"PAR",1906,1906-12-30,580
"PAR",1907,1907-12-30,590
"PAR",1908,1908-12-30,600
"PAR",1909,1909-12-30,610
"PAR",1910,1910-12-30,620
"PAR",1911,1911-12-30,630
"PAR",1912,1912-12-30,640
"PAR",1913,1913-12-30,650
"PAR",1914,1914-12-29,660
"PAR",1915,1915-12-29,660
"PAR",1916,1916-12-29,670
"PAR",1917,1917-12-29,680
"PAR",1918,1918-12-30,690
"PAR",1919,1919-12-30,690
"PAR",1920,1920-12-30,700
"PAR",1921,1921-12-30,720
"PAR",1922,1922-12-30,730
"PAR",1923,1923-12-30,750
"PAR",1924,1924-12-30,770
"PAR",1925,1925-12-30,790
"PAR",1926,1926-12-30,800
"PAR",1927,1927-12-30,820
"PAR",1928,1928-12-30,840
"PAR",1929,1929-12-30,860
"PAR",1930,1930-12-30,880
"PAR",1931,1931-12-30,900
"PAR",1932,1932-12-30,920
"PAR",1933,1933-12-30,940
"PAR",1934,1934-12-30,970
"PAR",1935,1935-12-30,990
"PAR",1936,1936-12-30,1010
"PAR",1937,1937-12-30,1040
"PAR",1938,1938-12-30,1060
"PAR",1939,1939-12-30,1090
"PAR",1940,1940-12-29,1110
"PAR",1941,1941-12-29,1140
"PAR",1942,1942-12-29,1160
"PAR",1943,1943-12-29,1190
"PAR",1944,1944-12-29,1220
"PAR",1945,1945-12-29,1250
"PAR",1946,1946-12-29,1280
"PAR",1947,1947-12-29,1310
"PAR",1948,1948-12-29,1335
"PAR",1949,1949-12-29,1366
"PAR",1950,1950-12-29,1371
"PAR",1951,1951-12-29,1410
"PAR",1952,1952-12-29,1449
"PAR",1953,1953-12-29,1487
"PAR",1954,1954-12-29,1525
"PAR",1955,1955-12-29,1564
"PAR",1956,1956-12-29,1604
"PAR",1957,1957-12-29,1645
"PAR",1958,1958-12-29,1687
"PAR",1959,1959-12-29,1730
"PAR",1960,1960-12-29,1842
"PAR",1961,1961-12-29,1888
"PAR",1962,1962-12-29,1934
"PAR",1963,1963-12-29,1982
"PAR",1964,1964-12-29,2031
"PAR",1965,1965-12-29,2081
"PAR",1966,1966-12-29,2132
"PAR",1967,1967-12-29,2185
"PAR",1968,1968-12-29,2239
"PAR",1969,1969-12-29,2294
"PAR",1970,1970-12-29,2350
"PAR",1971,1971-12-29,2409
"PAR",1972,1972-12-29,2469
"PAR",1973,1973-12-29,2531
"PAR",1974,1974-12-29,2594
"PAR",1975,1975-12-29,2659
"PAR",1976,1976-12-29,2744
"PAR",1977,1977-12-29,2832
"PAR",1978,1978-12-29,2923
"PAR",1979,1979-12-29,3017
"PAR",1980,1980-12-29,3114
"PAR",1981,1981-12-29,3207
"PAR",1982,1982-12-29,3303
"PAR",1983,1983-12-29,3402
"PAR",1984,1984-12-29,3504
"PAR",1985,1985-12-29,3609
"PAR",1986,1986-12-29,3723
"PAR",1987,1987-12-29,3841
"PAR",1988,1988-12-29,3963
"PAR",1989,1989-12-29,4089
"PAR",1990,1990-12-29,4219
"PAR",1991,1991-12-29,4334
"PAR",1992,1992-12-29,4453
"PAR",1993,1993-12-29,4575
"PAR",1994,1994-12-29,4700
"PAR",1995,1995-12-29,4828
"PAR",1996,1996-12-29,4955
"PAR",1997,1997-12-29,5085
"PAR",1998,1998-12-29,5222
"PAR",1999,1999-12-29,5358
"PAR",2000,2000-12-29,5496
"PAR",2001,2001-12-29,5456
"PAR",2002,2002-12-29,5571
"PAR",2003,2003-12-29,5682
"PAR",2004,2004-12-29,5793
"PAR",2005,2005-12-29,5904
"PAR",2006,2006-12-29,6015
"PAR",2007,2007-12-29,6125
"PAR",2008,2008-12-29,6236
"PAR",2009,2009-12-29,6347
"PAR",2010,2010-12-29,6460
"PAR",2011,2011-12-29,6573
"PAR",2012,2012-12-29,6687
"PAR",2013,2013-12-29,6466
"PAR",2014,2014-12-29,6553
"PAR",2015,2015-12-29,6639
"PAR",2016,2016-12-29,6725
"CHL",1839,1839-12-30,975
"CHL",1840,1840-12-30,1001
"CHL",1841,1841-12-30,1028
"CHL",1842,1842-12-30,1055
"CHL",1843,1843-12-30,1083
"CHL",1844,1844-12-30,1111
"CHL",1845,1845-12-30,1140
"CHL",1846,1846-12-30,1169
"CHL",1847,1847-12-30,1199
"CHL",1848,1848-12-30,1230
"CHL",1849,1849-12-30,1262
"CHL",1850,1850-12-30,1294
"CHL",1851,1851-12-30,1326
"CHL",1852,1852-12-30,1358
"CHL",1853,1853-12-30,1391
"CHL",1854,1854-12-30,1423
"CHL",1855,1855-12-30,1454
"CHL",1856,1856-12-30,1501
"CHL",1857,1857-12-30,1517
"CHL",1858,1858-12-30,1551
"CHL",1859,1859-12-30,1584
"CHL",1860,1860-12-30,1618
"CHL",1861,1861-12-30,1653
"CHL",1862,1862-12-30,1688
"CHL",1863,1863-12-30,1725
"CHL",1864,1864-12-30,1757
"CHL",1865,1865-12-30,1795
"CHL",1866,1866-12-30,1832
"CHL",1867,1867-12-30,1856
"CHL",1868,1868-12-30,1880
"CHL",1869,1869-12-30,1905
"CHL",1870,1870-12-30,1931
"CHL",1871,1871-12-30,1956
"CHL",1872,1872-12-30,1982
"CHL",1873,1873-12-30,2009
"CHL",1874,1874-12-30,2035
"CHL",1875,1875-12-30,2062
"CHL",1876,1876-12-30,2097
"CHL",1877,1877-12-30,2138
"CHL",1878,1878-12-30,2181
"CHL",1879,1879-12-30,2224
"CHL",1880,1880-12-30,2269
"CHL",1881,1881-12-30,2314
"CHL",1882,1882-12-30,2360
"CHL",1883,1883-12-30,2408
"CHL",1884,1884-12-30,2456
"CHL",1885,1885-12-30,2503
"CHL",1886,1886-12-30,2536
"CHL",1887,1887-12-30,2555
"CHL",1888,1888-12-30,2572
"CHL",1889,1889-12-30,2591
"CHL",1890,1890-12-30,2609
"CHL",1891,1891-12-30,2627
"CHL",1892,1892-12-30,2646
"CHL",1893,1893-12-30,2655
"CHL",1894,1894-12-30,2674
"CHL",1895,1895-12-30,2698
"CHL",1896,1896-12-30,2733
"CHL",1897,1897-12-30,2774
"CHL",1898,1898-12-30,2816
"CHL",1899,1899-12-30,2859
"CHL",1900,1900-12-30,2960
"CHL",1901,1901-12-30,2990
"CHL",1902,1902-12-30,3030
"CHL",1903,1903-12-30,3070
"CHL",1904,1904-12-30,3100
"CHL",1905,1905-12-30,3140
"CHL",1906,1906-12-30,3180
"CHL",1907,1907-12-30,3210
"CHL",1908,1908-12-30,3250
"CHL",1909,1909-12-30,3290
"CHL",1910,1910-12-30,3340
"CHL",1911,1911-12-30,3380
"CHL",1912,1912-12-30,3420
"CHL",1913,1913-12-30,3470
"CHL",1914,1914-12-29,3510
"CHL",1915,1915-12-29,3550
"CHL",1916,1916-12-29,3600
"CHL",1917,1917-12-29,3640
"CHL",1918,1918-12-30,3690
"CHL",1919,1919-12-30,3740
"CHL",1920,1920-12-30,3790
"CHL",1921,1921-12-30,3850
"CHL",1922,1922-12-30,3910
"CHL",1923,1923-12-30,3960
"CHL",1924,1924-12-30,4020
"CHL",1925,1925-12-30,4070
"CHL",1926,1926-12-30,4130
"CHL",1927,1927-12-30,4190
"CHL",1928,1928-12-30,4250
"CHL",1929,1929-12-30,4310
"CHL",1930,1930-12-30,4370
"CHL",1931,1931-12-30,4430
"CHL",1932,1932-12-30,4500
"CHL",1933,1933-12-30,4560
"CHL",1934,1934-12-30,4630
"CHL",1935,1935-12-30,4700
"CHL",1936,1936-12-30,4770
"CHL",1937,1937-12-30,4840
"CHL",1938,1938-12-30,4910
"CHL",1939,1939-12-30,4990
"CHL",1940,1940-12-29,5060
"CHL",1941,1941-12-29,5150
"CHL",1942,1942-12-29,5240
"CHL",1943,1943-12-29,5340
"CHL",1944,1944-12-29,5440
"CHL",1945,1945-12-29,5540
"CHL",1946,1946-12-29,5640
"CHL",1947,1947-12-29,5750
"CHL",1948,1948-12-29,5831
"CHL",1949,1949-12-29,5945
"CHL",1950,1950-12-29,6091
"CHL",1951,1951-12-29,6221
"CHL",1952,1952-12-29,6352
"CHL",1953,1953-12-29,6482
"CHL",1954,1954-12-29,6613
"CHL",1955,1955-12-29,6743
"CHL",1956,1956-12-29,6912
"CHL",1957,1957-12-29,7080
"CHL",1958,1958-12-29,7248
"CHL",1959,1959-12-29,7417
"CHL",1960,1960-12-29,7614
"CHL",1961,1961-12-29,7800
"CHL",1962,1962-12-29,7993
"CHL",1963,1963-12-29,8190
"CHL",1964,1964-12-29,8387
"CHL",1965,1965-12-29,8579
"CHL",1966,1966-12-29,8768
"CHL",1967,1967-12-29,8956
"CHL",1968,1968-12-29,9142
"CHL",1969,1969-12-29,9325
"CHL",1970,1970-12-29,9504
"CHL",1971,1971-12-29,9679
"CHL",1972,1972-12-29,9851
"CHL",1973,1973-12-29,10020
"CHL",1974,1974-12-29,10186
"CHL",1975,1975-12-29,10350
"CHL",1976,1976-12-29,10510
"CHL",1977,1977-12-29,10663
"CHL",1978,1978-12-29,10816
"CHL",1979,1979-12-29,10975
"CHL",1980,1980-12-29,11145
"CHL",1981,1981-12-29,11327
"CHL",1982,1982-12-29,11519
"CHL",1983,1983-12-29,11717
"CHL",1984,1984-12-29,11919
"CHL",1985,1985-12-29,12122
"CHL",1986,1986-12-29,12327
"CHL",1987,1987-12-29,12536
"CHL",1988,1988-12-29,12748
"CHL",1989,1989-12-29,12961
"CHL",1990,1990-12-29,13100
"CHL",1991,1991-12-29,13320
"CHL",1992,1992-12-29,13545
"CHL",1993,1993-12-29,13771
"CHL",1994,1994-12-29,13994
"CHL",1995,1995-12-29,14210
"CHL",1996,1996-12-29,14419
"CHL",1997,1997-12-29,14622
"CHL",1998,1998-12-29,14824
"CHL",1999,1999-12-29,15019
"CHL",2000,2000-12-29,15211
"CHL",2001,2001-12-29,15572
"CHL",2002,2002-12-29,15820
"CHL",2003,2003-12-29,15996
"CHL",2004,2004-12-29,16168
"CHL",2005,2005-12-29,16338
"CHL",2006,2006-12-29,16505
"CHL",2007,2007-12-29,16669
"CHL",2008,2008-12-29,16831
"CHL",2009,2009-12-29,16992
"CHL",2010,2010-12-29,17151
"CHL",2011,2011-12-29,17308
"CHL",2012,2012-12-29,17465
"CHL",2013,2013-12-29,17463
"CHL",2014,2014-12-29,17614
"CHL",2015,2015-12-29,17763
"CHL",2016,2016-12-29,17910
"ARG",1841,1841-12-30,643
"ARG",1842,1842-12-30,671
"ARG",1843,1843-12-30,700
"ARG",1844,1844-12-30,729
"ARG",1845,1845-12-30,759
"ARG",1846,1846-12-30,790
"ARG",1847,1847-12-30,822
"ARG",1848,1848-12-30,856
"ARG",1849,1849-12-30,891
"ARG",1850,1850-12-30,928
"ARG",1851,1851-12-30,966
"ARG",1852,1852-12-30,1006
"ARG",1853,1853-12-30,1047
"ARG",1854,1854-12-30,1090
"ARG",1855,1855-12-30,1126
"ARG",1856,1856-12-30,1163
"ARG",1857,1857-12-30,1202
"ARG",1858,1858-12-30,1241
"ARG",1859,1859-12-30,1283
"ARG",1860,1860-12-30,1325
"ARG",1861,1861-12-30,1369
"ARG",1862,1862-12-30,1414
"ARG",1863,1863-12-30,1461
"ARG",1864,1864-12-30,1509
"ARG",1865,1865-12-30,1559
"ARG",1866,1866-12-30,1616
"ARG",1867,1867-12-30,1675
"ARG",1868,1868-12-30,1737
"ARG",1869,1869-12-30,1802
"ARG",1870,1870-12-30,1859
"ARG",1871,1871-12-30,1910
"ARG",1872,1872-12-30,1963
"ARG",1873,1873-12-30,2017
"ARG",1874,1874-12-30,2073
"ARG",1875,1875-12-30,2132
"ARG",1876,1876-12-30,2192
"ARG",1877,1877-12-30,2255
"ARG",1878,1878-12-30,2320
"ARG",1879,1879-12-30,2387
"ARG",1880,1880-12-30,2457
"ARG",1881,1881-12-30,2529
"ARG",1882,1882-12-30,2602
"ARG",1883,1883-12-30,2678
"ARG",1884,1884-12-30,2757
"ARG",1885,1885-12-30,2839
"ARG",1886,1886-12-30,2923
"ARG",1887,1887-12-30,3011
"ARG",1888,1888-12-30,3108
"ARG",1889,1889-12-30,3212
"ARG",1890,1890-12-30,3323
"ARG",1891,1891-12-30,3434
"ARG",1892,1892-12-30,3548
"ARG",1893,1893-12-30,3668
"ARG",1894,1894-12-30,3793
"ARG",1895,1895-12-30,3906
"ARG",1896,1896-12-30,4013
"ARG",1897,1897-12-30,4152
"ARG",1898,1898-12-30,4296
"ARG",1899,1899-12-30,4418
"ARG",1900,1900-12-30,4610
"ARG",1901,1901-12-30,4740
"ARG",1902,1902-12-30,4870
"ARG",1903,1903-12-30,4980
"ARG",1904,1904-12-30,5100
"ARG",1905,1905-12-30,5290
"ARG",1906,1906-12-30,5520
"ARG",1907,1907-12-30,5820
"ARG",1908,1908-12-30,6150
"ARG",1909,1909-12-30,6430
"ARG",1910,1910-12-30,6800
"ARG",1911,1911-12-30,7070
"ARG",1912,1912-12-30,7470
"ARG",1913,1913-12-30,7840
"ARG",1914,1914-12-29,8000
"ARG",1915,1915-12-29,8150
"ARG",1916,1916-12-29,8300
"ARG",1917,1917-12-29,8450
"ARG",1918,1918-12-30,8600
"ARG",1919,1919-12-30,8750
"ARG",1920,1920-12-30,8970
"ARG",1921,1921-12-30,9220
"ARG",1922,1922-12-30,9520
"ARG",1923,1923-12-30,9890
"ARG",1924,1924-12-30,10220
"ARG",1925,1925-12-30,10500
"ARG",1926,1926-12-30,10800
"ARG",1927,1927-12-30,11130
"ARG",1928,1928-12-30,11440
"ARG",1929,1929-12-30,11750
"ARG",1930,1930-12-30,12050
"ARG",1931,1931-12-30,12290
"ARG",1932,1932-12-30,12520
"ARG",1933,1933-12-30,12730
"ARG",1934,1934-12-30,12940
"ARG",1935,1935-12-30,13150
"ARG",1936,1936-12-30,13370
"ARG",1937,1937-12-30,13610
"ARG",1938,1938-12-30,13840
"ARG",1939,1939-12-30,14060
"ARG",1940,1940-12-29,14170
"ARG",1941,1941-12-29,14400
"ARG",1942,1942-12-29,14640
"ARG",1943,1943-12-29,14880
"ARG",1944,1944-12-29,15130
"ARG",1945,1945-12-29,15400
"ARG",1946,1946-12-29,15650
"ARG",1947,1947-12-29,15930
"ARG",1948,1948-12-29,16284
"ARG",1949,1949-12-29,16671
"ARG",1950,1950-12-29,17150
"ARG",1951,1951-12-29,17468
"ARG",1952,1952-12-29,17824
"ARG",1953,1953-12-29,18194
"ARG",1954,1954-12-29,18564
"ARG",1955,1955-12-29,18928
"ARG",1956,1956-12-29,19281
"ARG",1957,1957-12-29,19625
"ARG",1958,1958-12-29,19961
"ARG",1959,1959-12-29,20289
"ARG",1960,1960-12-29,20616
"ARG",1961,1961-12-29,20951
"ARG",1962,1962-12-29,21284
"ARG",1963,1963-12-29,21616
"ARG",1964,1964-12-29,21949
"ARG",1965,1965-12-29,22283
"ARG",1966,1966-12-29,22612
"ARG",1967,1967-12-29,22934
"ARG",1968,1968-12-29,23261
"ARG",1969,1969-12-29,23600
"ARG",1970,1970-12-29,23963
"ARG",1971,1971-12-29,24354
"ARG",1972,1972-12-29,24770
"ARG",1973,1973-12-29,25198
"ARG",1974,1974-12-29,25628
"ARG",1975,1975-12-29,26049
"ARG",1976,1976-12-29,26458
"ARG",1977,1977-12-29,26862
"ARG",1978,1978-12-29,27266
"ARG",1979,1979-12-29,27675
"ARG",1980,1980-12-29,28094
"ARG",1981,1981-12-29,28525
"ARG",1982,1982-12-29,28966
"ARG",1983,1983-12-29,29412
"ARG",1984,1984-12-29,29859
"ARG",1985,1985-12-29,30305
"ARG",1986,1986-12-29,30748
"ARG",1987,1987-12-29,31192
"ARG",1988,1988-12-29,31636
"ARG",1989,1989-12-29,32081
"ARG",1990,1990-12-29,32527
"ARG",1991,1991-12-29,32974
"ARG",1992,1992-12-29,33421
"ARG",1993,1993-12-29,33869
"ARG",1994,1994-12-29,34318
"ARG",1995,1995-12-29,34768
"ARG",1996,1996-12-29,35220
"ARG",1997,1997-12-29,35672
"ARG",1998,1998-12-29,36123
"ARG",1999,1999-12-29,36577
"ARG",2000,2000-12-29,37032
"ARG",2001,2001-12-29,37156
"ARG",2002,2002-12-29,37628
"ARG",2003,2003-12-29,37970
"ARG",2004,2004-12-29,38309
"ARG",2005,2005-12-29,38648
"ARG",2006,2006-12-29,38989
"ARG",2007,2007-12-29,39331
"ARG",2008,2008-12-29,39676
"ARG",2009,2009-12-29,40024
"ARG",2010,2010-12-29,40374
"ARG",2011,2011-12-29,40729
"ARG",2012,2012-12-29,41087
"ARG",2013,2013-12-29,42540
"ARG",2014,2014-12-29,42982
"ARG",2015,2015-12-29,43418
"ARG",2016,2016-12-29,43847
"UKG",1816,1816-12-30,19520
"UKG",1817,1817-12-30,19814
"UKG",1818,1818-12-30,20105
"UKG",1819,1819-12-30,20389
"UKG",1820,1820-12-30,20686
"UKG",1821,1821-12-30,21008
"UKG",1822,1822-12-30,21339
"UKG",1823,1823-12-30,21666
"UKG",1824,1824-12-30,21978
"UKG",1825,1825-12-30,22281
"UKG",1826,1826-12-30,22576
"UKG",1827,1827-12-30,22872
"UKG",1828,1828-12-30,23190
"UKG",1829,1829-12-30,23505
"UKG",1830,1830-12-30,23815
"UKG",1831,1831-12-30,24135
"UKG",1832,1832-12-30,24373
"UKG",1833,1833-12-30,24602
"UKG",1834,1834-12-30,24862
"UKG",1835,1835-12-30,25134
"UKG",1836,1836-12-30,25316
"UKG",1837,1837-12-30,25651
"UKG",1838,1838-12-30,25904
"UKG",1839,1839-12-30,26199
"UKG",1840,1840-12-30,26488
"UKG",1841,1841-12-30,26751
"UKG",1842,1842-12-30,27004
"UKG",1843,1843-12-30,27256
"UKG",1844,1844-12-30,27525
"UKG",1845,1845-12-30,27776
"UKG",1846,1846-12-30,28002
"UKG",1847,1847-12-30,27972
"UKG",1848,1848-12-30,27820
"UKG",1849,1849-12-30,27714
"UKG",1850,1850-12-30,27524
"UKG",1851,1851-12-30,27393
"UKG",1852,1852-12-30,27448
"UKG",1853,1853-12-30,27542
"UKG",1854,1854-12-30,27658
"UKG",1855,1855-12-30,27822
"UKG",1856,1856-12-30,28011
"UKG",1857,1857-12-30,28187
"UKG",1858,1858-12-30,28390
"UKG",1859,1859-12-30,28591
"UKG",1860,1860-12-30,28778
"UKG",1861,1861-12-30,28976
"UKG",1862,1862-12-30,29245
"UKG",1863,1863-12-30,29471
"UKG",1864,1864-12-30,29681
"UKG",1865,1865-12-30,29925
"UKG",1866,1866-12-30,30148
"UKG",1867,1867-12-30,30409
"UKG",1868,1868-12-30,30690
"UKG",1869,1869-12-30,30978
"UKG",1870,1870-12-30,31257
"UKG",1871,1871-12-30,31556
"UKG",1872,1872-12-30,31874
"UKG",1873,1873-12-30,32177
"UKG",1874,1874-12-30,32501
"UKG",1875,1875-12-30,32839
"UKG",1876,1876-12-30,33200
"UKG",1877,1877-12-30,33576
"UKG",1878,1878-12-30,33943
"UKG",1879,1879-12-30,34304
"UKG",1880,1880-12-30,34623
"UKG",1881,1881-12-30,34934
"UKG",1882,1882-12-30,35206
"UKG",1883,1883-12-30,35450
"UKG",1884,1884-12-30,35724
"UKG",1885,1885-12-30,36015
"UKG",1886,1886-12-30,36313
"UKG",1887,1887-12-30,36598
"UKG",1888,1888-12-30,36881
"UKG",1889,1889-12-30,37178
"UKG",1890,1890-12-30,37485
"UKG",1891,1891-12-30,37802
"UKG",1892,1892-12-30,38134
"UKG",1893,1893-12-30,38490
"UKG",1894,1894-12-30,38859
"UKG",1895,1895-12-30,39221
"UKG",1896,1896-12-30,39599
"UKG",1897,1897-12-30,39987
"UKG",1898,1898-12-30,40381
"UKG",1899,1899-12-30,40774
"UKG",1900,1900-12-30,41155
"UKG",1901,1901-12-30,41538
"UKG",1902,1902-12-30,41893
"UKG",1903,1903-12-30,42247
"UKG",1904,1904-12-30,42610
"UKG",1905,1905-12-30,42981
"UKG",1906,1906-12-30,43360
"UKG",1907,1907-12-30,43736
"UKG",1908,1908-12-30,44124
"UKG",1909,1909-12-30,44520
"UKG",1910,1910-12-30,44916
"UKG",1911,1911-12-30,45286
"UKG",1912,1912-12-30,45436
"UKG",1913,1913-12-30,45648
"UKG",1914,1914-12-29,46048
"UKG",1915,1915-12-29,44333
"UKG",1916,1916-12-29,43710
"UKG",1917,1917-12-29,43280
"UKG",1918,1918-12-30,43116
"UKG",1919,1919-12-30,44599
"UKG",1920,1920-12-30,46472
"UKG",1921,1921-12-30,47168
"UKG",1922,1922-12-30,44372
"UKG",1923,1923-12-30,44596
"UKG",1924,1924-12-30,44915
"UKG",1925,1925-12-30,45059
"UKG",1926,1926-12-30,45232
"UKG",1927,1927-12-30,45389
"UKG",1928,1928-12-30,45578
"UKG",1929,1929-12-30,45672
"UKG",1930,1930-12-30,45866
"UKG",1931,1931-12-30,46074
"UKG",1932,1932-12-30,46335
"UKG",1933,1933-12-30,46520
"UKG",1934,1934-12-30,46666
"UKG",1935,1935-12-30,46869
"UKG",1936,1936-12-30,47081
"UKG",1937,1937-12-30,47289
"UKG",1938,1938-12-30,48404
"UKG",1939,1939-12-30,47762
"UKG",1940,1940-12-29,48226
"UKG",1941,1941-12-29,48216
"UKG",1942,1942-12-29,48400
"UKG",1943,1943-12-29,48789
"UKG",1944,1944-12-29,49016
"UKG",1945,1945-12-29,49182
"UKG",1946,1946-12-29,49217
"UKG",1947,1947-12-29,49520
"UKG",1948,1948-12-29,50026
"UKG",1949,1949-12-29,50324
"UKG",1950,1950-12-29,50616
"UKG",1951,1951-12-29,50562
"UKG",1952,1952-12-29,50723
"UKG",1953,1953-12-29,50862
"UKG",1954,1954-12-29,51046
"UKG",1955,1955-12-29,51199
"UKG",1956,1956-12-29,51406
"UKG",1957,1957-12-29,51632
"UKG",1958,1958-12-29,51842
"UKG",1959,1959-12-29,52128
"UKG",1960,1960-12-29,52372
"UKG",1961,1961-12-29,52807
"UKG",1962,1962-12-29,53292
"UKG",1963,1963-12-29,53625
"UKG",1964,1964-12-29,53991
"UKG",1965,1965-12-29,54350
"UKG",1966,1966-12-29,54643
"UKG",1967,1967-12-29,54959
"UKG",1968,1968-12-29,55214
"UKG",1969,1969-12-29,55461
"UKG",1970,1970-12-29,55632
"UKG",1971,1971-12-29,55928
"UKG",1972,1972-12-29,56097
"UKG",1973,1973-12-29,56223
"UKG",1974,1974-12-29,56236
"UKG",1975,1975-12-29,56226
"UKG",1976,1976-12-29,56216
"UKG",1977,1977-12-29,56190
"UKG",1978,1978-12-29,56178
"UKG",1979,1979-12-29,56240
"UKG",1980,1980-12-29,56330
"UKG",1981,1981-12-29,56352
"UKG",1982,1982-12-29,56318
"UKG",1983,1983-12-29,56377
"UKG",1984,1984-12-29,56506
"UKG",1985,1985-12-29,56685
"UKG",1986,1986-12-29,56852
"UKG",1987,1987-12-29,57009
"UKG",1988,1988-12-29,57158
"UKG",1989,1989-12-29,57358
"UKG",1990,1990-12-29,57561
"UKG",1991,1991-12-29,57801
"UKG",1992,1992-12-29,58006
"UKG",1993,1993-12-29,58191
"UKG",1994,1994-12-29,58395
"UKG",1995,1995-12-29,58606
"UKG",1996,1996-12-29,58801
"UKG",1997,1997-12-29,58200
"UKG",1998,1998-12-29,58649
"UKG",1999,1999-12-29,58744
"UKG",2000,2000-12-29,58830
"UKG",2001,2001-12-29,59113
"UKG",2002,2002-12-29,59432
"UKG",2003,2003-12-29,59698
"UKG",2004,2004-12-29,59984
"UKG",2005,2005-12-29,60291
"UKG",2006,2006-12-29,60621
"UKG",2007,2007-12-29,60970
"UKG",2008,2008-12-29,61333
"UKG",2009,2009-12-29,61701
"UKG",2010,2010-12-29,62066
"UKG",2011,2011-12-29,62427
"UKG",2012,2012-12-29,62783
"UKG",2013,2013-12-29,64641
"UKG",2014,2014-12-29,65016
"UKG",2015,2015-12-29,65397
"UKG",2016,2016-12-29,65789
"NTH",1816,1816-12-30,5610
"NTH",1817,1817-12-30,5672
"NTH",1818,1818-12-30,5721
"NTH",1819,1819-12-30,5788
"NTH",1820,1820-12-30,5845
"NTH",1821,1821-12-30,5898
"NTH",1822,1822-12-30,5940
"NTH",1823,1823-12-30,5986
"NTH",1824,1824-12-30,6032
"NTH",1825,1825-12-30,6097
"NTH",1826,1826-12-30,6153
"NTH",1827,1827-12-30,6207
"NTH",1828,1828-12-30,6280
"NTH",1829,1829-12-30,6344
"NTH",1830,1830-12-30,6427
"NTH",1831,1831-12-30,2707
"NTH",1832,1832-12-30,2738
"NTH",1833,1833-12-30,2750
"NTH",1834,1834-12-30,2771
"NTH",1835,1835-12-30,2793
"NTH",1836,1836-12-30,2804
"NTH",1837,1837-12-30,2826
"NTH",1838,1838-12-30,2853
"NTH",1839,1839-12-30,2861
"NTH",1840,1840-12-30,2880
"NTH",1841,1841-12-30,2910
"NTH",1842,1842-12-30,2940
"NTH",1843,1843-12-30,2970
"NTH",1844,1844-12-30,3000
"NTH",1845,1845-12-30,3040
"NTH",1846,1846-12-30,3060
"NTH",1847,1847-12-30,3050
"NTH",1848,1848-12-30,3050
"NTH",1849,1849-12-30,3060
"NTH",1850,1850-12-30,3000
"NTH",1851,1851-12-30,3050
"NTH",1852,1852-12-30,3140
"NTH",1853,1853-12-30,3150
"NTH",1854,1854-12-30,3180
"NTH",1855,1855-12-30,3210
"NTH",1856,1856-12-30,3230
"NTH",1857,1857-12-30,3270
"NTH",1858,1858-12-30,3290
"NTH",1859,1859-12-30,3310
"NTH",1860,1860-12-30,3320
"NTH",1861,1861-12-30,3350
"NTH",1862,1862-12-30,3390
"NTH",1863,1863-12-30,3430
"NTH",1864,1864-12-30,3470
"NTH",1865,1865-12-30,3510
"NTH",1866,1866-12-30,3540
"NTH",1867,1867-12-30,3570
"NTH",1868,1868-12-30,3610
"NTH",1869,1869-12-30,3610
"NTH",1870,1870-12-30,3600
"NTH",1871,1871-12-30,3630
"NTH",1872,1872-12-30,3660
"NTH",1873,1873-12-30,3690
"NTH",1874,1874-12-30,3740
"NTH",1875,1875-12-30,3790
"NTH",1876,1876-12-30,3840
"NTH",1877,1877-12-30,3890
"NTH",1878,1878-12-30,3950
"NTH",1879,1879-12-30,4010
"NTH",1880,1880-12-30,4050
"NTH",1881,1881-12-30,4090
"NTH",1882,1882-12-30,4140
"NTH",1883,1883-12-30,4200
"NTH",1884,1884-12-30,4250
"NTH",1885,1885-12-30,4310
"NTH",1886,1886-12-30,4360
"NTH",1887,1887-12-30,4420
"NTH",1888,1888-12-30,4480
"NTH",1889,1889-12-30,4530
"NTH",1890,1890-12-30,4540
"NTH",1891,1891-12-30,4590
"NTH",1892,1892-12-30,4650
"NTH",1893,1893-12-30,4700
"NTH",1894,1894-12-30,4760
"NTH",1895,1895-12-30,4830
"NTH",1896,1896-12-30,4890
"NTH",1897,1897-12-30,4970
"NTH",1898,1898-12-30,5040
"NTH",1899,1899-12-30,5110
"NTH",1900,1900-12-30,5160
"NTH",1901,1901-12-30,5220
"NTH",1902,1902-12-30,5300
"NTH",1903,1903-12-30,5390
"NTH",1904,1904-12-30,5470
"NTH",1905,1905-12-30,5550
"NTH",1906,1906-12-30,5630
"NTH",1907,1907-12-30,5710
"NTH",1908,1908-12-30,5790
"NTH",1909,1909-12-30,5840
"NTH",1910,1910-12-30,5900
"NTH",1911,1911-12-30,5980
"NTH",1912,1912-12-30,6070
"NTH",1913,1913-12-30,6160
"NTH",1914,1914-12-29,6280
"NTH",1915,1915-12-29,6390
"NTH",1916,1916-12-29,6520
"NTH",1917,1917-12-29,6650
"NTH",1918,1918-12-30,6750
"NTH",1919,1919-12-30,6800
"NTH",1920,1920-12-30,6850
"NTH",1921,1921-12-30,6920
"NTH",1922,1922-12-30,7030
"NTH",1923,1923-12-30,7150
"NTH",1924,1924-12-30,7260
"NTH",1925,1925-12-30,7360
"NTH",1926,1926-12-30,7470
"NTH",1927,1927-12-30,7580
"NTH",1928,1928-12-30,7680
"NTH",1929,1929-12-30,7780
"NTH",1930,1930-12-30,7880
"NTH",1931,1931-12-30,8000
"NTH",1932,1932-12-30,8120
"NTH",1933,1933-12-30,8240
"NTH",1934,1934-12-30,8340
"NTH",1935,1935-12-30,8430
"NTH",1936,1936-12-30,8520
"NTH",1937,1937-12-30,8600
"NTH",1938,1938-12-30,8680
"NTH",1939,1939-12-30,8780
"NTH",1940,1940-12-29,8880
"NTH",1945,1945-12-29,9260
"NTH",1946,1946-12-29,9400
"NTH",1947,1947-12-29,9630
"NTH",1948,1948-12-29,9800
"NTH",1949,1949-12-29,9956
"NTH",1950,1950-12-29,10114
"NTH",1951,1951-12-29,10264
"NTH",1952,1952-12-29,10382
"NTH",1953,1953-12-29,10493
"NTH",1954,1954-12-29,10615
"NTH",1955,1955-12-29,10751
"NTH",1956,1956-12-29,10889
"NTH",1957,1957-12-29,11021
"NTH",1958,1958-12-29,11186
"NTH",1959,1959-12-29,11346
"NTH",1960,1960-12-29,11480
"NTH",1961,1961-12-29,11637
"NTH",1962,1962-12-29,11797
"NTH",1963,1963-12-29,11967
"NTH",1964,1964-12-29,12124
"NTH",1965,1965-12-29,12292
"NTH",1966,1966-12-29,12455
"NTH",1967,1967-12-29,12597
"NTH",1968,1968-12-29,12725
"NTH",1969,1969-12-29,12873
"NTH",1970,1970-12-29,13032
"NTH",1971,1971-12-29,13194
"NTH",1972,1972-12-29,13330
"NTH",1973,1973-12-29,13438
"NTH",1974,1974-12-29,13541
"NTH",1975,1975-12-29,13653
"NTH",1976,1976-12-29,13770
"NTH",1977,1977-12-29,13853
"NTH",1978,1978-12-29,13937
"NTH",1979,1979-12-29,14030
"NTH",1980,1980-12-29,14144
"NTH",1981,1981-12-29,14246
"NTH",1982,1982-12-29,14310
"NTH",1983,1983-12-29,14362
"NTH",1984,1984-12-29,14420
"NTH",1985,1985-12-29,14484
"NTH",1986,1986-12-29,14564
"NTH",1987,1987-12-29,14665
"NTH",1988,1988-12-29,14758
"NTH",1989,1989-12-29,14849
"NTH",1990,1990-12-29,14952
"NTH",1991,1991-12-29,15070
"NTH",1992,1992-12-29,15184
"NTH",1993,1993-12-29,15290
"NTH",1994,1994-12-29,15383
"NTH",1995,1995-12-29,15459
"NTH",1996,1996-12-29,15531
"NTH",1997,1997-12-29,15604
"NTH",1998,1998-12-29,15678
"NTH",1999,1999-12-29,15735
"NTH",2000,2000-12-29,15786
"NTH",2001,2001-12-29,16046
"NTH",2002,2002-12-29,16042
"NTH",2003,2003-12-29,16134
"NTH",2004,2004-12-29,16221
"NTH",2005,2005-12-29,16302
"NTH",2006,2006-12-29,16376
"NTH",2007,2007-12-29,16443
"NTH",2008,2008-12-29,16504
"NTH",2009,2009-12-29,16561
"NTH",2010,2010-12-29,16615
"NTH",2011,2011-12-29,16666
"NTH",2012,2012-12-29,16714
"NTH",2013,2013-12-29,16840
"NTH",2014,2014-12-29,16889
"NTH",2015,2015-12-29,16938
"NTH",2016,2016-12-29,16987
"BEL",1830,1830-12-30,4077
"BEL",1831,1831-12-30,4090
"BEL",1832,1832-12-30,4103
"BEL",1833,1833-12-30,4150
"BEL",1834,1834-12-30,4197
"BEL",1835,1835-12-30,4209
"BEL",1836,1836-12-30,4243
"BEL",1837,1837-12-30,4273
"BEL",1838,1838-12-30,4318
"BEL",1839,1839-12-30,4035
"BEL",1840,1840-12-30,4073
"BEL",1841,1841-12-30,4138
"BEL",1842,1842-12-30,4173
"BEL",1843,1843-12-30,4214
"BEL",1844,1844-12-30,4258
"BEL",1845,1845-12-30,4299
"BEL",1846,1846-12-30,4337
"BEL",1847,1847-12-30,4338
"BEL",1848,1848-12-30,4359
"BEL",1849,1849-12-30,4380
"BEL",1850,1850-12-30,4426
"BEL",1851,1851-12-30,4473
"BEL",1852,1852-12-30,4516
"BEL",1853,1853-12-30,4549
"BEL",1854,1854-12-30,4585
"BEL",1855,1855-12-30,4607
"BEL",1856,1856-12-30,4529
"BEL",1857,1857-12-30,4577
"BEL",1858,1858-12-30,4623
"BEL",1859,1859-12-30,4671
"BEL",1860,1860-12-30,4732
"BEL",1861,1861-12-30,4782
"BEL",1862,1862-12-30,4837
"BEL",1863,1863-12-30,4893
"BEL",1864,1864-12-30,4940
"BEL",1865,1865-12-30,4984
"BEL",1866,1866-12-30,4828
"BEL",1867,1867-12-30,4898
"BEL",1868,1868-12-30,4962
"BEL",1869,1869-12-30,5021
"BEL",1870,1870-12-30,5088
"BEL",1871,1871-12-30,5114
"BEL",1872,1872-12-30,5175
"BEL",1873,1873-12-30,5254
"BEL",1874,1874-12-30,5337
"BEL",1875,1875-12-30,5403
"BEL",1876,1876-12-30,5336
"BEL",1877,1877-12-30,5413
"BEL",1878,1878-12-30,5477
"BEL",1879,1879-12-30,5537
"BEL",1880,1880-12-30,5520
"BEL",1881,1881-12-30,5586
"BEL",1882,1882-12-30,5655
"BEL",1883,1883-12-30,5721
"BEL",1884,1884-12-30,5785
"BEL",1885,1885-12-30,5853
"BEL",1886,1886-12-30,5910
"BEL",1887,1887-12-30,5975
"BEL",1888,1888-12-30,6030
"BEL",1889,1889-12-30,6094
"BEL",1890,1890-12-30,6069
"BEL",1891,1891-12-30,6136
"BEL",1892,1892-12-30,6195
"BEL",1893,1893-12-30,6262
"BEL",1894,1894-12-30,6342
"BEL",1895,1895-12-30,6411
"BEL",1896,1896-12-30,6496
"BEL",1897,1897-12-30,6587
"BEL",1898,1898-12-30,6670
"BEL",1899,1899-12-30,6745
"BEL",1900,1900-12-30,6694
"BEL",1901,1901-12-30,6800
"BEL",1902,1902-12-30,6896
"BEL",1903,1903-12-30,6985
"BEL",1904,1904-12-30,7075
"BEL",1905,1905-12-30,7161
"BEL",1906,1906-12-30,7239
"BEL",1907,1907-12-30,7318
"BEL",1908,1908-12-30,7386
"BEL",1909,1909-12-30,7452
"BEL",1910,1910-12-30,7424
"BEL",1911,1911-12-30,7490
"BEL",1912,1912-12-30,7571
"BEL",1913,1913-12-30,7639
"BEL",1914,1914-12-29,7684
"BEL",1915,1915-12-29,7709
"BEL",1916,1916-12-29,7692
"BEL",1917,1917-12-29,7642
"BEL",1918,1918-12-30,7556
"BEL",1919,1919-12-30,7577
"BEL",1920,1920-12-30,7406
"BEL",1921,1921-12-30,7482
"BEL",1922,1922-12-30,7540
"BEL",1923,1923-12-30,7607
"BEL",1924,1924-12-30,7684
"BEL",1925,1925-12-30,7812
"BEL",1926,1926-12-30,7875
"BEL",1927,1927-12-30,7932
"BEL",1928,1928-12-30,8003
"BEL",1929,1929-12-30,8060
"BEL",1930,1930-12-30,8092
"BEL",1931,1931-12-30,8159
"BEL",1932,1932-12-30,8213
"BEL",1933,1933-12-30,8248
"BEL",1934,1934-12-30,8276
"BEL",1935,1935-12-30,8300
"BEL",1936,1936-12-30,8331
"BEL",1937,1937-12-30,8361
"BEL",1938,1938-12-30,8387
"BEL",1939,1939-12-30,8396
"BEL",1940,1940-12-29,8295
"BEL",1945,1945-12-29,8344
"BEL",1946,1946-12-29,8389
"BEL",1947,1947-12-29,8512
"BEL",1948,1948-12-29,8557
"BEL",1949,1949-12-29,8614
"BEL",1950,1950-12-29,8639
"BEL",1951,1951-12-29,8678
"BEL",1952,1952-12-29,8730
"BEL",1953,1953-12-29,8778
"BEL",1954,1954-12-29,8819
"BEL",1955,1955-12-29,8868
"BEL",1956,1956-12-29,8924
"BEL",1957,1957-12-29,8989
"BEL",1958,1958-12-29,9053
"BEL",1959,1959-12-29,9104
"BEL",1960,1960-12-29,9153
"BEL",1961,1961-12-29,9217
"BEL",1962,1962-12-29,9221
"BEL",1963,1963-12-29,9290
"BEL",1964,1964-12-29,9378
"BEL",1965,1965-12-29,9464
"BEL",1966,1966-12-29,9528
"BEL",1967,1967-12-29,9581
"BEL",1968,1968-12-29,9619
"BEL",1969,1969-12-29,9646
"BEL",1970,1970-12-29,9656
"BEL",1971,1971-12-29,9673
"BEL",1972,1972-12-29,9709
"BEL",1973,1973-12-29,9738
"BEL",1974,1974-12-29,9768
"BEL",1975,1975-12-29,9795
"BEL",1976,1976-12-29,9811
"BEL",1977,1977-12-29,9822
"BEL",1978,1978-12-29,9830
"BEL",1979,1979-12-29,9837
"BEL",1980,1980-12-29,9847
"BEL",1981,1981-12-29,9852
"BEL",1982,1982-12-29,9856
"BEL",1983,1983-12-29,9856
"BEL",1984,1984-12-29,9855
"BEL",1985,1985-12-29,9858
"BEL",1986,1986-12-29,9862
"BEL",1987,1987-12-29,9870
"BEL",1988,1988-12-29,9902
"BEL",1989,1989-12-29,9938
"BEL",1990,1990-12-29,9967
"BEL",1991,1991-12-29,9979
"BEL",1992,1992-12-29,10055
"BEL",1993,1993-12-29,10084
"BEL",1994,1994-12-29,10116
"BEL",1995,1995-12-29,10137
"BEL",1996,1996-12-29,10159
"BEL",1997,1997-12-29,10188
"BEL",1998,1998-12-29,10141
"BEL",1999,1999-12-29,10152
"BEL",2000,2000-12-29,10161
"BEL",2001,2001-12-29,10287
"BEL",2002,2002-12-29,10339
"BEL",2003,2003-12-29,10385
"BEL",2004,2004-12-29,10441
"BEL",2005,2005-12-29,10508
"BEL",2006,2006-12-29,10588
"BEL",2007,2007-12-29,10678
"BEL",2008,2008-12-29,10773
"BEL",2009,2009-12-29,10862
"BEL",2010,2010-12-29,10941
"BEL",2011,2011-12-29,11007
"BEL",2012,2012-12-29,11060
"BEL",2013,2013-12-29,11152
"BEL",2014,2014-12-29,11219
"BEL",2015,2015-12-29,11288
"BEL",2016,2016-12-29,11358
"LUX",1920,1920-12-30,261
"LUX",1921,1921-12-30,261
"LUX",1922,1922-12-30,261
"LUX",1923,1923-12-30,263
"LUX",1924,1924-12-30,266
"LUX",1925,1925-12-30,268
"LUX",1926,1926-12-30,270
"LUX",1927,1927-12-30,278
"LUX",1928,1928-12-30,287
"LUX",1929,1929-12-30,292
"LUX",1930,1930-12-30,297
"LUX",1931,1931-12-30,300
"LUX",1932,1932-12-30,301
"LUX",1933,1933-12-30,302
"LUX",1934,1934-12-30,304
"LUX",1935,1935-12-30,301
"LUX",1936,1936-12-30,297
"LUX",1937,1937-12-30,299
"LUX",1938,1938-12-30,301
"LUX",1939,1939-12-30,298
"LUX",1940,1940-12-29,296
"LUX",1944,1944-12-29,286
"LUX",1945,1945-12-29,283
"LUX",1946,1946-12-29,286
"LUX",1947,1947-12-29,289
"LUX",1948,1948-12-29,292
"LUX",1949,1949-12-29,294
"LUX",1950,1950-12-29,296
"LUX",1951,1951-12-29,297
"LUX",1952,1952-12-29,299
"LUX",1953,1953-12-29,301
"LUX",1954,1954-12-29,303
"LUX",1955,1955-12-29,305
"LUX",1956,1956-12-29,307
"LUX",1957,1957-12-29,308
"LUX",1958,1958-12-29,310
"LUX",1959,1959-12-29,312
"LUX",1960,1960-12-29,314
"LUX",1961,1961-12-29,317
"LUX",1962,1962-12-29,321
"LUX",1963,1963-12-29,324
"LUX",1964,1964-12-29,328
"LUX",1965,1965-12-29,332
"LUX",1966,1966-12-29,334
"LUX",1967,1967-12-29,335
"LUX",1968,1968-12-29,336
"LUX",1969,1969-12-29,338
"LUX",1970,1970-12-29,339
"LUX",1971,1971-12-29,342
"LUX",1972,1972-12-29,347
"LUX",1973,1973-12-29,350
"LUX",1974,1974-12-29,355
"LUX",1975,1975-12-29,359
"LUX",1976,1976-12-29,361
"LUX",1977,1977-12-29,361
"LUX",1978,1978-12-29,362
"LUX",1979,1979-12-29,363
"LUX",1980,1980-12-29,364
"LUX",1981,1981-12-29,365
"LUX",1982,1982-12-29,366
"LUX",1983,1983-12-29,366
"LUX",1984,1984-12-29,366
"LUX",1985,1985-12-29,367
"LUX",1986,1986-12-29,368
"LUX",1987,1987-12-29,371
"LUX",1988,1988-12-29,374
"LUX",1989,1989-12-29,378
"LUX",1990,1990-12-29,382
"LUX",1991,1991-12-29,387
"LUX",1992,1992-12-29,390
"LUX",1993,1993-12-29,398
"LUX",1994,1994-12-29,404
"LUX",1995,1995-12-29,410
"LUX",1996,1996-12-29,416
"LUX",1997,1997-12-29,417
"LUX",1998,1998-12-29,422
"LUX",1999,1999-12-29,426
"LUX",2000,2000-12-29,431
"LUX",2001,2001-12-29,442
"LUX",2002,2002-12-29,444
"LUX",2003,2003-12-29,447
"LUX",2004,2004-12-29,452
"LUX",2005,2005-12-29,458
"LUX",2006,2006-12-29,466
"LUX",2007,2007-12-29,476
"LUX",2008,2008-12-29,487
"LUX",2009,2009-12-29,498
"LUX",2010,2010-12-29,508
"LUX",2011,2011-12-29,516
"LUX",2012,2012-12-29,524
"LUX",2013,2013-12-29,545
"LUX",2014,2014-12-29,556
"LUX",2015,2015-12-29,567
"LUX",2016,2016-12-29,576
"FRN",1816,1816-12-30,29480
"FRN",1817,1817-12-30,29700
"FRN",1818,1818-12-30,29880
"FRN",1819,1819-12-30,30060
"FRN",1820,1820-12-30,30250
"FRN",1821,1821-12-30,30450
"FRN",1822,1822-12-30,30700
"FRN",1823,1823-12-30,30940
"FRN",1824,1824-12-30,31190
"FRN",1825,1825-12-30,31410
"FRN",1826,1826-12-30,31600
"FRN",1827,1827-12-30,31800
"FRN",1828,1828-12-30,32000
"FRN",1829,1829-12-30,32280
"FRN",1830,1830-12-30,32370
"FRN",1831,1831-12-30,32570
"FRN",1832,1832-12-30,32730
"FRN",1833,1833-12-30,32890
"FRN",1834,1834-12-30,33070
"FRN",1835,1835-12-30,33260
"FRN",1836,1836-12-30,33540
"FRN",1837,1837-12-30,33690
"FRN",1838,1838-12-30,33790
"FRN",1839,1839-12-30,33940
"FRN",1840,1840-12-30,34080
"FRN",1841,1841-12-30,34230
"FRN",1842,1842-12-30,34450
"FRN",1843,1843-12-30,34660
"FRN",1844,1844-12-30,34900
"FRN",1845,1845-12-30,35160
"FRN",1846,1846-12-30,35400
"FRN",1847,1847-12-30,35470
"FRN",1848,1848-12-30,35520
"FRN",1849,1849-12-30,35550
"FRN",1850,1850-12-30,35630
"FRN",1851,1851-12-30,35800
"FRN",1852,1852-12-30,35950
"FRN",1853,1853-12-30,36070
"FRN",1854,1854-12-30,36230
"FRN",1855,1855-12-30,36080
"FRN",1856,1856-12-30,36190
"FRN",1857,1857-12-30,36300
"FRN",1858,1858-12-30,36340
"FRN",1859,1859-12-30,36500
"FRN",1860,1860-12-30,36510
"FRN",1861,1861-12-30,37390
"FRN",1862,1862-12-30,37520
"FRN",1863,1863-12-30,37710
"FRN",1864,1864-12-30,37860
"FRN",1865,1865-12-30,38020
"FRN",1866,1866-12-30,38080
"FRN",1867,1867-12-30,38230
"FRN",1868,1868-12-30,38330
"FRN",1869,1869-12-30,38390
"FRN",1870,1870-12-30,38440
"FRN",1871,1871-12-30,36190
"FRN",1872,1872-12-30,36140
"FRN",1873,1873-12-30,36340
"FRN",1874,1874-12-30,36490
"FRN",1875,1875-12-30,36660
"FRN",1876,1876-12-30,36830
"FRN",1877,1877-12-30,37000
"FRN",1878,1878-12-30,37180
"FRN",1879,1879-12-30,37320
"FRN",1880,1880-12-30,37450
"FRN",1881,1881-12-30,37590
"FRN",1882,1882-12-30,37730
"FRN",1883,1883-12-30,37860
"FRN",1884,1884-12-30,38010
"FRN",1885,1885-12-30,38110
"FRN",1886,1886-12-30,38230
"FRN",1887,1887-12-30,38260
"FRN",1888,1888-12-30,38290
"FRN",1889,1889-12-30,38370
"FRN",1890,1890-12-30,38380
"FRN",1891,1891-12-30,38350
"FRN",1892,1892-12-30,38360
"FRN",1893,1893-12-30,38380
"FRN",1894,1894-12-30,38420
"FRN",1895,1895-12-30,38460
"FRN",1896,1896-12-30,38550
"FRN",1897,1897-12-30,38700
"FRN",1898,1898-12-30,38820
"FRN",1899,1899-12-30,38890
"FRN",1900,1900-12-30,38940
"FRN",1901,1901-12-30,38980
"FRN",1902,1902-12-30,39050
"FRN",1903,1903-12-30,39120
"FRN",1904,1904-12-30,39190
"FRN",1905,1905-12-30,39220
"FRN",1906,1906-12-30,39270
"FRN",1907,1907-12-30,39270
"FRN",1908,1908-12-30,39370
"FRN",1909,1909-12-30,39430
"FRN",1910,1910-12-30,39540
"FRN",1911,1911-12-30,39620
"FRN",1912,1912-12-30,39670
"FRN",1913,1913-12-30,39770
"FRN",1914,1914-12-29,33220
"FRN",1915,1915-12-29,33380
"FRN",1916,1916-12-29,32850
"FRN",1917,1917-12-29,32500
"FRN",1918,1918-12-30,32830
"FRN",1919,1919-12-30,31970
"FRN",1920,1920-12-30,39000
"FRN",1921,1921-12-30,39240
"FRN",1922,1922-12-30,39420
"FRN",1923,1923-12-30,39880
"FRN",1924,1924-12-30,40310
"FRN",1925,1925-12-30,40610
"FRN",1926,1926-12-30,40870
"FRN",1927,1927-12-30,40940
"FRN",1928,1928-12-30,41050
"FRN",1929,1929-12-30,41230
"FRN",1930,1930-12-30,41610
"FRN",1931,1931-12-30,41860
"FRN",1932,1932-12-30,41860
"FRN",1933,1933-12-30,41890
"FRN",1934,1934-12-30,41950
"FRN",1935,1935-12-30,41940
"FRN",1936,1936-12-30,41910
"FRN",1937,1937-12-30,41930
"FRN",1938,1938-12-30,41960
"FRN",1939,1939-12-30,41900
"FRN",1940,1940-12-29,41000
"FRN",1941,1941-12-29,8000
"FRN",1942,1942-12-29,8000
"FRN",1944,1944-12-29,38900
"FRN",1945,1945-12-29,39700
"FRN",1946,1946-12-29,40280
"FRN",1947,1947-12-29,40640
"FRN",1948,1948-12-29,41044
"FRN",1949,1949-12-29,41400
"FRN",1950,1950-12-29,41736
"FRN",1951,1951-12-29,42056
"FRN",1952,1952-12-29,42360
"FRN",1953,1953-12-29,42652
"FRN",1954,1954-12-29,43057
"FRN",1955,1955-12-29,43428
"FRN",1956,1956-12-29,43843
"FRN",1957,1957-12-29,44311
"FRN",1958,1958-12-29,44789
"FRN",1959,1959-12-29,45240
"FRN",1960,1960-12-29,45684
"FRN",1961,1961-12-29,46163
"FRN",1962,1962-12-29,46998
"FRN",1963,1963-12-29,47816
"FRN",1964,1964-12-29,48310
"FRN",1965,1965-12-29,48758
"FRN",1966,1966-12-29,49164
"FRN",1967,1967-12-29,49548
"FRN",1968,1968-12-29,49914
"FRN",1969,1969-12-29,50315
"FRN",1970,1970-12-29,50768
"FRN",1971,1971-12-29,51249
"FRN",1972,1972-12-29,51703
"FRN",1973,1973-12-29,52131
"FRN",1974,1974-12-29,52492
"FRN",1975,1975-12-29,52699
"FRN",1976,1976-12-29,52909
"FRN",1977,1977-12-29,53145
"FRN",1978,1978-12-29,53376
"FRN",1979,1979-12-29,53606
"FRN",1980,1980-12-29,53880
"FRN",1981,1981-12-29,54182
"FRN",1982,1982-12-29,54480
"FRN",1983,1983-12-29,54728
"FRN",1984,1984-12-29,55026
"FRN",1985,1985-12-29,55284
"FRN",1986,1986-12-29,55547
"FRN",1987,1987-12-29,55824
"FRN",1988,1988-12-29,56118
"FRN",1989,1989-12-29,56423
"FRN",1990,1990-12-29,56735
"FRN",1991,1991-12-29,57055
"FRN",1992,1992-12-29,57374
"FRN",1993,1993-12-29,57654
"FRN",1994,1994-12-29,57900
"FRN",1995,1995-12-29,58139
"FRN",1996,1996-12-29,58375
"FRN",1997,1997-12-29,58607
"FRN",1998,1998-12-29,58683
"FRN",1999,1999-12-29,58886
"FRN",2000,2000-12-29,59080
"FRN",2001,2001-12-29,59454
"FRN",2002,2002-12-29,60048
"FRN",2003,2003-12-29,60528
"FRN",2004,2004-12-29,61003
"FRN",2005,2005-12-29,61445
"FRN",2006,2006-12-29,61845
"FRN",2007,2007-12-29,62211
"FRN",2008,2008-12-29,62553
"FRN",2009,2009-12-29,62888
"FRN",2010,2010-12-29,63231
"FRN",2011,2011-12-29,63582
"FRN",2012,2012-12-29,63937
"FRN",2013,2013-12-29,63920
"FRN",2014,2014-12-29,64191
"FRN",2015,2015-12-29,64457
"FRN",2016,2016-12-29,64721
"SPN",1816,1816-12-30,11073
"SPN",1817,1817-12-30,11156
"SPN",1818,1818-12-30,11241
"SPN",1819,1819-12-30,11326
"SPN",1820,1820-12-30,11411
"SPN",1821,1821-12-30,11498
"SPN",1822,1822-12-30,11584
"SPN",1823,1823-12-30,11672
"SPN",1824,1824-12-30,11760
"SPN",1825,1825-12-30,11849
"SPN",1826,1826-12-30,11939
"SPN",1827,1827-12-30,12029
"SPN",1828,1828-12-30,12120
"SPN",1829,1829-12-30,12212
"SPN",1830,1830-12-30,12304
"SPN",1831,1831-12-30,12397
"SPN",1832,1832-12-30,12491
"SPN",1833,1833-12-30,12585
"SPN",1834,1834-12-30,12681
"SPN",1835,1835-12-30,12776
"SPN",1836,1836-12-30,12873
"SPN",1837,1837-12-30,12970
"SPN",1838,1838-12-30,13068
"SPN",1839,1839-12-30,13167
"SPN",1840,1840-12-30,13267
"SPN",1841,1841-12-30,13367
"SPN",1842,1842-12-30,13468
"SPN",1843,1843-12-30,13570
"SPN",1844,1844-12-30,13673
"SPN",1845,1845-12-30,13776
"SPN",1846,1846-12-30,13880
"SPN",1847,1847-12-30,13985
"SPN",1848,1848-12-30,14091
"SPN",1849,1849-12-30,14197
"SPN",1850,1850-12-30,14305
"SPN",1851,1851-12-30,14413
"SPN",1852,1852-12-30,14522
"SPN",1853,1853-12-30,14632
"SPN",1854,1854-12-30,14742
"SPN",1855,1855-12-30,14854
"SPN",1856,1856-12-30,14966
"SPN",1857,1857-12-30,15079
"SPN",1858,1858-12-30,15530
"SPN",1859,1859-12-30,15580
"SPN",1860,1860-12-30,15640
"SPN",1861,1861-12-30,15700
"SPN",1862,1862-12-30,15750
"SPN",1863,1863-12-30,15810
"SPN",1864,1864-12-30,15860
"SPN",1865,1865-12-30,15920
"SPN",1866,1866-12-30,15980
"SPN",1867,1867-12-30,16030
"SPN",1868,1868-12-30,16090
"SPN",1869,1869-12-30,16140
"SPN",1870,1870-12-30,16200
"SPN",1871,1871-12-30,15920
"SPN",1872,1872-12-30,15980
"SPN",1873,1873-12-30,16030
"SPN",1874,1874-12-30,16090
"SPN",1875,1875-12-30,16140
"SPN",1876,1876-12-30,16200
"SPN",1877,1877-12-30,16590
"SPN",1878,1878-12-30,16680
"SPN",1879,1879-12-30,16770
"SPN",1880,1880-12-30,16860
"SPN",1881,1881-12-30,16950
"SPN",1882,1882-12-30,17040
"SPN",1883,1883-12-30,17140
"SPN",1884,1884-12-30,17230
"SPN",1885,1885-12-30,17320
"SPN",1886,1886-12-30,17420
"SPN",1887,1887-12-30,17510
"SPN",1888,1888-12-30,17600
"SPN",1889,1889-12-30,17680
"SPN",1890,1890-12-30,17760
"SPN",1891,1891-12-30,17840
"SPN",1892,1892-12-30,17920
"SPN",1893,1893-12-30,18000
"SPN",1894,1894-12-30,18080
"SPN",1895,1895-12-30,18160
"SPN",1896,1896-12-30,18240
"SPN",1897,1897-12-30,18320
"SPN",1898,1898-12-30,18400
"SPN",1899,1899-12-30,18480
"SPN",1900,1900-12-30,18530
"SPN",1901,1901-12-30,18600
"SPN",1902,1902-12-30,18720
"SPN",1903,1903-12-30,18850
"SPN",1904,1904-12-30,18990
"SPN",1905,1905-12-30,19120
"SPN",1906,1906-12-30,19250
"SPN",1907,1907-12-30,19390
"SPN",1908,1908-12-30,19520
"SPN",1909,1909-12-30,19660
"SPN",1910,1910-12-30,19790
"SPN",1911,1911-12-30,19930
"SPN",1912,1912-12-30,20060
"SPN",1913,1913-12-30,20200
"SPN",1914,1914-12-29,20330
"SPN",1915,1915-12-29,20470
"SPN",1916,1916-12-29,20610
"SPN",1917,1917-12-29,20740
"SPN",1918,1918-12-30,20880
"SPN",1919,1919-12-30,21020
"SPN",1920,1920-12-30,21160
"SPN",1921,1921-12-30,21300
"SPN",1922,1922-12-30,21520
"SPN",1923,1923-12-30,21740
"SPN",1924,1924-12-30,21960
"SPN",1925,1925-12-30,22190
"SPN",1926,1926-12-30,22400
"SPN",1927,1927-12-30,22630
"SPN",1928,1928-12-30,22860
"SPN",1929,1929-12-30,23100
"SPN",1930,1930-12-30,23330
"SPN",1931,1931-12-30,23570
"SPN",1932,1932-12-30,23780
"SPN",1933,1933-12-30,24120
"SPN",1934,1934-12-30,24350
"SPN",1935,1935-12-30,24570
"SPN",1936,1936-12-30,24810
"SPN",1937,1937-12-30,25050
"SPN",1938,1938-12-30,25280
"SPN",1939,1939-12-30,25520
"SPN",1940,1940-12-29,25760
"SPN",1941,1941-12-29,25970
"SPN",1942,1942-12-29,26190
"SPN",1943,1943-12-29,29390
"SPN",1944,1944-12-29,26600
"SPN",1945,1945-12-29,26800
"SPN",1946,1946-12-29,27020
"SPN",1947,1947-12-29,27220
"SPN",1948,1948-12-29,27437
"SPN",1949,1949-12-29,27651
"SPN",1950,1950-12-29,28009
"SPN",1951,1951-12-29,28236
"SPN",1952,1952-12-29,28474
"SPN",1953,1953-12-29,28713
"SPN",1954,1954-12-29,28955
"SPN",1955,1955-12-29,29199
"SPN",1956,1956-12-29,29445
"SPN",1957,1957-12-29,29693
"SPN",1958,1958-12-29,29943
"SPN",1959,1959-12-29,30195
"SPN",1960,1960-12-29,30455
"SPN",1961,1961-12-29,30743
"SPN",1962,1962-12-29,31066
"SPN",1963,1963-12-29,31393
"SPN",1964,1964-12-29,31723
"SPN",1965,1965-12-29,32056
"SPN",1966,1966-12-29,32393
"SPN",1967,1967-12-29,32734
"SPN",1968,1968-12-29,33079
"SPN",1969,1969-12-29,33427
"SPN",1970,1970-12-29,33779
"SPN",1971,1971-12-29,34134
"SPN",1972,1972-12-29,34494
"SPN",1973,1973-12-29,34858
"SPN",1974,1974-12-29,35225
"SPN",1975,1975-12-29,35596
"SPN",1976,1976-12-29,35971
"SPN",1977,1977-12-29,36351
"SPN",1978,1978-12-29,36775
"SPN",1979,1979-12-29,37183
"SPN",1980,1980-12-29,37542
"SPN",1981,1981-12-29,37751
"SPN",1982,1982-12-29,37970
"SPN",1983,1983-12-29,38162
"SPN",1984,1984-12-29,38328
"SPN",1985,1985-12-29,38474
"SPN",1986,1986-12-29,38604
"SPN",1987,1987-12-29,38716
"SPN",1988,1988-12-29,38809
"SPN",1989,1989-12-29,38888
"SPN",1990,1990-12-29,38959
"SPN",1991,1991-12-29,38920
"SPN",1992,1992-12-29,39008
"SPN",1993,1993-12-29,39086
"SPN",1994,1994-12-29,39149
"SPN",1995,1995-12-29,39210
"SPN",1996,1996-12-29,39270
"SPN",1997,1997-12-29,39323
"SPN",1998,1998-12-29,39628
"SPN",1999,1999-12-29,39634
"SPN",2000,2000-12-29,39630
"SPN",2001,2001-12-29,40721
"SPN",2002,2002-12-29,41347
"SPN",2003,2003-12-29,42016
"SPN",2004,2004-12-29,42710
"SPN",2005,2005-12-29,43387
"SPN",2006,2006-12-29,44038
"SPN",2007,2007-12-29,44664
"SPN",2008,2008-12-29,45243
"SPN",2009,2009-12-29,45754
"SPN",2010,2010-12-29,46182
"SPN",2011,2011-12-29,46514
"SPN",2012,2012-12-29,46755
"SPN",2013,2013-12-29,46698
"SPN",2014,2014-12-29,46522
"SPN",2015,2015-12-29,46398
"SPN",2016,2016-12-29,46348
"POR",1816,1816-12-30,2746
"POR",1817,1817-12-30,2768
"POR",1818,1818-12-30,2791
"POR",1819,1819-12-30,2813
"POR",1820,1820-12-30,2836
"POR",1821,1821-12-30,2859
"POR",1822,1822-12-30,2882
"POR",1823,1823-12-30,2905
"POR",1824,1824-12-30,2929
"POR",1825,1825-12-30,2952
"POR",1826,1826-12-30,2976
"POR",1827,1827-12-30,3000
"POR",1828,1828-12-30,3024
"POR",1829,1829-12-30,3049
"POR",1830,1830-12-30,3073
"POR",1831,1831-12-30,3098
"POR",1832,1832-12-30,3123
"POR",1833,1833-12-30,3148
"POR",1834,1834-12-30,3174
"POR",1835,1835-12-30,3199
"POR",1836,1836-12-30,3225
"POR",1837,1837-12-30,3251
"POR",1838,1838-12-30,3277
"POR",1839,1839-12-30,3304
"POR",1840,1840-12-30,3330
"POR",1841,1841-12-30,3357
"POR",1842,1842-12-30,3384
"POR",1843,1843-12-30,3412
"POR",1844,1844-12-30,3439
"POR",1845,1845-12-30,3467
"POR",1846,1846-12-30,3495
"POR",1847,1847-12-30,3523
"POR",1848,1848-12-30,3551
"POR",1849,1849-12-30,3580
"POR",1850,1850-12-30,3609
"POR",1851,1851-12-30,3638
"POR",1852,1852-12-30,3667
"POR",1853,1853-12-30,3697
"POR",1854,1854-12-30,3727
"POR",1855,1855-12-30,3757
"POR",1856,1856-12-30,3787
"POR",1857,1857-12-30,3818
"POR",1858,1858-12-30,3848
"POR",1859,1859-12-30,3879
"POR",1860,1860-12-30,3911
"POR",1861,1861-12-30,3942
"POR",1862,1862-12-30,3974
"POR",1863,1863-12-30,4006
"POR",1864,1864-12-30,4038
"POR",1865,1865-12-30,4071
"POR",1866,1866-12-30,4104
"POR",1867,1867-12-30,4137
"POR",1868,1868-12-30,4170
"POR",1869,1869-12-30,4204
"POR",1870,1870-12-30,4238
"POR",1871,1871-12-30,4272
"POR",1872,1872-12-30,4306
"POR",1873,1873-12-30,4341
"POR",1874,1874-12-30,4376
"POR",1875,1875-12-30,4412
"POR",1876,1876-12-30,4447
"POR",1877,1877-12-30,4483
"POR",1878,1878-12-30,4519
"POR",1879,1879-12-30,4556
"POR",1880,1880-12-30,4592
"POR",1881,1881-12-30,4629
"POR",1882,1882-12-30,4667
"POR",1883,1883-12-30,4704
"POR",1884,1884-12-30,4742
"POR",1885,1885-12-30,4781
"POR",1886,1886-12-30,4880
"POR",1887,1887-12-30,4920
"POR",1888,1888-12-30,4960
"POR",1889,1889-12-30,5000
"POR",1890,1890-12-30,5050
"POR",1891,1891-12-30,5070
"POR",1892,1892-12-30,5110
"POR",1893,1893-12-30,5150
"POR",1894,1894-12-30,5180
"POR",1895,1895-12-30,5220
"POR",1896,1896-12-30,5260
"POR",1897,1897-12-30,5300
"POR",1898,1898-12-30,5330
"POR",1899,1899-12-30,5370
"POR",1900,1900-12-30,5420
"POR",1901,1901-12-30,5450
"POR",1902,1902-12-30,5500
"POR",1903,1903-12-30,5540
"POR",1904,1904-12-30,5600
"POR",1905,1905-12-30,5650
"POR",1906,1906-12-30,5690
"POR",1907,1907-12-30,5740
"POR",1908,1908-12-30,5790
"POR",1909,1909-12-30,5840
"POR",1910,1910-12-30,5890
"POR",1911,1911-12-30,5960
"POR",1912,1912-12-30,5960
"POR",1913,1913-12-30,5970
"POR",1914,1914-12-29,5980
"POR",1915,1915-12-29,5990
"POR",1916,1916-12-29,6000
"POR",1917,1917-12-29,6010
"POR",1918,1918-12-30,6010
"POR",1919,1919-12-30,6020
"POR",1920,1920-12-30,6030
"POR",1921,1921-12-30,6080
"POR",1922,1922-12-30,6160
"POR",1923,1923-12-30,6240
"POR",1924,1924-12-30,6320
"POR",1925,1925-12-30,6400
"POR",1926,1926-12-30,6480
"POR",1927,1927-12-30,6550
"POR",1928,1928-12-30,6630
"POR",1929,1929-12-30,6710
"POR",1930,1930-12-30,6820
"POR",1931,1931-12-30,6880
"POR",1932,1932-12-30,6970
"POR",1933,1933-12-30,7060
"POR",1934,1934-12-30,7150
"POR",1935,1935-12-30,7240
"POR",1936,1936-12-30,7330
"POR",1937,1937-12-30,7410
"POR",1938,1938-12-30,7500
"POR",1939,1939-12-30,7600
"POR",1940,1940-12-29,7720
"POR",1941,1941-12-29,7760
"POR",1942,1942-12-29,7830
"POR",1943,1943-12-29,7900
"POR",1944,1944-12-29,7980
"POR",1945,1945-12-29,8050
"POR",1946,1946-12-29,8120
"POR",1947,1947-12-29,8190
"POR",1948,1948-12-29,8262
"POR",1949,1949-12-29,8333
"POR",1950,1950-12-29,8405
"POR",1951,1951-12-29,8459
"POR",1952,1952-12-29,8496
"POR",1953,1953-12-29,8534
"POR",1954,1954-12-29,8570
"POR",1955,1955-12-29,8610
"POR",1956,1956-12-29,8647
"POR",1957,1957-12-29,8680
"POR",1958,1958-12-29,8725
"POR",1959,1959-12-29,8776
"POR",1960,1960-12-29,8943
"POR",1961,1961-12-29,8938
"POR",1962,1962-12-29,9020
"POR",1963,1963-12-29,9082
"POR",1964,1964-12-29,9122
"POR",1965,1965-12-29,9129
"POR",1966,1966-12-29,9109
"POR",1967,1967-12-29,9103
"POR",1968,1968-12-29,9115
"POR",1969,1969-12-29,9097
"POR",1970,1970-12-29,9044
"POR",1971,1971-12-29,8644
"POR",1972,1972-12-29,8630
"POR",1973,1973-12-29,8633
"POR",1974,1974-12-29,8754
"POR",1975,1975-12-29,9093
"POR",1976,1976-12-29,9355
"POR",1977,1977-12-29,9455
"POR",1978,1978-12-29,9558
"POR",1979,1979-12-29,9661
"POR",1980,1980-12-29,9766
"POR",1981,1981-12-29,9852
"POR",1982,1982-12-29,9912
"POR",1983,1983-12-29,9954
"POR",1984,1984-12-29,9989
"POR",1985,1985-12-29,10011
"POR",1986,1986-12-29,10011
"POR",1987,1987-12-29,9994
"POR",1988,1988-12-29,9968
"POR",1989,1989-12-29,9937
"POR",1990,1990-12-29,9899
"POR",1991,1991-12-29,9871
"POR",1992,1992-12-29,9867
"POR",1993,1993-12-29,9881
"POR",1994,1994-12-29,9902
"POR",1995,1995-12-29,9916
"POR",1996,1996-12-29,9927
"POR",1997,1997-12-29,9802
"POR",1998,1998-12-29,9869
"POR",1999,1999-12-29,9873
"POR",2000,2000-12-29,9875
"POR",2001,2001-12-29,10293
"POR",2002,2002-12-29,10396
"POR",2003,2003-12-29,10439
"POR",2004,2004-12-29,10478
"POR",2005,2005-12-29,10511
"POR",2006,2006-12-29,10537
"POR",2007,2007-12-29,10556
"POR",2008,2008-12-29,10570
"POR",2009,2009-12-29,10581
"POR",2010,2010-12-29,10590
"POR",2011,2011-12-29,10598
"POR",2012,2012-12-29,10604
"POR",2013,2013-12-29,10528
"POR",2014,2014-12-29,10471
"POR",2015,2015-12-29,10418
"POR",2016,2016-12-29,10372
"GMY",1816,1816-12-30,10349
"GMY",1817,1817-12-30,10572
"GMY",1818,1818-12-30,10796
"GMY",1819,1819-12-30,10981
"GMY",1820,1820-12-30,11272
"GMY",1821,1821-12-30,11481
"GMY",1822,1822-12-30,11664
"GMY",1823,1823-12-30,11844
"GMY",1824,1824-12-30,12032
"GMY",1825,1825-12-30,12257
"GMY",1826,1826-12-30,12427
"GMY",1827,1827-12-30,12557
"GMY",1828,1828-12-30,12726
"GMY",1829,1829-12-30,12857
"GMY",1830,1830-12-30,12988
"GMY",1831,1831-12-30,13039
"GMY",1832,1832-12-30,13139
"GMY",1833,1833-12-30,13303
"GMY",1834,1834-12-30,13473
"GMY",1835,1835-12-30,13708
"GMY",1836,1836-12-30,13931
"GMY",1837,1837-12-30,14098
"GMY",1838,1838-12-30,14386
"GMY",1839,1839-12-30,14646
"GMY",1840,1840-12-30,14929
"GMY",1841,1841-12-30,15111
"GMY",1842,1842-12-30,15305
"GMY",1843,1843-12-30,15471
"GMY",1844,1844-12-30,15709
"GMY",1845,1845-12-30,15941
"GMY",1846,1846-12-30,16113
"GMY",1847,1847-12-30,16157
"GMY",1848,1848-12-30,16165
"GMY",1849,1849-12-30,16331
"GMY",1850,1850-12-30,16608
"GMY",1851,1851-12-30,16829
"GMY",1852,1852-12-30,16935
"GMY",1853,1853-12-30,17045
"GMY",1854,1854-12-30,17164
"GMY",1855,1855-12-30,17203
"GMY",1856,1856-12-30,17350
"GMY",1857,1857-12-30,17530
"GMY",1858,1858-12-30,17740
"GMY",1859,1859-12-30,17994
"GMY",1860,1860-12-30,18265
"GMY",1861,1861-12-30,18491
"GMY",1862,1862-12-30,18733
"GMY",1863,1863-12-30,18993
"GMY",1864,1864-12-30,19255
"GMY",1865,1865-12-30,20421
"GMY",1866,1866-12-30,24342
"GMY",1867,1867-12-30,30457
"GMY",1868,1868-12-30,30701
"GMY",1869,1869-12-30,30946
"GMY",1870,1870-12-30,31194
"GMY",1871,1871-12-30,41030
"GMY",1872,1872-12-30,41185
"GMY",1873,1873-12-30,41532
"GMY",1874,1874-12-30,41983
"GMY",1875,1875-12-30,42510
"GMY",1876,1876-12-30,43057
"GMY",1877,1877-12-30,43608
"GMY",1878,1878-12-30,44127
"GMY",1879,1879-12-30,44639
"GMY",1880,1880-12-30,45093
"GMY",1881,1881-12-30,45426
"GMY",1882,1882-12-30,45717
"GMY",1883,1883-12-30,46014
"GMY",1884,1884-12-30,46335
"GMY",1885,1885-12-30,46705
"GMY",1886,1886-12-30,47103
"GMY",1887,1887-12-30,47540
"GMY",1888,1888-12-30,48020
"GMY",1889,1889-12-30,48512
"GMY",1890,1890-12-30,49239
"GMY",1891,1891-12-30,49767
"GMY",1892,1892-12-30,50279
"GMY",1893,1893-12-30,50778
"GMY",1894,1894-12-30,51339
"GMY",1895,1895-12-30,52001
"GMY",1896,1896-12-30,52753
"GMY",1897,1897-12-30,53549
"GMY",1898,1898-12-30,54406
"GMY",1899,1899-12-30,55248
"GMY",1900,1900-12-30,56046
"GMY",1901,1901-12-30,56874
"GMY",1902,1902-12-30,57767
"GMY",1903,1903-12-30,58629
"GMY",1904,1904-12-30,59475
"GMY",1905,1905-12-30,60134
"GMY",1906,1906-12-30,61153
"GMY",1907,1907-12-30,62013
"GMY",1908,1908-12-30,62863
"GMY",1909,1909-12-30,63717
"GMY",1910,1910-12-30,64568
"GMY",1911,1911-12-30,65359
"GMY",1912,1912-12-30,66146
"GMY",1913,1913-12-30,66978
"GMY",1914,1914-12-29,67790
"GMY",1915,1915-12-29,67883
"GMY",1916,1916-12-29,67715
"GMY",1917,1917-12-29,67368
"GMY",1918,1918-12-30,66811
"GMY",1919,1919-12-30,62897
"GMY",1920,1920-12-30,61694
"GMY",1921,1921-12-30,62473
"GMY",1922,1922-12-30,61185
"GMY",1923,1923-12-30,61577
"GMY",1924,1924-12-30,61953
"GMY",1925,1925-12-30,62411
"GMY",1926,1926-12-30,62866
"GMY",1927,1927-12-30,63252
"GMY",1928,1928-12-30,63618
"GMY",1929,1929-12-30,63957
"GMY",1930,1930-12-30,64294
"GMY",1931,1931-12-30,64631
"GMY",1932,1932-12-30,64911
"GMY",1933,1933-12-30,65218
"GMY",1934,1934-12-30,65595
"GMY",1935,1935-12-30,66871
"GMY",1936,1936-12-30,67349
"GMY",1937,1937-12-30,67831
"GMY",1938,1938-12-30,68424
"GMY",1939,1939-12-30,79798
"GMY",1940,1940-12-29,90211
"GMY",1941,1941-12-29,90617
"GMY",1942,1942-12-29,91207
"GMY",1943,1943-12-29,90784
"GMY",1944,1944-12-29,90238
"GMY",1945,1945-12-29,89697
"GMY",1990,1990-12-29,79402
"GMY",1991,1991-12-29,79984
"GMY",1992,1992-12-29,80570
"GMY",1993,1993-12-29,81187
"GMY",1994,1994-12-29,81422
"GMY",1995,1995-12-29,81661
"GMY",1996,1996-12-29,81896
"GMY",1997,1997-12-29,82071
"GMY",1998,1998-12-29,82133
"GMY",1999,1999-12-29,82178
"GMY",2000,2000-12-29,82220
"GMY",2001,2001-12-29,82340
"GMY",2002,2002-12-29,83685
"GMY",2003,2003-12-29,83788
"GMY",2004,2004-12-29,83849
"GMY",2005,2005-12-29,83836
"GMY",2006,2006-12-29,83740
"GMY",2007,2007-12-29,83579
"GMY",2008,2008-12-29,83380
"GMY",2009,2009-12-29,83183
"GMY",2010,2010-12-29,83017
"GMY",2011,2011-12-29,82893
"GMY",2012,2012-12-29,82800
"GMY",2013,2013-12-29,81265
"GMY",2014,2014-12-29,81490
"GMY",2015,2015-12-29,81708
"GMY",2016,2016-12-29,81915
"GFR",1955,1955-12-29,52364
"GFR",1956,1956-12-29,52996
"GFR",1957,1957-12-29,53649
"GFR",1958,1958-12-29,54282
"GFR",1959,1959-12-29,54882
"GFR",1960,1960-12-29,55423
"GFR",1961,1961-12-29,56227
"GFR",1962,1962-12-29,56947
"GFR",1963,1963-12-29,57606
"GFR",1964,1964-12-29,58290
"GFR",1965,1965-12-29,59041
"GFR",1966,1966-12-29,59676
"GFR",1967,1967-12-29,59872
"GFR",1968,1968-12-29,60165
"GFR",1969,1969-12-29,60842
"GFR",1970,1970-12-29,60714
"GFR",1971,1971-12-29,61280
"GFR",1972,1972-12-29,61697
"GFR",1973,1973-12-29,61987
"GFR",1974,1974-12-29,62071
"GFR",1975,1975-12-29,61847
"GFR",1976,1976-12-29,61574
"GFR",1977,1977-12-29,61419
"GFR",1978,1978-12-29,61350
"GFR",1979,1979-12-29,61382
"GFR",1980,1980-12-29,61538
"GFR",1981,1981-12-29,61663
"GFR",1982,1982-12-29,61596
"GFR",1983,1983-12-29,61383
"GFR",1984,1984-12-29,61126
"GFR",1985,1985-12-29,60975
"GFR",1986,1986-12-29,61010
"GFR",1987,1987-12-29,61077
"GFR",1988,1988-12-29,61420
"GFR",1989,1989-12-29,62062
"GFR",1990,1990-12-29,63253
"GDR",1954,1954-12-29,18059
"GDR",1955,1955-12-29,17944
"GDR",1956,1956-12-29,17716
"GDR",1957,1957-12-29,17517
"GDR",1958,1958-12-29,17355
"GDR",1959,1959-12-29,17298
"GDR",1960,1960-12-29,17241
"GDR",1961,1961-12-29,17125
"GDR",1962,1962-12-29,17102
"GDR",1963,1963-12-29,17155
"GDR",1964,1964-12-29,16983
"GDR",1965,1965-12-29,17020
"GDR",1966,1966-12-29,17058
"GDR",1967,1967-12-29,17082
"GDR",1968,1968-12-29,17084
"GDR",1969,1969-12-29,17076
"GDR",1970,1970-12-29,17058
"GDR",1971,1971-12-29,17061
"GDR",1972,1972-12-29,17043
"GDR",1973,1973-12-29,16980
"GDR",1974,1974-12-29,16925
"GDR",1975,1975-12-29,16850
"GDR",1976,1976-12-29,16786
"GDR",1977,1977-12-29,16765
"GDR",1978,1978-12-29,16756
"GDR",1979,1979-12-29,16745
"GDR",1980,1980-12-29,16737
"GDR",1981,1981-12-29,16736
"GDR",1982,1982-12-29,16697
"GDR",1983,1983-12-29,16699
"GDR",1984,1984-12-29,16671
"GDR",1985,1985-12-29,16644
"GDR",1986,1986-12-29,16624
"GDR",1987,1987-12-29,16641
"GDR",1988,1988-12-29,16666
"GDR",1989,1989-12-29,16630
"GDR",1990,1990-12-29,16247
"POL",1918,1918-12-30,21819
"POL",1919,1919-12-30,24157
"POL",1920,1920-12-30,26746
"POL",1921,1921-12-30,27150
"POL",1922,1922-12-30,27850
"POL",1923,1923-12-30,28532
"POL",1924,1924-12-30,29004
"POL",1925,1925-12-30,29486
"POL",1926,1926-12-30,29922
"POL",1927,1927-12-30,30294
"POL",1928,1928-12-30,30696
"POL",1929,1929-12-30,31084
"POL",1930,1930-12-30,31472
"POL",1931,1931-12-30,31930
"POL",1932,1932-12-30,32406
"POL",1933,1933-12-30,32830
"POL",1934,1934-12-30,33220
"POL",1935,1935-12-30,33620
"POL",1936,1936-12-30,34002
"POL",1937,1937-12-30,34410
"POL",1938,1938-12-30,35065
"POL",1939,1939-12-30,35486
"POL",1945,1945-12-29,24182
"POL",1946,1946-12-29,23958
"POL",1947,1947-12-29,23734
"POL",1948,1948-12-29,23980
"POL",1949,1949-12-29,24410
"POL",1950,1950-12-29,24824
"POL",1951,1951-12-29,25271
"POL",1952,1952-12-29,25753
"POL",1953,1953-12-29,26255
"POL",1954,1954-12-29,26761
"POL",1955,1955-12-29,27281
"POL",1956,1956-12-29,27815
"POL",1957,1957-12-29,28310
"POL",1958,1958-12-29,28770
"POL",1959,1959-12-29,29240
"POL",1960,1960-12-29,29561
"POL",1961,1961-12-29,29965
"POL",1962,1962-12-29,30324
"POL",1963,1963-12-29,30691
"POL",1964,1964-12-29,31161
"POL",1965,1965-12-29,31496
"POL",1966,1966-12-29,31698
"POL",1967,1967-12-29,31944
"POL",1968,1968-12-29,32305
"POL",1969,1969-12-29,32555
"POL",1970,1970-12-29,32526
"POL",1971,1971-12-29,32805
"POL",1972,1972-12-29,33068
"POL",1973,1973-12-29,33363
"POL",1974,1974-12-29,33691
"POL",1975,1975-12-29,34022
"POL",1976,1976-12-29,34362
"POL",1977,1977-12-29,34698
"POL",1978,1978-12-29,35010
"POL",1979,1979-12-29,35257
"POL",1980,1980-12-29,35578
"POL",1981,1981-12-29,35902
"POL",1982,1982-12-29,36227
"POL",1983,1983-12-29,36571
"POL",1984,1984-12-29,36914
"POL",1985,1985-12-29,37203
"POL",1986,1986-12-29,37456
"POL",1987,1987-12-29,37664
"POL",1988,1988-12-29,37862
"POL",1989,1989-12-29,37963
"POL",1990,1990-12-29,38119
"POL",1991,1991-12-29,38245
"POL",1992,1992-12-29,38365
"POL",1993,1993-12-29,38459
"POL",1994,1994-12-29,38544
"POL",1995,1995-12-29,38588
"POL",1996,1996-12-29,38618
"POL",1997,1997-12-29,38650
"POL",1998,1998-12-29,38718
"POL",1999,1999-12-29,38740
"POL",2000,2000-12-29,38765
"POL",2001,2001-12-29,38251
"POL",2002,2002-12-29,38281
"POL",2003,2003-12-29,38250
"POL",2004,2004-12-29,38225
"POL",2005,2005-12-29,38206
"POL",2006,2006-12-29,38194
"POL",2007,2007-12-29,38189
"POL",2008,2008-12-29,38190
"POL",2009,2009-12-29,38194
"POL",2010,2010-12-29,38199
"POL",2011,2011-12-29,38205
"POL",2012,2012-12-29,38211
"POL",2013,2013-12-29,38309
"POL",2014,2014-12-29,38293
"POL",2015,2015-12-29,38265
"POL",2016,2016-12-29,38224
"AUH",1816,1816-12-30,29483
"AUH",1817,1817-12-30,29769
"AUH",1818,1818-12-30,30057
"AUH",1819,1819-12-30,30349
"AUH",1820,1820-12-30,30643
"AUH",1821,1821-12-30,30940
"AUH",1822,1822-12-30,31240
"AUH",1823,1823-12-30,31543
"AUH",1824,1824-12-30,31848
"AUH",1825,1825-12-30,32157
"AUH",1826,1826-12-30,32466
"AUH",1827,1827-12-30,32778
"AUH",1828,1828-12-30,33093
"AUH",1829,1829-12-30,33411
"AUH",1830,1830-12-30,33732
"AUH",1831,1831-12-30,34057
"AUH",1832,1832-12-30,34384
"AUH",1833,1833-12-30,34714
"AUH",1834,1834-12-30,35048
"AUH",1835,1835-12-30,35141
"AUH",1836,1836-12-30,35235
"AUH",1837,1837-12-30,35239
"AUH",1838,1838-12-30,35422
"AUH",1839,1839-12-30,35517
"AUH",1840,1840-12-30,35611
"AUH",1841,1841-12-30,35706
"AUH",1842,1842-12-30,35801
"AUH",1843,1843-12-30,35889
"AUH",1844,1844-12-30,35978
"AUH",1845,1845-12-30,36067
"AUH",1846,1846-12-30,36156
"AUH",1847,1847-12-30,36245
"AUH",1848,1848-12-30,36334
"AUH",1849,1849-12-30,36424
"AUH",1850,1850-12-30,36514
"AUH",1851,1851-12-30,36631
"AUH",1852,1852-12-30,36748
"AUH",1853,1853-12-30,36866
"AUH",1854,1854-12-30,36983
"AUH",1855,1855-12-30,37102
"AUH",1856,1856-12-30,37221
"AUH",1857,1857-12-30,37340
"AUH",1858,1858-12-30,37459
"AUH",1859,1859-12-30,37579
"AUH",1860,1860-12-30,34690
"AUH",1861,1861-12-30,35141
"AUH",1862,1862-12-30,35598
"AUH",1863,1863-12-30,36061
"AUH",1864,1864-12-30,36529
"AUH",1865,1865-12-30,37004
"AUH",1866,1866-12-30,34482
"AUH",1867,1867-12-30,34791
"AUH",1868,1868-12-30,35103
"AUH",1869,1869-12-30,35418
"AUH",1870,1870-12-30,35736
"AUH",1871,1871-12-30,36140
"AUH",1872,1872-12-30,36450
"AUH",1873,1873-12-30,36322
"AUH",1874,1874-12-30,36222
"AUH",1875,1875-12-30,36436
"AUH",1876,1876-12-30,36708
"AUH",1877,1877-12-30,36950
"AUH",1878,1878-12-30,37166
"AUH",1879,1879-12-30,38620
"AUH",1880,1880-12-30,38960
"AUH",1881,1881-12-30,39224
"AUH",1882,1882-12-30,39524
"AUH",1883,1883-12-30,39862
"AUH",1884,1884-12-30,40268
"AUH",1885,1885-12-30,40672
"AUH",1886,1886-12-30,41062
"AUH",1887,1887-12-30,41454
"AUH",1888,1888-12-30,41836
"AUH",1889,1889-12-30,42266
"AUH",1890,1890-12-30,42650
"AUH",1891,1891-12-30,43006
"AUH",1892,1892-12-30,43308
"AUH",1893,1893-12-30,43640
"AUH",1894,1894-12-30,44044
"AUH",1895,1895-12-30,44455
"AUH",1896,1896-12-30,44908
"AUH",1897,1897-12-30,45379
"AUH",1898,1898-12-30,45836
"AUH",1899,1899-12-30,46298
"AUH",1900,1900-12-30,46798
"AUH",1901,1901-12-30,47327
"AUH",1902,1902-12-30,47879
"AUH",1903,1903-12-30,48374
"AUH",1904,1904-12-30,48627
"AUH",1905,1905-12-30,48881
"AUH",1906,1906-12-30,49136
"AUH",1907,1907-12-30,46569
"AUH",1908,1908-12-30,50001
"AUH",1909,1909-12-30,50438
"AUH",1910,1910-12-30,50894
"AUH",1911,1911-12-30,51308
"AUH",1912,1912-12-30,51729
"AUH",1913,1913-12-30,52166
"AUH",1914,1914-12-29,52594
"AUH",1915,1915-12-29,53025
"AUH",1916,1916-12-29,53460
"AUH",1917,1917-12-29,53898
"AUH",1918,1918-12-30,54340
"AUS",1919,1919-12-30,6420
"AUS",1920,1920-12-30,6455
"AUS",1921,1921-12-30,6504
"AUS",1922,1922-12-30,6528
"AUS",1923,1923-12-30,6543
"AUS",1924,1924-12-30,6562
"AUS",1925,1925-12-30,6582
"AUS",1926,1926-12-30,6603
"AUS",1927,1927-12-30,6623
"AUS",1928,1928-12-30,6643
"AUS",1929,1929-12-30,6664
"AUS",1930,1930-12-30,6684
"AUS",1931,1931-12-30,6705
"AUS",1932,1932-12-30,6725
"AUS",1933,1933-12-30,6746
"AUS",1934,1934-12-30,6760
"AUS",1935,1935-12-30,6761
"AUS",1936,1936-12-30,6758
"AUS",1937,1937-12-30,6755
"AUS",1938,1938-12-30,6753
"AUS",1955,1955-12-29,6947
"AUS",1956,1956-12-29,6952
"AUS",1957,1957-12-29,6966
"AUS",1958,1958-12-29,6987
"AUS",1959,1959-12-29,7014
"AUS",1960,1960-12-29,7048
"AUS",1961,1961-12-29,7086
"AUS",1962,1962-12-29,7130
"AUS",1963,1963-12-29,7176
"AUS",1964,1964-12-29,7224
"AUS",1965,1965-12-29,7271
"AUS",1966,1966-12-29,7322
"AUS",1967,1967-12-29,7371
"AUS",1968,1968-12-29,7409
"AUS",1969,1969-12-29,7441
"AUS",1970,1970-12-29,7467
"AUS",1971,1971-12-29,7500
"AUS",1972,1972-12-29,7544
"AUS",1973,1973-12-29,7586
"AUS",1974,1974-12-29,7599
"AUS",1975,1975-12-29,7579
"AUS",1976,1976-12-29,7566
"AUS",1977,1977-12-29,7568
"AUS",1978,1978-12-29,7562
"AUS",1979,1979-12-29,7549
"AUS",1980,1980-12-29,7549
"AUS",1981,1981-12-29,7569
"AUS",1982,1982-12-29,7576
"AUS",1983,1983-12-29,7567
"AUS",1984,1984-12-29,7571
"AUS",1985,1985-12-29,7578
"AUS",1986,1986-12-29,7588
"AUS",1987,1987-12-29,7598
"AUS",1988,1988-12-29,7615
"AUS",1989,1989-12-29,7659
"AUS",1990,1990-12-29,7729
"AUS",1991,1991-12-29,7813
"AUS",1992,1992-12-29,7914
"AUS",1993,1993-12-29,7991
"AUS",1994,1994-12-29,8030
"AUS",1995,1995-12-29,8047
"AUS",1996,1996-12-29,8058
"AUS",1997,1997-12-29,8072
"AUS",1998,1998-12-29,8140
"AUS",1999,1999-12-29,8177
"AUS",2000,2000-12-29,8211
"AUS",2001,2001-12-29,8043
"AUS",2002,2002-12-29,8092
"AUS",2003,2003-12-29,8142
"AUS",2004,2004-12-29,8193
"AUS",2005,2005-12-29,8239
"AUS",2006,2006-12-29,8277
"AUS",2007,2007-12-29,8311
"AUS",2008,2008-12-29,8342
"AUS",2009,2009-12-29,8372
"AUS",2010,2010-12-29,8402
"AUS",2011,2011-12-29,8433
"AUS",2012,2012-12-29,8464
"AUS",2013,2013-12-29,8578
"AUS",2014,2014-12-29,8633
"AUS",2015,2015-12-29,8679
"AUS",2016,2016-12-29,8712
"HUN",1918,1918-12-30,7811
"HUN",1919,1919-12-30,7880
"HUN",1920,1920-12-30,7950
"HUN",1921,1921-12-30,8029
"HUN",1922,1922-12-30,8103
"HUN",1923,1923-12-30,8173
"HUN",1924,1924-12-30,8232
"HUN",1925,1925-12-30,8299
"HUN",1926,1926-12-30,8383
"HUN",1927,1927-12-30,8454
"HUN",1928,1928-12-30,8520
"HUN",1929,1929-12-30,8583
"HUN",1930,1930-12-30,8649
"HUN",1931,1931-12-30,8723
"HUN",1932,1932-12-30,8785
"HUN",1933,1933-12-30,8848
"HUN",1934,1934-12-30,8919
"HUN",1935,1935-12-30,8985
"HUN",1936,1936-12-30,9046
"HUN",1937,1937-12-30,9107
"HUN",1938,1938-12-30,9167
"HUN",1939,1939-12-30,9227
"HUN",1940,1940-12-29,9287
"HUN",1941,1941-12-29,9344
"HUN",1942,1942-12-29,9396
"HUN",1943,1943-12-29,9442
"HUN",1944,1944-12-29,9497
"HUN",1945,1945-12-29,9024
"HUN",1946,1946-12-29,9042
"HUN",1947,1947-12-29,9079
"HUN",1948,1948-12-29,9158
"HUN",1949,1949-12-29,9249
"HUN",1950,1950-12-29,9341
"HUN",1951,1951-12-29,9428
"HUN",1952,1952-12-29,9511
"HUN",1953,1953-12-29,9604
"HUN",1954,1954-12-29,9717
"HUN",1955,1955-12-29,9825
"HUN",1956,1956-12-29,9911
"HUN",1957,1957-12-29,9840
"HUN",1958,1958-12-29,9882
"HUN",1959,1959-12-29,9937
"HUN",1960,1960-12-29,9984
"HUN",1961,1961-12-29,10029
"HUN",1962,1962-12-29,10063
"HUN",1963,1963-12-29,10091
"HUN",1964,1964-12-29,10124
"HUN",1965,1965-12-29,10153
"HUN",1966,1966-12-29,10185
"HUN",1967,1967-12-29,10223
"HUN",1968,1968-12-29,10264
"HUN",1969,1969-12-29,10303
"HUN",1970,1970-12-29,10337
"HUN",1971,1971-12-29,10365
"HUN",1972,1972-12-29,10394
"HUN",1973,1973-12-29,10426
"HUN",1974,1974-12-29,10471
"HUN",1975,1975-12-29,10532
"HUN",1976,1976-12-29,10589
"HUN",1977,1977-12-29,10637
"HUN",1978,1978-12-29,10673
"HUN",1979,1979-12-29,10698
"HUN",1980,1980-12-29,10707
"HUN",1981,1981-12-29,10700
"HUN",1982,1982-12-29,10683
"HUN",1983,1983-12-29,10656
"HUN",1984,1984-12-29,10619
"HUN",1985,1985-12-29,10579
"HUN",1986,1986-12-29,10534
"HUN",1987,1987-12-29,10486
"HUN",1988,1988-12-29,10443
"HUN",1989,1989-12-29,10398
"HUN",1990,1990-12-29,10365
"HUN",1991,1991-12-29,10346
"HUN",1992,1992-12-29,10324
"HUN",1993,1993-12-29,10294
"HUN",1994,1994-12-29,10261
"HUN",1995,1995-12-29,10229
"HUN",1996,1996-12-29,10193
"HUN",1997,1997-12-29,10153
"HUN",1998,1998-12-29,10116
"HUN",1999,1999-12-29,10076
"HUN",2000,2000-12-29,10036
"HUN",2001,2001-12-29,10188
"HUN",2002,2002-12-29,10169
"HUN",2003,2003-12-29,10142
"HUN",2004,2004-12-29,10118
"HUN",2005,2005-12-29,10096
"HUN",2006,2006-12-29,10077
"HUN",2007,2007-12-29,10061
"HUN",2008,2008-12-29,10046
"HUN",2009,2009-12-29,10031
"HUN",2010,2010-12-29,10015
"HUN",2011,2011-12-29,9996
"HUN",2012,2012-12-29,9976
"HUN",2013,2013-12-29,9842
"HUN",2014,2014-12-29,9813
"HUN",2015,2015-12-29,9784
"HUN",2016,2016-12-29,9753
"CZE",1918,1918-12-30,13204
"CZE",1919,1919-12-30,13398
"CZE",1920,1920-12-30,13530
"CZE",1921,1921-12-30,13664
"CZE",1922,1922-12-30,13796
"CZE",1923,1923-12-30,13935
"CZE",1924,1924-12-30,14074
"CZE",1925,1925-12-30,14197
"CZE",1926,1926-12-30,14312
"CZE",1927,1927-12-30,14409
"CZE",1928,1928-12-30,14500
"CZE",1929,1929-12-30,14589
"CZE",1930,1930-12-30,14682
"CZE",1931,1931-12-30,14786
"CZE",1932,1932-12-30,14886
"CZE",1933,1933-12-30,14977
"CZE",1934,1934-12-30,15057
"CZE",1935,1935-12-30,15127
"CZE",1936,1936-12-30,15187
"CZE",1937,1937-12-30,15250
"CZE",1938,1938-12-30,14600
"CZE",1939,1939-12-30,14680
"CZE",1945,1945-12-29,14150
"CZE",1946,1946-12-29,12920
"CZE",1947,1947-12-29,12160
"CZE",1948,1948-12-29,12339
"CZE",1949,1949-12-29,12339
"CZE",1950,1950-12-29,12389
"CZE",1951,1951-12-29,12532
"CZE",1952,1952-12-29,12683
"CZE",1953,1953-12-29,12820
"CZE",1954,1954-12-29,12952
"CZE",1955,1955-12-29,13093
"CZE",1956,1956-12-29,13229
"CZE",1957,1957-12-29,13358
"CZE",1958,1958-12-29,13474
"CZE",1959,1959-12-29,13565
"CZE",1960,1960-12-29,13654
"CZE",1961,1961-12-29,13780
"CZE",1962,1962-12-29,13860
"CZE",1963,1963-12-29,13952
"CZE",1964,1964-12-29,14058
"CZE",1965,1965-12-29,14159
"CZE",1966,1966-12-29,14240
"CZE",1967,1967-12-29,14305
"CZE",1968,1968-12-29,14361
"CZE",1969,1969-12-29,14415
"CZE",1970,1970-12-29,14334
"CZE",1971,1971-12-29,14390
"CZE",1972,1972-12-29,14465
"CZE",1973,1973-12-29,14560
"CZE",1974,1974-12-29,14686
"CZE",1975,1975-12-29,14802
"CZE",1976,1976-12-29,14918
"CZE",1977,1977-12-29,15030
"CZE",1978,1978-12-29,15137
"CZE",1979,1979-12-29,15237
"CZE",1980,1980-12-29,15311
"CZE",1981,1981-12-29,15320
"CZE",1982,1982-12-29,15369
"CZE",1983,1983-12-29,15414
"CZE",1984,1984-12-29,15458
"CZE",1985,1985-12-29,15499
"CZE",1986,1986-12-29,15534
"CZE",1987,1987-12-29,15572
"CZE",1988,1988-12-29,15607
"CZE",1989,1989-12-29,15638
"CZE",1990,1990-12-29,15661
"CZE",1991,1991-12-29,15583
"CZE",1992,1992-12-29,15731
"ITA",1816,1816-12-30,3760
"ITA",1817,1817-12-30,3794
"ITA",1818,1818-12-30,3830
"ITA",1819,1819-12-30,3865
"ITA",1820,1820-12-30,3901
"ITA",1821,1821-12-30,3938
"ITA",1822,1822-12-30,3974
"ITA",1823,1823-12-30,4011
"ITA",1824,1824-12-30,4049
"ITA",1825,1825-12-30,4086
"ITA",1826,1826-12-30,4124
"ITA",1827,1827-12-30,4163
"ITA",1828,1828-12-30,4201
"ITA",1829,1829-12-30,4240
"ITA",1830,1830-12-30,4280
"ITA",1831,1831-12-30,4320
"ITA",1832,1832-12-30,4360
"ITA",1833,1833-12-30,4401
"ITA",1834,1834-12-30,4449
"ITA",1835,1835-12-30,4498
"ITA",1836,1836-12-30,4548
"ITA",1837,1837-12-30,4599
"ITA",1838,1838-12-30,4650
"ITA",1839,1839-12-30,4655
"ITA",1840,1840-12-30,4660
"ITA",1841,1841-12-30,4665
"ITA",1842,1842-12-30,4670
"ITA",1843,1843-12-30,4675
"ITA",1844,1844-12-30,4681
"ITA",1845,1845-12-30,4738
"ITA",1846,1846-12-30,4797
"ITA",1847,1847-12-30,4856
"ITA",1848,1848-12-30,4916
"ITA",1849,1849-12-30,4928
"ITA",1850,1850-12-30,4940
"ITA",1851,1851-12-30,4953
"ITA",1852,1852-12-30,4966
"ITA",1853,1853-12-30,4978
"ITA",1854,1854-12-30,4991
"ITA",1855,1855-12-30,5003
"ITA",1856,1856-12-30,5016
"ITA",1857,1857-12-30,5029
"ITA",1858,1858-12-30,5042
"ITA",1859,1859-12-30,5054
"ITA",1860,1860-12-30,23927
"ITA",1861,1861-12-30,24108
"ITA",1862,1862-12-30,24290
"ITA",1863,1863-12-30,24470
"ITA",1864,1864-12-30,24710
"ITA",1865,1865-12-30,24970
"ITA",1866,1866-12-30,25200
"ITA",1867,1867-12-30,25340
"ITA",1868,1868-12-30,25440
"ITA",1869,1869-12-30,25590
"ITA",1870,1870-12-30,25860
"ITA",1871,1871-12-30,25950
"ITA",1872,1872-12-30,26880
"ITA",1873,1873-12-30,27050
"ITA",1874,1874-12-30,27220
"ITA",1875,1875-12-30,27380
"ITA",1876,1876-12-30,27550
"ITA",1877,1877-12-30,27710
"ITA",1878,1878-12-30,27880
"ITA",1879,1879-12-30,28040
"ITA",1880,1880-12-30,28210
"ITA",1881,1881-12-30,28380
"ITA",1882,1882-12-30,28560
"ITA",1883,1883-12-30,28770
"ITA",1884,1884-12-30,28980
"ITA",1885,1885-12-30,29190
"ITA",1886,1886-12-30,29400
"ITA",1887,1887-12-30,29610
"ITA",1888,1888-12-30,29820
"ITA",1889,1889-12-30,30040
"ITA",1890,1890-12-30,30250
"ITA",1891,1891-12-30,30460
"ITA",1892,1892-12-30,30670
"ITA",1893,1893-12-30,30880
"ITA",1894,1894-12-30,31090
"ITA",1895,1895-12-30,31300
"ITA",1896,1896-12-30,31510
"ITA",1897,1897-12-30,31720
"ITA",1898,1898-12-30,31930
"ITA",1899,1899-12-30,32140
"ITA",1900,1900-12-30,32350
"ITA",1901,1901-12-30,32530
"ITA",1902,1902-12-30,32700
"ITA",1903,1903-12-30,32830
"ITA",1904,1904-12-30,33020
"ITA",1905,1905-12-30,33190
"ITA",1906,1906-12-30,33320
"ITA",1907,1907-12-30,33510
"ITA",1908,1908-12-30,33790
"ITA",1909,1909-12-30,34120
"ITA",1910,1910-12-30,34380
"ITA",1911,1911-12-30,34680
"ITA",1912,1912-12-30,35030
"ITA",1913,1913-12-30,35420
"ITA",1914,1914-12-29,35890
"ITA",1915,1915-12-29,36390
"ITA",1916,1916-12-29,36710
"ITA",1917,1917-12-29,36660
"ITA",1918,1918-12-30,36280
"ITA",1919,1919-12-30,36070
"ITA",1920,1920-12-30,36370
"ITA",1921,1921-12-30,37974
"ITA",1922,1922-12-30,38200
"ITA",1923,1923-12-30,38500
"ITA",1924,1924-12-30,38780
"ITA",1925,1925-12-30,39110
"ITA",1926,1926-12-30,39460
"ITA",1927,1927-12-30,39810
"ITA",1928,1928-12-30,40190
"ITA",1929,1929-12-30,40550
"ITA",1930,1930-12-30,40890
"ITA",1931,1931-12-30,41250
"ITA",1932,1932-12-30,41580
"ITA",1933,1933-12-30,41930
"ITA",1934,1934-12-30,42280
"ITA",1935,1935-12-30,42630
"ITA",1936,1936-12-30,42960
"ITA",1937,1937-12-30,43270
"ITA",1938,1938-12-30,43600
"ITA",1939,1939-12-30,44020
"ITA",1940,1940-12-29,44470
"ITA",1941,1941-12-29,44830
"ITA",1942,1942-12-29,45100
"ITA",1943,1943-12-29,44830
"ITA",1944,1944-12-29,44940
"ITA",1945,1945-12-29,45090
"ITA",1946,1946-12-29,45380
"ITA",1947,1947-12-29,45720
"ITA",1948,1948-12-29,46381
"ITA",1949,1949-12-29,46733
"ITA",1950,1950-12-29,47104
"ITA",1951,1951-12-29,47417
"ITA",1952,1952-12-29,47666
"ITA",1953,1953-12-29,47957
"ITA",1954,1954-12-29,48299
"ITA",1955,1955-12-29,48633
"ITA",1956,1956-12-29,48920
"ITA",1957,1957-12-29,49181
"ITA",1958,1958-12-29,49475
"ITA",1959,1959-12-29,48831
"ITA",1960,1960-12-29,50200
"ITA",1961,1961-12-29,50536
"ITA",1962,1962-12-29,50879
"ITA",1963,1963-12-29,51252
"ITA",1964,1964-12-29,51675
"ITA",1965,1965-12-29,52112
"ITA",1966,1966-12-29,52519
"ITA",1967,1967-12-29,52900
"ITA",1968,1968-12-29,53236
"ITA",1969,1969-12-29,53538
"ITA",1970,1970-12-29,53822
"ITA",1971,1971-12-29,54073
"ITA",1972,1972-12-29,54381
"ITA",1973,1973-12-29,54751
"ITA",1974,1974-12-29,55111
"ITA",1975,1975-12-29,55441
"ITA",1976,1976-12-29,55718
"ITA",1977,1977-12-29,55955
"ITA",1978,1978-12-29,56155
"ITA",1979,1979-12-29,56318
"ITA",1980,1980-12-29,56434
"ITA",1981,1981-12-29,56508
"ITA",1982,1982-12-29,56639
"ITA",1983,1983-12-29,56836
"ITA",1984,1984-12-29,57005
"ITA",1985,1985-12-29,57141
"ITA",1986,1986-12-29,57246
"ITA",1987,1987-12-29,57345
"ITA",1988,1988-12-29,57441
"ITA",1989,1989-12-29,57541
"ITA",1990,1990-12-29,57661
"ITA",1991,1991-12-29,56751
"ITA",1992,1992-12-29,56859
"ITA",1993,1993-12-29,57049
"ITA",1994,1994-12-29,57204
"ITA",1995,1995-12-29,57301
"ITA",1996,1996-12-29,57380
"ITA",1997,1997-12-29,57523
"ITA",1998,1998-12-29,57369
"ITA",1999,1999-12-29,57343
"ITA",2000,2000-12-29,57298
"ITA",2001,2001-12-29,56977
"ITA",2002,2002-12-29,57501
"ITA",2003,2003-12-29,57868
"ITA",2004,2004-12-29,58267
"ITA",2005,2005-12-29,58672
"ITA",2006,2006-12-29,59078
"ITA",2007,2007-12-29,59486
"ITA",2008,2008-12-29,59874
"ITA",2009,2009-12-29,60220
"ITA",2010,2010-12-29,60509
"ITA",2011,2011-12-29,60729
"ITA",2012,2012-12-29,60885
"ITA",2013,2013-12-29,59668
"ITA",2014,2014-12-29,59586
"ITA",2015,2015-12-29,59504
"ITA",2016,2016-12-29,59430
"ALB",1914,1914-12-29,724
"ALB",1915,1915-12-29,735
"ALB",1916,1916-12-29,747
"ALB",1917,1917-12-29,759
"ALB",1918,1918-12-30,771
"ALB",1919,1919-12-30,783
"ALB",1920,1920-12-30,795
"ALB",1921,1921-12-30,808
"ALB",1922,1922-12-30,821
"ALB",1923,1923-12-30,834
"ALB",1924,1924-12-30,847
"ALB",1925,1925-12-30,861
"ALB",1926,1926-12-30,874
"ALB",1927,1927-12-30,888
"ALB",1928,1928-12-30,902
"ALB",1929,1929-12-30,916
"ALB",1930,1930-12-30,931
"ALB",1931,1931-12-30,946
"ALB",1932,1932-12-30,961
"ALB",1933,1933-12-30,976
"ALB",1934,1934-12-30,991
"ALB",1935,1935-12-30,1005
"ALB",1936,1936-12-30,1014
"ALB",1937,1937-12-30,1030
"ALB",1938,1938-12-30,1040
"ALB",1939,1939-12-30,1070
"ALB",1944,1944-12-29,1112
"ALB",1945,1945-12-29,1122
"ALB",1946,1946-12-29,1138
"ALB",1947,1947-12-29,1154
"ALB",1948,1948-12-29,1164
"ALB",1949,1949-12-29,1183
"ALB",1950,1950-12-29,1215
"ALB",1951,1951-12-29,1242
"ALB",1952,1952-12-29,1270
"ALB",1953,1953-12-29,1302
"ALB",1954,1954-12-29,1340
"ALB",1955,1955-12-29,1379
"ALB",1956,1956-12-29,1420
"ALB",1957,1957-12-29,1462
"ALB",1958,1958-12-29,1507
"ALB",1959,1959-12-29,1556
"ALB",1960,1960-12-29,1611
"ALB",1961,1961-12-29,1660
"ALB",1962,1962-12-29,1712
"ALB",1963,1963-12-29,1764
"ALB",1964,1964-12-29,1817
"ALB",1965,1965-12-29,1870
"ALB",1966,1966-12-29,1923
"ALB",1967,1967-12-29,1965
"ALB",1968,1968-12-29,2019
"ALB",1969,1969-12-29,2080
"ALB",1970,1970-12-29,2136
"ALB",1971,1971-12-29,2187
"ALB",1972,1972-12-29,2242
"ALB",1973,1973-12-29,2294
"ALB",1974,1974-12-29,2347
"ALB",1975,1975-12-29,2401
"ALB",1976,1976-12-29,2454
"ALB",1977,1977-12-29,2508
"ALB",1978,1978-12-29,2563
"ALB",1979,1979-12-29,2617
"ALB",1980,1980-12-29,2670
"ALB",1981,1981-12-29,2724
"ALB",1982,1982-12-29,2780
"ALB",1983,1983-12-29,2838
"ALB",1984,1984-12-29,2897
"ALB",1985,1985-12-29,2957
"ALB",1986,1986-12-29,3016
"ALB",1987,1987-12-29,3076
"ALB",1988,1988-12-29,3138
"ALB",1989,1989-12-29,3199
"ALB",1990,1990-12-29,3256
"ALB",1991,1991-12-29,3255
"ALB",1992,1992-12-29,3363
"ALB",1993,1993-12-29,3485
"ALB",1994,1994-12-29,3547
"ALB",1995,1995-12-29,3609
"ALB",1996,1996-12-29,3650
"ALB",1997,1997-12-29,3731
"ALB",1998,1998-12-29,3119
"ALB",1999,1999-12-29,3113
"ALB",2000,2000-12-29,3113
"ALB",2001,2001-12-29,3074
"ALB",2002,2002-12-29,3264
"ALB",2003,2003-12-29,3239
"ALB",2004,2004-12-29,3216
"ALB",2005,2005-12-29,3196
"ALB",2006,2006-12-29,3180
"ALB",2007,2007-12-29,3166
"ALB",2008,2008-12-29,3157
"ALB",2009,2009-12-29,3151
"ALB",2010,2010-12-29,3150
"ALB",2011,2011-12-29,3154
"ALB",2012,2012-12-29,3162
"ALB",2013,2013-12-29,2919
"ALB",2014,2014-12-29,2921
"ALB",2015,2015-12-29,2923
"ALB",2016,2016-12-29,2926
"CRO",1992,1992-12-29,4470
"CRO",1993,1993-12-29,4641
"CRO",1994,1994-12-29,4649
"CRO",1995,1995-12-29,4669
"CRO",1996,1996-12-29,4494
"CRO",1997,1997-12-29,4498
"CRO",1998,1998-12-29,4481
"CRO",1999,1999-12-29,4477
"CRO",2000,2000-12-29,4473
"CRO",2001,2001-12-29,4440
"CRO",2002,2002-12-29,4426
"CRO",2003,2003-12-29,4411
"CRO",2004,2004-12-29,4400
"CRO",2005,2005-12-29,4389
"CRO",2006,2006-12-29,4379
"CRO",2007,2007-12-29,4369
"CRO",2008,2008-12-29,4360
"CRO",2009,2009-12-29,4350
"CRO",2010,2010-12-29,4338
"CRO",2011,2011-12-29,4324
"CRO",2012,2012-12-29,4307
"CRO",2013,2013-12-29,4278
"CRO",2014,2014-12-29,4258
"CRO",2015,2015-12-29,4236
"CRO",2016,2016-12-29,4213
"YUG",1878,1878-12-30,1428
"YUG",1879,1879-12-30,1750
"YUG",1880,1880-12-30,1779
"YUG",1881,1881-12-30,1809
"YUG",1882,1882-12-30,1839
"YUG",1883,1883-12-30,1870
"YUG",1884,1884-12-30,1901
"YUG",1885,1885-12-30,1942
"YUG",1886,1886-12-30,1984
"YUG",1887,1887-12-30,2027
"YUG",1888,1888-12-30,2071
"YUG",1889,1889-12-30,2116
"YUG",1890,1890-12-30,2161
"YUG",1891,1891-12-30,2191
"YUG",1892,1892-12-30,2220
"YUG",1893,1893-12-30,2251
"YUG",1894,1894-12-30,2281
"YUG",1895,1895-12-30,2312
"YUG",1896,1896-12-30,2347
"YUG",1897,1897-12-30,2383
"YUG",1898,1898-12-30,2419
"YUG",1899,1899-12-30,2455
"YUG",1900,1900-12-30,2492
"YUG",1901,1901-12-30,2530
"YUG",1902,1902-12-30,2569
"YUG",1903,1903-12-30,2608
"YUG",1904,1904-12-30,2648
"YUG",1905,1905-12-30,2688
"YUG",1906,1906-12-30,2731
"YUG",1907,1907-12-30,2775
"YUG",1908,1908-12-30,2820
"YUG",1909,1909-12-30,2865
"YUG",1910,1910-12-30,2911
"YUG",1911,1911-12-30,3068
"YUG",1912,1912-12-30,3052
"YUG",1913,1913-12-30,3003
"YUG",1914,1914-12-29,4023
"YUG",1915,1915-12-29,4043
"YUG",1916,1916-12-29,4063
"YUG",1917,1917-12-29,4084
"YUG",1918,1918-12-30,4104
"YUG",1919,1919-12-30,11710
"YUG",1920,1920-12-30,11882
"YUG",1921,1921-12-30,12059
"YUG",1922,1922-12-30,12239
"YUG",1923,1923-12-30,12422
"YUG",1924,1924-12-30,12607
"YUG",1925,1925-12-30,12796
"YUG",1926,1926-12-30,12987
"YUG",1927,1927-12-30,13181
"YUG",1928,1928-12-30,13378
"YUG",1929,1929-12-30,13577
"YUG",1930,1930-12-30,13780
"YUG",1931,1931-12-30,13982
"YUG",1932,1932-12-30,14174
"YUG",1933,1933-12-30,14369
"YUG",1934,1934-12-30,14566
"YUG",1935,1935-12-30,14767
"YUG",1936,1936-12-30,14970
"YUG",1937,1937-12-30,15172
"YUG",1938,1938-12-30,15384
"YUG",1939,1939-12-30,15596
"YUG",1940,1940-12-29,15811
"YUG",1941,1941-12-29,15724
"YUG",1944,1944-12-29,14494
"YUG",1945,1945-12-29,14840
"YUG",1946,1946-12-29,15186
"YUG",1947,1947-12-29,15539
"YUG",1948,1948-12-29,15901
"YUG",1949,1949-12-29,16133
"YUG",1950,1950-12-29,16346
"YUG",1951,1951-12-29,16588
"YUG",1952,1952-12-29,16798
"YUG",1953,1953-12-29,17048
"YUG",1954,1954-12-29,17284
"YUG",1955,1955-12-29,17519
"YUG",1956,1956-12-29,17685
"YUG",1957,1957-12-29,17859
"YUG",1958,1958-12-29,18018
"YUG",1959,1959-12-29,18214
"YUG",1960,1960-12-29,18402
"YUG",1961,1961-12-29,18598
"YUG",1962,1962-12-29,18820
"YUG",1963,1963-12-29,19044
"YUG",1964,1964-12-29,19264
"YUG",1965,1965-12-29,19485
"YUG",1966,1966-12-29,19735
"YUG",1967,1967-12-29,19949
"YUG",1968,1968-12-29,20154
"YUG",1969,1969-12-29,20210
"YUG",1970,1970-12-29,20371
"YUG",1971,1971-12-29,20572
"YUG",1972,1972-12-29,20772
"YUG",1973,1973-12-29,20956
"YUG",1974,1974-12-29,21155
"YUG",1975,1975-12-29,21352
"YUG",1976,1976-12-29,21573
"YUG",1977,1977-12-29,21780
"YUG",1978,1978-12-29,21974
"YUG",1979,1979-12-29,22166
"YUG",1980,1980-12-29,22304
"YUG",1981,1981-12-29,22471
"YUG",1982,1982-12-29,22642
"YUG",1983,1983-12-29,22805
"YUG",1984,1984-12-29,22966
"YUG",1985,1985-12-29,23124
"YUG",1986,1986-12-29,23274
"YUG",1987,1987-12-29,23417
"YUG",1988,1988-12-29,23566
"YUG",1989,1989-12-29,23695
"YUG",1990,1990-12-29,23818
"YUG",1991,1991-12-29,23931
"YUG",1992,1992-12-29,10448
"YUG",1993,1993-12-29,10482
"YUG",1994,1994-12-29,10516
"YUG",1995,1995-12-29,10547
"YUG",1996,1996-12-29,10574
"YUG",1997,1997-12-29,10597
"YUG",1998,1998-12-29,10635
"YUG",1999,1999-12-29,10637
"YUG",2000,2000-12-29,10640
"YUG",2001,2001-12-29,10640
"YUG",2002,2002-12-29,10154
"YUG",2003,2003-12-29,10090
"YUG",2004,2004-12-29,10024
"YUG",2005,2005-12-29,9956
"YUG",2006,2006-12-29,9889
"YUG",2007,2007-12-29,9824
"YUG",2008,2008-12-29,9761
"YUG",2009,2009-12-29,9702
"YUG",2010,2010-12-29,9647
"YUG",2011,2011-12-29,9597
"YUG",2012,2012-12-29,9553
"YUG",2013,2013-12-29,8920
"YUG",2014,2014-12-29,8885
"YUG",2015,2015-12-29,8851
"YUG",2016,2016-12-29,8820
"GRC",1828,1828-12-30,753
"GRC",1829,1829-12-30,759
"GRC",1830,1830-12-30,765
"GRC",1831,1831-12-30,772
"GRC",1832,1832-12-30,778
"GRC",1833,1833-12-30,784
"GRC",1834,1834-12-30,791
"GRC",1835,1835-12-30,797
"GRC",1836,1836-12-30,804
"GRC",1837,1837-12-30,811
"GRC",1838,1838-12-30,817
"GRC",1839,1839-12-30,824
"GRC",1840,1840-12-30,850
"GRC",1841,1841-12-30,861
"GRC",1842,1842-12-30,853
"GRC",1843,1843-12-30,915
"GRC",1844,1844-12-30,930
"GRC",1845,1845-12-30,960
"GRC",1846,1846-12-30,969
"GRC",1847,1847-12-30,978
"GRC",1848,1848-12-30,987
"GRC",1849,1849-12-30,997
"GRC",1850,1850-12-30,1006
"GRC",1851,1851-12-30,1016
"GRC",1852,1852-12-30,1026
"GRC",1853,1853-12-30,1036
"GRC",1854,1854-12-30,1045
"GRC",1855,1855-12-30,1054
"GRC",1856,1856-12-30,1063
"GRC",1857,1857-12-30,1070
"GRC",1858,1858-12-30,1076
"GRC",1859,1859-12-30,1083
"GRC",1860,1860-12-30,1090
"GRC",1861,1861-12-30,1097
"GRC",1862,1862-12-30,1114
"GRC",1863,1863-12-30,1131
"GRC",1864,1864-12-30,1382
"GRC",1865,1865-12-30,1395
"GRC",1866,1866-12-30,1408
"GRC",1867,1867-12-30,1423
"GRC",1868,1868-12-30,1436
"GRC",1869,1869-12-30,1446
"GRC",1870,1870-12-30,1460
"GRC",1871,1871-12-30,1480
"GRC",1872,1872-12-30,1505
"GRC",1873,1873-12-30,1525
"GRC",1874,1874-12-30,1547
"GRC",1875,1875-12-30,1574
"GRC",1876,1876-12-30,1600
"GRC",1877,1877-12-30,1628
"GRC",1878,1878-12-30,1655
"GRC",1879,1879-12-30,1679
"GRC",1880,1880-12-30,1702
"GRC",1881,1881-12-30,1725
"GRC",1882,1882-12-30,1747
"GRC",1883,1883-12-30,1769
"GRC",1884,1884-12-30,1833
"GRC",1885,1885-12-30,1899
"GRC",1886,1886-12-30,1967
"GRC",1887,1887-12-30,2038
"GRC",1888,1888-12-30,2111
"GRC",1889,1889-12-30,2187
"GRC",1890,1890-12-30,2221
"GRC",1891,1891-12-30,2255
"GRC",1892,1892-12-30,2290
"GRC",1893,1893-12-30,2325
"GRC",1894,1894-12-30,2361
"GRC",1895,1895-12-30,2397
"GRC",1896,1896-12-30,2434
"GRC",1897,1897-12-30,2451
"GRC",1898,1898-12-30,2469
"GRC",1899,1899-12-30,2486
"GRC",1900,1900-12-30,2504
"GRC",1901,1901-12-30,2522
"GRC",1902,1902-12-30,2540
"GRC",1903,1903-12-30,2558
"GRC",1904,1904-12-30,2576
"GRC",1905,1905-12-30,2595
"GRC",1906,1906-12-30,2613
"GRC",1907,1907-12-30,2632
"GRC",1908,1908-12-30,2650
"GRC",1909,1909-12-30,2669
"GRC",1910,1910-12-30,2688
"GRC",1911,1911-12-30,2706
"GRC",1912,1912-12-30,2725
"GRC",1913,1913-12-30,2744
"GRC",1914,1914-12-29,4604
"GRC",1915,1915-12-29,4618
"GRC",1916,1916-12-29,4632
"GRC",1917,1917-12-29,4646
"GRC",1918,1918-12-30,4660
"GRC",1919,1919-12-30,4674
"GRC",1920,1920-12-30,5008
"GRC",1921,1921-12-30,5050
"GRC",1922,1922-12-30,5097
"GRC",1923,1923-12-30,6010
"GRC",1924,1924-12-30,6000
"GRC",1925,1925-12-30,5957
"GRC",1926,1926-12-30,6041
"GRC",1927,1927-12-30,6127
"GRC",1928,1928-12-30,6210
"GRC",1929,1929-12-30,6286
"GRC",1930,1930-12-30,6367
"GRC",1931,1931-12-30,6462
"GRC",1932,1932-12-30,6543
"GRC",1933,1933-12-30,6624
"GRC",1934,1934-12-30,6726
"GRC",1935,1935-12-30,6836
"GRC",1936,1936-12-30,6936
"GRC",1937,1937-12-30,7028
"GRC",1938,1938-12-30,7122
"GRC",1939,1939-12-30,7221
"GRC",1940,1940-12-29,7319
"GRC",1941,1941-12-29,7400
"GRC",1944,1944-12-29,7300
"GRC",1945,1945-12-29,7300
"GRC",1946,1946-12-29,7400
"GRC",1947,1947-12-29,7500
"GRC",1948,1948-12-29,7749
"GRC",1949,1949-12-29,7856
"GRC",1950,1950-12-29,7566
"GRC",1951,1951-12-29,7646
"GRC",1952,1952-12-29,7733
"GRC",1953,1953-12-29,7817
"GRC",1954,1954-12-29,7893
"GRC",1955,1955-12-29,7966
"GRC",1956,1956-12-29,8031
"GRC",1957,1957-12-29,8096
"GRC",1958,1958-12-29,8173
"GRC",1959,1959-12-29,8258
"GRC",1960,1960-12-29,8327
"GRC",1961,1961-12-29,8398
"GRC",1962,1962-12-29,8448
"GRC",1963,1963-12-29,8480
"GRC",1964,1964-12-29,8510
"GRC",1965,1965-12-29,8550
"GRC",1966,1966-12-29,8614
"GRC",1967,1967-12-29,8716
"GRC",1968,1968-12-29,8741
"GRC",1969,1969-12-29,8773
"GRC",1970,1970-12-29,8793
"GRC",1971,1971-12-29,8831
"GRC",1972,1972-12-29,8889
"GRC",1973,1973-12-29,8929
"GRC",1974,1974-12-29,8962
"GRC",1975,1975-12-29,9047
"GRC",1976,1976-12-29,9167
"GRC",1977,1977-12-29,9308
"GRC",1978,1978-12-29,9430
"GRC",1979,1979-12-29,9548
"GRC",1980,1980-12-29,9643
"GRC",1981,1981-12-29,9729
"GRC",1982,1982-12-29,9790
"GRC",1983,1983-12-29,9847
"GRC",1984,1984-12-29,9896
"GRC",1985,1985-12-29,9934
"GRC",1986,1986-12-29,9967
"GRC",1987,1987-12-29,10001
"GRC",1988,1988-12-29,10037
"GRC",1989,1989-12-29,10090
"GRC",1990,1990-12-29,10161
"GRC",1991,1991-12-29,10247
"GRC",1992,1992-12-29,10322
"GRC",1993,1993-12-29,10379
"GRC",1994,1994-12-29,10426
"GRC",1995,1995-12-29,10454
"GRC",1996,1996-12-29,10475
"GRC",1997,1997-12-29,10522
"GRC",1998,1998-12-29,10600
"GRC",1999,1999-12-29,10626
"GRC",2000,2000-12-29,10645
"GRC",2001,2001-12-29,10950
"GRC",2002,2002-12-29,11026
"GRC",2003,2003-12-29,11032
"GRC",2004,2004-12-29,11035
"GRC",2005,2005-12-29,11042
"GRC",2006,2006-12-29,11053
"GRC",2007,2007-12-29,11067
"GRC",2008,2008-12-29,11083
"GRC",2009,2009-12-29,11098
"GRC",2010,2010-12-29,11110
"GRC",2011,2011-12-29,11119
"GRC",2012,2012-12-29,11125
"GRC",2013,2013-12-29,11321
"GRC",2014,2014-12-29,11265
"GRC",2015,2015-12-29,11218
"GRC",2016,2016-12-29,11184
"BUL",1908,1908-12-30,4184
"BUL",1909,1909-12-30,4245
"BUL",1910,1910-12-30,4310
"BUL",1911,1911-12-30,4370
"BUL",1912,1912-12-30,4430
"BUL",1913,1913-12-30,4500
"BUL",1914,1914-12-29,4850
"BUL",1915,1915-12-29,4900
"BUL",1916,1916-12-29,5000
"BUL",1917,1917-12-29,5050
"BUL",1918,1918-12-30,5100
"BUL",1919,1919-12-30,5150
"BUL",1920,1920-12-30,4820
"BUL",1921,1921-12-30,4900
"BUL",1922,1922-12-30,5000
"BUL",1923,1923-12-30,5100
"BUL",1924,1924-12-30,5210
"BUL",1925,1925-12-30,5310
"BUL",1926,1926-12-30,5420
"BUL",1927,1927-12-30,5510
"BUL",1928,1928-12-30,5590
"BUL",1929,1929-12-30,5660
"BUL",1930,1930-12-30,5730
"BUL",1931,1931-12-30,5810
"BUL",1932,1932-12-30,5880
"BUL",1933,1933-12-30,5960
"BUL",1934,1934-12-30,6040
"BUL",1935,1935-12-30,6100
"BUL",1936,1936-12-30,6150
"BUL",1937,1937-12-30,6200
"BUL",1938,1938-12-30,6250
"BUL",1939,1939-12-30,6290
"BUL",1940,1940-12-29,6340
"BUL",1941,1941-12-29,6700
"BUL",1942,1942-12-29,6770
"BUL",1943,1943-12-29,6830
"BUL",1944,1944-12-29,6880
"BUL",1945,1945-12-29,6940
"BUL",1946,1946-12-29,7000
"BUL",1947,1947-12-29,7060
"BUL",1948,1948-12-29,7130
"BUL",1949,1949-12-29,7195
"BUL",1950,1950-12-29,7251
"BUL",1951,1951-12-29,7258
"BUL",1952,1952-12-29,7275
"BUL",1953,1953-12-29,7346
"BUL",1954,1954-12-29,7423
"BUL",1955,1955-12-29,7499
"BUL",1956,1956-12-29,7576
"BUL",1957,1957-12-29,7651
"BUL",1958,1958-12-29,7728
"BUL",1959,1959-12-29,7798
"BUL",1960,1960-12-29,7867
"BUL",1961,1961-12-29,7943
"BUL",1962,1962-12-29,8013
"BUL",1963,1963-12-29,8078
"BUL",1964,1964-12-29,8144
"BUL",1965,1965-12-29,8201
"BUL",1966,1966-12-29,8258
"BUL",1967,1967-12-29,8310
"BUL",1968,1968-12-29,8370
"BUL",1969,1969-12-29,8434
"BUL",1970,1970-12-29,8490
"BUL",1971,1971-12-29,8536
"BUL",1972,1972-12-29,8576
"BUL",1973,1973-12-29,8621
"BUL",1974,1974-12-29,8679
"BUL",1975,1975-12-29,8721
"BUL",1976,1976-12-29,8759
"BUL",1977,1977-12-29,8804
"BUL",1978,1978-12-29,8814
"BUL",1979,1979-12-29,8826
"BUL",1980,1980-12-29,8862
"BUL",1981,1981-12-29,8891
"BUL",1982,1982-12-29,8917
"BUL",1983,1983-12-29,8940
"BUL",1984,1984-12-29,8961
"BUL",1985,1985-12-29,8960
"BUL",1986,1986-12-29,8958
"BUL",1987,1987-12-29,8971
"BUL",1988,1988-12-29,8981
"BUL",1989,1989-12-29,8989
"BUL",1990,1990-12-29,8991
"BUL",1991,1991-12-29,8982
"BUL",1992,1992-12-29,8540
"BUL",1993,1993-12-29,8472
"BUL",1994,1994-12-29,8444
"BUL",1995,1995-12-29,8406
"BUL",1996,1996-12-29,8356
"BUL",1997,1997-12-29,8306
"BUL",1998,1998-12-29,8336
"BUL",1999,1999-12-29,8279
"BUL",2000,2000-12-29,8225
"BUL",2001,2001-12-29,7913
"BUL",2002,2002-12-29,7870
"BUL",2003,2003-12-29,7807
"BUL",2004,2004-12-29,7745
"BUL",2005,2005-12-29,7683
"BUL",2006,2006-12-29,7623
"BUL",2007,2007-12-29,7563
"BUL",2008,2008-12-29,7504
"BUL",2009,2009-12-29,7446
"BUL",2010,2010-12-29,7389
"BUL",2011,2011-12-29,7333
"BUL",2012,2012-12-29,7278
"BUL",2013,2013-12-29,7266
"BUL",2014,2014-12-29,7222
"BUL",2015,2015-12-29,7177
"BUL",2016,2016-12-29,7131
"ROM",1878,1878-12-30,4480
"ROM",1879,1879-12-30,4510
"ROM",1880,1880-12-30,4540
"ROM",1881,1881-12-30,4580
"ROM",1882,1882-12-30,4660
"ROM",1883,1883-12-30,4730
"ROM",1884,1884-12-30,4820
"ROM",1885,1885-12-30,4910
"ROM",1886,1886-12-30,5000
"ROM",1887,1887-12-30,5080
"ROM",1888,1888-12-30,5140
"ROM",1889,1889-12-30,5220
"ROM",1890,1890-12-30,5290
"ROM",1891,1891-12-30,5360
"ROM",1892,1892-12-30,5410
"ROM",1893,1893-12-30,5460
"ROM",1894,1894-12-30,5520
"ROM",1895,1895-12-30,5590
"ROM",1896,1896-12-30,5670
"ROM",1897,1897-12-30,5750
"ROM",1898,1898-12-30,5830
"ROM",1899,1899-12-30,5910
"ROM",1900,1900-12-30,6000
"ROM",1901,1901-12-30,6090
"ROM",1902,1902-12-30,6160
"ROM",1903,1903-12-30,6250
"ROM",1904,1904-12-30,6340
"ROM",1905,1905-12-30,6440
"ROM",1906,1906-12-30,6530
"ROM",1907,1907-12-30,6630
"ROM",1908,1908-12-30,6730
"ROM",1909,1909-12-30,6820
"ROM",1910,1910-12-30,6966
"ROM",1911,1911-12-30,7087
"ROM",1912,1912-12-30,7234
"ROM",1913,1913-12-30,7352
"ROM",1914,1914-12-29,7756
"ROM",1915,1915-12-29,8268
"ROM",1916,1916-12-29,8845
"ROM",1917,1917-12-29,9102
"ROM",1918,1918-12-30,9469
"ROM",1919,1919-12-30,9722
"ROM",1920,1920-12-30,15541
"ROM",1921,1921-12-30,15728
"ROM",1922,1922-12-30,15971
"ROM",1923,1923-12-30,16208
"ROM",1924,1924-12-30,16446
"ROM",1925,1925-12-30,16687
"ROM",1926,1926-12-30,16926
"ROM",1927,1927-12-30,17148
"ROM",1928,1928-12-30,17390
"ROM",1929,1929-12-30,17638
"ROM",1930,1930-12-30,17888
"ROM",1931,1931-12-30,18166
"ROM",1932,1932-12-30,18426
"ROM",1933,1933-12-30,18652
"ROM",1934,1934-12-30,18914
"ROM",1935,1935-12-30,19088
"ROM",1936,1936-12-30,19318
"ROM",1937,1937-12-30,19530
"ROM",1938,1938-12-30,19750
"ROM",1939,1939-12-30,19930
"ROM",1940,1940-12-29,15910
"ROM",1941,1941-12-29,13550
"ROM",1942,1942-12-29,13610
"ROM",1943,1943-12-29,13610
"ROM",1944,1944-12-29,13700
"ROM",1945,1945-12-29,13680
"ROM",1946,1946-12-29,15790
"ROM",1947,1947-12-29,15850
"ROM",1948,1948-12-29,15893
"ROM",1949,1949-12-29,16084
"ROM",1950,1950-12-29,16311
"ROM",1951,1951-12-29,16464
"ROM",1952,1952-12-29,16630
"ROM",1953,1953-12-29,16847
"ROM",1954,1954-12-29,17040
"ROM",1955,1955-12-29,17325
"ROM",1956,1956-12-29,17583
"ROM",1957,1957-12-29,17829
"ROM",1958,1958-12-29,18056
"ROM",1959,1959-12-29,18226
"ROM",1960,1960-12-29,18403
"ROM",1961,1961-12-29,18567
"ROM",1962,1962-12-29,18681
"ROM",1963,1963-12-29,18813
"ROM",1964,1964-12-29,18927
"ROM",1965,1965-12-29,19027
"ROM",1966,1966-12-29,19141
"ROM",1967,1967-12-29,19285
"ROM",1968,1968-12-29,19721
"ROM",1969,1969-12-29,20010
"ROM",1970,1970-12-29,20253
"ROM",1971,1971-12-29,20470
"ROM",1972,1972-12-29,20663
"ROM",1973,1973-12-29,20828
"ROM",1974,1974-12-29,21029
"ROM",1975,1975-12-29,21245
"ROM",1976,1976-12-29,21446
"ROM",1977,1977-12-29,21658
"ROM",1978,1978-12-29,21855
"ROM",1979,1979-12-29,22048
"ROM",1980,1980-12-29,22201
"ROM",1981,1981-12-29,22353
"ROM",1982,1982-12-29,22478
"ROM",1983,1983-12-29,22553
"ROM",1984,1984-12-29,22625
"ROM",1985,1985-12-29,22725
"ROM",1986,1986-12-29,22823
"ROM",1987,1987-12-29,22940
"ROM",1988,1988-12-29,23054
"ROM",1989,1989-12-29,23152
"ROM",1990,1990-12-29,23207
"ROM",1991,1991-12-29,23185
"ROM",1992,1992-12-29,22789
"ROM",1993,1993-12-29,22755
"ROM",1994,1994-12-29,22731
"ROM",1995,1995-12-29,22681
"ROM",1996,1996-12-29,22608
"ROM",1997,1997-12-29,22565
"ROM",1998,1998-12-29,22474
"ROM",1999,1999-12-29,22402
"ROM",2000,2000-12-29,22327
"ROM",2001,2001-12-29,22408
"ROM",2002,2002-12-29,22250
"ROM",2003,2003-12-29,22202
"ROM",2004,2004-12-29,22158
"ROM",2005,2005-12-29,22113
"ROM",2006,2006-12-29,22065
"ROM",2007,2007-12-29,22016
"ROM",2008,2008-12-29,21965
"ROM",2009,2009-12-29,21913
"ROM",2010,2010-12-29,21861
"ROM",2011,2011-12-29,21809
"ROM",2012,2012-12-29,21755
"ROM",2013,2013-12-29,20068
"ROM",2014,2014-12-29,19973
"ROM",2015,2015-12-29,19877
"ROM",2016,2016-12-29,19778
"RUS",1816,1816-12-30,45900
"RUS",1817,1817-12-30,46600
"RUS",1818,1818-12-30,47200
"RUS",1819,1819-12-30,47900
"RUS",1820,1820-12-30,48600
"RUS",1821,1821-12-30,49300
"RUS",1822,1822-12-30,50100
"RUS",1823,1823-12-30,50800
"RUS",1824,1824-12-30,51500
"RUS",1825,1825-12-30,52300
"RUS",1826,1826-12-30,53000
"RUS",1827,1827-12-30,53800
"RUS",1828,1828-12-30,54600
"RUS",1829,1829-12-30,55300
"RUS",1830,1830-12-30,56100
"RUS",1831,1831-12-30,56900
"RUS",1832,1832-12-30,57700
"RUS",1833,1833-12-30,58500
"RUS",1834,1834-12-30,59300
"RUS",1835,1835-12-30,60200
"RUS",1836,1836-12-30,60600
"RUS",1837,1837-12-30,61000
"RUS",1838,1838-12-30,61500
"RUS",1839,1839-12-30,61900
"RUS",1840,1840-12-30,62400
"RUS",1841,1841-12-30,62900
"RUS",1842,1842-12-30,63500
"RUS",1843,1843-12-30,64000
"RUS",1844,1844-12-30,64600
"RUS",1845,1845-12-30,65200
"RUS",1846,1846-12-30,65800
"RUS",1847,1847-12-30,66500
"RUS",1848,1848-12-30,67100
"RUS",1849,1849-12-30,67800
"RUS",1850,1850-12-30,68500
"RUS",1851,1851-12-30,69000
"RUS",1852,1852-12-30,69500
"RUS",1853,1853-12-30,70100
"RUS",1854,1854-12-30,70600
"RUS",1855,1855-12-30,71100
"RUS",1856,1856-12-30,71600
"RUS",1857,1857-12-30,72100
"RUS",1858,1858-12-30,72800
"RUS",1859,1859-12-30,73900
"RUS",1860,1860-12-30,74100
"RUS",1861,1861-12-30,73600
"RUS",1862,1862-12-30,73800
"RUS",1863,1863-12-30,74300
"RUS",1864,1864-12-30,74700
"RUS",1865,1865-12-30,75100
"RUS",1866,1866-12-30,76500
"RUS",1867,1867-12-30,79900
"RUS",1868,1868-12-30,81900
"RUS",1869,1869-12-30,83400
"RUS",1870,1870-12-30,84500
"RUS",1871,1871-12-30,85400
"RUS",1872,1872-12-30,86600
"RUS",1873,1873-12-30,87900
"RUS",1874,1874-12-30,89900
"RUS",1875,1875-12-30,90200
"RUS",1876,1876-12-30,91400
"RUS",1877,1877-12-30,92200
"RUS",1878,1878-12-30,93000
"RUS",1879,1879-12-30,95300
"RUS",1880,1880-12-30,97700
"RUS",1881,1881-12-30,1e+05
"RUS",1882,1882-12-30,102400
"RUS",1883,1883-12-30,104700
"RUS",1884,1884-12-30,106700
"RUS",1885,1885-12-30,108800
"RUS",1886,1886-12-30,110900
"RUS",1887,1887-12-30,113100
"RUS",1888,1888-12-30,115300
"RUS",1889,1889-12-30,116600
"RUS",1890,1890-12-30,117800
"RUS",1891,1891-12-30,119000
"RUS",1892,1892-12-30,120200
"RUS",1893,1893-12-30,121500
"RUS",1894,1894-12-30,122700
"RUS",1895,1895-12-30,123900
"RUS",1896,1896-12-30,125100
"RUS",1897,1897-12-30,126400
"RUS",1898,1898-12-30,128400
"RUS",1899,1899-12-30,130300
"RUS",1900,1900-12-30,132900
"RUS",1901,1901-12-30,134800
"RUS",1902,1902-12-30,136600
"RUS",1903,1903-12-30,139100
"RUS",1904,1904-12-30,141600
"RUS",1905,1905-12-30,143900
"RUS",1906,1906-12-30,146400
"RUS",1907,1907-12-30,149100
"RUS",1908,1908-12-30,152500
"RUS",1909,1909-12-30,157100
"RUS",1910,1910-12-30,160700
"RUS",1911,1911-12-30,163900
"RUS",1912,1912-12-30,167900
"RUS",1913,1913-12-30,170900
"RUS",1914,1914-12-29,175100
"RUS",1915,1915-12-29,178900
"RUS",1916,1916-12-29,181500
"RUS",1917,1917-12-29,184600
"RUS",1918,1918-12-30,143450
"RUS",1919,1919-12-30,142265
"RUS",1920,1920-12-30,139675
"RUS",1921,1921-12-30,136876
"RUS",1922,1922-12-30,136508
"RUS",1923,1923-12-30,136102
"RUS",1924,1924-12-30,137674
"RUS",1925,1925-12-30,140619
"RUS",1926,1926-12-30,143760
"RUS",1927,1927-12-30,147135
"RUS",1928,1928-12-30,150004
"RUS",1929,1929-12-30,152774
"RUS",1930,1930-12-30,154919
"RUS",1931,1931-12-30,156701
"RUS",1932,1932-12-30,158094
"RUS",1933,1933-12-30,158168
"RUS",1934,1934-12-30,159156
"RUS",1935,1935-12-30,160049
"RUS",1936,1936-12-30,161272
"RUS",1937,1937-12-30,163388
"RUS",1938,1938-12-30,166859
"RUS",1939,1939-12-30,170315
"RUS",1940,1940-12-29,194077
"RUS",1941,1941-12-29,196659
"RUS",1942,1942-12-29,193800
"RUS",1943,1943-12-29,188100
"RUS",1944,1944-12-29,182500
"RUS",1945,1945-12-29,177300
"RUS",1946,1946-12-29,174000
"RUS",1947,1947-12-29,173600
"RUS",1948,1948-12-29,178000
"RUS",1949,1949-12-29,175000
"RUS",1950,1950-12-29,180075
"RUS",1951,1951-12-29,183190
"RUS",1952,1952-12-29,186377
"RUS",1953,1953-12-29,189490
"RUS",1954,1954-12-29,192709
"RUS",1955,1955-12-29,196159
"RUS",1956,1956-12-29,199658
"RUS",1957,1957-12-29,203169
"RUS",1958,1958-12-29,206775
"RUS",1959,1959-12-29,210498
"RUS",1960,1960-12-29,214329
"RUS",1961,1961-12-29,218145
"RUS",1962,1962-12-29,221730
"RUS",1963,1963-12-29,225063
"RUS",1964,1964-12-29,228149
"RUS",1965,1965-12-29,230936
"RUS",1966,1966-12-29,233533
"RUS",1967,1967-12-29,235994
"RUS",1968,1968-12-29,238316
"RUS",1969,1969-12-29,240554
"RUS",1970,1970-12-29,242767
"RUS",1971,1971-12-29,245110
"RUS",1972,1972-12-29,247501
"RUS",1973,1973-12-29,249802
"RUS",1974,1974-12-29,252131
"RUS",1975,1975-12-29,254469
"RUS",1976,1976-12-29,256760
"RUS",1977,1977-12-29,259029
"RUS",1978,1978-12-29,261253
"RUS",1979,1979-12-29,263404
"RUS",1980,1980-12-29,265484
"RUS",1981,1981-12-29,267622
"RUS",1982,1982-12-29,269901
"RUS",1983,1983-12-29,272368
"RUS",1984,1984-12-29,274874
"RUS",1985,1985-12-29,277334
"RUS",1986,1986-12-29,280016
"RUS",1987,1987-12-29,282830
"RUS",1988,1988-12-29,285419
"RUS",1989,1989-12-29,287630
"RUS",1990,1990-12-29,281344
"RUS",1991,1991-12-29,148245
"RUS",1992,1992-12-29,148310
"RUS",1993,1993-12-29,148146
"RUS",1994,1994-12-29,147968
"RUS",1995,1995-12-29,147774
"RUS",1996,1996-12-29,147739
"RUS",1997,1997-12-29,147105
"RUS",1998,1998-12-29,147434
"RUS",1999,1999-12-29,147196
"RUS",2000,2000-12-29,146934
"RUS",2001,2001-12-29,145976
"RUS",2002,2002-12-29,145521
"RUS",2003,2003-12-29,144880
"RUS",2004,2004-12-29,144331
"RUS",2005,2005-12-29,143933
"RUS",2006,2006-12-29,143715
"RUS",2007,2007-12-29,143652
"RUS",2008,2008-12-29,143677
"RUS",2009,2009-12-29,143690
"RUS",2010,2010-12-29,143618
"RUS",2011,2011-12-29,143438
"RUS",2012,2012-12-29,143170
"RUS",2013,2013-12-29,143597
"RUS",2014,2014-12-29,143761
"RUS",2015,2015-12-29,143888
"RUS",2016,2016-12-29,143965
"EST",1918,1918-12-30,1103
"EST",1919,1919-12-30,1105
"EST",1920,1920-12-30,1107
"EST",1921,1921-12-30,1109
"EST",1922,1922-12-30,1111
"EST",1923,1923-12-30,1112
"EST",1924,1924-12-30,1114
"EST",1925,1925-12-30,1115
"EST",1926,1926-12-30,1117
"EST",1927,1927-12-30,1117
"EST",1928,1928-12-30,1117
"EST",1929,1929-12-30,1117
"EST",1930,1930-12-30,1117
"EST",1931,1931-12-30,1117
"EST",1932,1932-12-30,1120
"EST",1933,1933-12-30,1123
"EST",1934,1934-12-30,1126
"EST",1935,1935-12-30,1129
"EST",1936,1936-12-30,1132
"EST",1937,1937-12-30,1135
"EST",1938,1938-12-30,1138
"EST",1939,1939-12-30,1141
"EST",1940,1940-12-29,1144
"EST",1991,1991-12-29,1566
"EST",1992,1992-12-29,1544
"EST",1993,1993-12-29,1517
"EST",1994,1994-12-29,1499
"EST",1995,1995-12-29,1484
"EST",1996,1996-12-29,1469
"EST",1997,1997-12-29,1455
"EST",1998,1998-12-29,1429
"EST",1999,1999-12-29,1412
"EST",2000,2000-12-29,1396
"EST",2001,2001-12-29,1364
"EST",2002,2002-12-29,1348
"EST",2003,2003-12-29,1339
"EST",2004,2004-12-29,1332
"EST",2005,2005-12-29,1325
"EST",2006,2006-12-29,1319
"EST",2007,2007-12-29,1313
"EST",2008,2008-12-29,1308
"EST",2009,2009-12-29,1303
"EST",2010,2010-12-29,1299
"EST",2011,2011-12-29,1294
"EST",2012,2012-12-29,1291
"EST",2013,2013-12-29,1322
"EST",2014,2014-12-29,1318
"EST",2015,2015-12-29,1315
"EST",2016,2016-12-29,1312
"LIT",1918,1918-12-30,2029
"LIT",1919,1919-12-30,2053
"LIT",1920,1920-12-30,2078
"LIT",1921,1921-12-30,2103
"LIT",1922,1922-12-30,2128
"LIT",1923,1923-12-30,2154
"LIT",1924,1924-12-30,2180
"LIT",1925,1925-12-30,2206
"LIT",1926,1926-12-30,2232
"LIT",1927,1927-12-30,2259
"LIT",1928,1928-12-30,2286
"LIT",1929,1929-12-30,2313
"LIT",1930,1930-12-30,2340
"LIT",1931,1931-12-30,2367
"LIT",1932,1932-12-30,2395
"LIT",1933,1933-12-30,2423
"LIT",1934,1934-12-30,2451
"LIT",1935,1935-12-30,2475
"LIT",1936,1936-12-30,2500
"LIT",1937,1937-12-30,2525
"LIT",1938,1938-12-30,2550
"LIT",1939,1939-12-30,2710
"LIT",1940,1940-12-29,2879
"LIT",1991,1991-12-29,3742
"LIT",1992,1992-12-29,3742
"LIT",1993,1993-12-29,3730
"LIT",1994,1994-12-29,3721
"LIT",1995,1995-12-29,3715
"LIT",1996,1996-12-29,3710
"LIT",1997,1997-12-29,3706
"LIT",1998,1998-12-29,3694
"LIT",1999,1999-12-29,3682
"LIT",2000,2000-12-29,3670
"LIT",2001,2001-12-29,3481
"LIT",2002,2002-12-29,3421
"LIT",2003,2003-12-29,3378
"LIT",2004,2004-12-29,3333
"LIT",2005,2005-12-29,3287
"LIT",2006,2006-12-29,3239
"LIT",2007,2007-12-29,3190
"LIT",2008,2008-12-29,3143
"LIT",2009,2009-12-29,3102
"LIT",2010,2010-12-29,3068
"LIT",2011,2011-12-29,3044
"LIT",2012,2012-12-29,3028
"LIT",2013,2013-12-29,2997
"LIT",2014,2014-12-29,2962
"LIT",2015,2015-12-29,2932
"LIT",2016,2016-12-29,2908
"FIN",1917,1917-12-29,2228
"FIN",1918,1918-12-30,2641
"FIN",1919,1919-12-30,3130
"FIN",1920,1920-12-30,3710
"FIN",1921,1921-12-30,3210
"FIN",1922,1922-12-30,3240
"FIN",1923,1923-12-30,3270
"FIN",1924,1924-12-30,3300
"FIN",1925,1925-12-30,3330
"FIN",1926,1926-12-30,3360
"FIN",1927,1927-12-30,3400
"FIN",1928,1928-12-30,3420
"FIN",1929,1929-12-30,3450
"FIN",1930,1930-12-30,3480
"FIN",1931,1931-12-30,3500
"FIN",1932,1932-12-30,3530
"FIN",1933,1933-12-30,3550
"FIN",1934,1934-12-30,3580
"FIN",1935,1935-12-30,3590
"FIN",1936,1936-12-30,3630
"FIN",1937,1937-12-30,3660
"FIN",1938,1938-12-30,3690
"FIN",1939,1939-12-30,3700
"FIN",1940,1940-12-29,3700
"FIN",1941,1941-12-29,3710
"FIN",1942,1942-12-29,3730
"FIN",1943,1943-12-29,3750
"FIN",1944,1944-12-29,3780
"FIN",1945,1945-12-29,3820
"FIN",1946,1946-12-29,3900
"FIN",1947,1947-12-29,3860
"FIN",1948,1948-12-29,3912
"FIN",1949,1949-12-29,3963
"FIN",1950,1950-12-29,4009
"FIN",1951,1951-12-29,4047
"FIN",1952,1952-12-29,4090
"FIN",1953,1953-12-29,4139
"FIN",1954,1954-12-29,4187
"FIN",1955,1955-12-29,4235
"FIN",1956,1956-12-29,4282
"FIN",1957,1957-12-29,4324
"FIN",1958,1958-12-29,4360
"FIN",1959,1959-12-29,4395
"FIN",1960,1960-12-29,4430
"FIN",1961,1961-12-29,4461
"FIN",1962,1962-12-29,4491
"FIN",1963,1963-12-29,4523
"FIN",1964,1964-12-29,4549
"FIN",1965,1965-12-29,4564
"FIN",1966,1966-12-29,4581
"FIN",1967,1967-12-29,4606
"FIN",1968,1968-12-29,4626
"FIN",1969,1969-12-29,4624
"FIN",1970,1970-12-29,4606
"FIN",1971,1971-12-29,4612
"FIN",1972,1972-12-29,4640
"FIN",1973,1973-12-29,4666
"FIN",1974,1974-12-29,4691
"FIN",1975,1975-12-29,4711
"FIN",1976,1976-12-29,4726
"FIN",1977,1977-12-29,4739
"FIN",1978,1978-12-29,4753
"FIN",1979,1979-12-29,4780
"FIN",1980,1980-12-29,4780
"FIN",1981,1981-12-29,4800
"FIN",1982,1982-12-29,4827
"FIN",1983,1983-12-29,4856
"FIN",1984,1984-12-29,4882
"FIN",1985,1985-12-29,4902
"FIN",1986,1986-12-29,4918
"FIN",1987,1987-12-29,4932
"FIN",1988,1988-12-29,4946
"FIN",1989,1989-12-29,4964
"FIN",1990,1990-12-29,4986
"FIN",1991,1991-12-29,5014
"FIN",1992,1992-12-29,5042
"FIN",1993,1993-12-29,5066
"FIN",1994,1994-12-29,5088
"FIN",1995,1995-12-29,5108
"FIN",1996,1996-12-29,5125
"FIN",1997,1997-12-29,5140
"FIN",1998,1998-12-29,5154
"FIN",1999,1999-12-29,5165
"FIN",2000,2000-12-29,5176
"FIN",2001,2001-12-29,5188
"FIN",2002,2002-12-29,5200
"FIN",2003,2003-12-29,5213
"FIN",2004,2004-12-29,5228
"FIN",2005,2005-12-29,5246
"FIN",2006,2006-12-29,5268
"FIN",2007,2007-12-29,5292
"FIN",2008,2008-12-29,5318
"FIN",2009,2009-12-29,5344
"FIN",2010,2010-12-29,5368
"FIN",2011,2011-12-29,5389
"FIN",2012,2012-12-29,5408
"FIN",2013,2013-12-29,5437
"FIN",2014,2014-12-29,5460
"FIN",2015,2015-12-29,5482
"FIN",2016,2016-12-29,5503
"NOR",1905,1905-12-30,2303
"NOR",1906,1906-12-30,2313
"NOR",1907,1907-12-30,2324
"NOR",1908,1908-12-30,2333
"NOR",1909,1909-12-30,2358
"NOR",1910,1910-12-30,2376
"NOR",1911,1911-12-30,2390
"NOR",1912,1912-12-30,2411
"NOR",1913,1913-12-30,2435
"NOR",1914,1914-12-29,2458
"NOR",1915,1915-12-29,2486
"NOR",1916,1916-12-29,2509
"NOR",1917,1917-12-29,2535
"NOR",1918,1918-12-30,2565
"NOR",1919,1919-12-30,2589
"NOR",1920,1920-12-30,2616
"NOR",1921,1921-12-30,2653
"NOR",1922,1922-12-30,2682
"NOR",1923,1923-12-30,2707
"NOR",1924,1924-12-30,2719
"NOR",1925,1925-12-30,2738
"NOR",1926,1926-12-30,2755
"NOR",1927,1927-12-30,2770
"NOR",1928,1928-12-30,2778
"NOR",1929,1929-12-30,2790
"NOR",1930,1930-12-30,2799
"NOR",1931,1931-12-30,2815
"NOR",1932,1932-12-30,2832
"NOR",1933,1933-12-30,2850
"NOR",1934,1934-12-30,2866
"NOR",1935,1935-12-30,2882
"NOR",1936,1936-12-30,2896
"NOR",1937,1937-12-30,2910
"NOR",1938,1938-12-30,2926
"NOR",1939,1939-12-30,2944
"NOR",1940,1940-12-29,2963
"NOR",1945,1945-12-29,3075
"NOR",1946,1946-12-29,3107
"NOR",1947,1947-12-29,3146
"NOR",1948,1948-12-29,3201
"NOR",1949,1949-12-29,3234
"NOR",1950,1950-12-29,3265
"NOR",1951,1951-12-29,3296
"NOR",1952,1952-12-29,3328
"NOR",1953,1953-12-29,3361
"NOR",1954,1954-12-29,3394
"NOR",1955,1955-12-29,3427
"NOR",1956,1956-12-29,3460
"NOR",1957,1957-12-29,3492
"NOR",1958,1958-12-29,3523
"NOR",1959,1959-12-29,3553
"NOR",1960,1960-12-29,3581
"NOR",1961,1961-12-29,3610
"NOR",1962,1962-12-29,3639
"NOR",1963,1963-12-29,3667
"NOR",1964,1964-12-29,3694
"NOR",1965,1965-12-29,3723
"NOR",1966,1966-12-29,3753
"NOR",1967,1967-12-29,3785
"NOR",1968,1968-12-29,3819
"NOR",1969,1969-12-29,3851
"NOR",1970,1970-12-29,3877
"NOR",1971,1971-12-29,3903
"NOR",1972,1972-12-29,3933
"NOR",1973,1973-12-29,3961
"NOR",1974,1974-12-29,3985
"NOR",1975,1975-12-29,4007
"NOR",1976,1976-12-29,4026
"NOR",1977,1977-12-29,4043
"NOR",1978,1978-12-29,4059
"NOR",1979,1979-12-29,4073
"NOR",1980,1980-12-29,4086
"NOR",1981,1981-12-29,4100
"NOR",1982,1982-12-29,4115
"NOR",1983,1983-12-29,4128
"NOR",1984,1984-12-29,4140
"NOR",1985,1985-12-29,4153
"NOR",1986,1986-12-29,4167
"NOR",1987,1987-12-29,4187
"NOR",1988,1988-12-29,4209
"NOR",1989,1989-12-29,4227
"NOR",1990,1990-12-29,4241
"NOR",1991,1991-12-29,4262
"NOR",1992,1992-12-29,4286
"NOR",1993,1993-12-29,4312
"NOR",1994,1994-12-29,4325
"NOR",1995,1995-12-29,4359
"NOR",1996,1996-12-29,4381
"NOR",1997,1997-12-29,4406
"NOR",1998,1998-12-29,4419
"NOR",1999,1999-12-29,4442
"NOR",2000,2000-12-29,4465
"NOR",2001,2001-12-29,4514
"NOR",2002,2002-12-29,4537
"NOR",2003,2003-12-29,4560
"NOR",2004,2004-12-29,4588
"NOR",2005,2005-12-29,4624
"NOR",2006,2006-12-29,4669
"NOR",2007,2007-12-29,4721
"NOR",2008,2008-12-29,4778
"NOR",2009,2009-12-29,4836
"NOR",2010,2010-12-29,4891
"NOR",2011,2011-12-29,4944
"NOR",2012,2012-12-29,4994
"NOR",2013,2013-12-29,5077
"NOR",2014,2014-12-29,5140
"NOR",2015,2015-12-29,5200
"NOR",2016,2016-12-29,5255
"DEN",1816,1816-12-30,1761
"DEN",1817,1817-12-30,1775
"DEN",1818,1818-12-30,1790
"DEN",1819,1819-12-30,1804
"DEN",1820,1820-12-30,1819
"DEN",1821,1821-12-30,1833
"DEN",1822,1822-12-30,1848
"DEN",1823,1823-12-30,1863
"DEN",1824,1824-12-30,1878
"DEN",1825,1825-12-30,1893
"DEN",1826,1826-12-30,1908
"DEN",1827,1827-12-30,1924
"DEN",1828,1828-12-30,1939
"DEN",1829,1829-12-30,1955
"DEN",1830,1830-12-30,1971
"DEN",1831,1831-12-30,1987
"DEN",1832,1832-12-30,2003
"DEN",1833,1833-12-30,2019
"DEN",1834,1834-12-30,2035
"DEN",1835,1835-12-30,2051
"DEN",1836,1836-12-30,2067
"DEN",1837,1837-12-30,2083
"DEN",1838,1838-12-30,2099
"DEN",1839,1839-12-30,2116
"DEN",1840,1840-12-30,2133
"DEN",1841,1841-12-30,2153
"DEN",1842,1842-12-30,2175
"DEN",1843,1843-12-30,2196
"DEN",1844,1844-12-30,2217
"DEN",1845,1845-12-30,2239
"DEN",1846,1846-12-30,2258
"DEN",1847,1847-12-30,2277
"DEN",1848,1848-12-30,2296
"DEN",1849,1849-12-30,2316
"DEN",1850,1850-12-30,2336
"DEN",1851,1851-12-30,2362
"DEN",1852,1852-12-30,2388
"DEN",1853,1853-12-30,2415
"DEN",1854,1854-12-30,2442
"DEN",1855,1855-12-30,2469
"DEN",1856,1856-12-30,2496
"DEN",1857,1857-12-30,2523
"DEN",1858,1858-12-30,2550
"DEN",1859,1859-12-30,2577
"DEN",1860,1860-12-30,2605
"DEN",1861,1861-12-30,2633
"DEN",1862,1862-12-30,2662
"DEN",1863,1863-12-30,2691
"DEN",1864,1864-12-30,1716
"DEN",1865,1865-12-30,1718
"DEN",1866,1866-12-30,1720
"DEN",1867,1867-12-30,1740
"DEN",1868,1868-12-30,1760
"DEN",1869,1869-12-30,1780
"DEN",1870,1870-12-30,1790
"DEN",1871,1871-12-30,1810
"DEN",1872,1872-12-30,1820
"DEN",1873,1873-12-30,1840
"DEN",1874,1874-12-30,1860
"DEN",1875,1875-12-30,1870
"DEN",1876,1876-12-30,1890
"DEN",1877,1877-12-30,1920
"DEN",1878,1878-12-30,1940
"DEN",1879,1879-12-30,1960
"DEN",1880,1880-12-30,1980
"DEN",1881,1881-12-30,1990
"DEN",1882,1882-12-30,2010
"DEN",1883,1883-12-30,2030
"DEN",1884,1884-12-30,2050
"DEN",1885,1885-12-30,2080
"DEN",1886,1886-12-30,2100
"DEN",1887,1887-12-30,2120
"DEN",1888,1888-12-30,2140
"DEN",1889,1889-12-30,2160
"DEN",1890,1890-12-30,2180
"DEN",1891,1891-12-30,2190
"DEN",1892,1892-12-30,2210
"DEN",1893,1893-12-30,2230
"DEN",1894,1894-12-30,2250
"DEN",1895,1895-12-30,2280
"DEN",1896,1896-12-30,2310
"DEN",1897,1897-12-30,2340
"DEN",1898,1898-12-30,2370
"DEN",1899,1899-12-30,2400
"DEN",1900,1900-12-30,2430
"DEN",1901,1901-12-30,2460
"DEN",1902,1902-12-30,2490
"DEN",1903,1903-12-30,2520
"DEN",1904,1904-12-30,2550
"DEN",1905,1905-12-30,2570
"DEN",1906,1906-12-30,2600
"DEN",1907,1907-12-30,2630
"DEN",1908,1908-12-30,2670
"DEN",1909,1909-12-30,2700
"DEN",1910,1910-12-30,2740
"DEN",1911,1911-12-30,2770
"DEN",1912,1912-12-30,2800
"DEN",1913,1913-12-30,2830
"DEN",1914,1914-12-29,2870
"DEN",1915,1915-12-29,2900
"DEN",1916,1916-12-29,2940
"DEN",1917,1917-12-29,2970
"DEN",1918,1918-12-30,3010
"DEN",1919,1919-12-30,3040
"DEN",1920,1920-12-30,3080
"DEN",1921,1921-12-30,3280
"DEN",1922,1922-12-30,3320
"DEN",1923,1923-12-30,3360
"DEN",1924,1924-12-30,3390
"DEN",1925,1925-12-30,3420
"DEN",1926,1926-12-30,3450
"DEN",1927,1927-12-30,3470
"DEN",1928,1928-12-30,3500
"DEN",1929,1929-12-30,3520
"DEN",1930,1930-12-30,3540
"DEN",1931,1931-12-30,3570
"DEN",1932,1932-12-30,3600
"DEN",1933,1933-12-30,3630
"DEN",1934,1934-12-30,3670
"DEN",1935,1935-12-30,3690
"DEN",1936,1936-12-30,3720
"DEN",1937,1937-12-30,3750
"DEN",1938,1938-12-30,3780
"DEN",1939,1939-12-30,3800
"DEN",1940,1940-12-29,3830
"DEN",1945,1945-12-29,4040
"DEN",1946,1946-12-29,4100
"DEN",1947,1947-12-29,4150
"DEN",1948,1948-12-29,4190
"DEN",1949,1949-12-29,4230
"DEN",1950,1950-12-29,4270
"DEN",1951,1951-12-29,4304
"DEN",1952,1952-12-29,4336
"DEN",1953,1953-12-29,4369
"DEN",1954,1954-12-29,4407
"DEN",1955,1955-12-29,4439
"DEN",1956,1956-12-29,4466
"DEN",1957,1957-12-29,4488
"DEN",1958,1958-12-29,4515
"DEN",1959,1959-12-29,4547
"DEN",1960,1960-12-29,4581
"DEN",1961,1961-12-29,4610
"DEN",1962,1962-12-29,4647
"DEN",1963,1963-12-29,4684
"DEN",1964,1964-12-29,4720
"DEN",1965,1965-12-29,4758
"DEN",1966,1966-12-29,4795
"DEN",1967,1967-12-29,4836
"DEN",1968,1968-12-29,4865
"DEN",1969,1969-12-29,4891
"DEN",1970,1970-12-29,4929
"DEN",1971,1971-12-29,4963
"DEN",1972,1972-12-29,4992
"DEN",1973,1973-12-29,5022
"DEN",1974,1974-12-29,5045
"DEN",1975,1975-12-29,5060
"DEN",1976,1976-12-29,5073
"DEN",1977,1977-12-29,5088
"DEN",1978,1978-12-29,5104
"DEN",1979,1979-12-29,5117
"DEN",1980,1980-12-29,5123
"DEN",1981,1981-12-29,5122
"DEN",1982,1982-12-29,5118
"DEN",1983,1983-12-29,5114
"DEN",1984,1984-12-29,5112
"DEN",1985,1985-12-29,5114
"DEN",1986,1986-12-29,5121
"DEN",1987,1987-12-29,5127
"DEN",1988,1988-12-29,5130
"DEN",1989,1989-12-29,5133
"DEN",1990,1990-12-29,5140
"DEN",1991,1991-12-29,5154
"DEN",1992,1992-12-29,5170
"DEN",1993,1993-12-29,5189
"DEN",1994,1994-12-29,5205
"DEN",1995,1995-12-29,5228
"DEN",1996,1996-12-29,5262
"DEN",1997,1997-12-29,5284
"DEN",1998,1998-12-29,5270
"DEN",1999,1999-12-29,5282
"DEN",2000,2000-12-29,5293
"DEN",2001,2001-12-29,5359
"DEN",2002,2002-12-29,5369
"DEN",2003,2003-12-29,5383
"DEN",2004,2004-12-29,5399
"DEN",2005,2005-12-29,5418
"DEN",2006,2006-12-29,5441
"DEN",2007,2007-12-29,5468
"DEN",2008,2008-12-29,5496
"DEN",2009,2009-12-29,5524
"DEN",2010,2010-12-29,5551
"DEN",2011,2011-12-29,5575
"DEN",2012,2012-12-29,5598
"DEN",2013,2013-12-29,5638
"DEN",2014,2014-12-29,5664
"DEN",2015,2015-12-29,5689
"DEN",2016,2016-12-29,5712
"SEN",1960,1960-12-29,3498
"SEN",1961,1961-12-29,3578
"SEN",1962,1962-12-29,3660
"SEN",1963,1963-12-29,3744
"SEN",1964,1964-12-29,3831
"SEN",1965,1965-12-29,3919
"SEN",1966,1966-12-29,4009
"SEN",1967,1967-12-29,4101
"SEN",1968,1968-12-29,4195
"SEN",1969,1969-12-29,4295
"SEN",1970,1970-12-29,4396
"SEN",1971,1971-12-29,4506
"SEN",1972,1972-12-29,4655
"SEN",1973,1973-12-29,4734
"SEN",1974,1974-12-29,4852
"SEN",1975,1975-12-29,4974
"SEN",1976,1976-12-29,5098
"SEN",1977,1977-12-29,5241
"SEN",1978,1978-12-29,5387
"SEN",1979,1979-12-29,5538
"SEN",1980,1980-12-29,5693
"SEN",1981,1981-12-29,5923
"SEN",1982,1982-12-29,6017
"SEN",1983,1983-12-29,6185
"SEN",1984,1984-12-29,6258
"SEN",1985,1985-12-29,6522
"SEN",1986,1986-12-29,6719
"SEN",1987,1987-12-29,6908
"SEN",1988,1988-12-29,6913
"SEN",1989,1989-12-29,7103
"SEN",1990,1990-12-29,7298
"SEN",1991,1991-12-29,7499
"SEN",1992,1992-12-29,7704
"SEN",1993,1993-12-29,7913
"SEN",1994,1994-12-29,8127
"SEN",1995,1995-12-29,8347
"SEN",1996,1996-12-29,8572
"SEN",1997,1997-12-29,8802
"SEN",1998,1998-12-29,9003
"SEN",1999,1999-12-29,9240
"SEN",2000,2000-12-29,9481
"SEN",2001,2001-12-29,9667
"SEN",2002,2002-12-29,10390
"SEN",2003,2003-12-29,10674
"SEN",2004,2004-12-29,10968
"SEN",2005,2005-12-29,11271
"SEN",2006,2006-12-29,11583
"SEN",2007,2007-12-29,11905
"SEN",2008,2008-12-29,12239
"SEN",2009,2009-12-29,12587
"SEN",2010,2010-12-29,12951
"SEN",2011,2011-12-29,13331
"SEN",2012,2012-12-29,13726
"SEN",2013,2013-12-29,14120
"SEN",2014,2014-12-29,14546
"SEN",2015,2015-12-29,14977
"SEN",2016,2016-12-29,15412
"GUI",1958,1958-12-29,3006
"GUI",1959,1959-12-29,3070
"GUI",1960,1960-12-29,3272
"GUI",1961,1961-12-29,3174
"GUI",1962,1962-12-29,3259
"GUI",1963,1963-12-29,3360
"GUI",1964,1964-12-29,3420
"GUI",1965,1965-12-29,3510
"GUI",1966,1966-12-29,3608
"GUI",1967,1967-12-29,3702
"GUI",1968,1968-12-29,3747
"GUI",1969,1969-12-29,3829
"GUI",1970,1970-12-29,3900
"GUI",1971,1971-12-29,3961
"GUI",1972,1972-12-29,4012
"GUI",1973,1973-12-29,4057
"GUI",1974,1974-12-29,4101
"GUI",1975,1975-12-29,4149
"GUI",1976,1976-12-29,4200
"GUI",1977,1977-12-29,4255
"GUI",1978,1978-12-29,4316
"GUI",1979,1979-12-29,4385
"GUI",1980,1980-12-29,4461
"GUI",1981,1981-12-29,4548
"GUI",1982,1982-12-29,4647
"GUI",1983,1983-12-29,4410
"GUI",1984,1984-12-29,4532
"GUI",1985,1985-12-29,4661
"GUI",1986,1986-12-29,4794
"GUI",1987,1987-12-29,4931
"GUI",1988,1988-12-29,5071
"GUI",1989,1989-12-29,5527
"GUI",1990,1990-12-29,5755
"GUI",1991,1991-12-29,6050
"GUI",1992,1992-12-29,6398
"GUI",1993,1993-12-29,6763
"GUI",1994,1994-12-29,7092
"GUI",1995,1995-12-29,7349
"GUI",1996,1996-12-29,7518
"GUI",1997,1997-12-29,7614
"GUI",1998,1998-12-29,7337
"GUI",1999,1999-12-29,7360
"GUI",2000,2000-12-29,7430
"GUI",2001,2001-12-29,7429
"GUI",2002,2002-12-29,9046
"GUI",2003,2003-12-29,9205
"GUI",2004,2004-12-29,9380
"GUI",2005,2005-12-29,9576
"GUI",2006,2006-12-29,9799
"GUI",2007,2007-12-29,10047
"GUI",2008,2008-12-29,10315
"GUI",2009,2009-12-29,10593
"GUI",2010,2010-12-29,10876
"GUI",2011,2011-12-29,11162
"GUI",2012,2012-12-29,11451
"GUI",2013,2013-12-29,11537
"GUI",2014,2014-12-29,11806
"GUI",2015,2015-12-29,12092
"GUI",2016,2016-12-29,12396
"LBR",1920,1920-12-30,224
"LBR",1921,1921-12-30,232
"LBR",1922,1922-12-30,240
"LBR",1923,1923-12-30,249
"LBR",1924,1924-12-30,258
"LBR",1925,1925-12-30,267
"LBR",1926,1926-12-30,276
"LBR",1927,1927-12-30,286
"LBR",1928,1928-12-30,296
"LBR",1929,1929-12-30,307
"LBR",1930,1930-12-30,318
"LBR",1931,1931-12-30,329
"LBR",1932,1932-12-30,341
"LBR",1933,1933-12-30,353
"LBR",1934,1934-12-30,366
"LBR",1935,1935-12-30,379
"LBR",1936,1936-12-30,392
"LBR",1937,1937-12-30,406
"LBR",1938,1938-12-30,421
"LBR",1939,1939-12-30,438
"LBR",1940,1940-12-29,458
"LBR",1941,1941-12-29,479
"LBR",1942,1942-12-29,505
"LBR",1943,1943-12-29,535
"LBR",1944,1944-12-29,569
"LBR",1945,1945-12-29,606
"LBR",1946,1946-12-29,664
"LBR",1947,1947-12-29,685
"LBR",1948,1948-12-29,707
"LBR",1949,1949-12-29,728
"LBR",1950,1950-12-29,824
"LBR",1951,1951-12-29,839
"LBR",1952,1952-12-29,856
"LBR",1953,1953-12-29,874
"LBR",1954,1954-12-29,893
"LBR",1955,1955-12-29,914
"LBR",1956,1956-12-29,937
"LBR",1957,1957-12-29,960
"LBR",1958,1958-12-29,985
"LBR",1959,1959-12-29,1012
"LBR",1960,1960-12-29,666
"LBR",1961,1961-12-29,726
"LBR",1962,1962-12-29,785
"LBR",1963,1963-12-29,845
"LBR",1964,1964-12-29,905
"LBR",1965,1965-12-29,965
"LBR",1966,1966-12-29,1025
"LBR",1967,1967-12-29,1085
"LBR",1968,1968-12-29,1144
"LBR",1969,1969-12-29,1204
"LBR",1970,1970-12-29,1264
"LBR",1971,1971-12-29,1324
"LBR",1972,1972-12-29,1384
"LBR",1973,1973-12-29,1444
"LBR",1974,1974-12-29,1503
"LBR",1975,1975-12-29,1563
"LBR",1976,1976-12-29,1623
"LBR",1977,1977-12-29,1683
"LBR",1978,1978-12-29,1743
"LBR",1979,1979-12-29,1802
"LBR",1980,1980-12-29,1862
"LBR",1981,1981-12-29,1922
"LBR",1982,1982-12-29,1982
"LBR",1983,1983-12-29,2042
"LBR",1984,1984-12-29,2109
"LBR",1985,1985-12-29,2161
"LBR",1986,1986-12-29,2221
"LBR",1987,1987-12-29,2281
"LBR",1988,1988-12-29,2341
"LBR",1989,1989-12-29,2401
"LBR",1990,1990-12-29,2407
"LBR",1991,1991-12-29,2520
"LBR",1992,1992-12-29,2580
"LBR",1993,1993-12-29,2640
"LBR",1994,1994-12-29,2700
"LBR",1995,1995-12-29,2760
"LBR",1996,1996-12-29,2820
"LBR",1997,1997-12-29,2879
"LBR",1998,1998-12-29,2666
"LBR",1999,1999-12-29,2930
"LBR",2000,2000-12-29,3154
"LBR",2001,2001-12-29,3155
"LBR",2002,2002-12-29,3071
"LBR",2003,2003-12-29,3124
"LBR",2004,2004-12-29,3185
"LBR",2005,2005-12-29,3270
"LBR",2006,2006-12-29,3385
"LBR",2007,2007-12-29,3522
"LBR",2008,2008-12-29,3673
"LBR",2009,2009-12-29,3821
"LBR",2010,2010-12-29,3958
"LBR",2011,2011-12-29,4080
"LBR",2012,2012-12-29,4190
"LBR",2013,2013-12-29,4286
"LBR",2014,2014-12-29,4391
"LBR",2015,2015-12-29,4500
"LBR",2016,2016-12-29,4614
"SIE",1961,1961-12-29,2276
"SIE",1962,1962-12-29,2313
"SIE",1963,1963-12-29,2350
"SIE",1964,1964-12-29,2388
"SIE",1965,1965-12-29,2429
"SIE",1966,1966-12-29,2470
"SIE",1967,1967-12-29,2514
"SIE",1968,1968-12-29,2559
"SIE",1969,1969-12-29,2606
"SIE",1970,1970-12-29,2656
"SIE",1971,1971-12-29,2707
"SIE",1972,1972-12-29,2761
"SIE",1973,1973-12-29,2816
"SIE",1974,1974-12-29,2873
"SIE",1975,1975-12-29,2931
"SIE",1976,1976-12-29,2989
"SIE",1977,1977-12-29,3049
"SIE",1978,1978-12-29,3110
"SIE",1979,1979-12-29,3172
"SIE",1980,1980-12-29,3236
"SIE",1981,1981-12-29,3301
"SIE",1982,1982-12-29,3367
"SIE",1983,1983-12-29,3435
"SIE",1984,1984-12-29,3507
"SIE",1985,1985-12-29,3585
"SIE",1986,1986-12-29,3670
"SIE",1987,1987-12-29,3762
"SIE",1988,1988-12-29,3853
"SIE",1989,1989-12-29,3933
"SIE",1990,1990-12-29,3997
"SIE",1991,1991-12-29,4040
"SIE",1992,1992-12-29,4066
"SIE",1993,1993-12-29,4089
"SIE",1994,1994-12-29,4127
"SIE",1995,1995-12-29,4195
"SIE",1996,1996-12-29,4297
"SIE",1997,1997-12-29,4428
"SIE",1998,1998-12-29,4568
"SIE",1999,1999-12-29,4717
"SIE",2000,2000-12-29,4854
"SIE",2001,2001-12-29,5054
"SIE",2002,2002-12-29,4493
"SIE",2003,2003-12-29,4713
"SIE",2004,2004-12-29,4928
"SIE",2005,2005-12-29,5120
"SIE",2006,2006-12-29,5281
"SIE",2007,2007-12-29,5416
"SIE",2008,2008-12-29,5532
"SIE",2009,2009-12-29,5641
"SIE",2010,2010-12-29,5752
"SIE",2011,2011-12-29,5865
"SIE",2012,2012-12-29,5979
"SIE",2013,2013-12-29,6922
"SIE",2014,2014-12-29,7079
"SIE",2015,2015-12-29,7237
"SIE",2016,2016-12-29,7396
"GHA",1957,1957-12-29,6159
"GHA",1958,1958-12-29,6360
"GHA",1959,1959-12-29,6564
"GHA",1960,1960-12-29,6777
"GHA",1961,1961-12-29,6960
"GHA",1962,1962-12-29,7148
"GHA",1963,1963-12-29,7436
"GHA",1964,1964-12-29,7643
"GHA",1965,1965-12-29,7831
"GHA",1966,1966-12-29,7995
"GHA",1967,1967-12-29,8140
"GHA",1968,1968-12-29,8279
"GHA",1969,1969-12-29,8433
"GHA",1970,1970-12-29,8633
"GHA",1971,1971-12-29,8858
"GHA",1972,1972-12-29,9086
"GHA",1973,1973-12-29,9354
"GHA",1974,1974-12-29,9607
"GHA",1975,1975-12-29,9866
"GHA",1976,1976-12-29,10309
"GHA",1977,1977-12-29,10188
"GHA",1978,1978-12-29,10352
"GHA",1979,1979-12-29,10550
"GHA",1980,1980-12-29,10808
"GHA",1981,1981-12-29,11135
"GHA",1982,1982-12-29,11521
"GHA",1983,1983-12-29,11950
"GHA",1984,1984-12-29,12393
"GHA",1985,1985-12-29,12717
"GHA",1986,1986-12-29,13050
"GHA",1987,1987-12-29,13391
"GHA",1988,1988-12-29,14138
"GHA",1989,1989-12-29,14575
"GHA",1990,1990-12-29,15018
"GHA",1991,1991-12-29,15468
"GHA",1992,1992-12-29,15923
"GHA",1993,1993-12-29,16385
"GHA",1994,1994-12-29,16856
"GHA",1995,1995-12-29,17338
"GHA",1996,1996-12-29,17832
"GHA",1997,1997-12-29,18338
"GHA",1998,1998-12-29,19162
"GHA",1999,1999-12-29,19678
"GHA",2000,2000-12-29,20212
"GHA",2001,2001-12-29,19396
"GHA",2002,2002-12-29,19786
"GHA",2003,2003-12-29,20302
"GHA",2004,2004-12-29,20836
"GHA",2005,2005-12-29,21384
"GHA",2006,2006-12-29,21948
"GHA",2007,2007-12-29,22526
"GHA",2008,2008-12-29,23110
"GHA",2009,2009-12-29,23692
"GHA",2010,2010-12-29,24263
"GHA",2011,2011-12-29,24821
"GHA",2012,2012-12-29,25366
"GHA",2013,2013-12-29,26346
"GHA",2014,2014-12-29,26963
"GHA",2015,2015-12-29,27583
"GHA",2016,2016-12-29,28207
"NIG",1960,1960-12-29,42305
"NIG",1961,1961-12-29,43515
"NIG",1962,1962-12-29,44782
"NIG",1963,1963-12-29,46084
"NIG",1964,1964-12-29,47389
"NIG",1965,1965-12-29,48676
"NIG",1966,1966-12-29,49937
"NIG",1967,1967-12-29,51183
"NIG",1968,1968-12-29,52435
"NIG",1969,1969-12-29,53723
"NIG",1970,1970-12-29,55070
"NIG",1971,1971-12-29,56486
"NIG",1972,1972-12-29,57965
"NIG",1973,1973-12-29,59508
"NIG",1974,1974-12-29,61111
"NIG",1975,1975-12-29,62770
"NIG",1976,1976-12-29,64488
"NIG",1977,1977-12-29,66272
"NIG",1978,1978-12-29,68121
"NIG",1979,1979-12-29,70037
"NIG",1980,1980-12-29,72024
"NIG",1981,1981-12-29,74082
"NIG",1982,1982-12-29,76214
"NIG",1983,1983-12-29,78422
"NIG",1984,1984-12-29,93327
"NIG",1985,1985-12-29,95690
"NIG",1986,1986-12-29,98168
"NIG",1987,1987-12-29,101408
"NIG",1988,1988-12-29,104957
"NIG",1989,1989-12-29,93336
"NIG",1990,1990-12-29,96154
"NIG",1991,1991-12-29,99087
"NIG",1992,1992-12-29,102128
"NIG",1993,1993-12-29,105265
"NIG",1994,1994-12-29,108468
"NIG",1995,1995-12-29,111722
"NIG",1996,1996-12-29,115020
"NIG",1997,1997-12-29,118369
"NIG",1998,1998-12-29,106409
"NIG",1999,1999-12-29,108945
"NIG",2000,2000-12-29,111506
"NIG",2001,2001-12-29,118801
"NIG",2002,2002-12-29,129225
"NIG",2003,2003-12-29,132550
"NIG",2004,2004-12-29,135999
"NIG",2005,2005-12-29,139586
"NIG",2006,2006-12-29,143315
"NIG",2007,2007-12-29,147187
"NIG",2008,2008-12-29,151208
"NIG",2009,2009-12-29,155381
"NIG",2010,2010-12-29,159708
"NIG",2011,2011-12-29,164193
"NIG",2012,2012-12-29,168834
"NIG",2013,2013-12-29,171829
"NIG",2014,2014-12-29,176461
"NIG",2015,2015-12-29,181182
"NIG",2016,2016-12-29,185990
"CEN",1960,1960-12-29,1297
"CEN",1961,1961-12-29,1323
"CEN",1962,1962-12-29,1349
"CEN",1963,1963-12-29,1376
"CEN",1964,1964-12-29,1404
"CEN",1965,1965-12-29,1432
"CEN",1966,1966-12-29,1465
"CEN",1967,1967-12-29,1502
"CEN",1968,1968-12-29,1537
"CEN",1969,1969-12-29,1575
"CEN",1970,1970-12-29,1870
"CEN",1971,1971-12-29,1869
"CEN",1972,1972-12-29,1915
"CEN",1973,1973-12-29,1963
"CEN",1974,1974-12-29,2012
"CEN",1975,1975-12-29,2046
"CEN",1976,1976-12-29,2097
"CEN",1977,1977-12-29,2167
"CEN",1978,1978-12-29,2221
"CEN",1979,1979-12-29,2277
"CEN",1980,1980-12-29,2309
"CEN",1981,1981-12-29,2367
"CEN",1982,1982-12-29,2422
"CEN",1983,1983-12-29,2478
"CEN",1984,1984-12-29,2536
"CEN",1985,1985-12-29,2608
"CEN",1986,1986-12-29,2740
"CEN",1987,1987-12-29,2725
"CEN",1988,1988-12-29,2878
"CEN",1989,1989-12-29,2989
"CEN",1990,1990-12-29,2929
"CEN",1991,1991-12-29,2997
"CEN",1992,1992-12-29,3065
"CEN",1993,1993-12-29,3134
"CEN",1994,1994-12-29,3203
"CEN",1995,1995-12-29,3273
"CEN",1996,1996-12-29,3344
"CEN",1997,1997-12-29,3245
"CEN",1998,1998-12-29,3485
"CEN",1999,1999-12-29,3550
"CEN",2000,2000-12-29,3615
"CEN",2001,2001-12-29,3820
"CEN",2002,2002-12-29,3767
"CEN",2003,2003-12-29,3830
"CEN",2004,2004-12-29,3894
"CEN",2005,2005-12-29,3961
"CEN",2006,2006-12-29,4032
"CEN",2007,2007-12-29,4107
"CEN",2008,2008-12-29,4185
"CEN",2009,2009-12-29,4266
"CEN",2010,2010-12-29,4350
"CEN",2011,2011-12-29,4436
"CEN",2012,2012-12-29,4525
"CEN",2013,2013-12-29,4500
"CEN",2014,2014-12-29,4515
"CEN",2015,2015-12-29,4546
"CEN",2016,2016-12-29,4595
"CHA",1960,1960-12-29,3064
"CHA",1961,1961-12-29,3114
"CHA",1962,1962-12-29,3166
"CHA",1963,1963-12-29,3220
"CHA",1964,1964-12-29,3254
"CHA",1965,1965-12-29,3310
"CHA",1966,1966-12-29,3371
"CHA",1967,1967-12-29,3428
"CHA",1968,1968-12-29,3497
"CHA",1969,1969-12-29,3568
"CHA",1970,1970-12-29,3640
"CHA",1971,1971-12-29,3715
"CHA",1972,1972-12-29,3791
"CHA",1973,1973-12-29,3871
"CHA",1974,1974-12-29,3949
"CHA",1975,1975-12-29,4030
"CHA",1976,1976-12-29,4116
"CHA",1977,1977-12-29,4213
"CHA",1978,1978-12-29,4309
"CHA",1979,1979-12-29,4379
"CHA",1980,1980-12-29,4477
"CHA",1981,1981-12-29,4581
"CHA",1982,1982-12-29,4690
"CHA",1983,1983-12-29,4802
"CHA",1984,1984-12-29,4913
"CHA",1985,1985-12-29,5020
"CHA",1986,1986-12-29,5122
"CHA",1987,1987-12-29,5221
"CHA",1988,1988-12-29,5322
"CHA",1989,1989-12-29,5556
"CHA",1990,1990-12-29,5687
"CHA",1991,1991-12-29,5819
"CHA",1992,1992-12-29,5961
"CHA",1993,1993-12-29,6098
"CHA",1994,1994-12-29,6214
"CHA",1995,1995-12-29,6335
"CHA",1996,1996-12-29,6515
"CHA",1997,1997-12-29,6702
"CHA",1998,1998-12-29,7270
"CHA",1999,1999-12-29,7458
"CHA",2000,2000-12-29,7651
"CHA",2001,2001-12-29,8322
"CHA",2002,2002-12-29,8960
"CHA",2003,2003-12-29,9311
"CHA",2004,2004-12-29,9665
"CHA",2005,2005-12-29,10014
"CHA",2006,2006-12-29,10357
"CHA",2007,2007-12-29,10694
"CHA",2008,2008-12-29,11031
"CHA",2009,2009-12-29,11371
"CHA",2010,2010-12-29,11721
"CHA",2011,2011-12-29,12080
"CHA",2012,2012-12-29,12448
"CHA",2013,2013-12-29,13134
"CHA",2014,2014-12-29,13569
"CHA",2015,2015-12-29,14009
"CHA",2016,2016-12-29,14453
"CON",1960,1960-12-29,988
"CON",1961,1961-12-29,1010
"CON",1962,1962-12-29,1034
"CON",1963,1963-12-29,1059
"CON",1964,1964-12-29,1084
"CON",1965,1965-12-29,1111
"CON",1966,1966-12-29,1139
"CON",1967,1967-12-29,1168
"CON",1968,1968-12-29,1198
"CON",1969,1969-12-29,1230
"CON",1970,1970-12-29,1263
"CON",1971,1971-12-29,1297
"CON",1972,1972-12-29,1332
"CON",1973,1973-12-29,1369
"CON",1974,1974-12-29,1407
"CON",1975,1975-12-29,1447
"CON",1976,1976-12-29,1489
"CON",1977,1977-12-29,1532
"CON",1978,1978-12-29,1576
"CON",1979,1979-12-29,1622
"CON",1980,1980-12-29,1669
"CON",1981,1981-12-29,1717
"CON",1982,1982-12-29,1766
"CON",1983,1983-12-29,1817
"CON",1984,1984-12-29,1869
"CON",1985,1985-12-29,1924
"CON",1986,1986-12-29,1981
"CON",1987,1987-12-29,2041
"CON",1988,1988-12-29,2102
"CON",1989,1989-12-29,2166
"CON",1990,1990-12-29,2232
"CON",1991,1991-12-29,2301
"CON",1992,1992-12-29,2372
"CON",1993,1993-12-29,2444
"CON",1994,1994-12-29,2518
"CON",1995,1995-12-29,2593
"CON",1996,1996-12-29,2668
"CON",1997,1997-12-29,2745
"CON",1998,1998-12-29,2785
"CON",1999,1999-12-29,2864
"CON",2000,2000-12-29,2943
"CON",2001,2001-12-29,2974
"CON",2002,2002-12-29,3284
"CON",2003,2003-12-29,3363
"CON",2004,2004-12-29,3449
"CON",2005,2005-12-29,3543
"CON",2006,2006-12-29,3647
"CON",2007,2007-12-29,3759
"CON",2008,2008-12-29,3876
"CON",2009,2009-12-29,3995
"CON",2010,2010-12-29,4112
"CON",2011,2011-12-29,4225
"CON",2012,2012-12-29,4337
"CON",2013,2013-12-29,4751
"CON",2014,2014-12-29,4871
"CON",2015,2015-12-29,4996
"CON",2016,2016-12-29,5126
"DRC",1960,1960-12-29,14106
"DRC",1961,1961-12-29,14698
"DRC",1962,1962-12-29,15376
"DRC",1963,1963-12-29,15974
"DRC",1964,1964-12-29,16661
"DRC",1965,1965-12-29,17378
"DRC",1966,1966-12-29,18125
"DRC",1967,1967-12-29,18904
"DRC",1968,1968-12-29,19778
"DRC",1969,1969-12-29,20565
"DRC",1970,1970-12-29,21638
"DRC",1971,1971-12-29,22244
"DRC",1972,1972-12-29,22860
"DRC",1973,1973-12-29,23508
"DRC",1974,1974-12-29,24166
"DRC",1975,1975-12-29,22582
"DRC",1976,1976-12-29,23286
"DRC",1977,1977-12-29,24017
"DRC",1978,1978-12-29,24774
"DRC",1979,1979-12-29,25561
"DRC",1980,1980-12-29,26377
"DRC",1981,1981-12-29,27233
"DRC",1982,1982-12-29,28119
"DRC",1983,1983-12-29,29039
"DRC",1984,1984-12-29,29917
"DRC",1985,1985-12-29,30981
"DRC",1986,1986-12-29,31499
"DRC",1987,1987-12-29,32461
"DRC",1988,1988-12-29,33458
"DRC",1989,1989-12-29,34491
"DRC",1990,1990-12-29,35562
"DRC",1991,1991-12-29,36672
"DRC",1992,1992-12-29,40568
"DRC",1993,1993-12-29,42276
"DRC",1994,1994-12-29,43930
"DRC",1995,1995-12-29,45453
"DRC",1996,1996-12-29,46812
"DRC",1997,1997-12-29,48040
"DRC",1998,1998-12-29,49139
"DRC",1999,1999-12-29,50335
"DRC",2000,2000-12-29,51654
"DRC",2001,2001-12-29,51667
"DRC",2002,2002-12-29,49517
"DRC",2003,2003-12-29,50972
"DRC",2004,2004-12-29,52487
"DRC",2005,2005-12-29,54028
"DRC",2006,2006-12-29,55591
"DRC",2007,2007-12-29,57188
"DRC",2008,2008-12-29,58819
"DRC",2009,2009-12-29,60486
"DRC",2010,2010-12-29,62191
"DRC",2011,2011-12-29,63932
"DRC",2012,2012-12-29,65705
"DRC",2013,2013-12-29,71316
"DRC",2014,2014-12-29,73723
"DRC",2015,2015-12-29,76197
"DRC",2016,2016-12-29,78736
"UGA",1962,1962-12-29,7100
"UGA",1963,1963-12-29,7398
"UGA",1964,1964-12-29,7715
"UGA",1965,1965-12-29,8047
"UGA",1966,1966-12-29,8397
"UGA",1967,1967-12-29,8762
"UGA",1968,1968-12-29,9130
"UGA",1969,1969-12-29,9549
"UGA",1970,1970-12-29,9806
"UGA",1971,1971-12-29,10127
"UGA",1972,1972-12-29,10462
"UGA",1973,1973-12-29,10810
"UGA",1974,1974-12-29,11172
"UGA",1975,1975-12-29,11549
"UGA",1976,1976-12-29,11943
"UGA",1977,1977-12-29,12352
"UGA",1978,1978-12-29,12780
"UGA",1979,1979-12-29,13225
"UGA",1980,1980-12-29,13120
"UGA",1981,1981-12-29,13472
"UGA",1982,1982-12-29,13804
"UGA",1983,1983-12-29,14123
"UGA",1984,1984-12-29,14439
"UGA",1985,1985-12-29,14762
"UGA",1986,1986-12-29,15089
"UGA",1987,1987-12-29,15421
"UGA",1988,1988-12-29,15778
"UGA",1989,1989-12-29,16182
"UGA",1990,1990-12-29,16649
"UGA",1991,1991-12-29,17190
"UGA",1992,1992-12-29,17796
"UGA",1993,1993-12-29,18440
"UGA",1994,1994-12-29,19080
"UGA",1995,1995-12-29,19263
"UGA",1996,1996-12-29,19848
"UGA",1997,1997-12-29,20438
"UGA",1998,1998-12-29,20554
"UGA",1999,1999-12-29,21143
"UGA",2000,2000-12-29,21778
"UGA",2001,2001-12-29,23310
"UGA",2002,2002-12-29,25943
"UGA",2003,2003-12-29,26838
"UGA",2004,2004-12-29,27767
"UGA",2005,2005-12-29,28725
"UGA",2006,2006-12-29,29711
"UGA",2007,2007-12-29,30729
"UGA",2008,2008-12-29,31779
"UGA",2009,2009-12-29,32864
"UGA",2010,2010-12-29,33987
"UGA",2011,2011-12-29,35148
"UGA",2012,2012-12-29,36346
"UGA",2013,2013-12-29,37554
"UGA",2014,2014-12-29,38833
"UGA",2015,2015-12-29,40145
"UGA",2016,2016-12-29,41488
"KEN",1963,1963-12-29,9147
"KEN",1964,1964-12-29,9442
"KEN",1965,1965-12-29,9749
"KEN",1966,1966-12-29,9777
"KEN",1967,1967-12-29,10122
"KEN",1968,1968-12-29,10483
"KEN",1969,1969-12-29,10881
"KEN",1970,1970-12-29,11247
"KEN",1971,1971-12-29,11694
"KEN",1972,1972-12-29,12095
"KEN",1973,1973-12-29,12504
"KEN",1974,1974-12-29,12935
"KEN",1975,1975-12-29,13413
"KEN",1976,1976-12-29,13853
"KEN",1977,1977-12-29,14348
"KEN",1978,1978-12-29,14875
"KEN",1979,1979-12-29,15327
"KEN",1980,1980-12-29,16667
"KEN",1981,1981-12-29,17342
"KEN",1982,1982-12-29,18044
"KEN",1983,1983-12-29,18775
"KEN",1984,1984-12-29,19536
"KEN",1985,1985-12-29,20333
"KEN",1986,1986-12-29,21163
"KEN",1987,1987-12-29,22936
"KEN",1988,1988-12-29,23883
"KEN",1989,1989-12-29,24872
"KEN",1990,1990-12-29,24032
"KEN",1991,1991-12-29,25905
"KEN",1992,1992-12-29,25700
"KEN",1993,1993-12-29,28113
"KEN",1994,1994-12-29,29292
"KEN",1995,1995-12-29,30522
"KEN",1996,1996-12-29,31806
"KEN",1997,1997-12-29,33144
"KEN",1998,1998-12-29,29008
"KEN",1999,1999-12-29,29549
"KEN",2000,2000-12-29,30080
"KEN",2001,2001-12-29,31121
"KEN",2002,2002-12-29,33001
"KEN",2003,2003-12-29,33905
"KEN",2004,2004-12-29,34835
"KEN",2005,2005-12-29,35786
"KEN",2006,2006-12-29,36757
"KEN",2007,2007-12-29,37752
"KEN",2008,2008-12-29,38773
"KEN",2009,2009-12-29,39825
"KEN",2010,2010-12-29,40909
"KEN",2011,2011-12-29,42028
"KEN",2012,2012-12-29,43178
"KEN",2013,2013-12-29,44827
"KEN",2014,2014-12-29,46024
"KEN",2015,2015-12-29,47236
"KEN",2016,2016-12-29,48462
"TAZ",1961,1961-12-29,10266
"TAZ",1962,1962-12-29,10523
"TAZ",1963,1963-12-29,10786
"TAZ",1964,1964-12-29,11055
"TAZ",1965,1965-12-29,11673
"TAZ",1966,1966-12-29,11962
"TAZ",1967,1967-12-29,12259
"TAZ",1968,1968-12-29,12588
"TAZ",1969,1969-12-29,12926
"TAZ",1970,1970-12-29,13273
"TAZ",1971,1971-12-29,13630
"TAZ",1972,1972-12-29,13996
"TAZ",1973,1973-12-29,14372
"TAZ",1974,1974-12-29,14758
"TAZ",1975,1975-12-29,15312
"TAZ",1976,1976-12-29,16412
"TAZ",1977,1977-12-29,16920
"TAZ",1978,1978-12-29,17443
"TAZ",1979,1979-12-29,17982
"TAZ",1980,1980-12-29,18580
"TAZ",1981,1981-12-29,19171
"TAZ",1982,1982-12-29,19782
"TAZ",1983,1983-12-29,20412
"TAZ",1984,1984-12-29,21062
"TAZ",1985,1985-12-29,21733
"TAZ",1986,1986-12-29,22462
"TAZ",1987,1987-12-29,23217
"TAZ",1988,1988-12-29,23997
"TAZ",1989,1989-12-29,24802
"TAZ",1990,1990-12-29,25635
"TAZ",1991,1991-12-29,26365
"TAZ",1992,1992-12-29,27301
"TAZ",1993,1993-12-29,28253
"TAZ",1994,1994-12-29,29172
"TAZ",1995,1995-12-29,30337
"TAZ",1996,1996-12-29,30799
"TAZ",1997,1997-12-29,31507
"TAZ",1998,1998-12-29,32102
"TAZ",1999,1999-12-29,32793
"TAZ",2000,2000-12-29,33517
"TAZ",2001,2001-12-29,33524
"TAZ",2002,2002-12-29,35806
"TAZ",2003,2003-12-29,36761
"TAZ",2004,2004-12-29,37765
"TAZ",2005,2005-12-29,38824
"TAZ",2006,2006-12-29,39942
"TAZ",2007,2007-12-29,41120
"TAZ",2008,2008-12-29,42354
"TAZ",2009,2009-12-29,43640
"TAZ",2010,2010-12-29,44973
"TAZ",2011,2011-12-29,46355
"TAZ",2012,2012-12-29,47783
"TAZ",2013,2013-12-29,50637
"TAZ",2014,2014-12-29,52235
"TAZ",2015,2015-12-29,53880
"TAZ",2016,2016-12-29,55572
"RWA",1962,1962-12-29,2830
"RWA",1963,1963-12-29,2924
"RWA",1964,1964-12-29,3020
"RWA",1965,1965-12-29,3130
"RWA",1966,1966-12-29,3257
"RWA",1967,1967-12-29,3369
"RWA",1968,1968-12-29,3462
"RWA",1969,1969-12-29,3566
"RWA",1970,1970-12-29,3690
"RWA",1971,1971-12-29,3799
"RWA",1972,1972-12-29,3886
"RWA",1973,1973-12-29,3992
"RWA",1974,1974-12-29,4098
"RWA",1975,1975-12-29,4193
"RWA",1976,1976-12-29,4288
"RWA",1977,1977-12-29,4362
"RWA",1978,1978-12-29,4800
"RWA",1979,1979-12-29,4978
"RWA",1980,1980-12-29,5162
"RWA",1981,1981-12-29,5353
"RWA",1982,1982-12-29,5551
"RWA",1983,1983-12-29,5757
"RWA",1984,1984-12-29,5840
"RWA",1985,1985-12-29,6052
"RWA",1986,1986-12-29,6313
"RWA",1987,1987-12-29,6610
"RWA",1988,1988-12-29,6873
"RWA",1989,1989-12-29,7007
"RWA",1990,1990-12-29,7181
"RWA",1991,1991-12-29,6670
"RWA",1992,1992-12-29,6200
"RWA",1993,1993-12-29,5678
"RWA",1994,1994-12-29,5296
"RWA",1995,1995-12-29,5184
"RWA",1996,1996-12-29,5397
"RWA",1997,1997-12-29,5883
"RWA",1998,1998-12-29,6604
"RWA",1999,1999-12-29,7235
"RWA",2000,2000-12-29,7733
"RWA",2001,2001-12-29,7740
"RWA",2002,2002-12-29,8988
"RWA",2003,2003-12-29,9126
"RWA",2004,2004-12-29,9254
"RWA",2005,2005-12-29,9429
"RWA",2006,2006-12-29,9661
"RWA",2007,2007-12-29,9928
"RWA",2008,2008-12-29,10223
"RWA",2009,2009-12-29,10530
"RWA",2010,2010-12-29,10837
"RWA",2011,2011-12-29,11144
"RWA",2012,2012-12-29,11458
"RWA",2013,2013-12-29,11065
"RWA",2014,2014-12-29,11345
"RWA",2015,2015-12-29,11630
"RWA",2016,2016-12-29,11918
"SOM",1960,1960-12-29,3785
"SOM",1961,1961-12-29,3869
"SOM",1962,1962-12-29,3957
"SOM",1963,1963-12-29,4048
"SOM",1964,1964-12-29,4142
"SOM",1965,1965-12-29,4239
"SOM",1966,1966-12-29,2555
"SOM",1967,1967-12-29,2610
"SOM",1968,1968-12-29,2667
"SOM",1969,1969-12-29,2726
"SOM",1970,1970-12-29,4791
"SOM",1971,1971-12-29,4905
"SOM",1972,1972-12-29,5020
"SOM",1973,1973-12-29,5145
"SOM",1974,1974-12-29,5293
"SOM",1975,1975-12-29,5471
"SOM",1976,1976-12-29,5683
"SOM",1977,1977-12-29,5924
"SOM",1978,1978-12-29,6185
"SOM",1979,1979-12-29,6451
"SOM",1980,1980-12-29,6713
"SOM",1981,1981-12-29,6968
"SOM",1982,1982-12-29,7218
"SOM",1983,1983-12-29,7456
"SOM",1984,1984-12-29,7676
"SOM",1985,1985-12-29,7875
"SOM",1986,1986-12-29,8053
"SOM",1987,1987-12-29,8211
"SOM",1988,1988-12-29,8354
"SOM",1989,1989-12-29,8489
"SOM",1990,1990-12-29,8623
"SOM",1991,1991-12-29,8753
"SOM",1992,1992-12-29,8884
"SOM",1993,1993-12-29,9035
"SOM",1994,1994-12-29,9232
"SOM",1995,1995-12-29,9491
"SOM",1996,1996-12-29,9822
"SOM",1997,1997-12-29,10217
"SOM",1998,1998-12-29,9237
"SOM",1999,1999-12-29,9672
"SOM",2000,2000-12-29,10097
"SOM",2001,2001-12-29,10097
"SOM",2002,2002-12-29,7826
"SOM",2003,2003-12-29,8038
"SOM",2004,2004-12-29,8250
"SOM",2005,2005-12-29,8467
"SOM",2006,2006-12-29,8688
"SOM",2007,2007-12-29,8911
"SOM",2008,2008-12-29,9140
"SOM",2009,2009-12-29,9381
"SOM",2010,2010-12-29,9636
"SOM",2011,2011-12-29,9908
"SOM",2012,2012-12-29,10195
"SOM",2013,2013-12-29,13132
"SOM",2014,2014-12-29,13513
"SOM",2015,2015-12-29,13908
"SOM",2016,2016-12-29,14318
"ETH",1898,1898-12-30,7666
"ETH",1899,1899-12-30,7751
"ETH",1900,1900-12-30,7837
"ETH",1901,1901-12-30,7923
"ETH",1902,1902-12-30,8009
"ETH",1903,1903-12-30,7096
"ETH",1904,1904-12-30,8185
"ETH",1905,1905-12-30,8274
"ETH",1906,1906-12-30,8365
"ETH",1907,1907-12-30,8456
"ETH",1908,1908-12-30,8548
"ETH",1909,1909-12-30,8641
"ETH",1910,1910-12-30,8736
"ETH",1911,1911-12-30,8831
"ETH",1912,1912-12-30,8928
"ETH",1913,1913-12-30,9025
"ETH",1914,1914-12-29,9110
"ETH",1915,1915-12-29,9195
"ETH",1916,1916-12-29,9281
"ETH",1917,1917-12-29,9368
"ETH",1918,1918-12-30,9456
"ETH",1919,1919-12-30,9544
"ETH",1920,1920-12-30,9634
"ETH",1921,1921-12-30,9724
"ETH",1922,1922-12-30,9815
"ETH",1923,1923-12-30,9907
"ETH",1924,1924-12-30,10000
"ETH",1925,1925-12-30,10262
"ETH",1926,1926-12-30,10530
"ETH",1927,1927-12-30,10806
"ETH",1928,1928-12-30,11088
"ETH",1929,1929-12-30,11379
"ETH",1930,1930-12-30,11676
"ETH",1931,1931-12-30,11982
"ETH",1932,1932-12-30,12295
"ETH",1933,1933-12-30,12617
"ETH",1934,1934-12-30,12947
"ETH",1935,1935-12-30,13286
"ETH",1936,1936-12-30,13634
"ETH",1941,1941-12-29,15513
"ETH",1942,1942-12-29,15919
"ETH",1943,1943-12-29,16336
"ETH",1944,1944-12-29,16763
"ETH",1945,1945-12-29,17202
"ETH",1946,1946-12-29,17652
"ETH",1947,1947-12-29,18114
"ETH",1948,1948-12-29,18588
"ETH",1949,1949-12-29,19074
"ETH",1950,1950-12-29,19573
"ETH",1951,1951-12-29,19974
"ETH",1952,1952-12-29,20382
"ETH",1953,1953-12-29,20800
"ETH",1954,1954-12-29,21232
"ETH",1955,1955-12-29,19100
"ETH",1956,1956-12-29,19400
"ETH",1957,1957-12-29,19800
"ETH",1958,1958-12-29,20100
"ETH",1959,1959-12-29,20400
"ETH",1960,1960-12-29,20700
"ETH",1961,1961-12-29,21162
"ETH",1962,1962-12-29,21535
"ETH",1963,1963-12-29,21908
"ETH",1964,1964-12-29,26516
"ETH",1965,1965-12-29,22699
"ETH",1966,1966-12-29,23143
"ETH",1967,1967-12-29,22871
"ETH",1968,1968-12-29,23438
"ETH",1969,1969-12-29,24022
"ETH",1970,1970-12-29,24626
"ETH",1971,1971-12-29,25248
"ETH",1972,1972-12-29,25890
"ETH",1973,1973-12-29,26188
"ETH",1974,1974-12-29,26782
"ETH",1975,1975-12-29,27102
"ETH",1976,1976-12-29,35157
"ETH",1977,1977-12-29,36053
"ETH",1978,1978-12-29,36972
"ETH",1979,1979-12-29,30421
"ETH",1980,1980-12-29,31065
"ETH",1981,1981-12-29,39591
"ETH",1982,1982-12-29,32775
"ETH",1983,1983-12-29,33680
"ETH",1984,1984-12-29,42072
"ETH",1985,1985-12-29,44255
"ETH",1986,1986-12-29,45737
"ETH",1987,1987-12-29,47189
"ETH",1988,1988-12-29,48587
"ETH",1989,1989-12-29,50167
"ETH",1990,1990-12-29,51689
"ETH",1991,1991-12-29,53383
"ETH",1992,1992-12-29,55117
"ETH",1993,1993-12-29,53236
"ETH",1994,1994-12-29,54938
"ETH",1995,1995-12-29,56677
"ETH",1996,1996-12-29,58506
"ETH",1997,1997-12-29,60148
"ETH",1998,1998-12-29,59649
"ETH",1999,1999-12-29,61095
"ETH",2000,2000-12-29,62565
"ETH",2001,2001-12-29,65374
"ETH",2002,2002-12-29,69948
"ETH",2003,2003-12-29,71990
"ETH",2004,2004-12-29,74066
"ETH",2005,2005-12-29,76167
"ETH",2006,2006-12-29,78291
"ETH",2007,2007-12-29,80441
"ETH",2008,2008-12-29,82621
"ETH",2009,2009-12-29,84838
"ETH",2010,2010-12-29,87095
"ETH",2011,2011-12-29,89393
"ETH",2012,2012-12-29,91729
"ETH",2013,2013-12-29,94888
"ETH",2014,2014-12-29,97367
"ETH",2015,2015-12-29,99873
"ETH",2016,2016-12-29,102403
"ERI",1993,1993-12-29,3017
"ERI",1994,1994-12-29,3084
"ERI",1995,1995-12-29,3171
"ERI",1996,1996-12-29,3280
"ERI",1997,1997-12-29,3409
"ERI",1998,1998-12-29,3577
"ERI",1999,1999-12-29,3719
"ERI",2000,2000-12-29,3850
"ERI",2001,2001-12-29,3852
"ERI",2002,2002-12-29,4282
"ERI",2003,2003-12-29,4473
"ERI",2004,2004-12-29,4666
"ERI",2005,2005-12-29,4854
"ERI",2006,2006-12-29,5035
"ERI",2007,2007-12-29,5210
"ERI",2008,2008-12-29,5382
"ERI",2009,2009-12-29,5558
"ERI",2010,2010-12-29,5741
"ERI",2011,2011-12-29,5933
"ERI",2012,2012-12-29,6131
"ERI",2013,2013-12-29,4651
"ERI",2014,2014-12-29,4746
"ERI",2015,2015-12-29,4847
"ERI",2016,2016-12-29,4955
"ANG",1975,1975-12-29,6123
"ANG",1976,1976-12-29,6277
"ANG",1977,1977-12-29,6450
"ANG",1978,1978-12-29,6636
"ANG",1979,1979-12-29,6828
"ANG",1980,1980-12-29,7019
"ANG",1981,1981-12-29,7209
"ANG",1982,1982-12-29,7399
"ANG",1983,1983-12-29,7592
"ANG",1984,1984-12-29,7793
"ANG",1985,1985-12-29,8003
"ANG",1986,1986-12-29,8225
"ANG",1987,1987-12-29,8457
"ANG",1988,1988-12-29,8700
"ANG",1989,1989-12-29,9739
"ANG",1990,1990-12-29,10020
"ANG",1991,1991-12-29,9515
"ANG",1992,1992-12-29,10609
"ANG",1993,1993-12-29,10133
"ANG",1994,1994-12-29,10466
"ANG",1995,1995-12-29,10816
"ANG",1996,1996-12-29,11185
"ANG",1997,1997-12-29,11569
"ANG",1998,1998-12-29,12092
"ANG",1999,1999-12-29,12479
"ANG",2000,2000-12-29,12878
"ANG",2001,2001-12-29,12883
"ANG",2002,2002-12-29,14887
"ANG",2003,2003-12-29,15421
"ANG",2004,2004-12-29,15977
"ANG",2005,2005-12-29,16544
"ANG",2006,2006-12-29,17122
"ANG",2007,2007-12-29,17713
"ANG",2008,2008-12-29,18314
"ANG",2009,2009-12-29,18927
"ANG",2010,2010-12-29,19549
"ANG",2011,2011-12-29,20180
"ANG",2012,2012-12-29,20821
"ANG",2013,2013-12-29,25998
"ANG",2014,2014-12-29,26920
"ANG",2015,2015-12-29,27859
"ANG",2016,2016-12-29,28813
"ZAM",1964,1964-12-29,3596
"ZAM",1965,1965-12-29,3695
"ZAM",1966,1966-12-29,3797
"ZAM",1967,1967-12-29,3902
"ZAM",1968,1968-12-29,4010
"ZAM",1969,1969-12-29,4125
"ZAM",1970,1970-12-29,4238
"ZAM",1971,1971-12-29,4358
"ZAM",1972,1972-12-29,4483
"ZAM",1973,1973-12-29,4614
"ZAM",1974,1974-12-29,4751
"ZAM",1975,1975-12-29,4893
"ZAM",1976,1976-12-29,5041
"ZAM",1977,1977-12-29,5195
"ZAM",1978,1978-12-29,5355
"ZAM",1979,1979-12-29,5522
"ZAM",1980,1980-12-29,5738
"ZAM",1981,1981-12-29,5869
"ZAM",1982,1982-12-29,6052
"ZAM",1983,1983-12-29,6242
"ZAM",1984,1984-12-29,6440
"ZAM",1985,1985-12-29,6725
"ZAM",1986,1986-12-29,6560
"ZAM",1987,1987-12-29,6720
"ZAM",1988,1988-12-29,7531
"ZAM",1989,1989-12-29,7804
"ZAM",1990,1990-12-29,8073
"ZAM",1991,1991-12-29,7389
"ZAM",1992,1992-12-29,7555
"ZAM",1993,1993-12-29,7723
"ZAM",1994,1994-12-29,7897
"ZAM",1995,1995-12-29,8081
"ZAM",1996,1996-12-29,8275
"ZAM",1997,1997-12-29,8478
"ZAM",1998,1998-12-29,8781
"ZAM",1999,1999-12-29,8976
"ZAM",2000,2000-12-29,9169
"ZAM",2001,2001-12-29,10089
"ZAM",2002,2002-12-29,10625
"ZAM",2003,2003-12-29,10895
"ZAM",2004,2004-12-29,11175
"ZAM",2005,2005-12-29,11470
"ZAM",2006,2006-12-29,11782
"ZAM",2007,2007-12-29,12110
"ZAM",2008,2008-12-29,12457
"ZAM",2009,2009-12-29,12825
"ZAM",2010,2010-12-29,13217
"ZAM",2011,2011-12-29,13634
"ZAM",2012,2012-12-29,14075
"ZAM",2013,2013-12-29,15153
"ZAM",2014,2014-12-29,15621
"ZAM",2015,2015-12-29,16101
"ZAM",2016,2016-12-29,16591
"ZIM",1965,1965-12-29,4475
"ZIM",1966,1966-12-29,4630
"ZIM",1967,1967-12-29,4790
"ZIM",1968,1968-12-29,4960
"ZIM",1969,1969-12-29,5130
"ZIM",1970,1970-12-29,5310
"ZIM",1971,1971-12-29,5550
"ZIM",1972,1972-12-29,5690
"ZIM",1973,1973-12-29,5890
"ZIM",1974,1974-12-29,6080
"ZIM",1975,1975-12-29,6280
"ZIM",1976,1976-12-29,6330
"ZIM",1977,1977-12-29,6520
"ZIM",1978,1978-12-29,6720
"ZIM",1979,1979-12-29,6930
"ZIM",1980,1980-12-29,7096
"ZIM",1981,1981-12-29,7360
"ZIM",1982,1982-12-29,7477
"ZIM",1983,1983-12-29,7740
"ZIM",1984,1984-12-29,7980
"ZIM",1985,1985-12-29,8379
"ZIM",1986,1986-12-29,8406
"ZIM",1987,1987-12-29,8640
"ZIM",1988,1988-12-29,8878
"ZIM",1989,1989-12-29,9122
"ZIM",1990,1990-12-29,9369
"ZIM",1991,1991-12-29,10136
"ZIM",1992,1992-12-29,10410
"ZIM",1993,1993-12-29,10779
"ZIM",1994,1994-12-29,11150
"ZIM",1995,1995-12-29,11526
"ZIM",1996,1996-12-29,11908
"ZIM",1997,1997-12-29,12294
"ZIM",1998,1998-12-29,11377
"ZIM",1999,1999-12-29,11529
"ZIM",2000,2000-12-29,11669
"ZIM",2001,2001-12-29,12960
"ZIM",2002,2002-12-29,12641
"ZIM",2003,2003-12-29,12673
"ZIM",2004,2004-12-29,12693
"ZIM",2005,2005-12-29,12711
"ZIM",2006,2006-12-29,12724
"ZIM",2007,2007-12-29,12740
"ZIM",2008,2008-12-29,12784
"ZIM",2009,2009-12-29,12889
"ZIM",2010,2010-12-29,13077
"ZIM",2011,2011-12-29,13359
"ZIM",2012,2012-12-29,13724
"ZIM",2013,2013-12-29,15055
"ZIM",2014,2014-12-29,15412
"ZIM",2015,2015-12-29,15777
"ZIM",2016,2016-12-29,16150
"SAF",1920,1920-12-30,6842
"SAF",1921,1921-12-30,6958
"SAF",1922,1922-12-30,7129
"SAF",1923,1923-12-30,7310
"SAF",1924,1924-12-30,7489
"SAF",1925,1925-12-30,7664
"SAF",1926,1926-12-30,7841
"SAF",1927,1927-12-30,8014
"SAF",1928,1928-12-30,8190
"SAF",1929,1929-12-30,8364
"SAF",1930,1930-12-30,8541
"SAF",1931,1931-12-30,8718
"SAF",1932,1932-12-30,8898
"SAF",1933,1933-12-30,9074
"SAF",1934,1934-12-30,9254
"SAF",1935,1935-12-30,9435
"SAF",1936,1936-12-30,9618
"SAF",1937,1937-12-30,9802
"SAF",1938,1938-12-30,9986
"SAF",1939,1939-12-30,10170
"SAF",1940,1940-12-29,10353
"SAF",1941,1941-12-29,10536
"SAF",1942,1942-12-29,10716
"SAF",1943,1943-12-29,10899
"SAF",1944,1944-12-29,11081
"SAF",1945,1945-12-29,11265
"SAF",1946,1946-12-29,11451
"SAF",1947,1947-12-29,11690
"SAF",1948,1948-12-29,11957
"SAF",1949,1949-12-29,12212
"SAF",1950,1950-12-29,13310
"SAF",1951,1951-12-29,13609
"SAF",1952,1952-12-29,13918
"SAF",1953,1953-12-29,14240
"SAF",1954,1954-12-29,14569
"SAF",1955,1955-12-29,14911
"SAF",1956,1956-12-29,15257
"SAF",1957,1957-12-29,15618
"SAF",1958,1958-12-29,15994
"SAF",1959,1959-12-29,16385
"SAF",1960,1960-12-29,17122
"SAF",1961,1961-12-29,17577
"SAF",1962,1962-12-29,18048
"SAF",1963,1963-12-29,18547
"SAF",1964,1964-12-29,19076
"SAF",1965,1965-12-29,19607
"SAF",1966,1966-12-29,20162
"SAF",1967,1967-12-29,20725
"SAF",1968,1968-12-29,21292
"SAF",1969,1969-12-29,21881
"SAF",1970,1970-12-29,22458
"SAF",1971,1971-12-29,23056
"SAF",1972,1972-12-29,23683
"SAF",1973,1973-12-29,24333
"SAF",1974,1974-12-29,24997
"SAF",1975,1975-12-29,25669
"SAF",1976,1976-12-29,26347
"SAF",1977,1977-12-29,27032
"SAF",1978,1978-12-29,27728
"SAF",1979,1979-12-29,28440
"SAF",1980,1980-12-29,29170
"SAF",1981,1981-12-29,29919
"SAF",1982,1982-12-29,30686
"SAF",1983,1983-12-29,31467
"SAF",1984,1984-12-29,32254
"SAF",1985,1985-12-29,33043
"SAF",1986,1986-12-29,33833
"SAF",1987,1987-12-29,34626
"SAF",1988,1988-12-29,35425
"SAF",1989,1989-12-29,36237
"SAF",1990,1990-12-29,37066
"SAF",1991,1991-12-29,38012
"SAF",1992,1992-12-29,38819
"SAF",1993,1993-12-29,39628
"SAF",1994,1994-12-29,40436
"SAF",1995,1995-12-29,41244
"SAF",1996,1996-12-29,42393
"SAF",1997,1997-12-29,43336
"SAF",1998,1998-12-29,39357
"SAF",1999,1999-12-29,39900
"SAF",2000,2000-12-29,40377
"SAF",2001,2001-12-29,44929
"SAF",2002,2002-12-29,46188
"SAF",2003,2003-12-29,46869
"SAF",2004,2004-12-29,47553
"SAF",2005,2005-12-29,48235
"SAF",2006,2006-12-29,48919
"SAF",2007,2007-12-29,49603
"SAF",2008,2008-12-29,50267
"SAF",2009,2009-12-29,50890
"SAF",2010,2010-12-29,51452
"SAF",2011,2011-12-29,51949
"SAF",2012,2012-12-29,52386
"SAF",2013,2013-12-29,53767
"SAF",2014,2014-12-29,54540
"SAF",2015,2015-12-29,55291
"SAF",2016,2016-12-29,56015
"MOR",1847,1847-12-30,1593
"MOR",1848,1848-12-30,1620
"MOR",1849,1849-12-30,1647
"MOR",1850,1850-12-30,1675
"MOR",1851,1851-12-30,1702
"MOR",1852,1852-12-30,1731
"MOR",1853,1853-12-30,1760
"MOR",1854,1854-12-30,1789
"MOR",1855,1855-12-30,1819
"MOR",1856,1856-12-30,1849
"MOR",1857,1857-12-30,1880
"MOR",1858,1858-12-30,1911
"MOR",1859,1859-12-30,1943
"MOR",1860,1860-12-30,1976
"MOR",1861,1861-12-30,2009
"MOR",1862,1862-12-30,2042
"MOR",1863,1863-12-30,2076
"MOR",1864,1864-12-30,2111
"MOR",1865,1865-12-30,2146
"MOR",1866,1866-12-30,2182
"MOR",1867,1867-12-30,2218
"MOR",1868,1868-12-30,2255
"MOR",1869,1869-12-30,2293
"MOR",1870,1870-12-30,2331
"MOR",1871,1871-12-30,2370
"MOR",1872,1872-12-30,2409
"MOR",1873,1873-12-30,2449
"MOR",1874,1874-12-30,2490
"MOR",1875,1875-12-30,2532
"MOR",1876,1876-12-30,2574
"MOR",1877,1877-12-30,2617
"MOR",1878,1878-12-30,2661
"MOR",1879,1879-12-30,2705
"MOR",1880,1880-12-30,2750
"MOR",1881,1881-12-30,2795
"MOR",1882,1882-12-30,2840
"MOR",1883,1883-12-30,2887
"MOR",1884,1884-12-30,2934
"MOR",1885,1885-12-30,2982
"MOR",1886,1886-12-30,3030
"MOR",1887,1887-12-30,3080
"MOR",1888,1888-12-30,3130
"MOR",1889,1889-12-30,3181
"MOR",1890,1890-12-30,3233
"MOR",1891,1891-12-30,3285
"MOR",1892,1892-12-30,3339
"MOR",1893,1893-12-30,3393
"MOR",1894,1894-12-30,3449
"MOR",1895,1895-12-30,3505
"MOR",1896,1896-12-30,3562
"MOR",1897,1897-12-30,3620
"MOR",1898,1898-12-30,3679
"MOR",1899,1899-12-30,3739
"MOR",1900,1900-12-30,3800
"MOR",1901,1901-12-30,3850
"MOR",1902,1902-12-30,3900
"MOR",1903,1903-12-30,3951
"MOR",1904,1904-12-30,4003
"MOR",1905,1905-12-30,4055
"MOR",1906,1906-12-30,4108
"MOR",1907,1907-12-30,4162
"MOR",1908,1908-12-30,4217
"MOR",1909,1909-12-30,4272
"MOR",1910,1910-12-30,4328
"MOR",1911,1911-12-30,4384
"MOR",1912,1912-12-30,4517.6
"MOR",1956,1956-12-29,10396
"MOR",1957,1957-12-29,10688
"MOR",1958,1958-12-29,10987
"MOR",1959,1959-12-29,11350
"MOR",1960,1960-12-29,11637
"MOR",1961,1961-12-29,11932
"MOR",1962,1962-12-29,12235
"MOR",1963,1963-12-29,12546
"MOR",1964,1964-12-29,12866
"MOR",1965,1965-12-29,13194
"MOR",1966,1966-12-29,13531
"MOR",1967,1967-12-29,13877
"MOR",1968,1968-12-29,14233
"MOR",1969,1969-12-29,14598
"MOR",1970,1970-12-29,14973
"MOR",1971,1971-12-29,15358
"MOR",1972,1972-12-29,15754
"MOR",1973,1973-12-29,16160
"MOR",1974,1974-12-29,16577
"MOR",1975,1975-12-29,17006
"MOR",1976,1976-12-29,17446
"MOR",1977,1977-12-29,17899
"MOR",1978,1978-12-29,18364
"MOR",1979,1979-12-29,18841
"MOR",1980,1980-12-29,19332
"MOR",1981,1981-12-29,19836
"MOR",1982,1982-12-29,20354
"MOR",1983,1983-12-29,20837
"MOR",1984,1984-12-29,21331
"MOR",1985,1985-12-29,21836
"MOR",1986,1986-12-29,22354
"MOR",1987,1987-12-29,22884
"MOR",1988,1988-12-29,23407
"MOR",1989,1989-12-29,23951
"MOR",1990,1990-12-29,24487
"MOR",1991,1991-12-29,25020
"MOR",1992,1992-12-29,25547
"MOR",1993,1993-12-29,26069
"MOR",1994,1994-12-29,26590
"MOR",1995,1995-12-29,26386
"MOR",1996,1996-12-29,26848
"MOR",1997,1997-12-29,27310
"MOR",1998,1998-12-29,27377
"MOR",1999,1999-12-29,27867
"MOR",2000,2000-12-29,28351
"MOR",2001,2001-12-29,29170
"MOR",2002,2002-12-29,29311
"MOR",2003,2003-12-29,29587
"MOR",2004,2004-12-29,29856
"MOR",2005,2005-12-29,30125
"MOR",2006,2006-12-29,30395
"MOR",2007,2007-12-29,30667
"MOR",2008,2008-12-29,30955
"MOR",2009,2009-12-29,31277
"MOR",2010,2010-12-29,31642
"MOR",2011,2011-12-29,32059
"MOR",2012,2012-12-29,32521
"MOR",2013,2013-12-29,33825
"MOR",2014,2014-12-29,34318
"MOR",2015,2015-12-29,34803
"MOR",2016,2016-12-29,35277
"ALG",1962,1962-12-29,10920
"ALG",1963,1963-12-29,11205
"ALG",1964,1964-12-29,11675
"ALG",1965,1965-12-29,11923
"ALG",1966,1966-12-29,12661
"ALG",1967,1967-12-29,13078
"ALG",1968,1968-12-29,13495
"ALG",1969,1969-12-29,13912
"ALG",1970,1970-12-29,13746
"ALG",1971,1971-12-29,14177
"ALG",1972,1972-12-29,14612
"ALG",1973,1973-12-29,15065
"ALG",1974,1974-12-29,15533
"ALG",1975,1975-12-29,16018
"ALG",1976,1976-12-29,16521
"ALG",1977,1977-12-29,17058
"ALG",1978,1978-12-29,17626
"ALG",1979,1979-12-29,18104
"ALG",1980,1980-12-29,18666
"ALG",1981,1981-12-29,19246
"ALG",1982,1982-12-29,19857
"ALG",1983,1983-12-29,20516
"ALG",1984,1984-12-29,21256
"ALG",1985,1985-12-29,21850
"ALG",1986,1986-12-29,22520
"ALG",1987,1987-12-29,23021
"ALG",1988,1988-12-29,23719
"ALG",1989,1989-12-29,24324
"ALG",1990,1990-12-29,25022
"ALG",1991,1991-12-29,25643
"ALG",1992,1992-12-29,26271
"ALG",1993,1993-12-29,26894
"ALG",1994,1994-12-29,27496
"ALG",1995,1995-12-29,28060
"ALG",1996,1996-12-29,28566
"ALG",1997,1997-12-29,29050
"ALG",1998,1998-12-29,30081
"ALG",1999,1999-12-29,30774
"ALG",2000,2000-12-29,31471
"ALG",2001,2001-12-29,30872
"ALG",2002,2002-12-29,32573
"ALG",2003,2003-12-29,33003
"ALG",2004,2004-12-29,33461
"ALG",2005,2005-12-29,33961
"ALG",2006,2006-12-29,34507
"ALG",2007,2007-12-29,35097
"ALG",2008,2008-12-29,35725
"ALG",2009,2009-12-29,36383
"ALG",2010,2010-12-29,37063
"ALG",2011,2011-12-29,37763
"ALG",2012,2012-12-29,38482
"ALG",2013,2013-12-29,38339
"ALG",2014,2014-12-29,39113
"ALG",2015,2015-12-29,39872
"ALG",2016,2016-12-29,40606
"TUN",1825,1825-12-30,792
"TUN",1826,1826-12-30,800
"TUN",1827,1827-12-30,808
"TUN",1828,1828-12-30,815
"TUN",1829,1829-12-30,823
"TUN",1830,1830-12-30,831
"TUN",1831,1831-12-30,839
"TUN",1832,1832-12-30,847
"TUN",1833,1833-12-30,855
"TUN",1834,1834-12-30,864
"TUN",1835,1835-12-30,872
"TUN",1836,1836-12-30,880
"TUN",1837,1837-12-30,889
"TUN",1838,1838-12-30,897
"TUN",1839,1839-12-30,906
"TUN",1840,1840-12-30,914
"TUN",1841,1841-12-30,923
"TUN",1842,1842-12-30,932
"TUN",1843,1843-12-30,941
"TUN",1844,1844-12-30,950
"TUN",1845,1845-12-30,959
"TUN",1846,1846-12-30,968
"TUN",1847,1847-12-30,976
"TUN",1848,1848-12-30,985
"TUN",1849,1849-12-30,995
"TUN",1850,1850-12-30,1004
"TUN",1851,1851-12-30,1013
"TUN",1852,1852-12-30,1022
"TUN",1853,1853-12-30,1032
"TUN",1854,1854-12-30,1041
"TUN",1855,1855-12-30,1051
"TUN",1856,1856-12-30,1060
"TUN",1857,1857-12-30,1070
"TUN",1858,1858-12-30,1080
"TUN",1859,1859-12-30,1090
"TUN",1860,1860-12-30,1100
"TUN",1861,1861-12-30,1118
"TUN",1862,1862-12-30,1137
"TUN",1863,1863-12-30,1155
"TUN",1864,1864-12-30,1174
"TUN",1865,1865-12-30,1194
"TUN",1866,1866-12-30,1213
"TUN",1867,1867-12-30,1233
"TUN",1868,1868-12-30,1253
"TUN",1869,1869-12-30,1274
"TUN",1870,1870-12-30,1295
"TUN",1871,1871-12-30,1316
"TUN",1872,1872-12-30,1338
"TUN",1873,1873-12-30,1360
"TUN",1874,1874-12-30,1382
"TUN",1875,1875-12-30,1405
"TUN",1876,1876-12-30,1428
"TUN",1877,1877-12-30,1452
"TUN",1878,1878-12-30,1476
"TUN",1879,1879-12-30,1500
"TUN",1880,1880-12-30,1524
"TUN",1881,1881-12-30,1549
"TUN",1956,1956-12-29,3929
"TUN",1957,1957-12-29,3999
"TUN",1958,1958-12-29,4072
"TUN",1959,1959-12-29,4145
"TUN",1960,1960-12-29,4221
"TUN",1961,1961-12-29,4297
"TUN",1962,1962-12-29,4376
"TUN",1963,1963-12-29,4457
"TUN",1964,1964-12-29,4541
"TUN",1965,1965-12-29,4630
"TUN",1966,1966-12-29,4716
"TUN",1967,1967-12-29,4819
"TUN",1968,1968-12-29,4920
"TUN",1969,1969-12-29,5028
"TUN",1970,1970-12-29,5126
"TUN",1971,1971-12-29,5228
"TUN",1972,1972-12-29,5332
"TUN",1973,1973-12-29,5333
"TUN",1974,1974-12-29,5464
"TUN",1975,1975-12-29,5611
"TUN",1976,1976-12-29,5775
"TUN",1977,1977-12-29,5928
"TUN",1978,1978-12-29,6067
"TUN",1979,1979-12-29,6220
"TUN",1980,1980-12-29,6392
"TUN",1981,1981-12-29,6566
"TUN",1982,1982-12-29,6704
"TUN",1983,1983-12-29,6840
"TUN",1984,1984-12-29,7034
"TUN",1985,1985-12-29,7261
"TUN",1986,1986-12-29,7465
"TUN",1987,1987-12-29,7639
"TUN",1988,1988-12-29,7770
"TUN",1989,1989-12-29,7910
"TUN",1990,1990-12-29,8154
"TUN",1991,1991-12-29,8318
"TUN",1992,1992-12-29,8490
"TUN",1993,1993-12-29,8657
"TUN",1994,1994-12-29,8814
"TUN",1995,1995-12-29,8958
"TUN",1996,1996-12-29,9092
"TUN",1997,1997-12-29,9215
"TUN",1998,1998-12-29,9335
"TUN",1999,1999-12-29,9460
"TUN",2000,2000-12-29,9586
"TUN",2001,2001-12-29,9674
"TUN",2002,2002-12-29,9750
"TUN",2003,2003-12-29,9847
"TUN",2004,2004-12-29,9947
"TUN",2005,2005-12-29,10051
"TUN",2006,2006-12-29,10160
"TUN",2007,2007-12-29,10274
"TUN",2008,2008-12-29,10391
"TUN",2009,2009-12-29,10511
"TUN",2010,2010-12-29,10632
"TUN",2011,2011-12-29,10753
"TUN",2012,2012-12-29,10875
"TUN",2013,2013-12-29,11015
"TUN",2014,2014-12-29,11144
"TUN",2015,2015-12-29,11274
"TUN",2016,2016-12-29,11403
"LIB",1951,1951-12-29,1028
"LIB",1952,1952-12-29,1048
"LIB",1953,1953-12-29,1068
"LIB",1954,1954-12-29,1086
"LIB",1955,1955-12-29,1126
"LIB",1956,1956-12-29,1167
"LIB",1957,1957-12-29,1210
"LIB",1958,1958-12-29,1255
"LIB",1959,1959-12-29,1301
"LIB",1960,1960-12-29,1300
"LIB",1961,1961-12-29,1350
"LIB",1962,1962-12-29,1401
"LIB",1963,1963-12-29,1455
"LIB",1964,1964-12-29,1559
"LIB",1965,1965-12-29,1567
"LIB",1966,1966-12-29,1621
"LIB",1967,1967-12-29,1676
"LIB",1968,1968-12-29,1734
"LIB",1969,1969-12-29,1794
"LIB",1970,1970-12-29,1855
"LIB",1971,1971-12-29,1919
"LIB",1972,1972-12-29,1984
"LIB",1973,1973-12-29,2052
"LIB",1974,1974-12-29,2139
"LIB",1975,1975-12-29,2230
"LIB",1976,1976-12-29,2324
"LIB",1977,1977-12-29,2422
"LIB",1978,1978-12-29,2525
"LIB",1979,1979-12-29,2632
"LIB",1980,1980-12-29,2743
"LIB",1981,1981-12-29,2859
"LIB",1982,1982-12-29,2980
"LIB",1983,1983-12-29,3106
"LIB",1984,1984-12-29,3237
"LIB",1985,1985-12-29,3374
"LIB",1986,1986-12-29,3517
"LIB",1987,1987-12-29,3666
"LIB",1988,1988-12-29,3821
"LIB",1989,1989-12-29,3982
"LIB",1990,1990-12-29,4151
"LIB",1991,1991-12-29,4326
"LIB",1992,1992-12-29,4509
"LIB",1993,1993-12-29,4700
"LIB",1994,1994-12-29,4899
"LIB",1995,1995-12-29,5407
"LIB",1996,1996-12-29,5593
"LIB",1997,1997-12-29,5784
"LIB",1998,1998-12-29,5339
"LIB",1999,1999-12-29,5471
"LIB",2000,2000-12-29,5605
"LIB",2001,2001-12-29,5300
"LIB",2002,2002-12-29,5340
"LIB",2003,2003-12-29,5423
"LIB",2004,2004-12-29,5507
"LIB",2005,2005-12-29,5594
"LIB",2006,2006-12-29,5686
"LIB",2007,2007-12-29,5782
"LIB",2008,2008-12-29,5877
"LIB",2009,2009-12-29,5964
"LIB",2010,2010-12-29,6041
"LIB",2011,2011-12-29,6103
"LIB",2012,2012-12-29,6155
"LIB",2013,2013-12-29,6196
"LIB",2014,2014-12-29,6204
"LIB",2015,2015-12-29,6235
"LIB",2016,2016-12-29,6293
"SUD",1956,1956-12-29,10346
"SUD",1957,1957-12-29,10544
"SUD",1958,1958-12-29,10746
"SUD",1959,1959-12-29,10952
"SUD",1960,1960-12-29,11165
"SUD",1961,1961-12-29,11386
"SUD",1962,1962-12-29,11616
"SUD",1963,1963-12-29,11855
"SUD",1964,1964-12-29,12102
"SUD",1965,1965-12-29,12359
"SUD",1966,1966-12-29,12625
"SUD",1967,1967-12-29,12902
"SUD",1968,1968-12-29,13195
"SUD",1969,1969-12-29,13513
"SUD",1970,1970-12-29,13859
"SUD",1971,1971-12-29,14235
"SUD",1972,1972-12-29,14641
"SUD",1973,1973-12-29,14958
"SUD",1974,1974-12-29,15337
"SUD",1975,1975-12-29,15726
"SUD",1976,1976-12-29,16126
"SUD",1977,1977-12-29,16953
"SUD",1978,1978-12-29,17576
"SUD",1979,1979-12-29,18125
"SUD",1980,1980-12-29,18681
"SUD",1981,1981-12-29,19240
"SUD",1982,1982-12-29,19802
"SUD",1983,1983-12-29,20777
"SUD",1984,1984-12-29,21432
"SUD",1985,1985-12-29,22109
"SUD",1986,1986-12-29,22804
"SUD",1987,1987-12-29,23517
"SUD",1988,1988-12-29,24245
"SUD",1989,1989-12-29,24989
"SUD",1990,1990-12-29,25752
"SUD",1991,1991-12-29,26530
"SUD",1992,1992-12-29,27323
"SUD",1993,1993-12-29,28129
"SUD",1994,1994-12-29,28947
"SUD",1995,1995-12-29,26707
"SUD",1996,1996-12-29,27291
"SUD",1997,1997-12-29,27899
"SUD",1998,1998-12-29,28292
"SUD",1999,1999-12-29,28883
"SUD",2000,2000-12-29,29490
"SUD",2001,2001-12-29,31627
"SUD",2002,2002-12-29,29186
"SUD",2003,2003-12-29,29974
"SUD",2004,2004-12-29,30779
"SUD",2005,2005-12-29,31586
"SUD",2006,2006-12-29,32398
"SUD",2007,2007-12-29,33218
"SUD",2008,2008-12-29,34040
"SUD",2009,2009-12-29,34853
"SUD",2010,2010-12-29,35652
"SUD",2011,2011-12-29,36431
"SUD",2012,2012-12-29,37195
"SUD",2013,2013-12-29,36850
"SUD",2014,2014-12-29,37738
"SUD",2015,2015-12-29,38648
"SUD",2016,2016-12-29,39579
"IRN",1855,1855-12-30,6250
"IRN",1856,1856-12-30,6300
"IRN",1857,1857-12-30,6349
"IRN",1858,1858-12-30,6399
"IRN",1859,1859-12-30,6449
"IRN",1860,1860-12-30,6500
"IRN",1861,1861-12-30,6551
"IRN",1862,1862-12-30,6602
"IRN",1863,1863-12-30,6653
"IRN",1864,1864-12-30,6705
"IRN",1865,1865-12-30,6758
"IRN",1866,1866-12-30,6810
"IRN",1867,1867-12-30,6864
"IRN",1868,1868-12-30,6917
"IRN",1869,1869-12-30,6971
"IRN",1870,1870-12-30,7026
"IRN",1871,1871-12-30,7080
"IRN",1872,1872-12-30,7136
"IRN",1873,1873-12-30,7191
"IRN",1874,1874-12-30,7248
"IRN",1875,1875-12-30,7304
"IRN",1876,1876-12-30,7361
"IRN",1877,1877-12-30,7419
"IRN",1878,1878-12-30,7477
"IRN",1879,1879-12-30,7535
"IRN",1880,1880-12-30,7591
"IRN",1881,1881-12-30,7653
"IRN",1882,1882-12-30,7778
"IRN",1883,1883-12-30,7905
"IRN",1884,1884-12-30,8034
"IRN",1885,1885-12-30,8166
"IRN",1886,1886-12-30,8299
"IRN",1887,1887-12-30,8435
"IRN",1888,1888-12-30,8573
"IRN",1889,1889-12-30,8713
"IRN",1890,1890-12-30,8855
"IRN",1891,1891-12-30,9000
"IRN",1892,1892-12-30,9092
"IRN",1893,1893-12-30,9184
"IRN",1894,1894-12-30,9278
"IRN",1895,1895-12-30,9373
"IRN",1896,1896-12-30,9468
"IRN",1897,1897-12-30,9565
"IRN",1898,1898-12-30,9662
"IRN",1899,1899-12-30,9761
"IRN",1900,1900-12-30,9860
"IRN",1901,1901-12-30,9920
"IRN",1902,1902-12-30,9990
"IRN",1903,1903-12-30,10070
"IRN",1904,1904-12-30,10140
"IRN",1905,1905-12-30,10210
"IRN",1906,1906-12-30,10290
"IRN",1907,1907-12-30,10360
"IRN",1908,1908-12-30,10430
"IRN",1909,1909-12-30,10510
"IRN",1910,1910-12-30,10580
"IRN",1911,1911-12-30,10660
"IRN",1912,1912-12-30,10730
"IRN",1913,1913-12-30,10810
"IRN",1914,1914-12-29,10890
"IRN",1915,1915-12-29,10960
"IRN",1916,1916-12-29,11050
"IRN",1917,1917-12-29,11130
"IRN",1918,1918-12-30,11210
"IRN",1919,1919-12-30,11290
"IRN",1920,1920-12-30,11370
"IRN",1921,1921-12-30,11470
"IRN",1922,1922-12-30,11520
"IRN",1923,1923-12-30,11610
"IRN",1924,1924-12-30,11690
"IRN",1925,1925-12-30,11780
"IRN",1926,1926-12-30,11860
"IRN",1927,1927-12-30,12040
"IRN",1928,1928-12-30,12220
"IRN",1929,1929-12-30,12400
"IRN",1930,1930-12-30,12590
"IRN",1931,1931-12-30,12750
"IRN",1932,1932-12-30,12912
"IRN",1933,1933-12-30,13076
"IRN",1934,1934-12-30,13242
"IRN",1935,1935-12-30,13410
"IRN",1936,1936-12-30,13581
"IRN",1937,1937-12-30,13753
"IRN",1938,1938-12-30,13928
"IRN",1939,1939-12-30,14105
"IRN",1940,1940-12-29,14284
"IRN",1941,1941-12-29,14466
"IRN",1942,1942-12-29,14649
"IRN",1943,1943-12-29,14835
"IRN",1944,1944-12-29,15024
"IRN",1945,1945-12-29,15215
"IRN",1946,1946-12-29,15408
"IRN",1947,1947-12-29,15604
"IRN",1948,1948-12-29,15802
"IRN",1949,1949-12-29,16131
"IRN",1950,1950-12-29,16276
"IRN",1951,1951-12-29,16667
"IRN",1952,1952-12-29,17067
"IRN",1953,1953-12-29,17476
"IRN",1954,1954-12-29,17896
"IRN",1955,1955-12-29,18325
"IRN",1956,1956-12-29,19261
"IRN",1957,1957-12-29,19797
"IRN",1958,1958-12-29,20352
"IRN",1959,1959-12-29,20926
"IRN",1960,1960-12-29,21439
"IRN",1961,1961-12-29,22109
"IRN",1962,1962-12-29,22801
"IRN",1963,1963-12-29,23513
"IRN",1964,1964-12-29,24249
"IRN",1965,1965-12-29,25007
"IRN",1966,1966-12-29,25789
"IRN",1967,1967-12-29,26489
"IRN",1968,1968-12-29,27208
"IRN",1969,1969-12-29,27946
"IRN",1970,1970-12-29,28705
"IRN",1971,1971-12-29,29484
"IRN",1972,1972-12-29,30284
"IRN",1973,1973-12-29,31106
"IRN",1974,1974-12-29,31951
"IRN",1975,1975-12-29,32818
"IRN",1976,1976-12-29,33709
"IRN",1977,1977-12-29,35025
"IRN",1978,1978-12-29,36393
"IRN",1979,1979-12-29,37814
"IRN",1980,1980-12-29,39291
"IRN",1981,1981-12-29,40826
"IRN",1982,1982-12-29,42420
"IRN",1983,1983-12-29,44077
"IRN",1984,1984-12-29,45798
"IRN",1985,1985-12-29,47820
"IRN",1986,1986-12-29,49445
"IRN",1987,1987-12-29,50662
"IRN",1988,1988-12-29,51909
"IRN",1989,1989-12-29,53187
"IRN",1990,1990-12-29,54496
"IRN",1991,1991-12-29,55837
"IRN",1992,1992-12-29,57153
"IRN",1993,1993-12-29,58481
"IRN",1994,1994-12-29,59778
"IRN",1995,1995-12-29,68365
"IRN",1996,1996-12-29,61128
"IRN",1997,1997-12-29,60694
"IRN",1998,1998-12-29,65758
"IRN",1999,1999-12-29,66796
"IRN",2000,2000-12-29,67702
"IRN",2001,2001-12-29,65301
"IRN",2002,2002-12-29,67727
"IRN",2003,2003-12-29,68543
"IRN",2004,2004-12-29,69342
"IRN",2005,2005-12-29,70152
"IRN",2006,2006-12-29,70977
"IRN",2007,2007-12-29,71809
"IRN",2008,2008-12-29,72661
"IRN",2009,2009-12-29,73543
"IRN",2010,2010-12-29,74462
"IRN",2011,2011-12-29,75424
"IRN",2012,2012-12-29,76424
"IRN",2013,2013-12-29,77435
"IRN",2014,2014-12-29,78411
"IRN",2015,2015-12-29,79360
"IRN",2016,2016-12-29,80277
"TUR",1816,1816-12-30,25191
"TUR",1817,1817-12-30,25500
"TUR",1818,1818-12-30,25812
"TUR",1819,1819-12-30,26128
"TUR",1820,1820-12-30,26448
"TUR",1821,1821-12-30,26772
"TUR",1822,1822-12-30,27100
"TUR",1823,1823-12-30,27429
"TUR",1824,1824-12-30,27763
"TUR",1825,1825-12-30,28100
"TUR",1826,1826-12-30,28442
"TUR",1827,1827-12-30,28787
"TUR",1828,1828-12-30,29137
"TUR",1829,1829-12-30,29491
"TUR",1830,1830-12-30,29850
"TUR",1831,1831-12-30,30212
"TUR",1832,1832-12-30,30580
"TUR",1833,1833-12-30,30951
"TUR",1834,1834-12-30,31327
"TUR",1835,1835-12-30,31708
"TUR",1836,1836-12-30,32094
"TUR",1837,1837-12-30,32484
"TUR",1838,1838-12-30,32878
"TUR",1839,1839-12-30,33278
"TUR",1840,1840-12-30,33628
"TUR",1841,1841-12-30,34092
"TUR",1842,1842-12-30,34506
"TUR",1843,1843-12-30,34926
"TUR",1844,1844-12-30,35350
"TUR",1845,1845-12-30,35522
"TUR",1846,1846-12-30,35696
"TUR",1847,1847-12-30,35870
"TUR",1848,1848-12-30,36045
"TUR",1849,1849-12-30,36221
"TUR",1850,1850-12-30,36398
"TUR",1851,1851-12-30,36575
"TUR",1852,1852-12-30,36754
"TUR",1853,1853-12-30,36933
"TUR",1854,1854-12-30,37113
"TUR",1855,1855-12-30,32236
"TUR",1856,1856-12-30,32332
"TUR",1857,1857-12-30,32426
"TUR",1858,1858-12-30,32521
"TUR",1859,1859-12-30,32615
"TUR",1860,1860-12-30,32707
"TUR",1861,1861-12-30,32799
"TUR",1862,1862-12-30,32890
"TUR",1863,1863-12-30,32981
"TUR",1864,1864-12-30,33071
"TUR",1865,1865-12-30,33282
"TUR",1866,1866-12-30,33373
"TUR",1867,1867-12-30,33462
"TUR",1868,1868-12-30,33551
"TUR",1869,1869-12-30,33639
"TUR",1870,1870-12-30,33726
"TUR",1871,1871-12-30,33812
"TUR",1872,1872-12-30,33897
"TUR",1873,1873-12-30,33982
"TUR",1874,1874-12-30,34067
"TUR",1875,1875-12-30,34152
"TUR",1876,1876-12-30,34237
"TUR",1877,1877-12-30,34323
"TUR",1878,1878-12-30,34409
"TUR",1879,1879-12-30,25200
"TUR",1880,1880-12-30,25329
"TUR",1881,1881-12-30,25459
"TUR",1882,1882-12-30,25590
"TUR",1883,1883-12-30,25721
"TUR",1884,1884-12-30,25853
"TUR",1885,1885-12-30,25985
"TUR",1886,1886-12-30,26118
"TUR",1887,1887-12-30,26252
"TUR",1888,1888-12-30,26387
"TUR",1889,1889-12-30,26522
"TUR",1890,1890-12-30,26658
"TUR",1891,1891-12-30,26795
"TUR",1892,1892-12-30,26932
"TUR",1893,1893-12-30,27070
"TUR",1894,1894-12-30,27209
"TUR",1895,1895-12-30,27348
"TUR",1896,1896-12-30,27487
"TUR",1897,1897-12-30,27627
"TUR",1898,1898-12-30,27768
"TUR",1899,1899-12-30,27910
"TUR",1900,1900-12-30,28052
"TUR",1901,1901-12-30,28195
"TUR",1902,1902-12-30,28339
"TUR",1903,1903-12-30,28484
"TUR",1904,1904-12-30,28629
"TUR",1905,1905-12-30,28775
"TUR",1906,1906-12-30,28922
"TUR",1907,1907-12-30,29069
"TUR",1908,1908-12-30,25182
"TUR",1909,1909-12-30,25310
"TUR",1910,1910-12-30,25440
"TUR",1911,1911-12-30,25569
"TUR",1912,1912-12-30,25700
"TUR",1913,1913-12-30,21331
"TUR",1914,1914-12-29,18520
"TUR",1915,1915-12-29,18614
"TUR",1916,1916-12-29,18709
"TUR",1917,1917-12-29,18805
"TUR",1918,1918-12-30,18901
"TUR",1919,1919-12-30,18997
"TUR",1920,1920-12-30,12569
"TUR",1921,1921-12-30,12706
"TUR",1922,1922-12-30,12845
"TUR",1923,1923-12-30,12985
"TUR",1924,1924-12-30,13127
"TUR",1925,1925-12-30,13271
"TUR",1926,1926-12-30,13415
"TUR",1927,1927-12-30,13562
"TUR",1928,1928-12-30,13843
"TUR",1929,1929-12-30,14138
"TUR",1930,1930-12-30,14440
"TUR",1931,1931-12-30,14748
"TUR",1932,1932-12-30,15062
"TUR",1933,1933-12-30,15383
"TUR",1934,1934-12-30,15711
"TUR",1935,1935-12-30,16046
"TUR",1936,1936-12-30,16352
"TUR",1937,1937-12-30,16637
"TUR",1938,1938-12-30,16926
"TUR",1939,1939-12-30,17370
"TUR",1940,1940-12-29,17714
"TUR",1941,1941-12-29,17952
"TUR",1942,1942-12-29,18143
"TUR",1943,1943-12-29,18837
"TUR",1944,1944-12-29,18532
"TUR",1945,1945-12-29,18729
"TUR",1946,1946-12-29,19074
"TUR",1947,1947-12-29,19493
"TUR",1948,1948-12-29,19922
"TUR",1949,1949-12-29,20359
"TUR",1950,1950-12-29,20770
"TUR",1951,1951-12-29,21352
"TUR",1952,1952-12-29,21953
"TUR",1953,1953-12-29,22571
"TUR",1954,1954-12-29,23206
"TUR",1955,1955-12-29,23853
"TUR",1956,1956-12-29,24442
"TUR",1957,1957-12-29,25252
"TUR",1958,1958-12-29,25983
"TUR",1959,1959-12-29,26735
"TUR",1960,1960-12-29,27506
"TUR",1961,1961-12-29,28227
"TUR",1962,1962-12-29,28931
"TUR",1963,1963-12-29,29652
"TUR",1964,1964-12-29,30391
"TUR",1965,1965-12-29,31149
"TUR",1966,1966-12-29,31936
"TUR",1967,1967-12-29,32750
"TUR",1968,1968-12-29,33586
"TUR",1969,1969-12-29,34443
"TUR",1970,1970-12-29,35321
"TUR",1971,1971-12-29,36215
"TUR",1972,1972-12-29,37132
"TUR",1973,1973-12-29,38073
"TUR",1974,1974-12-29,39037
"TUR",1975,1975-12-29,40026
"TUR",1976,1976-12-29,40916
"TUR",1977,1977-12-29,41769
"TUR",1978,1978-12-29,42641
"TUR",1979,1979-12-29,53531
"TUR",1980,1980-12-29,44439
"TUR",1981,1981-12-29,45540
"TUR",1982,1982-12-29,46688
"TUR",1983,1983-12-29,47864
"TUR",1984,1984-12-29,49070
"TUR",1985,1985-12-29,50306
"TUR",1986,1986-12-29,51433
"TUR",1987,1987-12-29,52561
"TUR",1988,1988-12-29,53715
"TUR",1989,1989-12-29,54893
"TUR",1990,1990-12-29,56098
"TUR",1991,1991-12-29,57305
"TUR",1992,1992-12-29,58401
"TUR",1993,1993-12-29,59491
"TUR",1994,1994-12-29,60576
"TUR",1995,1995-12-29,61644
"TUR",1996,1996-12-29,62697
"TUR",1997,1997-12-29,63745
"TUR",1998,1998-12-29,64479
"TUR",1999,1999-12-29,65546
"TUR",2000,2000-12-29,66591
"TUR",2001,2001-12-29,68365
"TUR",2002,2002-12-29,65022
"TUR",2003,2003-12-29,65938
"TUR",2004,2004-12-29,66846
"TUR",2005,2005-12-29,67743
"TUR",2006,2006-12-29,68626
"TUR",2007,2007-12-29,69497
"TUR",2008,2008-12-29,70364
"TUR",2009,2009-12-29,71241
"TUR",2010,2010-12-29,72138
"TUR",2011,2011-12-29,73059
"TUR",2012,2012-12-29,73997
"TUR",2013,2013-12-29,75787
"TUR",2014,2014-12-29,77031
"TUR",2015,2015-12-29,78271
"TUR",2016,2016-12-29,79512
"IRQ",1932,1932-12-30,3508
"IRQ",1933,1933-12-30,3534
"IRQ",1934,1934-12-30,3560
"IRQ",1935,1935-12-30,3586
"IRQ",1936,1936-12-30,3612
"IRQ",1937,1937-12-30,3638
"IRQ",1938,1938-12-30,3665
"IRQ",1939,1939-12-30,3691
"IRQ",1940,1940-12-29,3718
"IRQ",1941,1941-12-29,3745
"IRQ",1942,1942-12-29,3791
"IRQ",1943,1943-12-29,3992
"IRQ",1944,1944-12-29,4303
"IRQ",1945,1945-12-29,4611
"IRQ",1946,1946-12-29,4803
"IRQ",1947,1947-12-29,4816
"IRQ",1948,1948-12-29,4935
"IRQ",1949,1949-12-29,5065
"IRQ",1950,1950-12-29,5198
"IRQ",1951,1951-12-29,5338
"IRQ",1952,1952-12-29,5483
"IRQ",1953,1953-12-29,5635
"IRQ",1954,1954-12-29,5794
"IRQ",1955,1955-12-29,5961
"IRQ",1956,1956-12-29,6083
"IRQ",1957,1957-12-29,6299
"IRQ",1958,1958-12-29,6488
"IRQ",1959,1959-12-29,6682
"IRQ",1960,1960-12-29,6885
"IRQ",1961,1961-12-29,7098
"IRQ",1962,1962-12-29,7321
"IRQ",1963,1963-12-29,7554
"IRQ",1964,1964-12-29,7798
"IRQ",1965,1965-12-29,8047
"IRQ",1966,1966-12-29,8308
"IRQ",1967,1967-12-29,8580
"IRQ",1968,1968-12-29,8860
"IRQ",1969,1969-12-29,9149
"IRQ",1970,1970-12-29,9440
"IRQ",1971,1971-12-29,9750
"IRQ",1972,1972-12-29,10074
"IRQ",1973,1973-12-29,10413
"IRQ",1974,1974-12-29,10765
"IRQ",1975,1975-12-29,11124
"IRQ",1976,1976-12-29,11505
"IRQ",1977,1977-12-29,12030
"IRQ",1978,1978-12-29,12405
"IRQ",1979,1979-12-29,12821
"IRQ",1980,1980-12-29,13238
"IRQ",1981,1981-12-29,13669
"IRQ",1982,1982-12-29,14110
"IRQ",1983,1983-12-29,14586
"IRQ",1984,1984-12-29,15077
"IRQ",1985,1985-12-29,15585
"IRQ",1986,1986-12-29,16110
"IRQ",1987,1987-12-29,16330
"IRQ",1988,1988-12-29,16882
"IRQ",1989,1989-12-29,17428
"IRQ",1990,1990-12-29,18078
"IRQ",1991,1991-12-29,18514
"IRQ",1992,1992-12-29,18898
"IRQ",1993,1993-12-29,19261
"IRQ",1994,1994-12-29,19650
"IRQ",1995,1995-12-29,20095
"IRQ",1996,1996-12-29,20607
"IRQ",1997,1997-12-29,21177
"IRQ",1998,1998-12-29,21800
"IRQ",1999,1999-12-29,22450
"IRQ",2000,2000-12-29,23115
"IRQ",2001,2001-12-29,24813
"IRQ",2002,2002-12-29,25238
"IRQ",2003,2003-12-29,25960
"IRQ",2004,2004-12-29,26674
"IRQ",2005,2005-12-29,27377
"IRQ",2006,2006-12-29,28064
"IRQ",2007,2007-12-29,28741
"IRQ",2008,2008-12-29,29430
"IRQ",2009,2009-12-29,30163
"IRQ",2010,2010-12-29,30962
"IRQ",2011,2011-12-29,31837
"IRQ",2012,2012-12-29,32778
"IRQ",2013,2013-12-29,33883
"IRQ",2014,2014-12-29,35006
"IRQ",2015,2015-12-29,36116
"IRQ",2016,2016-12-29,37203
"EGY",1855,1855-12-30,5058
"EGY",1856,1856-12-30,5144
"EGY",1857,1857-12-30,5233
"EGY",1858,1858-12-30,5322
"EGY",1859,1859-12-30,5413
"EGY",1860,1860-12-30,5506
"EGY",1861,1861-12-30,5601
"EGY",1862,1862-12-30,5697
"EGY",1863,1863-12-30,5794
"EGY",1864,1864-12-30,5894
"EGY",1865,1865-12-30,5873
"EGY",1866,1866-12-30,5973
"EGY",1867,1867-12-30,6076
"EGY",1868,1868-12-30,6180
"EGY",1869,1869-12-30,6286
"EGY",1870,1870-12-30,6394
"EGY",1871,1871-12-30,6503
"EGY",1872,1872-12-30,6615
"EGY",1873,1873-12-30,6728
"EGY",1874,1874-12-30,6843
"EGY",1875,1875-12-30,6961
"EGY",1876,1876-12-30,7080
"EGY",1877,1877-12-30,7201
"EGY",1878,1878-12-30,7325
"EGY",1879,1879-12-30,7451
"EGY",1880,1880-12-30,7578
"EGY",1881,1881-12-30,7708
"EGY",1882,1882-12-30,5669
"EGY",1937,1937-12-30,16008
"EGY",1938,1938-12-30,16295
"EGY",1939,1939-12-30,16588
"EGY",1940,1940-12-29,16877
"EGY",1941,1941-12-29,17190
"EGY",1942,1942-12-29,17499
"EGY",1943,1943-12-29,17814
"EGY",1944,1944-12-29,18134
"EGY",1945,1945-12-29,18460
"EGY",1946,1946-12-29,18792
"EGY",1947,1947-12-29,19068
"EGY",1948,1948-12-29,19529
"EGY",1949,1949-12-29,19989
"EGY",1950,1950-12-29,20461
"EGY",1951,1951-12-29,20943
"EGY",1952,1952-12-29,21437
"EGY",1953,1953-12-29,21943
"EGY",1954,1954-12-29,22460
"EGY",1955,1955-12-29,22990
"EGY",1956,1956-12-29,23532
"EGY",1957,1957-12-29,24087
"EGY",1958,1958-12-29,24655
"EGY",1959,1959-12-29,25237
"EGY",1960,1960-12-29,26085
"EGY",1961,1961-12-29,26579
"EGY",1962,1962-12-29,27257
"EGY",1963,1963-12-29,27947
"EGY",1964,1964-12-29,28659
"EGY",1965,1965-12-29,29389
"EGY",1966,1966-12-29,30076
"EGY",1967,1967-12-29,30892
"EGY",1968,1968-12-29,31596
"EGY",1969,1969-12-29,32316
"EGY",1970,1970-12-29,33053
"EGY",1971,1971-12-29,33807
"EGY",1972,1972-12-29,34578
"EGY",1973,1973-12-29,35366
"EGY",1974,1974-12-29,36172
"EGY",1975,1975-12-29,36997
"EGY",1976,1976-12-29,38198
"EGY",1977,1977-12-29,37406
"EGY",1978,1978-12-29,38435
"EGY",1979,1979-12-29,39492
"EGY",1980,1980-12-29,40578
"EGY",1981,1981-12-29,41614
"EGY",1982,1982-12-29,42840
"EGY",1983,1983-12-29,44180
"EGY",1984,1984-12-29,45229
"EGY",1985,1985-12-29,46473
"EGY",1986,1986-12-29,47811
"EGY",1987,1987-12-29,49050
"EGY",1988,1988-12-29,50267
"EGY",1989,1989-12-29,51477
"EGY",1990,1990-12-29,53270
"EGY",1991,1991-12-29,54531
"EGY",1992,1992-12-29,55739
"EGY",1993,1993-12-29,56488
"EGY",1994,1994-12-29,57851
"EGY",1995,1995-12-29,59226
"EGY",1996,1996-12-29,60603
"EGY",1997,1997-12-29,62011
"EGY",1998,1998-12-29,65978
"EGY",1999,1999-12-29,67226
"EGY",2000,2000-12-29,68470
"EGY",2001,2001-12-29,65374
"EGY",2002,2002-12-29,68303
"EGY",2003,2003-12-29,69432
"EGY",2004,2004-12-29,70591
"EGY",2005,2005-12-29,71778
"EGY",2006,2006-12-29,72991
"EGY",2007,2007-12-29,74230
"EGY",2008,2008-12-29,75492
"EGY",2009,2009-12-29,76775
"EGY",2010,2010-12-29,78076
"EGY",2011,2011-12-29,79392
"EGY",2012,2012-12-29,80722
"EGY",2013,2013-12-29,89807
"EGY",2014,2014-12-29,91813
"EGY",2015,2015-12-29,93778
"EGY",2016,2016-12-29,95689
"SYR",1946,1946-12-29,2978
"SYR",1947,1947-12-29,3025
"SYR",1948,1948-12-29,3068
"SYR",1949,1949-12-29,3135
"SYR",1950,1950-12-29,3495
"SYR",1951,1951-12-29,3580
"SYR",1952,1952-12-29,3670
"SYR",1953,1953-12-29,3765
"SYR",1954,1954-12-29,3864
"SYR",1955,1955-12-29,3967
"SYR",1956,1956-12-29,4075
"SYR",1957,1957-12-29,4186
"SYR",1958,1958-12-29,4307
"SYR",1961,1961-12-29,4680
"SYR",1962,1962-12-29,4833
"SYR",1963,1963-12-29,4992
"SYR",1964,1964-12-29,5156
"SYR",1965,1965-12-29,5325
"SYR",1966,1966-12-29,5500
"SYR",1967,1967-12-29,5680
"SYR",1968,1968-12-29,5866
"SYR",1969,1969-12-29,6059
"SYR",1970,1970-12-29,6305
"SYR",1971,1971-12-29,6467
"SYR",1972,1972-12-29,6684
"SYR",1973,1973-12-29,6908
"SYR",1974,1974-12-29,7140
"SYR",1975,1975-12-29,7380
"SYR",1976,1976-12-29,7627
"SYR",1977,1977-12-29,7883
"SYR",1978,1978-12-29,8148
"SYR",1979,1979-12-29,8421
"SYR",1980,1980-12-29,8704
"SYR",1981,1981-12-29,9053
"SYR",1982,1982-12-29,9295
"SYR",1983,1983-12-29,9611
"SYR",1984,1984-12-29,9934
"SYR",1985,1985-12-29,10267
"SYR",1986,1986-12-29,10612
"SYR",1987,1987-12-29,10969
"SYR",1988,1988-12-29,11338
"SYR",1989,1989-12-29,11719
"SYR",1990,1990-12-29,12116
"SYR",1991,1991-12-29,12529
"SYR",1992,1992-12-29,12958
"SYR",1993,1993-12-29,13393
"SYR",1994,1994-12-29,13844
"SYR",1995,1995-12-29,14186
"SYR",1996,1996-12-29,14619
"SYR",1997,1997-12-29,14951
"SYR",1998,1998-12-29,15333
"SYR",1999,1999-12-29,15725
"SYR",2000,2000-12-29,16125
"SYR",2001,2001-12-29,16720
"SYR",2002,2002-12-29,16995
"SYR",2003,2003-12-29,17298
"SYR",2004,2004-12-29,17676
"SYR",2005,2005-12-29,18167
"SYR",2006,2006-12-29,18805
"SYR",2007,2007-12-29,19561
"SYR",2008,2008-12-29,20346
"SYR",2009,2009-12-29,21032
"SYR",2010,2010-12-29,21533
"SYR",2011,2011-12-29,21804
"SYR",2012,2012-12-29,21890
"SYR",2013,2013-12-29,19809
"SYR",2014,2014-12-29,19203
"SYR",2015,2015-12-29,18735
"SYR",2016,2016-12-29,18430
"LEB",1946,1946-12-29,1156
"LEB",1947,1947-12-29,1176
"LEB",1948,1948-12-29,1208
"LEB",1949,1949-12-29,1238
"LEB",1950,1950-12-29,1443
"LEB",1951,1951-12-29,1470
"LEB",1952,1952-12-29,1501
"LEB",1953,1953-12-29,1535
"LEB",1954,1954-12-29,1573
"LEB",1955,1955-12-29,1613
"LEB",1956,1956-12-29,1657
"LEB",1957,1957-12-29,1703
"LEB",1958,1958-12-29,1752
"LEB",1959,1959-12-29,1804
"LEB",1960,1960-12-29,1857
"LEB",1961,1961-12-29,1913
"LEB",1962,1962-12-29,1970
"LEB",1963,1963-12-29,2029
"LEB",1964,1964-12-29,2090
"LEB",1965,1965-12-29,2151
"LEB",1966,1966-12-29,2213
"LEB",1967,1967-12-29,2275
"LEB",1968,1968-12-29,2337
"LEB",1969,1969-12-29,2402
"LEB",1970,1970-12-29,2469
"LEB",1971,1971-12-29,2541
"LEB",1972,1972-12-29,2615
"LEB",1973,1973-12-29,2683
"LEB",1974,1974-12-29,2737
"LEB",1975,1975-12-29,2767
"LEB",1976,1976-12-29,2772
"LEB",1977,1977-12-29,2754
"LEB",1978,1978-12-29,2722
"LEB",1979,1979-12-29,2691
"LEB",1980,1980-12-29,2669
"LEB",1981,1981-12-29,2662
"LEB",1982,1982-12-29,2667
"LEB",1983,1983-12-29,2676
"LEB",1984,1984-12-29,2679
"LEB",1985,1985-12-29,2668
"LEB",1986,1986-12-29,2639
"LEB",1987,1987-12-29,2598
"LEB",1988,1988-12-29,2559
"LEB",1989,1989-12-29,2540
"LEB",1990,1990-12-29,2555
"LEB",1991,1991-12-29,2610
"LEB",1992,1992-12-29,2698
"LEB",1993,1993-12-29,2806
"LEB",1994,1994-12-29,2915
"LEB",1995,1995-12-29,3009
"LEB",1996,1996-12-29,3084
"LEB",1997,1997-12-29,3144
"LEB",1998,1998-12-29,3191
"LEB",1999,1999-12-29,3236
"LEB",2000,2000-12-29,3282
"LEB",2001,2001-12-29,3283
"LEB",2002,2002-12-29,3516
"LEB",2003,2003-12-29,3690
"LEB",2004,2004-12-29,3854
"LEB",2005,2005-12-29,3987
"LEB",2006,2006-12-29,4080
"LEB",2007,2007-12-29,4140
"LEB",2008,2008-12-29,4186
"LEB",2009,2009-12-29,4247
"LEB",2010,2010-12-29,4341
"LEB",2011,2011-12-29,4478
"LEB",2012,2012-12-29,4647
"LEB",2013,2013-12-29,5276
"LEB",2014,2014-12-29,5603
"LEB",2015,2015-12-29,5851
"LEB",2016,2016-12-29,6007
"JOR",1946,1946-12-29,1086
"JOR",1947,1947-12-29,1122
"JOR",1948,1948-12-29,1159
"JOR",1949,1949-12-29,1197
"JOR",1950,1950-12-29,1237
"JOR",1951,1951-12-29,1279
"JOR",1952,1952-12-29,1320
"JOR",1953,1953-12-29,1360
"JOR",1954,1954-12-29,1395
"JOR",1955,1955-12-29,1437
"JOR",1956,1956-12-29,1482
"JOR",1957,1957-12-29,1542
"JOR",1958,1958-12-29,1593
"JOR",1959,1959-12-29,1636
"JOR",1960,1960-12-29,1695
"JOR",1961,1961-12-29,1706
"JOR",1962,1962-12-29,1736
"JOR",1963,1963-12-29,1793
"JOR",1964,1964-12-29,1850
"JOR",1965,1965-12-29,1909
"JOR",1966,1966-12-29,1973
"JOR",1967,1967-12-29,2038
"JOR",1968,1968-12-29,2102
"JOR",1969,1969-12-29,2191
"JOR",1970,1970-12-29,2299
"JOR",1971,1971-12-29,2382
"JOR",1972,1972-12-29,2457
"JOR",1973,1973-12-29,2537
"JOR",1974,1974-12-29,2618
"JOR",1975,1975-12-29,2702
"JOR",1976,1976-12-29,2779
"JOR",1977,1977-12-29,2688
"JOR",1978,1978-12-29,2737
"JOR",1979,1979-12-29,2812
"JOR",1980,1980-12-29,2923
"JOR",1981,1981-12-29,3079
"JOR",1982,1982-12-29,3273
"JOR",1983,1983-12-29,3483
"JOR",1984,1984-12-29,3677
"JOR",1985,1985-12-29,3833
"JOR",1986,1986-12-29,3940
"JOR",1987,1987-12-29,4009
"JOR",1988,1988-12-29,4064
"JOR",1989,1989-12-29,4139
"JOR",1990,1990-12-29,4259
"JOR",1991,1991-12-29,4433
"JOR",1992,1992-12-29,4651
"JOR",1993,1993-12-29,4896
"JOR",1994,1994-12-29,5143
"JOR",1995,1995-12-29,5373
"JOR",1996,1996-12-29,5581
"JOR",1997,1997-12-29,5774
"JOR",1998,1998-12-29,6304
"JOR",1999,1999-12-29,6482
"JOR",2000,2000-12-29,6669
"JOR",2001,2001-12-29,4978
"JOR",2002,2002-12-29,4903
"JOR",2003,2003-12-29,4984
"JOR",2004,2004-12-29,5092
"JOR",2005,2005-12-29,5239
"JOR",2006,2006-12-29,5429
"JOR",2007,2007-12-29,5656
"JOR",2008,2008-12-29,5911
"JOR",2009,2009-12-29,6181
"JOR",2010,2010-12-29,6455
"JOR",2011,2011-12-29,6731
"JOR",2012,2012-12-29,7009
"JOR",2013,2013-12-29,8413
"JOR",2014,2014-12-29,8809
"JOR",2015,2015-12-29,9159
"JOR",2016,2016-12-29,9456
"ISR",1948,1948-12-29,873
"ISR",1949,1949-12-29,1066
"ISR",1950,1950-12-29,1258
"ISR",1951,1951-12-29,1516
"ISR",1952,1952-12-29,1607
"ISR",1953,1953-12-29,1651
"ISR",1954,1954-12-29,1688
"ISR",1955,1955-12-29,1748
"ISR",1956,1956-12-29,1824
"ISR",1957,1957-12-29,1895
"ISR",1958,1958-12-29,1965
"ISR",1959,1959-12-29,2037
"ISR",1960,1960-12-29,2117
"ISR",1961,1961-12-29,2190
"ISR",1962,1962-12-29,2288
"ISR",1963,1963-12-29,2380
"ISR",1964,1964-12-29,2478
"ISR",1965,1965-12-29,2563
"ISR",1966,1966-12-29,2629
"ISR",1967,1967-12-29,2715
"ISR",1968,1968-12-29,2806
"ISR",1969,1969-12-29,2884
"ISR",1970,1970-12-29,2974
"ISR",1971,1971-12-29,3069
"ISR",1972,1972-12-29,3173
"ISR",1973,1973-12-29,3278
"ISR",1974,1974-12-29,3377
"ISR",1975,1975-12-29,3455
"ISR",1976,1976-12-29,3533
"ISR",1977,1977-12-29,3613
"ISR",1978,1978-12-29,3693
"ISR",1979,1979-12-29,3786
"ISR",1980,1980-12-29,3878
"ISR",1981,1981-12-29,3948
"ISR",1982,1982-12-29,4027
"ISR",1983,1983-12-29,4076
"ISR",1984,1984-12-29,4159
"ISR",1985,1985-12-29,4233
"ISR",1986,1986-12-29,4299
"ISR",1987,1987-12-29,4369
"ISR",1988,1988-12-29,4442
"ISR",1989,1989-12-29,4518
"ISR",1990,1990-12-29,4660
"ISR",1991,1991-12-29,4949
"ISR",1992,1992-12-29,5124
"ISR",1993,1993-12-29,5261
"ISR",1994,1994-12-29,5399
"ISR",1995,1995-12-29,5545
"ISR",1996,1996-12-29,5689
"ISR",1997,1997-12-29,5836
"ISR",1998,1998-12-29,5984
"ISR",1999,1999-12-29,6101
"ISR",2000,2000-12-29,6217
"ISR",2001,2001-12-29,6439
"ISR",2002,2002-12-29,6239
"ISR",2003,2003-12-29,6349
"ISR",2004,2004-12-29,6468
"ISR",2005,2005-12-29,6604
"ISR",2006,2006-12-29,6759
"ISR",2007,2007-12-29,6930
"ISR",2008,2008-12-29,7107
"ISR",2009,2009-12-29,7274
"ISR",2010,2010-12-29,7420
"ISR",2011,2011-12-29,7542
"ISR",2012,2012-12-29,7644
"ISR",2013,2013-12-29,7821
"ISR",2014,2014-12-29,7941
"ISR",2015,2015-12-29,8065
"ISR",2016,2016-12-29,8192
"SAU",1927,1927-12-30,1924
"SAU",1928,1928-12-30,1967
"SAU",1929,1929-12-30,2011
"SAU",1930,1930-12-30,2056
"SAU",1931,1931-12-30,2102
"SAU",1932,1932-12-30,2149
"SAU",1933,1933-12-30,2197
"SAU",1934,1934-12-30,2246
"SAU",1935,1935-12-30,2296
"SAU",1936,1936-12-30,2348
"SAU",1937,1937-12-30,2400
"SAU",1938,1938-12-30,2454
"SAU",1939,1939-12-30,2509
"SAU",1940,1940-12-29,2565
"SAU",1941,1941-12-29,2623
"SAU",1942,1942-12-29,2681
"SAU",1943,1943-12-29,2741
"SAU",1944,1944-12-29,2803
"SAU",1945,1945-12-29,2866
"SAU",1946,1946-12-29,2930
"SAU",1947,1947-12-29,2995
"SAU",1948,1948-12-29,3062
"SAU",1949,1949-12-29,3131
"SAU",1950,1950-12-29,3201
"SAU",1951,1951-12-29,3271
"SAU",1952,1952-12-29,3347
"SAU",1953,1953-12-29,3427
"SAU",1954,1954-12-29,3509
"SAU",1955,1955-12-29,3593
"SAU",1956,1956-12-29,3679
"SAU",1957,1957-12-29,3767
"SAU",1958,1958-12-29,3861
"SAU",1959,1959-12-29,3963
"SAU",1960,1960-12-29,4075
"SAU",1961,1961-12-29,4199
"SAU",1962,1962-12-29,4335
"SAU",1963,1963-12-29,4481
"SAU",1964,1964-12-29,4634
"SAU",1965,1965-12-29,4793
"SAU",1966,1966-12-29,4958
"SAU",1967,1967-12-29,5132
"SAU",1968,1968-12-29,5318
"SAU",1969,1969-12-29,5521
"SAU",1970,1970-12-29,5745
"SAU",1971,1971-12-29,5991
"SAU",1972,1972-12-29,6260
"SAU",1973,1973-12-29,6557
"SAU",1974,1974-12-29,6886
"SAU",1975,1975-12-29,7251
"SAU",1976,1976-12-29,7654
"SAU",1977,1977-12-29,8092
"SAU",1978,1978-12-29,8565
"SAU",1979,1979-12-29,9070
"SAU",1980,1980-12-29,9604
"SAU",1981,1981-12-29,10163
"SAU",1982,1982-12-29,10745
"SAU",1983,1983-12-29,11352
"SAU",1984,1984-12-29,11987
"SAU",1985,1985-12-29,12649
"SAU",1986,1986-12-29,13347
"SAU",1987,1987-12-29,13612
"SAU",1988,1988-12-29,14016
"SAU",1989,1989-12-29,14435
"SAU",1990,1990-12-29,14870
"SAU",1991,1991-12-29,16545
"SAU",1992,1992-12-29,16964
"SAU",1993,1993-12-29,17350
"SAU",1994,1994-12-29,17765
"SAU",1995,1995-12-29,18255
"SAU",1996,1996-12-29,18836
"SAU",1997,1997-12-29,19494
"SAU",1998,1998-12-29,20181
"SAU",1999,1999-12-29,20899
"SAU",2000,2000-12-29,21607
"SAU",2001,2001-12-29,20979
"SAU",2002,2002-12-29,21825
"SAU",2003,2003-12-29,22852
"SAU",2004,2004-12-29,23839
"SAU",2005,2005-12-29,24690
"SAU",2006,2006-12-29,25372
"SAU",2007,2007-12-29,25916
"SAU",2008,2008-12-29,26366
"SAU",2009,2009-12-29,26796
"SAU",2010,2010-12-29,27258
"SAU",2011,2011-12-29,27762
"SAU",2012,2012-12-29,28288
"SAU",2013,2013-12-29,29944
"SAU",2014,2014-12-29,30777
"SAU",2015,2015-12-29,31557
"SAU",2016,2016-12-29,32276
"YAR",1926,1926-12-30,2364
"YAR",1927,1927-12-30,2398
"YAR",1928,1928-12-30,2432
"YAR",1929,1929-12-30,2467
"YAR",1930,1930-12-30,2502
"YAR",1931,1931-12-30,2538
"YAR",1932,1932-12-30,2574
"YAR",1933,1933-12-30,2611
"YAR",1934,1934-12-30,2648
"YAR",1935,1935-12-30,2686
"YAR",1936,1936-12-30,2725
"YAR",1937,1937-12-30,2764
"YAR",1938,1938-12-30,2803
"YAR",1939,1939-12-30,2843
"YAR",1940,1940-12-29,2884
"YAR",1941,1941-12-29,2925
"YAR",1942,1942-12-29,2967
"YAR",1943,1943-12-29,3009
"YAR",1944,1944-12-29,3053
"YAR",1945,1945-12-29,3096
"YAR",1946,1946-12-29,3140
"YAR",1947,1947-12-29,3185
"YAR",1948,1948-12-29,3231
"YAR",1949,1949-12-29,3277
"YAR",1950,1950-12-29,3324
"YAR",1951,1951-12-29,3371
"YAR",1952,1952-12-29,3431
"YAR",1953,1953-12-29,3499
"YAR",1954,1954-12-29,3572
"YAR",1955,1955-12-29,3646
"YAR",1956,1956-12-29,3721
"YAR",1957,1957-12-29,3797
"YAR",1958,1958-12-29,3874
"YAR",1959,1959-12-29,3954
"YAR",1960,1960-12-29,4039
"YAR",1961,1961-12-29,4130
"YAR",1962,1962-12-29,4224
"YAR",1963,1963-12-29,4319
"YAR",1964,1964-12-29,4410
"YAR",1965,1965-12-29,4492
"YAR",1966,1966-12-29,4566
"YAR",1967,1967-12-29,4634
"YAR",1968,1968-12-29,4699
"YAR",1969,1969-12-29,4764
"YAR",1970,1970-12-29,4835
"YAR",1971,1971-12-29,4910
"YAR",1972,1972-12-29,4992
"YAR",1973,1973-12-29,5086
"YAR",1974,1974-12-29,5199
"YAR",1975,1975-12-29,5316
"YAR",1976,1976-12-29,5502
"YAR",1977,1977-12-29,5693
"YAR",1978,1978-12-29,5904
"YAR",1979,1979-12-29,6127
"YAR",1980,1980-12-29,6357
"YAR",1981,1981-12-29,6592
"YAR",1982,1982-12-29,6834
"YAR",1983,1983-12-29,7084
"YAR",1984,1984-12-29,7345
"YAR",1985,1985-12-29,7621
"YAR",1986,1986-12-29,7911
"YAR",1987,1987-12-29,8213
"YAR",1988,1988-12-29,8529
"YAR",1989,1989-12-29,8857
"YAR",1990,1990-12-29,9196
"YPR",1967,1967-12-29,1320
"YPR",1968,1968-12-29,1359
"YPR",1969,1969-12-29,1398
"YPR",1970,1970-12-29,1436
"YPR",1971,1971-12-29,1475
"YPR",1972,1972-12-29,1515
"YPR",1973,1973-12-29,1950
"YPR",1974,1974-12-29,1632
"YPR",1975,1975-12-29,1674
"YPR",1976,1976-12-29,1718
"YPR",1977,1977-12-29,1762
"YPR",1978,1978-12-29,1808
"YPR",1979,1979-12-29,1855
"YPR",1980,1980-12-29,1903
"YPR",1981,1981-12-29,1953
"YPR",1982,1982-12-29,2004
"YPR",1983,1983-12-29,2056
"YPR",1984,1984-12-29,2109
"YPR",1985,1985-12-29,2164
"YPR",1986,1986-12-29,2220
"YPR",1987,1987-12-29,2278
"YPR",1988,1988-12-29,2337
"YPR",1989,1989-12-29,2398
"YPR",1990,1990-12-29,2460
"KUW",1961,1961-12-29,325
"KUW",1962,1962-12-29,357
"KUW",1963,1963-12-29,393
"KUW",1964,1964-12-29,432
"KUW",1965,1965-12-29,475
"KUW",1966,1966-12-29,520
"KUW",1967,1967-12-29,570
"KUW",1968,1968-12-29,625
"KUW",1969,1969-12-29,685
"KUW",1970,1970-12-29,747
"KUW",1971,1971-12-29,793
"KUW",1972,1972-12-29,842
"KUW",1973,1973-12-29,893
"KUW",1974,1974-12-29,948
"KUW",1975,1975-12-29,1007
"KUW",1976,1976-12-29,1070
"KUW",1977,1977-12-29,1138
"KUW",1978,1978-12-29,1211
"KUW",1979,1979-12-29,1290
"KUW",1980,1980-12-29,1370
"KUW",1981,1981-12-29,1432
"KUW",1982,1982-12-29,1497
"KUW",1983,1983-12-29,1566
"KUW",1984,1984-12-29,1637
"KUW",1985,1985-12-29,1720
"KUW",1986,1986-12-29,1802
"KUW",1987,1987-12-29,1885
"KUW",1988,1988-12-29,1969
"KUW",1989,1989-12-29,2055
"KUW",1990,1990-12-29,2141
"KUW",1991,1991-12-29,2095
"KUW",1992,1992-12-29,1422
"KUW",1993,1993-12-29,1461
"KUW",1994,1994-12-29,1620
"KUW",1995,1995-12-29,1691
"KUW",1996,1996-12-29,1754
"KUW",1997,1997-12-29,1809
"KUW",1998,1998-12-29,1811
"KUW",1999,1999-12-29,1897
"KUW",2000,2000-12-29,1972
"KUW",2001,2001-12-29,1953
"KUW",2002,2002-12-29,2048
"KUW",2003,2003-12-29,2116
"KUW",2004,2004-12-29,2196
"KUW",2005,2005-12-29,2296
"KUW",2006,2006-12-29,2417
"KUW",2007,2007-12-29,2555
"KUW",2008,2008-12-29,2702
"KUW",2009,2009-12-29,2850
"KUW",2010,2010-12-29,2992
"KUW",2011,2011-12-29,3125
"KUW",2012,2012-12-29,3250
"KUW",2013,2013-12-29,3598
"KUW",2014,2014-12-29,3782
"KUW",2015,2015-12-29,3936
"KUW",2016,2016-12-29,4053
"QAT",1971,1971-12-29,122
"QAT",1972,1972-12-29,135
"QAT",1973,1973-12-29,147
"QAT",1974,1974-12-29,160
"QAT",1975,1975-12-29,171
"QAT",1976,1976-12-29,181
"QAT",1977,1977-12-29,191
"QAT",1978,1978-12-29,200
"QAT",1979,1979-12-29,213
"QAT",1980,1980-12-29,229
"QAT",1981,1981-12-29,250
"QAT",1982,1982-12-29,274
"QAT",1983,1983-12-29,301
"QAT",1984,1984-12-29,330
"QAT",1985,1985-12-29,358
"QAT",1986,1986-12-29,386
"QAT",1987,1987-12-29,414
"QAT",1988,1988-12-29,428
"QAT",1989,1989-12-29,456
"QAT",1990,1990-12-29,486
"QAT",1991,1991-12-29,503
"QAT",1992,1992-12-29,533
"QAT",1993,1993-12-29,559
"QAT",1994,1994-12-29,593
"QAT",1995,1995-12-29,548
"QAT",1996,1996-12-29,558
"QAT",1997,1997-12-29,569
"QAT",1998,1998-12-29,579
"QAT",1999,1999-12-29,589
"QAT",2000,2000-12-29,599
"QAT",2001,2001-12-29,649
"QAT",2002,2002-12-29,630
"QAT",2003,2003-12-29,660
"QAT",2004,2004-12-29,720
"QAT",2005,2005-12-29,821
"QAT",2006,2006-12-29,968
"QAT",2007,2007-12-29,1152
"QAT",2008,2008-12-29,1359
"QAT",2009,2009-12-29,1564
"QAT",2010,2010-12-29,1750
"QAT",2011,2011-12-29,1911
"QAT",2012,2012-12-29,2051
"QAT",2013,2013-12-29,2250
"QAT",2014,2014-12-29,2374
"QAT",2015,2015-12-29,2482
"QAT",2016,2016-12-29,2570
"UAE",1971,1971-12-29,260
"UAE",1972,1972-12-29,306
"UAE",1973,1973-12-29,362
"UAE",1974,1974-12-29,428
"UAE",1975,1975-12-29,505
"UAE",1976,1976-12-29,592
"UAE",1977,1977-12-29,690
"UAE",1978,1978-12-29,795
"UAE",1979,1979-12-29,904
"UAE",1980,1980-12-29,1015
"UAE",1981,1981-12-29,1128
"UAE",1982,1982-12-29,1240
"UAE",1983,1983-12-29,1206
"UAE",1984,1984-12-29,1455
"UAE",1985,1985-12-29,1552
"UAE",1986,1986-12-29,1639
"UAE",1987,1987-12-29,1718
"UAE",1988,1988-12-29,1789
"UAE",1989,1989-12-29,1856
"UAE",1990,1990-12-29,1921
"UAE",1991,1991-12-29,1983
"UAE",1992,1992-12-29,2044
"UAE",1993,1993-12-29,2102
"UAE",1994,1994-12-29,2157
"UAE",1995,1995-12-29,2314
"UAE",1996,1996-12-29,2443
"UAE",1997,1997-12-29,2580
"UAE",1998,1998-12-29,2353
"UAE",1999,1999-12-29,2398
"UAE",2000,2000-12-29,2441
"UAE",2001,2001-12-29,3167
"UAE",2002,2002-12-29,3224
"UAE",2003,2003-12-29,3369
"UAE",2004,2004-12-29,3659
"UAE",2005,2005-12-29,4149
"UAE",2006,2006-12-29,4876
"UAE",2007,2007-12-29,5797
"UAE",2008,2008-12-29,6799
"UAE",2009,2009-12-29,7718
"UAE",2010,2010-12-29,8442
"UAE",2011,2011-12-29,8925
"UAE",2012,2012-12-29,9206
"UAE",2013,2013-12-29,9006
"UAE",2014,2014-12-29,9071
"UAE",2015,2015-12-29,9154
"UAE",2016,2016-12-29,9270
"AFG",1919,1919-12-30,6231
"AFG",1920,1920-12-30,6306
"AFG",1921,1921-12-30,6381
"AFG",1922,1922-12-30,6456
"AFG",1923,1923-12-30,6532
"AFG",1924,1924-12-30,6609
"AFG",1925,1925-12-30,6687
"AFG",1926,1926-12-30,6765
"AFG",1927,1927-12-30,6845
"AFG",1928,1928-12-30,6925
"AFG",1929,1929-12-30,7007
"AFG",1930,1930-12-30,7089
"AFG",1931,1931-12-30,7173
"AFG",1932,1932-12-30,7257
"AFG",1933,1933-12-30,7343
"AFG",1934,1934-12-30,7429
"AFG",1935,1935-12-30,7516
"AFG",1936,1936-12-30,7605
"AFG",1937,1937-12-30,7694
"AFG",1938,1938-12-30,7785
"AFG",1939,1939-12-30,7876
"AFG",1940,1940-12-29,7969
"AFG",1941,1941-12-29,8063
"AFG",1942,1942-12-29,8158
"AFG",1943,1943-12-29,8254
"AFG",1944,1944-12-29,8351
"AFG",1945,1945-12-29,8449
"AFG",1946,1946-12-29,8549
"AFG",1947,1947-12-29,8649
"AFG",1948,1948-12-29,8751
"AFG",1949,1949-12-29,8854
"AFG",1950,1950-12-29,8958
"AFG",1951,1951-12-29,9093
"AFG",1952,1952-12-29,9238
"AFG",1953,1953-12-29,9393
"AFG",1954,1954-12-29,9558
"AFG",1955,1955-12-29,9734
"AFG",1956,1956-12-29,9921
"AFG",1957,1957-12-29,10119
"AFG",1958,1958-12-29,10327
"AFG",1959,1959-12-29,10546
"AFG",1960,1960-12-29,10775
"AFG",1961,1961-12-29,11014
"AFG",1962,1962-12-29,11262
"AFG",1963,1963-12-29,11521
"AFG",1964,1964-12-29,11791
"AFG",1965,1965-12-29,12071
"AFG",1966,1966-12-29,12358
"AFG",1967,1967-12-29,12652
"AFG",1968,1968-12-29,12957
"AFG",1969,1969-12-29,13280
"AFG",1970,1970-12-29,13623
"AFG",1971,1971-12-29,13984
"AFG",1972,1972-12-29,14356
"AFG",1973,1973-12-29,14724
"AFG",1974,1974-12-29,15070
"AFG",1975,1975-12-29,15378
"AFG",1976,1976-12-29,15653
"AFG",1977,1977-12-29,15892
"AFG",1978,1978-12-29,16064
"AFG",1979,1979-12-29,16128
"AFG",1980,1980-12-29,16063
"AFG",1981,1981-12-29,15862
"AFG",1982,1982-12-29,15549
"AFG",1983,1983-12-29,15177
"AFG",1984,1984-12-29,14814
"AFG",1985,1985-12-29,14519
"AFG",1986,1986-12-29,14300
"AFG",1987,1987-12-29,14165
"AFG",1988,1988-12-29,14162
"AFG",1989,1989-12-29,14346
"AFG",1990,1990-12-29,14754
"AFG",1991,1991-12-29,15403
"AFG",1992,1992-12-29,16276
"AFG",1993,1993-12-29,17322
"AFG",1994,1994-12-29,18470
"AFG",1995,1995-12-29,19661
"AFG",1996,1996-12-29,20883
"AFG",1997,1997-12-29,22132
"AFG",1998,1998-12-29,21354
"AFG",1999,1999-12-29,21923
"AFG",2000,2000-12-29,22720
"AFG",2001,2001-12-29,22080
"AFG",2002,2002-12-29,22203
"AFG",2003,2003-12-29,23116
"AFG",2004,2004-12-29,24019
"AFG",2005,2005-12-29,24861
"AFG",2006,2006-12-29,25631
"AFG",2007,2007-12-29,26349
"AFG",2008,2008-12-29,27032
"AFG",2009,2009-12-29,27708
"AFG",2010,2010-12-29,28398
"AFG",2011,2011-12-29,29105
"AFG",2012,2012-12-29,29825
"AFG",2013,2013-12-29,31732
"AFG",2014,2014-12-29,32758
"AFG",2015,2015-12-29,33736
"AFG",2016,2016-12-29,34656
"TAJ",1991,1991-12-29,5464
"TAJ",1992,1992-12-29,5571
"TAJ",1993,1993-12-29,5638
"TAJ",1994,1994-12-29,5745
"TAJ",1995,1995-12-29,5836
"TAJ",1996,1996-12-29,5919
"TAJ",1997,1997-12-29,6046
"TAJ",1998,1998-12-29,6015
"TAJ",1999,1999-12-29,6104
"TAJ",2000,2000-12-29,6188
"TAJ",2001,2001-12-29,6313
"TAJ",2002,2002-12-29,6404
"TAJ",2003,2003-12-29,6530
"TAJ",2004,2004-12-29,6664
"TAJ",2005,2005-12-29,6806
"TAJ",2006,2006-12-29,6955
"TAJ",2007,2007-12-29,7111
"TAJ",2008,2008-12-29,7275
"TAJ",2009,2009-12-29,7447
"TAJ",2010,2010-12-29,7627
"TAJ",2011,2011-12-29,7815
"TAJ",2012,2012-12-29,8009
"TAJ",2013,2013-12-29,8178
"TAJ",2014,2014-12-29,8363
"TAJ",2015,2015-12-29,8549
"TAJ",2016,2016-12-29,8735
"KYR",1991,1991-12-29,4453
"KYR",1992,1992-12-29,4493
"KYR",1993,1993-12-29,4482
"KYR",1994,1994-12-29,4473
"KYR",1995,1995-12-29,4514
"KYR",1996,1996-12-29,4576
"KYR",1997,1997-12-29,4635
"KYR",1998,1998-12-29,4643
"KYR",1999,1999-12-29,4669
"KYR",2000,2000-12-29,4699
"KYR",2001,2001-12-29,4955
"KYR",2002,2002-12-29,5003
"KYR",2003,2003-12-29,5009
"KYR",2004,2004-12-29,5019
"KYR",2005,2005-12-29,5042
"KYR",2006,2006-12-29,5082
"KYR",2007,2007-12-29,5134
"KYR",2008,2008-12-29,5197
"KYR",2009,2009-12-29,5265
"KYR",2010,2010-12-29,5334
"KYR",2011,2011-12-29,5403
"KYR",2012,2012-12-29,5474
"KYR",2013,2013-12-29,5684
"KYR",2014,2014-12-29,5775
"KYR",2015,2015-12-29,5865
"KYR",2016,2016-12-29,5956
"UZB",1991,1991-12-29,20862
"UZB",1992,1992-12-29,21360
"UZB",1993,1993-12-29,21852
"UZB",1994,1994-12-29,22282
"UZB",1995,1995-12-29,22690
"UZB",1996,1996-12-29,23130
"UZB",1997,1997-12-29,23667
"UZB",1998,1998-12-29,23574
"UZB",1999,1999-12-29,23942
"UZB",2000,2000-12-29,24318
"UZB",2001,2001-12-29,24964
"UZB",2002,2002-12-29,25334
"UZB",2003,2003-12-29,25554
"UZB",2004,2004-12-29,25784
"UZB",2005,2005-12-29,26044
"UZB",2006,2006-12-29,26341
"UZB",2007,2007-12-29,26669
"UZB",2008,2008-12-29,27023
"UZB",2009,2009-12-29,27393
"UZB",2010,2010-12-29,27769
"UZB",2011,2011-12-29,28152
"UZB",2012,2012-12-29,28541
"UZB",2013,2013-12-29,30020
"UZB",2014,2014-12-29,30500
"UZB",2015,2015-12-29,30976
"UZB",2016,2016-12-29,31447
"CHN",1860,1860-12-30,379382
"CHN",1861,1861-12-30,374670
"CHN",1862,1862-12-30,370015
"CHN",1863,1863-12-30,365419
"CHN",1864,1864-12-30,360880
"CHN",1865,1865-12-30,356397
"CHN",1866,1866-12-30,351970
"CHN",1867,1867-12-30,347597
"CHN",1868,1868-12-30,342765
"CHN",1869,1869-12-30,344724
"CHN",1870,1870-12-30,346694
"CHN",1871,1871-12-30,348677
"CHN",1872,1872-12-30,350670
"CHN",1873,1873-12-30,352674
"CHN",1874,1874-12-30,354690
"CHN",1875,1875-12-30,356718
"CHN",1876,1876-12-30,358757
"CHN",1877,1877-12-30,360808
"CHN",1878,1878-12-30,362870
"CHN",1879,1879-12-30,364944
"CHN",1880,1880-12-30,367030
"CHN",1881,1881-12-30,369128
"CHN",1882,1882-12-30,371239
"CHN",1883,1883-12-30,373361
"CHN",1884,1884-12-30,375495
"CHN",1885,1885-12-30,377636
"CHN",1886,1886-12-30,382238
"CHN",1887,1887-12-30,386892
"CHN",1888,1888-12-30,391601
"CHN",1889,1889-12-30,396369
"CHN",1890,1890-12-30,401194
"CHN",1891,1891-12-30,406077
"CHN",1892,1892-12-30,411021
"CHN",1893,1893-12-30,416025
"CHN",1894,1894-12-30,421000
"CHN",1895,1895-12-30,421763
"CHN",1896,1896-12-30,422523
"CHN",1897,1897-12-30,423285
"CHN",1898,1898-12-30,424047
"CHN",1899,1899-12-30,424811
"CHN",1900,1900-12-30,425577
"CHN",1901,1901-12-30,426447
"CHN",1902,1902-12-30,439947
"CHN",1903,1903-12-30,441220
"CHN",1904,1904-12-30,442502
"CHN",1905,1905-12-30,443787
"CHN",1906,1906-12-30,445076
"CHN",1907,1907-12-30,446368
"CHN",1908,1908-12-30,447665
"CHN",1909,1909-12-30,448965
"CHN",1910,1910-12-30,450269
"CHN",1911,1911-12-30,451576
"CHN",1912,1912-12-30,452888
"CHN",1913,1913-12-30,454203
"CHN",1914,1914-12-29,455522
"CHN",1915,1915-12-29,456845
"CHN",1916,1916-12-29,458172
"CHN",1917,1917-12-29,459503
"CHN",1918,1918-12-30,460837
"CHN",1919,1919-12-30,462176
"CHN",1920,1920-12-30,463518
"CHN",1921,1921-12-30,464864
"CHN",1922,1922-12-30,466214
"CHN",1923,1923-12-30,467568
"CHN",1924,1924-12-30,468926
"CHN",1925,1925-12-30,470288
"CHN",1926,1926-12-30,471654
"CHN",1927,1927-12-30,470852
"CHN",1928,1928-12-30,474787
"CHN",1929,1929-12-30,478830
"CHN",1930,1930-12-30,482917
"CHN",1931,1931-12-30,487039
"CHN",1932,1932-12-30,491197
"CHN",1933,1933-12-30,495390
"CHN",1934,1934-12-30,499618
"CHN",1935,1935-12-30,503883
"CHN",1936,1936-12-30,508185
"CHN",1937,1937-12-30,512523
"CHN",1938,1938-12-30,516898
"CHN",1939,1939-12-30,521310
"CHN",1940,1940-12-29,525760
"CHN",1941,1941-12-29,530248
"CHN",1942,1942-12-29,534774
"CHN",1943,1943-12-29,539339
"CHN",1944,1944-12-29,543943
"CHN",1945,1945-12-29,548586
"CHN",1946,1946-12-29,553269
"CHN",1947,1947-12-29,557992
"CHN",1948,1948-12-29,562755
"CHN",1949,1949-12-29,567559
"CHN",1950,1950-12-29,571889
"CHN",1951,1951-12-29,577290
"CHN",1952,1952-12-29,582218
"CHN",1953,1953-12-29,590820
"CHN",1954,1954-12-29,600149
"CHN",1955,1955-12-29,609005
"CHN",1956,1956-12-29,617789
"CHN",1957,1957-12-29,626818
"CHN",1958,1958-12-29,636335
"CHN",1959,1959-12-29,646515
"CHN",1960,1960-12-29,657492
"CHN",1961,1961-12-29,669392
"CHN",1962,1962-12-29,682357
"CHN",1963,1963-12-29,696552
"CHN",1964,1964-12-29,712142
"CHN",1965,1965-12-29,729191
"CHN",1966,1966-12-29,747754
"CHN",1967,1967-12-29,767672
"CHN",1968,1968-12-29,788508
"CHN",1969,1969-12-29,809669
"CHN",1970,1970-12-29,830675
"CHN",1971,1971-12-29,851419
"CHN",1972,1972-12-29,871854
"CHN",1973,1973-12-29,891632
"CHN",1974,1974-12-29,910367
"CHN",1975,1975-12-29,927808
"CHN",1976,1976-12-29,943793
"CHN",1977,1977-12-29,958438
"CHN",1978,1978-12-29,972138
"CHN",1979,1979-12-29,985467
"CHN",1980,1980-12-29,998877
"CHN",1981,1981-12-29,1012409
"CHN",1982,1982-12-29,1026029
"CHN",1983,1983-12-29,1040000
"CHN",1984,1984-12-29,1054667
"CHN",1985,1985-12-29,1070175
"CHN",1986,1986-12-29,1086773
"CHN",1987,1987-12-29,1104193
"CHN",1988,1988-12-29,1121980
"CHN",1989,1989-12-29,1139209
"CHN",1990,1990-12-29,1155305
"CHN",1991,1991-12-29,1170038
"CHN",1992,1992-12-29,1183568
"CHN",1993,1993-12-29,1196167
"CHN",1994,1994-12-29,1208278
"CHN",1995,1995-12-29,1220224
"CHN",1996,1996-12-29,1232083
"CHN",1997,1997-12-29,1243738
"CHN",1998,1998-12-29,1255698
"CHN",1999,1999-12-29,1266838
"CHN",2000,2000-12-29,1277558
"CHN",2001,2001-12-29,1271850
"CHN",2002,2002-12-29,1295322
"CHN",2003,2003-12-29,1302810
"CHN",2004,2004-12-29,1310414
"CHN",2005,2005-12-29,1318177
"CHN",2006,2006-12-29,1326146
"CHN",2007,2007-12-29,1334344
"CHN",2008,2008-12-29,1342733
"CHN",2009,2009-12-29,1351248
"CHN",2010,2010-12-29,1359821
"CHN",2011,2011-12-29,1368440
"CHN",2012,2012-12-29,1377065
"CHN",2013,2013-12-29,1382793
"CHN",2014,2014-12-29,1390110
"CHN",2015,2015-12-29,1397029
"CHN",2016,2016-12-29,1403500
"TAW",1949,1949-12-29,7099
"TAW",1950,1950-12-29,7427
"TAW",1951,1951-12-29,7769
"TAW",1952,1952-12-29,8128
"TAW",1953,1953-12-29,8433
"TAW",1954,1954-12-29,8750
"TAW",1955,1955-12-29,9078
"TAW",1956,1956-12-29,9398
"TAW",1957,1957-12-29,9728
"TAW",1958,1958-12-29,10071
"TAW",1959,1959-12-29,10425
"TAW",1960,1960-12-29,10792
"TAW",1961,1961-12-29,11136
"TAW",1962,1962-12-29,11492
"TAW",1963,1963-12-29,11859
"TAW",1964,1964-12-29,12237
"TAW",1965,1965-12-29,12628
"TAW",1966,1966-12-29,13035
"TAW",1967,1967-12-29,13454
"TAW",1968,1968-12-29,13888
"TAW",1969,1969-12-29,14335
"TAW",1970,1970-12-29,14676
"TAW",1971,1971-12-29,14995
"TAW",1972,1972-12-29,15289
"TAW",1973,1973-12-29,15565
"TAW",1974,1974-12-29,15852
"TAW",1975,1975-12-29,16150
"TAW",1976,1976-12-29,16508
"TAW",1977,1977-12-29,16813
"TAW",1978,1978-12-29,17136
"TAW",1979,1979-12-29,17479
"TAW",1980,1980-12-29,17805
"TAW",1981,1981-12-29,18136
"TAW",1982,1982-12-29,18458
"TAW",1983,1983-12-29,18733
"TAW",1984,1984-12-29,19013
"TAW",1985,1985-12-29,19258
"TAW",1986,1986-12-29,19455
"TAW",1987,1987-12-29,19673
"TAW",1988,1988-12-29,19904
"TAW",1989,1989-12-29,20107
"TAW",1990,1990-12-29,20353
"TAW",1991,1991-12-29,20557
"TAW",1992,1992-12-29,20752
"TAW",1993,1993-12-29,20944
"TAW",1994,1994-12-29,21126
"TAW",1995,1995-12-29,21304
"TAW",1996,1996-12-29,21471
"TAW",1997,1997-12-29,21683
"TAW",1998,1998-12-29,21871
"TAW",1999,1999-12-29,21873
"TAW",2000,2000-12-29,21875
"TAW",2001,2001-12-29,22406
"TAW",2002,2002-12-29,22521
"TAW",2003,2003-12-29,22605
"TAW",2004,2004-12-29,22689
"TAW",2005,2005-12-29,22770
"TAW",2006,2006-12-29,22877
"TAW",2007,2007-12-29,22958
"TAW",2008,2008-12-29,23037
"TAW",2009,2009-12-29,23120
"TAW",2010,2010-12-29,23162
"TAW",2011,2011-12-29,23225
"TAW",2012,2012-12-29,23316
"TAW",2013,2013-12-29,23340
"TAW",2014,2014-12-29,23414
"TAW",2015,2015-12-29,23486
"TAW",2016,2016-12-29,23557
"PRK",1948,1948-12-29,9369
"PRK",1949,1949-12-29,9620
"PRK",1950,1950-12-29,9488
"PRK",1951,1951-12-29,9086
"PRK",1952,1952-12-29,8821
"PRK",1953,1953-12-29,8698
"PRK",1954,1954-12-29,8711
"PRK",1955,1955-12-29,8848
"PRK",1956,1956-12-29,9296
"PRK",1957,1957-12-29,9412
"PRK",1958,1958-12-29,9780
"PRK",1959,1959-12-29,10162
"PRK",1960,1960-12-29,10525
"PRK",1961,1961-12-29,10851
"PRK",1962,1962-12-29,11142
"PRK",1963,1963-12-29,11418
"PRK",1964,1964-12-29,11716
"PRK",1965,1965-12-29,12061
"PRK",1966,1966-12-29,12457
"PRK",1967,1967-12-29,12889
"PRK",1968,1968-12-29,13345
"PRK",1969,1969-12-29,13808
"PRK",1970,1970-12-29,14263
"PRK",1971,1971-12-29,14706
"PRK",1972,1972-12-29,15140
"PRK",1973,1973-12-29,15556
"PRK",1974,1974-12-29,15945
"PRK",1975,1975-12-29,16301
"PRK",1976,1976-12-29,16621
"PRK",1977,1977-12-29,16907
"PRK",1978,1978-12-29,17168
"PRK",1979,1979-12-29,17418
"PRK",1980,1980-12-29,17666
"PRK",1981,1981-12-29,17916
"PRK",1982,1982-12-29,18168
"PRK",1983,1983-12-29,18423
"PRK",1984,1984-12-29,18681
"PRK",1985,1985-12-29,18942
"PRK",1986,1986-12-29,19207
"PRK",1987,1987-12-29,19479
"PRK",1988,1988-12-29,19760
"PRK",1989,1989-12-29,20054
"PRK",1990,1990-12-29,20363
"PRK",1991,1991-12-29,20687
"PRK",1992,1992-12-29,21025
"PRK",1993,1993-12-29,21375
"PRK",1994,1994-12-29,21734
"PRK",1995,1995-12-29,22097
"PRK",1996,1996-12-29,22466
"PRK",1997,1997-12-29,22837
"PRK",1998,1998-12-29,23348
"PRK",1999,1999-12-29,23702
"PRK",2000,2000-12-29,24039
"PRK",2001,2001-12-29,23149
"PRK",2002,2002-12-29,23248
"PRK",2003,2003-12-29,23449
"PRK",2004,2004-12-29,23639
"PRK",2005,2005-12-29,23813
"PRK",2006,2006-12-29,23970
"PRK",2007,2007-12-29,24112
"PRK",2008,2008-12-29,24244
"PRK",2009,2009-12-29,24372
"PRK",2010,2010-12-29,24501
"PRK",2011,2011-12-29,24631
"PRK",2012,2012-12-29,24763
"PRK",2013,2013-12-29,24986
"PRK",2014,2014-12-29,25116
"PRK",2015,2015-12-29,25244
"PRK",2016,2016-12-29,25369
"ROK",1949,1949-12-29,20200
"ROK",1950,1950-12-29,20357
"ROK",1951,1951-12-29,20227
"ROK",1952,1952-12-29,20289
"ROK",1953,1953-12-29,20523
"ROK",1954,1954-12-29,20908
"ROK",1955,1955-12-29,21424
"ROK",1956,1956-12-29,22042
"ROK",1957,1957-12-29,22677
"ROK",1958,1958-12-29,23330
"ROK",1959,1959-12-29,24003
"ROK",1960,1960-12-29,25012
"ROK",1961,1961-12-29,25766
"ROK",1962,1962-12-29,26513
"ROK",1963,1963-12-29,27262
"ROK",1964,1964-12-29,27984
"ROK",1965,1965-12-29,28705
"ROK",1966,1966-12-29,29436
"ROK",1967,1967-12-29,30131
"ROK",1968,1968-12-29,30838
"ROK",1969,1969-12-29,31544
"ROK",1970,1970-12-29,32241
"ROK",1971,1971-12-29,32883
"ROK",1972,1972-12-29,33505
"ROK",1973,1973-12-29,34103
"ROK",1974,1974-12-29,34692
"ROK",1975,1975-12-29,35281
"ROK",1976,1976-12-29,35849
"ROK",1977,1977-12-29,36412
"ROK",1978,1978-12-29,36969
"ROK",1979,1979-12-29,37534
"ROK",1980,1980-12-29,38124
"ROK",1981,1981-12-29,38723
"ROK",1982,1982-12-29,39326
"ROK",1983,1983-12-29,39910
"ROK",1984,1984-12-29,40406
"ROK",1985,1985-12-29,40806
"ROK",1986,1986-12-29,41214
"ROK",1987,1987-12-29,41622
"ROK",1988,1988-12-29,42031
"ROK",1989,1989-12-29,42449
"ROK",1990,1990-12-29,42869
"ROK",1991,1991-12-29,43296
"ROK",1992,1992-12-29,43748
"ROK",1993,1993-12-29,44195
"ROK",1994,1994-12-29,44642
"ROK",1995,1995-12-29,45093
"ROK",1996,1996-12-29,45545
"ROK",1997,1997-12-29,45991
"ROK",1998,1998-12-29,46109
"ROK",1999,1999-12-29,46480
"ROK",2000,2000-12-29,46844
"ROK",2001,2001-12-29,47354
"ROK",2002,2002-12-29,46394
"ROK",2003,2003-12-29,46592
"ROK",2004,2004-12-29,46801
"ROK",2005,2005-12-29,47033
"ROK",2006,2006-12-29,47291
"ROK",2007,2007-12-29,47573
"ROK",2008,2008-12-29,47868
"ROK",2009,2009-12-29,48165
"ROK",2010,2010-12-29,48454
"ROK",2011,2011-12-29,48733
"ROK",2012,2012-12-29,49003
"ROK",2013,2013-12-29,50169
"ROK",2014,2014-12-29,50386
"ROK",2015,2015-12-29,50594
"ROK",2016,2016-12-29,50792
"JPN",1860,1860-12-30,32538
"JPN",1861,1861-12-30,32721
"JPN",1862,1862-12-30,32905
"JPN",1863,1863-12-30,33091
"JPN",1864,1864-12-30,33277
"JPN",1865,1865-12-30,33464
"JPN",1866,1866-12-30,33653
"JPN",1867,1867-12-30,33842
"JPN",1868,1868-12-30,34033
"JPN",1869,1869-12-30,34225
"JPN",1870,1870-12-30,34417
"JPN",1871,1871-12-30,34611
"JPN",1872,1872-12-30,34806
"JPN",1873,1873-12-30,34985
"JPN",1874,1874-12-30,35154
"JPN",1875,1875-12-30,35316
"JPN",1876,1876-12-30,35555
"JPN",1877,1877-12-30,35870
"JPN",1878,1878-12-30,36166
"JPN",1879,1879-12-30,36464
"JPN",1880,1880-12-30,36649
"JPN",1881,1881-12-30,36965
"JPN",1882,1882-12-30,37259
"JPN",1883,1883-12-30,37569
"JPN",1884,1884-12-30,37962
"JPN",1885,1885-12-30,38313
"JPN",1886,1886-12-30,38541
"JPN",1887,1887-12-30,38703
"JPN",1888,1888-12-30,39029
"JPN",1889,1889-12-30,39473
"JPN",1890,1890-12-30,39902
"JPN",1891,1891-12-30,40251
"JPN",1892,1892-12-30,40508
"JPN",1893,1893-12-30,40860
"JPN",1894,1894-12-30,41142
"JPN",1895,1895-12-30,41557
"JPN",1896,1896-12-30,41992
"JPN",1897,1897-12-30,42400
"JPN",1898,1898-12-30,42886
"JPN",1899,1899-12-30,43404
"JPN",1900,1900-12-30,43847
"JPN",1901,1901-12-30,44359
"JPN",1902,1902-12-30,44964
"JPN",1903,1903-12-30,45546
"JPN",1904,1904-12-30,46135
"JPN",1905,1905-12-30,46620
"JPN",1906,1906-12-30,47038
"JPN",1907,1907-12-30,47416
"JPN",1908,1908-12-30,47965
"JPN",1909,1909-12-30,48554
"JPN",1910,1910-12-30,49184
"JPN",1911,1911-12-30,49852
"JPN",1912,1912-12-30,50577
"JPN",1913,1913-12-30,51305
"JPN",1914,1914-12-29,52039
"JPN",1915,1915-12-29,52752
"JPN",1916,1916-12-29,53496
"JPN",1917,1917-12-29,54134
"JPN",1918,1918-12-30,54739
"JPN",1919,1919-12-30,55033
"JPN",1920,1920-12-30,55936
"JPN",1921,1921-12-30,56666
"JPN",1922,1922-12-30,57390
"JPN",1923,1923-12-30,58119
"JPN",1924,1924-12-30,58876
"JPN",1925,1925-12-30,59737
"JPN",1926,1926-12-30,60741
"JPN",1927,1927-12-30,61659
"JPN",1928,1928-12-30,62595
"JPN",1929,1929-12-30,63461
"JPN",1930,1930-12-30,64450
"JPN",1931,1931-12-30,65457
"JPN",1932,1932-12-30,66434
"JPN",1933,1933-12-30,67432
"JPN",1934,1934-12-30,68309
"JPN",1935,1935-12-30,69254
"JPN",1936,1936-12-30,70114
"JPN",1937,1937-12-30,70630
"JPN",1938,1938-12-30,71013
"JPN",1939,1939-12-30,71380
"JPN",1940,1940-12-29,71933
"JPN",1941,1941-12-29,72218
"JPN",1942,1942-12-29,72880
"JPN",1943,1943-12-29,73903
"JPN",1944,1944-12-29,74433
"JPN",1945,1945-12-29,72147
"JPN",1952,1952-12-29,85503
"JPN",1953,1953-12-29,86695
"JPN",1954,1954-12-29,87976
"JPN",1955,1955-12-29,89020
"JPN",1956,1956-12-29,89953
"JPN",1957,1957-12-29,90734
"JPN",1958,1958-12-29,91546
"JPN",1959,1959-12-29,92434
"JPN",1960,1960-12-29,93216
"JPN",1961,1961-12-29,94055
"JPN",1962,1962-12-29,94933
"JPN",1963,1963-12-29,95900
"JPN",1964,1964-12-29,96903
"JPN",1965,1965-12-29,97952
"JPN",1966,1966-12-29,98851
"JPN",1967,1967-12-29,99879
"JPN",1968,1968-12-29,101011
"JPN",1969,1969-12-29,102219
"JPN",1970,1970-12-29,103403
"JPN",1971,1971-12-29,105697
"JPN",1972,1972-12-29,107188
"JPN",1973,1973-12-29,108707
"JPN",1974,1974-12-29,110162
"JPN",1975,1975-12-29,111573
"JPN",1976,1976-12-29,112775
"JPN",1977,1977-12-29,113872
"JPN",1978,1978-12-29,114913
"JPN",1979,1979-12-29,115890
"JPN",1980,1980-12-29,116807
"JPN",1981,1981-12-29,117661
"JPN",1982,1982-12-29,118480
"JPN",1983,1983-12-29,119307
"JPN",1984,1984-12-29,120083
"JPN",1985,1985-12-29,120837
"JPN",1986,1986-12-29,121482
"JPN",1987,1987-12-29,122069
"JPN",1988,1988-12-29,122578
"JPN",1989,1989-12-29,123069
"JPN",1990,1990-12-29,123478
"JPN",1991,1991-12-29,123964
"JPN",1992,1992-12-29,124425
"JPN",1993,1993-12-29,124829
"JPN",1994,1994-12-29,125178
"JPN",1995,1995-12-29,125472
"JPN",1996,1996-12-29,125761
"JPN",1997,1997-12-29,125638
"JPN",1998,1998-12-29,126281
"JPN",1999,1999-12-29,126505
"JPN",2000,2000-12-29,126714
"JPN",2001,2001-12-29,127149
"JPN",2002,2002-12-29,126249
"JPN",2003,2003-12-29,126524
"JPN",2004,2004-12-29,126773
"JPN",2005,2005-12-29,126979
"JPN",2006,2006-12-29,127136
"JPN",2007,2007-12-29,127249
"JPN",2008,2008-12-29,127319
"JPN",2009,2009-12-29,127353
"JPN",2010,2010-12-29,127353
"JPN",2011,2011-12-29,127319
"JPN",2012,2012-12-29,127250
"JPN",2013,2013-12-29,128313
"JPN",2014,2014-12-29,128163
"JPN",2015,2015-12-29,127975
"JPN",2016,2016-12-29,127749
"IND",1947,1947-12-29,344367
"IND",1948,1948-12-29,349430
"IND",1949,1949-12-29,353832
"IND",1950,1950-12-29,358293
"IND",1951,1951-12-29,363439
"IND",1952,1952-12-29,369591
"IND",1953,1953-12-29,376079
"IND",1954,1954-12-29,382923
"IND",1955,1955-12-29,390149
"IND",1956,1956-12-29,397776
"IND",1957,1957-12-29,405825
"IND",1958,1958-12-29,414317
"IND",1959,1959-12-29,423274
"IND",1960,1960-12-29,432703
"IND",1961,1961-12-29,442372
"IND",1962,1962-12-29,452212
"IND",1963,1963-12-29,462027
"IND",1964,1964-12-29,472132
"IND",1965,1965-12-29,482530
"IND",1966,1966-12-29,493209
"IND",1967,1967-12-29,504162
"IND",1968,1968-12-29,515414
"IND",1969,1969-12-29,526986
"IND",1970,1970-12-29,554911
"IND",1971,1971-12-29,551226
"IND",1972,1972-12-29,563680
"IND",1973,1973-12-29,576419
"IND",1974,1974-12-29,589442
"IND",1975,1975-12-29,602748
"IND",1976,1976-12-29,616333
"IND",1977,1977-12-29,630195
"IND",1978,1978-12-29,644329
"IND",1979,1979-12-29,658730
"IND",1980,1980-12-29,673388
"IND",1981,1981-12-29,688320
"IND",1982,1982-12-29,703572
"IND",1983,1983-12-29,719091
"IND",1984,1984-12-29,734872
"IND",1985,1985-12-29,750911
"IND",1986,1986-12-29,767199
"IND",1987,1987-12-29,783730
"IND",1988,1988-12-29,800496
"IND",1989,1989-12-29,817488
"IND",1990,1990-12-29,834697
"IND",1991,1991-12-29,851661
"IND",1992,1992-12-29,867818
"IND",1993,1993-12-29,883910
"IND",1994,1994-12-29,899953
"IND",1995,1995-12-29,915971
"IND",1996,1996-12-29,939540
"IND",1997,1997-12-29,955220
"IND",1998,1998-12-29,982223
"IND",1999,1999-12-29,998056
"IND",2000,2000-12-29,1013662
"IND",2001,2001-12-29,1034931
"IND",2002,2002-12-29,1076706
"IND",2003,2003-12-29,1093787
"IND",2004,2004-12-29,1110626
"IND",2005,2005-12-29,1127144
"IND",2006,2006-12-29,1143289
"IND",2007,2007-12-29,1159095
"IND",2008,2008-12-29,1174662
"IND",2009,2009-12-29,1190138
"IND",2010,2010-12-29,1205625
"IND",2011,2011-12-29,1221156
"IND",2012,2012-12-29,1236687
"IND",2013,2013-12-29,1278562
"IND",2014,2014-12-29,1293859
"IND",2015,2015-12-29,1309054
"IND",2016,2016-12-29,1324171
"PAK",1947,1947-12-29,70050
"PAK",1948,1948-12-29,71560
"PAK",1949,1949-12-29,73070
"PAK",1950,1950-12-29,74620
"PAK",1951,1951-12-29,76448
"PAK",1952,1952-12-29,78364
"PAK",1953,1953-12-29,80408
"PAK",1954,1954-12-29,82342
"PAK",1955,1955-12-29,84406
"PAK",1956,1956-12-29,86522
"PAK",1957,1957-12-29,88691
"PAK",1958,1958-12-29,90915
"PAK",1959,1959-12-29,93195
"PAK",1960,1960-12-29,98737
"PAK",1961,1961-12-29,101452
"PAK",1962,1962-12-29,104237
"PAK",1963,1963-12-29,107099
"PAK",1964,1964-12-29,110040
"PAK",1965,1965-12-29,113061
"PAK",1966,1966-12-29,116032
"PAK",1967,1967-12-29,119082
"PAK",1968,1968-12-29,122212
"PAK",1969,1969-12-29,125426
"PAK",1970,1970-12-29,128724
"PAK",1971,1971-12-29,62425
"PAK",1972,1972-12-29,64298
"PAK",1973,1973-12-29,66879
"PAK",1974,1974-12-29,68924
"PAK",1975,1975-12-29,71033
"PAK",1976,1976-12-29,73205
"PAK",1977,1977-12-29,75444
"PAK",1978,1978-12-29,77752
"PAK",1979,1979-12-29,80130
"PAK",1980,1980-12-29,82581
"PAK",1981,1981-12-29,85118
"PAK",1982,1982-12-29,87825
"PAK",1983,1983-12-29,90617
"PAK",1984,1984-12-29,93499
"PAK",1985,1985-12-29,96472
"PAK",1986,1986-12-29,99539
"PAK",1987,1987-12-29,102705
"PAK",1988,1988-12-29,105970
"PAK",1989,1989-12-29,109140
"PAK",1990,1990-12-29,112404
"PAK",1991,1991-12-29,115766
"PAK",1992,1992-12-29,119229
"PAK",1993,1993-12-29,122795
"PAK",1994,1994-12-29,126467
"PAK",1995,1995-12-29,129871
"PAK",1996,1996-12-29,134146
"PAK",1997,1997-12-29,138150
"PAK",1998,1998-12-29,148166
"PAK",1999,1999-12-29,152331
"PAK",2000,2000-12-29,156483
"PAK",2001,2001-12-29,142350
"PAK",2002,2002-12-29,149694
"PAK",2003,2003-12-29,152420
"PAK",2004,2004-12-29,155151
"PAK",2005,2005-12-29,157971
"PAK",2006,2006-12-29,160906
"PAK",2007,2007-12-29,163928
"PAK",2008,2008-12-29,167008
"PAK",2009,2009-12-29,170094
"PAK",2010,2010-12-29,173149
"PAK",2011,2011-12-29,176166
"PAK",2012,2012-12-29,179160
"PAK",2013,2013-12-29,181713
"PAK",2014,2014-12-29,185546
"PAK",2015,2015-12-29,189381
"PAK",2016,2016-12-29,193203
"BNG",1971,1971-12-29,70416
"BNG",1972,1972-12-29,72392
"BNG",1973,1973-12-29,74368
"BNG",1974,1974-12-29,77032
"BNG",1975,1975-12-29,78961
"BNG",1976,1976-12-29,80815
"BNG",1977,1977-12-29,82713
"BNG",1978,1978-12-29,84655
"BNG",1979,1979-12-29,86643
"BNG",1980,1980-12-29,88678
"BNG",1981,1981-12-29,90457
"BNG",1982,1982-12-29,92585
"BNG",1983,1983-12-29,94651
"BNG",1984,1984-12-29,97273
"BNG",1985,1985-12-29,99434
"BNG",1986,1986-12-29,101673
"BNG",1987,1987-12-29,102563
"BNG",1988,1988-12-29,104532
"BNG",1989,1989-12-29,106507
"BNG",1990,1990-12-29,109765
"BNG",1991,1991-12-29,109880
"BNG",1992,1992-12-29,113223
"BNG",1993,1993-12-29,114844
"BNG",1994,1994-12-29,116493
"BNG",1995,1995-12-29,118229
"BNG",1996,1996-12-29,120073
"BNG",1997,1997-12-29,122013
"BNG",1998,1998-12-29,124774
"BNG",1999,1999-12-29,126947
"BNG",2000,2000-12-29,129155
"BNG",2001,2001-12-29,131000
"BNG",2002,2002-12-29,137006
"BNG",2003,2003-12-29,139186
"BNG",2004,2004-12-29,141235
"BNG",2005,2005-12-29,143135
"BNG",2006,2006-12-29,144869
"BNG",2007,2007-12-29,146457
"BNG",2008,2008-12-29,147970
"BNG",2009,2009-12-29,149503
"BNG",2010,2010-12-29,151125
"BNG",2011,2011-12-29,152862
"BNG",2012,2012-12-29,154695
"BNG",2013,2013-12-29,157571
"BNG",2014,2014-12-29,159405
"BNG",2015,2015-12-29,161201
"BNG",2016,2016-12-29,162952
"MYA",1948,1948-12-29,18119
"MYA",1949,1949-12-29,18304
"MYA",1950,1950-12-29,17832
"MYA",1951,1951-12-29,18139
"MYA",1952,1952-12-29,18463
"MYA",1953,1953-12-29,18807
"MYA",1954,1954-12-29,19173
"MYA",1955,1955-12-29,19561
"MYA",1956,1956-12-29,19970
"MYA",1957,1957-12-29,20397
"MYA",1958,1958-12-29,20838
"MYA",1959,1959-12-29,21289
"MYA",1960,1960-12-29,22355
"MYA",1961,1961-12-29,22200
"MYA",1962,1962-12-29,22688
"MYA",1963,1963-12-29,23187
"MYA",1964,1964-12-29,23697
"MYA",1965,1965-12-29,24218
"MYA",1966,1966-12-29,24751
"MYA",1967,1967-12-29,25303
"MYA",1968,1968-12-29,25867
"MYA",1969,1969-12-29,26444
"MYA",1970,1970-12-29,27034
"MYA",1971,1971-12-29,27637
"MYA",1972,1972-12-29,28262
"MYA",1973,1973-12-29,28886
"MYA",1974,1974-12-29,29521
"MYA",1975,1975-12-29,30170
"MYA",1976,1976-12-29,30834
"MYA",1977,1977-12-29,31512
"MYA",1978,1978-12-29,32205
"MYA",1979,1979-12-29,32913
"MYA",1980,1980-12-29,33637
"MYA",1981,1981-12-29,35094
"MYA",1982,1982-12-29,35910
"MYA",1983,1983-12-29,36747
"MYA",1984,1984-12-29,37614
"MYA",1985,1985-12-29,38541
"MYA",1986,1986-12-29,37800
"MYA",1987,1987-12-29,39073
"MYA",1988,1988-12-29,39839
"MYA",1989,1989-12-29,40601
"MYA",1990,1990-12-29,41354
"MYA",1991,1991-12-29,41552
"MYA",1992,1992-12-29,42333
"MYA",1993,1993-12-29,43116
"MYA",1994,1994-12-29,43922
"MYA",1995,1995-12-29,45106
"MYA",1996,1996-12-29,45922
"MYA",1997,1997-12-29,46402
"MYA",1998,1998-12-29,44497
"MYA",1999,1999-12-29,45059
"MYA",2000,2000-12-29,45611
"MYA",2001,2001-12-29,51138
"MYA",2002,2002-12-29,49261
"MYA",2003,2003-12-29,49577
"MYA",2004,2004-12-29,49875
"MYA",2005,2005-12-29,50181
"MYA",2006,2006-12-29,50500
"MYA",2007,2007-12-29,50829
"MYA",2008,2008-12-29,51174
"MYA",2009,2009-12-29,51540
"MYA",2010,2010-12-29,51931
"MYA",2011,2011-12-29,52351
"MYA",2012,2012-12-29,52797
"MYA",2013,2013-12-29,51448
"MYA",2014,2014-12-29,51924
"MYA",2015,2015-12-29,52404
"MYA",2016,2016-12-29,52885
"THI",1887,1887-12-30,6199
"THI",1888,1888-12-30,6279
"THI",1889,1889-12-30,6360
"THI",1890,1890-12-30,6442
"THI",1891,1891-12-30,6525
"THI",1892,1892-12-30,6609
"THI",1893,1893-12-30,6694
"THI",1894,1894-12-30,6780
"THI",1895,1895-12-30,6867
"THI",1896,1896-12-30,6955
"THI",1897,1897-12-30,7045
"THI",1898,1898-12-30,7135
"THI",1899,1899-12-30,7227
"THI",1900,1900-12-30,7320
"THI",1901,1901-12-30,7413
"THI",1902,1902-12-30,7507
"THI",1903,1903-12-30,7602
"THI",1904,1904-12-30,7699
"THI",1905,1905-12-30,7797
"THI",1906,1906-12-30,7896
"THI",1907,1907-12-30,7996
"THI",1908,1908-12-30,8098
"THI",1909,1909-12-30,8201
"THI",1910,1910-12-30,8305
"THI",1911,1911-12-30,8431
"THI",1912,1912-12-30,8559
"THI",1913,1913-12-30,8689
"THI",1914,1914-12-29,8822
"THI",1915,1915-12-29,8957
"THI",1916,1916-12-29,9094
"THI",1917,1917-12-29,9232
"THI",1918,1918-12-30,9418
"THI",1919,1919-12-30,9608
"THI",1920,1920-12-30,9802
"THI",1921,1921-12-30,10000
"THI",1922,1922-12-30,10202
"THI",1923,1923-12-30,10435
"THI",1924,1924-12-30,10673
"THI",1925,1925-12-30,10916
"THI",1926,1926-12-30,11165
"THI",1927,1927-12-30,11419
"THI",1928,1928-12-30,11734
"THI",1929,1929-12-30,12058
"THI",1930,1930-12-30,12392
"THI",1931,1931-12-30,12735
"THI",1932,1932-12-30,13087
"THI",1933,1933-12-30,13399
"THI",1934,1934-12-30,13718
"THI",1935,1935-12-30,14045
"THI",1936,1936-12-30,14379
"THI",1937,1937-12-30,14721
"THI",1938,1938-12-30,14980
"THI",1939,1939-12-30,15244
"THI",1940,1940-12-29,15513
"THI",1941,1941-12-29,15787
"THI",1942,1942-12-29,16060
"THI",1943,1943-12-29,16462
"THI",1944,1944-12-29,16868
"THI",1945,1945-12-29,17284
"THI",1946,1946-12-29,17710
"THI",1947,1947-12-29,18148
"THI",1948,1948-12-29,18508
"THI",1949,1949-12-29,19063
"THI",1950,1950-12-29,19635
"THI",1951,1951-12-29,20224
"THI",1952,1952-12-29,20831
"THI",1953,1953-12-29,21456
"THI",1954,1954-12-29,22099
"THI",1955,1955-12-29,22762
"THI",1956,1956-12-29,23445
"THI",1957,1957-12-29,24148
"THI",1958,1958-12-29,24873
"THI",1959,1959-12-29,25619
"THI",1960,1960-12-29,26634
"THI",1961,1961-12-29,27446
"THI",1962,1962-12-29,28293
"THI",1963,1963-12-29,29173
"THI",1964,1964-12-29,30082
"THI",1965,1965-12-29,31025
"THI",1966,1966-12-29,31995
"THI",1967,1967-12-29,32996
"THI",1968,1968-12-29,34035
"THI",1969,1969-12-29,35109
"THI",1970,1970-12-29,36370
"THI",1971,1971-12-29,37485
"THI",1972,1972-12-29,38592
"THI",1973,1973-12-29,39693
"THI",1974,1974-12-29,40782
"THI",1975,1975-12-29,41869
"THI",1976,1976-12-29,42960
"THI",1977,1977-12-29,44039
"THI",1978,1978-12-29,45100
"THI",1979,1979-12-29,46142
"THI",1980,1980-12-29,46718
"THI",1981,1981-12-29,47718
"THI",1982,1982-12-29,48709
"THI",1983,1983-12-29,49680
"THI",1984,1984-12-29,50637
"THI",1985,1985-12-29,51580
"THI",1986,1986-12-29,52511
"THI",1987,1987-12-29,53427
"THI",1988,1988-12-29,54326
"THI",1989,1989-12-29,55214
"THI",1990,1990-12-29,55839
"THI",1991,1991-12-29,56574
"THI",1992,1992-12-29,57294
"THI",1993,1993-12-29,58010
"THI",1994,1994-12-29,58716
"THI",1995,1995-12-29,59401
"THI",1996,1996-12-29,60003
"THI",1997,1997-12-29,60602
"THI",1998,1998-12-29,60300
"THI",1999,1999-12-29,60856
"THI",2000,2000-12-29,61399
"THI",2001,2001-12-29,62914
"THI",2002,2002-12-29,63798
"THI",2003,2003-12-29,64488
"THI",2004,2004-12-29,65087
"THI",2005,2005-12-29,65559
"THI",2006,2006-12-29,65884
"THI",2007,2007-12-29,66077
"THI",2008,2008-12-29,66185
"THI",2009,2009-12-29,66277
"THI",2010,2010-12-29,66402
"THI",2011,2011-12-29,66576
"THI",2012,2012-12-29,66785
"THI",2013,2013-12-29,68143
"THI",2014,2014-12-29,68417
"THI",2015,2015-12-29,68658
"THI",2016,2016-12-29,68864
"CAM",1953,1953-12-29,4649
"CAM",1954,1954-12-29,4742
"CAM",1955,1955-12-29,4840
"CAM",1956,1956-12-29,4945
"CAM",1957,1957-12-29,5058
"CAM",1958,1958-12-29,5179
"CAM",1959,1959-12-29,5304
"CAM",1960,1960-12-29,5433
"CAM",1961,1961-12-29,5564
"CAM",1962,1962-12-29,5698
"CAM",1963,1963-12-29,5816
"CAM",1964,1964-12-29,5984
"CAM",1965,1965-12-29,6141
"CAM",1966,1966-12-29,6310
"CAM",1967,1967-12-29,6486
"CAM",1968,1968-12-29,6657
"CAM",1969,1969-12-29,6812
"CAM",1970,1970-12-29,6938
"CAM",1971,1971-12-29,7038
"CAM",1972,1972-12-29,7114
"CAM",1973,1973-12-29,7156
"CAM",1974,1974-12-29,7152
"CAM",1975,1975-12-29,7098
"CAM",1976,1976-12-29,6984
"CAM",1977,1977-12-29,6824
"CAM",1978,1978-12-29,6657
"CAM",1979,1979-12-29,6535
"CAM",1980,1980-12-29,6498
"CAM",1981,1981-12-29,6561
"CAM",1982,1982-12-29,6711
"CAM",1983,1983-12-29,6927
"CAM",1984,1984-12-29,7173
"CAM",1985,1985-12-29,7422
"CAM",1986,1986-12-29,7669
"CAM",1987,1987-12-29,7919
"CAM",1988,1988-12-29,8172
"CAM",1989,1989-12-29,8430
"CAM",1990,1990-12-29,8568
"CAM",1991,1991-12-29,8807
"CAM",1992,1992-12-29,9054
"CAM",1993,1993-12-29,9308
"CAM",1994,1994-12-29,9568
"CAM",1995,1995-12-29,9836
"CAM",1996,1996-12-29,10273
"CAM",1997,1997-12-29,10516
"CAM",1998,1998-12-29,10716
"CAM",1999,1999-12-29,10945
"CAM",2000,2000-12-29,11168
"CAM",2001,2001-12-29,12922
"CAM",2002,2002-12-29,12709
"CAM",2003,2003-12-29,12934
"CAM",2004,2004-12-29,13149
"CAM",2005,2005-12-29,13356
"CAM",2006,2006-12-29,13555
"CAM",2007,2007-12-29,13747
"CAM",2008,2008-12-29,13941
"CAM",2009,2009-12-29,14144
"CAM",2010,2010-12-29,14365
"CAM",2011,2011-12-29,14606
"CAM",2012,2012-12-29,14865
"CAM",2013,2013-12-29,15023
"CAM",2014,2014-12-29,15271
"CAM",2015,2015-12-29,15518
"CAM",2016,2016-12-29,15762
"LAO",1953,1953-12-29,1861
"LAO",1954,1954-12-29,1902
"LAO",1955,1955-12-29,1944
"LAO",1956,1956-12-29,2093
"LAO",1957,1957-12-29,2034
"LAO",1958,1958-12-29,2220
"LAO",1959,1959-12-29,2282
"LAO",1960,1960-12-29,2337
"LAO",1961,1961-12-29,2393
"LAO",1962,1962-12-29,2450
"LAO",1963,1963-12-29,2509
"LAO",1964,1964-12-29,2569
"LAO",1965,1965-12-29,2631
"LAO",1966,1966-12-29,2694
"LAO",1967,1967-12-29,2759
"LAO",1968,1968-12-29,2825
"LAO",1969,1969-12-29,2893
"LAO",1970,1970-12-29,2962
"LAO",1971,1971-12-29,3033
"LAO",1972,1972-12-29,3106
"LAO",1973,1973-12-29,3181
"LAO",1974,1974-12-29,3257
"LAO",1975,1975-12-29,3024
"LAO",1976,1976-12-29,3065
"LAO",1977,1977-12-29,3097
"LAO",1978,1978-12-29,3127
"LAO",1979,1979-12-29,3161
"LAO",1980,1980-12-29,3205
"LAO",1981,1981-12-29,3262
"LAO",1982,1982-12-29,3330
"LAO",1983,1983-12-29,3408
"LAO",1984,1984-12-29,3497
"LAO",1985,1985-12-29,3594
"LAO",1986,1986-12-29,3702
"LAO",1987,1987-12-29,3819
"LAO",1988,1988-12-29,3943
"LAO",1989,1989-12-29,4072
"LAO",1990,1990-12-29,4202
"LAO",1991,1991-12-29,4332
"LAO",1992,1992-12-29,4463
"LAO",1993,1993-12-29,4597
"LAO",1994,1994-12-29,4736
"LAO",1995,1995-12-29,4882
"LAO",1996,1996-12-29,5035
"LAO",1997,1997-12-29,5194
"LAO",1998,1998-12-29,5163
"LAO",1999,1999-12-29,5297
"LAO",2000,2000-12-29,5433
"LAO",2001,2001-12-29,5377
"LAO",2002,2002-12-29,5545
"LAO",2003,2003-12-29,5619
"LAO",2004,2004-12-29,5699
"LAO",2005,2005-12-29,5791
"LAO",2006,2006-12-29,5896
"LAO",2007,2007-12-29,6013
"LAO",2008,2008-12-29,6139
"LAO",2009,2009-12-29,6268
"LAO",2010,2010-12-29,6396
"LAO",2011,2011-12-29,6521
"LAO",2012,2012-12-29,6646
"LAO",2013,2013-12-29,6495
"LAO",2014,2014-12-29,6576
"LAO",2015,2015-12-29,6664
"LAO",2016,2016-12-29,6758
"DRV",1954,1954-12-29,13077
"DRV",1955,1955-12-29,13550
"DRV",1956,1956-12-29,14040
"DRV",1957,1957-12-29,14530
"DRV",1958,1958-12-29,15030
"DRV",1959,1959-12-29,15550
"DRV",1960,1960-12-29,16100
"DRV",1961,1961-12-29,16600
"DRV",1962,1962-12-29,17200
"DRV",1963,1963-12-29,17900
"DRV",1964,1964-12-29,18500
"DRV",1965,1965-12-29,19000
"DRV",1966,1966-12-29,19420
"DRV",1967,1967-12-29,19850
"DRV",1968,1968-12-29,20280
"DRV",1969,1969-12-29,20720
"DRV",1970,1970-12-29,21150
"DRV",1971,1971-12-29,21595
"DRV",1972,1972-12-29,22038
"DRV",1973,1973-12-29,22481
"DRV",1974,1974-12-29,23244
"DRV",1975,1975-12-29,24032
"DRV",1976,1976-12-29,49160
"DRV",1977,1977-12-29,50413
"DRV",1978,1978-12-29,51423
"DRV",1979,1979-12-29,52462
"DRV",1980,1980-12-29,53732
"DRV",1981,1981-12-29,54927
"DRV",1982,1982-12-29,56170
"DRV",1983,1983-12-29,57373
"DRV",1984,1984-12-29,58653
"DRV",1985,1985-12-29,59872
"DRV",1986,1986-12-29,61109
"DRV",1987,1987-12-29,62452
"DRV",1988,1988-12-29,63727
"DRV",1989,1989-12-29,64774
"DRV",1990,1990-12-29,66233
"DRV",1991,1991-12-29,67774
"DRV",1992,1992-12-29,69405
"DRV",1993,1993-12-29,70982
"DRV",1994,1994-12-29,72510
"DRV",1995,1995-12-29,73793
"DRV",1996,1996-12-29,75181
"DRV",1997,1997-12-29,76548
"DRV",1998,1998-12-29,77562
"DRV",1999,1999-12-29,78705
"DRV",2000,2000-12-29,79832
"DRV",2001,2001-12-29,78686
"DRV",2002,2002-12-29,82548
"DRV",2003,2003-12-29,83353
"DRV",2004,2004-12-29,84151
"DRV",2005,2005-12-29,84948
"DRV",2006,2006-12-29,85748
"DRV",2007,2007-12-29,86553
"DRV",2008,2008-12-29,87369
"DRV",2009,2009-12-29,88200
"DRV",2010,2010-12-29,89047
"DRV",2011,2011-12-29,89914
"DRV",2012,2012-12-29,90796
"DRV",2013,2013-12-29,91498
"DRV",2014,2014-12-29,92545
"DRV",2015,2015-12-29,93572
"DRV",2016,2016-12-29,94569
"RVN",1954,1954-12-29,12200
"RVN",1955,1955-12-29,12420
"RVN",1956,1956-12-29,12670
"RVN",1957,1957-12-29,12980
"RVN",1958,1958-12-29,13320
"RVN",1959,1959-12-29,13700
"RVN",1960,1960-12-29,14100
"RVN",1961,1961-12-29,14490
"RVN",1962,1962-12-29,14930
"RVN",1963,1963-12-29,15320
"RVN",1964,1964-12-29,15720
"RVN",1965,1965-12-29,16120
"RVN",1966,1966-12-29,16540
"RVN",1967,1967-12-29,16970
"RVN",1968,1968-12-29,17410
"RVN",1969,1969-12-29,17870
"RVN",1970,1970-12-29,18330
"RVN",1971,1971-12-29,18810
"RVN",1972,1972-12-29,19086
"RVN",1973,1973-12-29,19367
"RVN",1974,1974-12-29,19652
"RVN",1975,1975-12-29,19941
"MAL",1957,1957-12-29,8873
"MAL",1958,1958-12-29,9173
"MAL",1959,1959-12-29,9479
"MAL",1960,1960-12-29,9786
"MAL",1961,1961-12-29,10073
"MAL",1962,1962-12-29,10398
"MAL",1963,1963-12-29,10514
"MAL",1964,1964-12-29,11068
"MAL",1965,1965-12-29,9210
"MAL",1966,1966-12-29,9470
"MAL",1967,1967-12-29,9710
"MAL",1968,1968-12-29,9940
"MAL",1969,1969-12-29,10150
"MAL",1970,1970-12-29,10390
"MAL",1971,1971-12-29,10700
"MAL",1972,1972-12-29,11000
"MAL",1973,1973-12-29,11310
"MAL",1974,1974-12-29,11650
"MAL",1975,1975-12-29,11926
"MAL",1976,1976-12-29,12240
"MAL",1977,1977-12-29,12577
"MAL",1978,1978-12-29,12909
"MAL",1979,1979-12-29,13435
"MAL",1980,1980-12-29,13764
"MAL",1981,1981-12-29,14128
"MAL",1982,1982-12-29,14507
"MAL",1983,1983-12-29,14888
"MAL",1984,1984-12-29,15270
"MAL",1985,1985-12-29,15681
"MAL",1986,1986-12-29,16109
"MAL",1987,1987-12-29,16526
"MAL",1988,1988-12-29,16942
"MAL",1989,1989-12-29,17354
"MAL",1990,1990-12-29,17764
"MAL",1991,1991-12-29,18547
"MAL",1992,1992-12-29,19043
"MAL",1993,1993-12-29,19564
"MAL",1994,1994-12-29,20112
"MAL",1995,1995-12-29,20689
"MAL",1996,1996-12-29,21169
"MAL",1997,1997-12-29,21666
"MAL",1998,1998-12-29,21410
"MAL",1999,1999-12-29,21830
"MAL",2000,2000-12-29,22244
"MAL",2001,2001-12-29,24013
"MAL",2002,2002-12-29,24414
"MAL",2003,2003-12-29,24891
"MAL",2004,2004-12-29,25365
"MAL",2005,2005-12-29,25843
"MAL",2006,2006-12-29,26327
"MAL",2007,2007-12-29,26814
"MAL",2008,2008-12-29,27302
"MAL",2009,2009-12-29,27790
"MAL",2010,2010-12-29,28276
"MAL",2011,2011-12-29,28759
"MAL",2012,2012-12-29,29240
"MAL",2013,2013-12-29,29707
"MAL",2014,2014-12-29,30228
"MAL",2015,2015-12-29,30723
"MAL",2016,2016-12-29,31187
"PHI",1946,1946-12-29,18434
"PHI",1947,1947-12-29,18762
"PHI",1948,1948-12-29,19144
"PHI",1949,1949-12-29,19674
"PHI",1950,1950-12-29,20275
"PHI",1951,1951-12-29,20894
"PHI",1952,1952-12-29,21533
"PHI",1953,1953-12-29,22191
"PHI",1954,1954-12-29,22869
"PHI",1955,1955-12-29,23568
"PHI",1956,1956-12-29,24288
"PHI",1957,1957-12-29,25030
"PHI",1958,1958-12-29,25795
"PHI",1959,1959-12-29,26584
"PHI",1960,1960-12-29,27088
"PHI",1961,1961-12-29,28239
"PHI",1962,1962-12-29,29108
"PHI",1963,1963-12-29,30005
"PHI",1964,1964-12-29,30929
"PHI",1965,1965-12-29,31881
"PHI",1966,1966-12-29,32862
"PHI",1967,1967-12-29,33874
"PHI",1968,1968-12-29,34917
"PHI",1969,1969-12-29,35992
"PHI",1970,1970-12-29,36684
"PHI",1971,1971-12-29,37862
"PHI",1972,1972-12-29,38914
"PHI",1973,1973-12-29,39995
"PHI",1974,1974-12-29,41106
"PHI",1975,1975-12-29,42071
"PHI",1976,1976-12-29,43406
"PHI",1977,1977-12-29,44584
"PHI",1978,1978-12-29,45794
"PHI",1979,1979-12-29,46580
"PHI",1980,1980-12-29,48317
"PHI",1981,1981-12-29,49536
"PHI",1982,1982-12-29,50783
"PHI",1983,1983-12-29,52055
"PHI",1984,1984-12-29,53351
"PHI",1985,1985-12-29,54668
"PHI",1986,1986-12-29,56004
"PHI",1987,1987-12-29,57356
"PHI",1988,1988-12-29,58721
"PHI",1989,1989-12-29,60097
"PHI",1990,1990-12-29,61480
"PHI",1991,1991-12-29,63692
"PHI",1992,1992-12-29,65339
"PHI",1993,1993-12-29,66982
"PHI",1994,1994-12-29,68624
"PHI",1995,1995-12-29,70267
"PHI",1996,1996-12-29,71899
"PHI",1997,1997-12-29,73527
"PHI",1998,1998-12-29,72944
"PHI",1999,1999-12-29,74454
"PHI",2000,2000-12-29,75967
"PHI",2001,2001-12-29,77926
"PHI",2002,2002-12-29,80954
"PHI",2003,2003-12-29,82605
"PHI",2004,2004-12-29,84231
"PHI",2005,2005-12-29,85821
"PHI",2006,2006-12-29,87367
"PHI",2007,2007-12-29,88876
"PHI",2008,2008-12-29,90371
"PHI",2009,2009-12-29,91886
"PHI",2010,2010-12-29,93444
"PHI",2011,2011-12-29,95053
"PHI",2012,2012-12-29,96707
"PHI",2013,2013-12-29,98481
"PHI",2014,2014-12-29,100102
"PHI",2015,2015-12-29,101716
"PHI",2016,2016-12-29,103320
"INS",1949,1949-12-29,75500
"INS",1950,1950-12-29,79538
"INS",1951,1951-12-29,80689
"INS",1952,1952-12-29,81961
"INS",1953,1953-12-29,83362
"INS",1954,1954-12-29,84894
"INS",1955,1955-12-29,86552
"INS",1956,1956-12-29,88326
"INS",1957,1957-12-29,90199
"INS",1958,1958-12-29,92150
"INS",1959,1959-12-29,94156
"INS",1960,1960-12-29,96194
"INS",1961,1961-12-29,97085
"INS",1962,1962-12-29,98522
"INS",1963,1963-12-29,100832
"INS",1964,1964-12-29,104445
"INS",1965,1965-12-29,105708
"INS",1966,1966-12-29,108282
"INS",1967,1967-12-29,110952
"INS",1968,1968-12-29,113720
"INS",1969,1969-12-29,116592
"INS",1970,1970-12-29,117877
"INS",1971,1971-12-29,119065
"INS",1972,1972-12-29,121827
"INS",1973,1973-12-29,124653
"INS",1974,1974-12-29,127545
"INS",1975,1975-12-29,130504
"INS",1976,1976-12-29,133532
"INS",1977,1977-12-29,136630
"INS",1978,1978-12-29,139800
"INS",1979,1979-12-29,143043
"INS",1980,1980-12-29,147490
"INS",1981,1981-12-29,151315
"INS",1982,1982-12-29,154662
"INS",1983,1983-12-29,158083
"INS",1984,1984-12-29,161580
"INS",1985,1985-12-29,164630
"INS",1986,1986-12-29,168348
"INS",1987,1987-12-29,172010
"INS",1988,1988-12-29,175589
"INS",1989,1989-12-29,179136
"INS",1990,1990-12-29,179483
"INS",1991,1991-12-29,181385
"INS",1992,1992-12-29,184491
"INS",1993,1993-12-29,187589
"INS",1994,1994-12-29,190676
"INS",1995,1995-12-29,194755
"INS",1996,1996-12-29,196813
"INS",1997,1997-12-29,199867
"INS",1998,1998-12-29,206338
"INS",1999,1999-12-29,209255
"INS",2000,2000-12-29,212107
"INS",2001,2001-12-29,208643
"INS",2002,2002-12-29,215038
"INS",2003,2003-12-29,218146
"INS",2004,2004-12-29,221294
"INS",2005,2005-12-29,224481
"INS",2006,2006-12-29,227710
"INS",2007,2007-12-29,230973
"INS",2008,2008-12-29,234243
"INS",2009,2009-12-29,237487
"INS",2010,2010-12-29,240676
"INS",2011,2011-12-29,243802
"INS",2012,2012-12-29,246864
"INS",2013,2013-12-29,252032
"INS",2014,2014-12-29,255131
"INS",2015,2015-12-29,258162
"INS",2016,2016-12-29,261115
"AUL",1920,1920-12-30,5360
"AUL",1921,1921-12-30,5455
"AUL",1922,1922-12-30,5570
"AUL",1923,1923-12-30,5693
"AUL",1924,1924-12-30,5811
"AUL",1925,1925-12-30,5939
"AUL",1926,1926-12-30,6056
"AUL",1927,1927-12-30,6182
"AUL",1928,1928-12-30,6302
"AUL",1929,1929-12-30,6394
"AUL",1930,1930-12-30,6463
"AUL",1931,1931-12-30,6526
"AUL",1932,1932-12-30,6577
"AUL",1933,1933-12-30,6630
"AUL",1934,1934-12-30,6677
"AUL",1935,1935-12-30,6726
"AUL",1936,1936-12-30,6778
"AUL",1937,1937-12-30,6836
"AUL",1938,1938-12-30,6899
"AUL",1939,1939-12-30,6968
"AUL",1940,1940-12-29,7039
"AUL",1941,1941-12-29,7110
"AUL",1942,1942-12-29,7181
"AUL",1943,1943-12-29,7235
"AUL",1944,1944-12-29,7310
"AUL",1945,1945-12-29,7392
"AUL",1946,1946-12-29,7465
"AUL",1947,1947-12-29,7579
"AUL",1948,1948-12-29,7709
"AUL",1949,1949-12-29,7908
"AUL",1950,1950-12-29,8179
"AUL",1951,1951-12-29,8422
"AUL",1952,1952-12-29,8636
"AUL",1953,1953-12-29,8815
"AUL",1954,1954-12-29,8993
"AUL",1955,1955-12-29,9200
"AUL",1956,1956-12-29,9426
"AUL",1957,1957-12-29,9640
"AUL",1958,1958-12-29,9842
"AUL",1959,1959-12-29,10056
"AUL",1960,1960-12-29,10275
"AUL",1961,1961-12-29,10548
"AUL",1962,1962-12-29,10742
"AUL",1963,1963-12-29,10950
"AUL",1964,1964-12-29,11167
"AUL",1965,1965-12-29,11388
"AUL",1966,1966-12-29,11599
"AUL",1967,1967-12-29,11799
"AUL",1968,1968-12-29,12009
"AUL",1969,1969-12-29,12263
"AUL",1970,1970-12-29,12507
"AUL",1971,1971-12-29,12812
"AUL",1972,1972-12-29,13304
"AUL",1973,1973-12-29,13505
"AUL",1974,1974-12-29,13723
"AUL",1975,1975-12-29,13893
"AUL",1976,1976-12-29,14033
"AUL",1977,1977-12-29,14192
"AUL",1978,1978-12-29,14359
"AUL",1979,1979-12-29,14516
"AUL",1980,1980-12-29,14695
"AUL",1981,1981-12-29,14743
"AUL",1982,1982-12-29,15178
"AUL",1983,1983-12-29,15379
"AUL",1984,1984-12-29,15556
"AUL",1985,1985-12-29,15788
"AUL",1986,1986-12-29,16018
"AUL",1987,1987-12-29,16263
"AUL",1988,1988-12-29,16518
"AUL",1989,1989-12-29,16814
"AUL",1990,1990-12-29,17065
"AUL",1991,1991-12-29,17284
"AUL",1992,1992-12-29,17489
"AUL",1993,1993-12-29,17667
"AUL",1994,1994-12-29,17855
"AUL",1995,1995-12-29,18072
"AUL",1996,1996-12-29,18311
"AUL",1997,1997-12-29,18532
"AUL",1998,1998-12-29,18520
"AUL",1999,1999-12-29,18705
"AUL",2000,2000-12-29,18886
"AUL",2001,2001-12-29,19413
"AUL",2002,2002-12-29,19715
"AUL",2003,2003-12-29,19953
"AUL",2004,2004-12-29,20218
"AUL",2005,2005-12-29,20521
"AUL",2006,2006-12-29,20866
"AUL",2007,2007-12-29,21246
"AUL",2008,2008-12-29,21645
"AUL",2009,2009-12-29,22037
"AUL",2010,2010-12-29,22404
"AUL",2011,2011-12-29,22741
"AUL",2012,2012-12-29,23050
"AUL",2013,2013-12-29,23151
"AUL",2014,2014-12-29,23475
"AUL",2015,2015-12-29,23800
"AUL",2016,2016-12-29,24126
"PNG",1975,1975-12-29,2696
"PNG",1976,1976-12-29,2751
"PNG",1977,1977-12-29,2808
"PNG",1978,1978-12-29,2868
"PNG",1979,1979-12-29,2931
"PNG",1980,1980-12-29,2978
"PNG",1981,1981-12-29,3039
"PNG",1982,1982-12-29,3110
"PNG",1983,1983-12-29,3185
"PNG",1984,1984-12-29,3261
"PNG",1985,1985-12-29,3337
"PNG",1986,1986-12-29,3407
"PNG",1987,1987-12-29,3482
"PNG",1988,1988-12-29,3557
"PNG",1989,1989-12-29,3630
"PNG",1990,1990-12-29,3698
"PNG",1991,1991-12-29,3772
"PNG",1992,1992-12-29,3847
"PNG",1993,1993-12-29,3922
"PNG",1994,1994-12-29,3997
"PNG",1995,1995-12-29,4074
"PNG",1996,1996-12-29,4400
"PNG",1997,1997-12-29,4500
"PNG",1998,1998-12-29,4600
"PNG",1999,1999-12-29,4702
"PNG",2000,2000-12-29,4807
"PNG",2001,2001-12-29,4808
"PNG",2002,2002-12-29,5660
"PNG",2003,2003-12-29,5803
"PNG",2004,2004-12-29,5948
"PNG",2005,2005-12-29,6096
"PNG",2006,2006-12-29,6246
"PNG",2007,2007-12-29,6398
"PNG",2008,2008-12-29,6551
"PNG",2009,2009-12-29,6705
"PNG",2010,2010-12-29,6859
"PNG",2011,2011-12-29,7013
"PNG",2012,2012-12-29,7167
"PNG",2013,2013-12-29,7593
"PNG",2014,2014-12-29,7756
"PNG",2015,2015-12-29,7920
"PNG",2016,2016-12-29,8085
"NEW",1920,1920-12-30,1258
"NEW",1921,1921-12-30,1293
"NEW",1922,1922-12-30,1319
"NEW",1923,1923-12-30,1343
"NEW",1924,1924-12-30,1370
"NEW",1925,1925-12-30,1040
"NEW",1926,1926-12-30,1430
"NEW",1927,1927-12-30,1450
"NEW",1928,1928-12-30,1467
"NEW",1929,1929-12-30,1486
"NEW",1930,1930-12-30,1507
"NEW",1931,1931-12-30,1523
"NEW",1932,1932-12-30,1535
"NEW",1933,1933-12-30,1547
"NEW",1934,1934-12-30,1558
"NEW",1935,1935-12-30,1570
"NEW",1936,1936-12-30,1585
"NEW",1937,1937-12-30,1602
"NEW",1938,1938-12-30,1618
"NEW",1939,1939-12-30,1642
"NEW",1940,1940-12-29,1634
"NEW",1941,1941-12-29,1631
"NEW",1942,1942-12-29,1636
"NEW",1943,1943-12-29,1642
"NEW",1944,1944-12-29,1676
"NEW",1945,1945-12-29,1728
"NEW",1946,1946-12-29,1784
"NEW",1947,1947-12-29,1823
"NEW",1948,1948-12-29,1833
"NEW",1949,1949-12-29,1871
"NEW",1950,1950-12-29,1908
"NEW",1951,1951-12-29,1947
"NEW",1952,1952-12-29,1995
"NEW",1953,1953-12-29,2047
"NEW",1954,1954-12-29,2093
"NEW",1955,1955-12-29,2136
"NEW",1956,1956-12-29,2178
"NEW",1957,1957-12-29,2229
"NEW",1958,1958-12-29,2282
"NEW",1959,1959-12-29,2331
"NEW",1960,1960-12-29,2372
"NEW",1961,1961-12-29,2420
"NEW",1962,1962-12-29,2482
"NEW",1963,1963-12-29,2532
"NEW",1964,1964-12-29,2585
"NEW",1965,1965-12-29,2628
"NEW",1966,1966-12-29,2676
"NEW",1967,1967-12-29,2724
"NEW",1968,1968-12-29,2748
"NEW",1969,1969-12-29,2773
"NEW",1970,1970-12-29,2811
"NEW",1971,1971-12-29,2853
"NEW",1972,1972-12-29,2904
"NEW",1973,1973-12-29,2961
"NEW",1974,1974-12-29,3024
"NEW",1975,1975-12-29,3083
"NEW",1976,1976-12-29,3110
"NEW",1977,1977-12-29,3120
"NEW",1978,1978-12-29,3121
"NEW",1979,1979-12-29,3109
"NEW",1980,1980-12-29,3113
"NEW",1981,1981-12-29,3125
"NEW",1982,1982-12-29,3156
"NEW",1983,1983-12-29,3199
"NEW",1984,1984-12-29,3227
"NEW",1985,1985-12-29,3247
"NEW",1986,1986-12-29,3277
"NEW",1987,1987-12-29,3304
"NEW",1988,1988-12-29,3317
"NEW",1989,1989-12-29,3330
"NEW",1990,1990-12-29,3362
"NEW",1991,1991-12-29,3406
"NEW",1992,1992-12-29,3442
"NEW",1993,1993-12-29,3451
"NEW",1994,1994-12-29,3493
"NEW",1995,1995-12-29,3542
"NEW",1996,1996-12-29,3570
"NEW",1997,1997-12-29,3761
"NEW",1998,1998-12-29,3796
"NEW",1999,1999-12-29,3828
"NEW",2000,2000-12-29,3862
"NEW",2001,2001-12-29,3881
"NEW",2002,2002-12-29,3962
"NEW",2003,2003-12-29,4021
"NEW",2004,2004-12-29,4079
"NEW",2005,2005-12-29,4134
"NEW",2006,2006-12-29,4185
"NEW",2007,2007-12-29,4233
"NEW",2008,2008-12-29,4278
"NEW",2009,2009-12-29,4323
"NEW",2010,2010-12-29,4368
"NEW",2011,2011-12-29,4414
"NEW",2012,2012-12-29,4460
"NEW",2013,2013-12-29,4518
"NEW",2014,2014-12-29,4567
"NEW",2015,2015-12-29,4615
"NEW",2016,2016-12-29,4661
"AFG",1919,1816-07-26,6231
"ALB",1914,1816-07-26,724
"ALG",1962,1816-07-26,10920
"ANG",1975,1816-07-26,6123
"ARG",1841,1816-07-26,643
"AUH",1816,1816-07-26,29483
"AUL",1920,1816-07-26,5360
"AUS",1919,1816-07-26,6420
"BEL",1830,1816-07-26,4077
"BNG",1971,1816-07-26,70416
"BOL",1848,1816-07-26,1061
"BRA",1822,1816-07-26,4573
"BUL",1908,1816-07-26,4184
"CAM",1953,1816-07-26,4649
"CAN",1920,1816-07-26,8556
"CEN",1960,1816-07-26,1297
"CHA",1960,1816-07-26,3064
"CHL",1839,1816-07-26,975
"CHN",1860,1816-07-26,379382
"COL",1831,1816-07-26,1565
"CON",1960,1816-07-26,988
"COS",1920,1816-07-26,420
"CRO",1992,1816-07-26,4470
"CUB",1902,1816-07-26,1760
"CZE",1918,1816-07-26,13204
"DEN",1816,1816-07-26,1761
"DOM",1894,1816-07-26,504
"DRC",1960,1816-07-26,14106
"DRV",1954,1816-07-26,13077
"ECU",1854,1816-07-26,893
"EGY",1855,1816-07-26,5058
"ERI",1993,1816-07-26,3017
"EST",1918,1816-07-26,1103
"ETH",1898,1816-07-26,7666
"FIN",1917,1816-07-26,2228
"FRN",1816,1816-07-26,29480
"GDR",1954,1816-07-26,18059
"GFR",1955,1816-07-26,52364
"GHA",1957,1816-07-26,6159
"GMY",1816,1816-07-26,10349
"GRC",1828,1816-07-26,753
"GUA",1868,1816-07-26,504
"GUI",1958,1816-07-26,3006
"HAI",1859,1816-07-26,465
"HON",1899,1816-07-26,410
"HUN",1918,1816-07-26,7811
"IND",1947,1816-07-26,344367
"INS",1949,1816-07-26,75500
"IRN",1855,1816-07-26,6250
"IRQ",1932,1816-07-26,3508
"ISR",1948,1816-07-26,873
"ITA",1816,1816-07-26,3760
"JOR",1946,1816-07-26,1086
"JPN",1860,1816-07-26,32538
"KEN",1963,1816-07-26,9147
"KUW",1961,1816-07-26,325
"KYR",1991,1816-07-26,4453
"LAO",1953,1816-07-26,1861
"LBR",1920,1816-07-26,224
"LEB",1946,1816-07-26,1156
"LIB",1951,1816-07-26,1028
"LIT",1918,1816-07-26,2029
"LUX",1920,1816-07-26,261
"MAL",1957,1816-07-26,8873
"MEX",1831,1816-07-26,6379
"MOR",1847,1816-07-26,1593
"MYA",1948,1816-07-26,18119
"NEW",1920,1816-07-26,1258
"NIC",1900,1816-07-26,421
"NIG",1960,1816-07-26,42305
"NOR",1905,1816-07-26,2303
"NTH",1816,1816-07-26,5610
"PAK",1947,1816-07-26,70050
"PAN",1903,1816-07-26,450
"PAR",1846,1816-07-26,311
"PER",1839,1816-07-26,1629
"PHI",1946,1816-07-26,18434
"PNG",1975,1816-07-26,2696
"POL",1918,1816-07-26,21819
"POR",1816,1816-07-26,2746
"PRK",1948,1816-07-26,9369
"QAT",1971,1816-07-26,122
"ROK",1949,1816-07-26,20200
"ROM",1878,1816-07-26,4480
"RUS",1816,1816-07-26,45900
"RVN",1954,1816-07-26,12200
"RWA",1962,1816-07-26,2830
"SAF",1920,1816-07-26,6842
"SAL",1875,1816-07-26,544
"SAU",1927,1816-07-26,1924
"SEN",1960,1816-07-26,3498
"SIE",1961,1816-07-26,2276
"SOM",1960,1816-07-26,3785
"SPN",1816,1816-07-26,11073
"SUD",1956,1816-07-26,10346
"SYR",1946,1816-07-26,2978
"TAJ",1991,1816-07-26,5464
"TAW",1949,1816-07-26,7099
"TAZ",1961,1816-07-26,10266
"THI",1887,1816-07-26,6199
"TUN",1825,1816-07-26,792
"TUR",1816,1816-07-26,25191
"UAE",1971,1816-07-26,260
"UGA",1962,1816-07-26,7100
"UKG",1816,1816-07-26,19520
"USA",1816,1816-07-26,8659
"UZB",1991,1816-07-26,20862
"VEN",1841,1816-07-26,1139
"YAR",1926,1816-07-26,2364
"YPR",1967,1816-07-26,1320
"YUG",1878,1816-07-26,1428
"ZAM",1964,1816-07-26,3596
"ZIM",1965,1816-07-26,4475
