"name","year","date","milex"
"USA",1816,1816-12-30,3823
"USA",1817,1817-12-30,2466
"USA",1818,1818-12-30,1910
"USA",1819,1819-12-30,2301
"USA",1820,1820-12-30,1556
"USA",1821,1821-12-30,1612
"USA",1822,1822-12-30,1079
"USA",1823,1823-12-30,1170
"USA",1824,1824-12-30,1261
"USA",1825,1825-12-30,1336
"USA",1826,1826-12-30,1658
"USA",1827,1827-12-30,1663
"USA",1828,1828-12-30,1622
"USA",1829,1829-12-30,1678
"USA",1830,1830-12-30,1687
"USA",1831,1831-12-30,1835
"USA",1832,1832-12-30,1896
"USA",1833,1833-12-30,2445
"USA",1834,1834-12-30,2073
"USA",1835,1835-12-30,2001
"USA",1836,1836-12-30,2571
"USA",1837,1837-12-30,3121
"USA",1838,1838-12-30,3083
"USA",1839,1839-12-30,2012
"USA",1840,1840-12-30,2755
"USA",1841,1841-12-30,3042
"USA",1842,1842-12-30,3011
"USA",1843,1843-12-30,1364
"USA",1844,1844-12-30,2432
"USA",1845,1845-12-30,3534
"USA",1846,1846-12-30,9506
"USA",1847,1847-12-30,7431
"USA",1848,1848-12-30,8106
"USA",1849,1849-12-30,3558
"USA",1850,1850-12-30,4302
"USA",1851,1851-12-30,3525
"USA",1852,1852-12-30,4226
"USA",1853,1853-12-30,4605
"USA",1854,1854-12-30,5765
"USA",1855,1855-12-30,5892
"USA",1856,1856-12-30,6117
"USA",1857,1857-12-30,7499
"USA",1858,1858-12-30,7297
"USA",1859,1859-12-30,5638
"USA",1860,1860-12-30,7060
"USA",1861,1861-12-30,95362
"USA",1862,1862-12-30,136769
"USA",1863,1863-12-30,119662
"USA",1864,1864-12-30,157390
"USA",1865,1865-12-30,30471
"USA",1866,1866-12-30,17821
"USA",1867,1867-12-30,30698
"USA",1868,1868-12-30,20154
"USA",1869,1869-12-30,16559
"USA",1870,1870-12-30,13128
"USA",1871,1871-12-30,11811
"USA",1872,1872-12-30,14246
"USA",1873,1873-12-30,15014
"USA",1874,1874-12-30,12899
"USA",1875,1875-12-30,11720
"USA",1876,1876-12-30,10749
"USA",1877,1877-12-30,9074
"USA",1878,1878-12-30,11367
"USA",1879,1879-12-30,10527
"USA",1880,1880-12-30,11414
"USA",1881,1881-12-30,11973
"USA",1882,1882-12-30,13040
"USA",1883,1883-12-30,11425
"USA",1884,1884-12-30,11438
"USA",1885,1885-12-30,9748
"USA",1886,1886-12-30,10382
"USA",1887,1887-12-30,10765
"USA",1888,1888-12-30,12647
"USA",1889,1889-12-30,13195
"USA",1890,1890-12-30,14788
"USA",1891,1891-12-30,15315
"USA",1892,1892-12-30,15654
"USA",1893,1893-12-30,16964
"USA",1894,1894-12-30,16001
"USA",1895,1895-12-30,15187
"USA",1896,1896-12-30,16382
"USA",1897,1897-12-30,30249
"USA",1898,1898-12-30,60011
"USA",1899,1899-12-30,38588
"USA",1900,1900-12-30,41481
"USA",1901,1901-12-30,36087
"USA",1902,1902-12-30,39722
"USA",1903,1903-12-30,43814
"USA",1904,1904-12-30,47918
"USA",1905,1905-12-30,45098
"USA",1906,1906-12-30,43602
"USA",1907,1907-12-30,58725
"USA",1908,1908-12-30,54189
"USA",1909,1909-12-30,56177
"USA",1910,1910-12-30,55880
"USA",1911,1911-12-30,57157
"USA",1912,1912-12-30,58992
"USA",1913,1913-12-30,62825
"USA",1914,1914-12-29,253205
"USA",1915,1915-12-29,257648
"USA",1916,1916-12-29,277421
"USA",1917,1917-12-29,658584
"USA",1918,1918-12-30,7014226
"USA",1919,1919-12-30,11217796
"USA",1920,1920-12-30,1657118
"USA",1921,1921-12-30,1116342
"USA",1922,1922-12-30,860853
"USA",1923,1923-12-30,678256
"USA",1924,1924-12-30,570142
"USA",1925,1925-12-30,589706
"USA",1926,1926-12-30,558004
"USA",1927,1927-12-30,596501
"USA",1928,1928-12-30,678100
"USA",1929,1929-12-30,701300
"USA",1930,1930-12-30,699200
"USA",1931,1931-12-30,698900
"USA",1932,1932-12-30,641600
"USA",1933,1933-12-30,570400
"USA",1934,1934-12-30,803100
"USA",1935,1935-12-30,806400
"USA",1936,1936-12-30,932600
"USA",1937,1937-12-30,1032900
"USA",1938,1938-12-30,1131499
"USA",1939,1939-12-30,980000
"USA",1940,1940-12-29,1657000
"USA",1941,1941-12-29,6301000
"USA",1942,1942-12-29,26001000
"USA",1943,1943-12-29,72109000
"USA",1944,1944-12-29,8.7e+07
"USA",1945,1945-12-29,9e+07
"USA",1946,1946-12-29,45133984
"USA",1947,1947-12-29,14315999
"USA",1948,1948-12-29,10960998
"USA",1949,1949-12-29,13503000
"USA",1950,1950-12-29,14559000
"USA",1951,1951-12-29,33398000
"USA",1952,1952-12-29,47852000
"USA",1953,1953-12-29,49621008
"USA",1954,1954-12-29,42786000
"USA",1955,1955-12-29,40518000
"USA",1956,1956-12-29,41773008
"USA",1957,1957-12-29,44548000
"USA",1958,1958-12-29,45503008
"USA",1959,1959-12-29,46614000
"USA",1960,1960-12-29,45380000
"USA",1961,1961-12-29,47808000
"USA",1962,1962-12-29,52381008
"USA",1963,1963-12-29,52295008
"USA",1964,1964-12-29,51213008
"USA",1965,1965-12-29,51827008
"USA",1966,1966-12-29,67572000
"USA",1967,1967-12-29,75448000
"USA",1968,1968-12-29,80732000
"USA",1969,1969-12-29,81446000
"USA",1970,1970-12-29,77827008
"USA",1971,1971-12-29,74862000
"USA",1972,1972-12-29,77639000
"USA",1973,1973-12-29,78385000
"USA",1974,1974-12-29,85906000
"USA",1975,1975-12-29,90948000
"USA",1976,1976-12-29,91013000
"USA",1977,1977-12-29,100925000
"USA",1978,1978-12-29,109247000
"USA",1979,1979-12-29,122279000
"USA",1980,1980-12-29,143981000
"USA",1981,1981-12-29,169888000
"USA",1982,1982-12-29,196345000
"USA",1983,1983-12-29,217198000
"USA",1984,1984-12-29,237052000
"USA",1985,1985-12-29,245154000
"USA",1986,1986-12-29,265480000
"USA",1987,1987-12-29,273966000
"USA",1988,1988-12-29,281935000
"USA",1989,1989-12-29,294880000
"USA",1990,1990-12-29,289755000
"USA",1991,1991-12-29,262389000
"USA",1992,1992-12-29,286892000
"USA",1993,1993-12-29,297600000
"USA",1994,1994-12-29,293214000
"USA",1995,1995-12-29,277834000
"USA",1996,1996-12-29,277254000
"USA",1997,1997-12-29,276324000
"USA",1998,1998-12-29,279702000
"USA",1999,1999-12-29,292147000
"USA",2000,2000-12-29,303136000
"USA",2001,2001-12-29,322365000
"USA",2002,2002-12-29,348555000
"USA",2003,2003-12-29,404920000
"USA",2004,2004-12-29,455908000
"USA",2005,2005-12-29,495326000
"USA",2006,2006-12-29,521840000
"USA",2007,2007-12-29,552568000
"USA",2008,2008-12-29,616073000
"USA",2009,2009-12-29,662049000
"USA",2010,2010-12-29,693600000
"USA",2011,2011-12-29,6.87e+08
"USA",2012,2012-12-29,655388000
"USA",2013,2013-12-29,600400000
"USA",2014,2014-12-29,5.81e+08
"USA",2015,2015-12-29,597503000
"USA",2016,2016-12-29,604452000
"CAN",1920,1920-12-30,10755
"CAN",1921,1921-12-30,10209
"CAN",1922,1922-12-30,10028
"CAN",1923,1923-12-30,13316
"CAN",1924,1924-12-30,12824
"CAN",1925,1925-12-30,12984
"CAN",1926,1926-12-30,13936
"CAN",1927,1927-12-30,16745
"CAN",1928,1928-12-30,18862
"CAN",1929,1929-12-30,21058
"CAN",1930,1930-12-30,22649
"CAN",1931,1931-12-30,18263
"CAN",1932,1932-12-30,11999
"CAN",1933,1933-12-30,17149
"CAN",1934,1934-12-30,12943
"CAN",1935,1935-12-30,24921
"CAN",1936,1936-12-30,24762
"CAN",1937,1937-12-30,32419
"CAN",1938,1938-12-30,35282
"CAN",1939,1939-12-30,125700
"CAN",1940,1940-12-29,730100
"CAN",1941,1941-12-29,1038380
"CAN",1942,1942-12-29,2321324
"CAN",1943,1943-12-29,3841192
"CAN",1944,1944-12-29,3622309
"CAN",1945,1945-12-29,2664365
"CAN",1946,1946-12-29,1552759
"CAN",1947,1947-12-29,385771
"CAN",1948,1948-12-29,195025
"CAN",1949,1949-12-29,370149
"CAN",1950,1950-12-29,447964
"CAN",1951,1951-12-29,1150942
"CAN",1952,1952-12-29,1843656
"CAN",1953,1953-12-29,2028835
"CAN",1954,1954-12-29,1818274
"CAN",1955,1955-12-29,1883021
"CAN",1956,1956-12-29,1889889
"CAN",1957,1957-12-29,1905207
"CAN",1958,1958-12-29,1766497
"CAN",1959,1959-12-29,1703318
"CAN",1960,1960-12-29,1735570
"CAN",1961,1961-12-29,1722891
"CAN",1962,1962-12-29,1735210
"CAN",1963,1963-12-29,1588421
"CAN",1964,1964-12-29,1677304
"CAN",1965,1965-12-29,1544548
"CAN",1966,1966-12-29,1642790
"CAN",1967,1967-12-29,1813063
"CAN",1968,1968-12-29,1782772
"CAN",1969,1969-12-29,1770133
"CAN",1970,1970-12-29,1920602
"CAN",1971,1971-12-29,2110319
"CAN",1972,1972-12-29,2260834
"CAN",1973,1973-12-29,2404759
"CAN",1974,1974-12-29,2926380
"CAN",1975,1975-12-29,3074729
"CAN",1976,1976-12-29,3639959
"CAN",1977,1977-12-29,3877762
"CAN",1978,1978-12-29,4016964
"CAN",1979,1979-12-29,4119005
"CAN",1980,1980-12-29,4387240
"CAN",1981,1981-12-29,5246444
"CAN",1982,1982-12-29,6182339
"CAN",1983,1983-12-29,6562003
"CAN",1984,1984-12-29,7195604
"CAN",1985,1985-12-29,6809000
"CAN",1986,1986-12-29,7180000
"CAN",1987,1987-12-29,7960000
"CAN",1988,1988-12-29,8830000
"CAN",1989,1989-12-29,9480000
"CAN",1990,1990-12-29,10280000
"CAN",1991,1991-12-29,11420000
"CAN",1992,1992-12-29,10310000
"CAN",1993,1993-12-29,9600000
"CAN",1994,1994-12-29,9695000
"CAN",1995,1995-12-29,9126000
"CAN",1996,1996-12-29,8624000
"CAN",1997,1997-12-29,7801000
"CAN",1998,1998-12-29,7677000
"CAN",1999,1999-12-29,8395000
"CAN",2000,2000-12-29,8320000
"CAN",2001,2001-12-29,7745000
"CAN",2002,2002-12-29,8522000
"CAN",2003,2003-12-29,10102000
"CAN",2004,2004-12-29,11501000
"CAN",2005,2005-12-29,13224000
"CAN",2006,2006-12-29,15103000
"CAN",2007,2007-12-29,18491000
"CAN",2008,2008-12-29,19836000
"CAN",2009,2009-12-29,19575000
"CAN",2010,2010-12-29,20240000
"CAN",2011,2011-12-29,20081000
"CAN",2012,2012-12-29,18445000
"CAN",2013,2013-12-29,16389000
"CAN",2014,2014-12-29,15925000
"CAN",2015,2015-12-29,14007000
"CAN",2016,2016-12-29,13162000
"CUB",1906,1906-12-30,6161
"CUB",1913,1913-12-30,7293
"CUB",1919,1919-12-30,14374
"CUB",1920,1920-12-30,16979
"CUB",1921,1921-12-30,17444
"CUB",1922,1922-12-30,14133
"CUB",1923,1923-12-30,9506
"CUB",1924,1924-12-30,9516
"CUB",1925,1925-12-30,12043
"CUB",1926,1926-12-30,12471
"CUB",1927,1927-12-30,12313
"CUB",1928,1928-12-30,12846
"CUB",1929,1929-12-30,12734
"CUB",1930,1930-12-30,11988
"CUB",1931,1931-12-30,10100
"CUB",1932,1932-12-30,9795
"CUB",1933,1933-12-30,7894
"CUB",1934,1934-12-30,12195
"CUB",1935,1935-12-30,14488
"CUB",1936,1936-12-30,18385
"CUB",1937,1937-12-30,18485
"CUB",1938,1938-12-30,18385
"CUB",1939,1939-12-30,18477
"CUB",1940,1940-12-29,17416
"CUB",1942,1942-12-29,15794
"CUB",1948,1948-12-29,39943
"CUB",1950,1950-12-29,39175
"CUB",1952,1952-12-29,56000
"CUB",1953,1953-12-29,53000
"CUB",1955,1955-12-29,54000
"CUB",1956,1956-12-29,51000
"CUB",1957,1957-12-29,56100
"CUB",1960,1960-12-29,175000
"CUB",1961,1961-12-29,175000
"CUB",1962,1962-12-29,2e+05
"CUB",1963,1963-12-29,2e+05
"CUB",1964,1964-12-29,2e+05
"CUB",1965,1965-12-29,140000
"CUB",1966,1966-12-29,230000
"CUB",1967,1967-12-29,170000
"CUB",1968,1968-12-29,213000
"CUB",1969,1969-12-29,186000
"CUB",1970,1970-12-29,228000
"CUB",1971,1971-12-29,290000
"CUB",1972,1972-12-29,267000
"CUB",1973,1973-12-29,270000
"CUB",1974,1974-12-29,282000
"CUB",1975,1975-12-29,326000
"CUB",1977,1977-12-29,770000
"CUB",1978,1978-12-29,1031579
"CUB",1979,1979-12-29,1136486
"CUB",1980,1980-12-29,1126388
"CUB",1981,1981-12-29,1272515
"CUB",1982,1982-12-29,1330000
"CUB",1983,1983-12-29,1338001
"CUB",1984,1984-12-29,1357214
"CUB",1985,1985-12-29,1350000
"CUB",1986,1986-12-29,1480000
"CUB",1987,1987-12-29,1660000
"CUB",1988,1988-12-29,2240000
"CUB",1989,1989-12-29,1830000
"CUB",1990,1990-12-29,1691000
"CUB",1991,1991-12-29,1160000
"CUB",1994,1994-12-29,356
"CUB",1995,1995-12-29,7e+05
"CUB",1996,1996-12-29,715000
"CUB",1997,1997-12-29,720000
"CUB",1998,1998-12-29,765000
"CUB",1999,1999-12-29,750000
"CUB",2000,2000-12-29,735000
"CUB",2001,2001-12-29,735000
"CUB",2002,2002-12-29,1152000
"CUB",2003,2003-12-29,1208000
"CUB",2004,2004-12-29,1320000
"CUB",2005,2005-12-29,1444000
"CUB",2006,2006-12-29,1668000
"CUB",2007,2007-12-29,2148000
"CUB",2008,2008-12-29,2296000
"CUB",2009,2009-12-29,19060000
"CUB",2011,2011-12-29,96000
"HAI",1863,1863-12-30,163
"HAI",1876,1876-12-30,166
"HAI",1877,1877-12-30,166
"HAI",1881,1881-12-30,208
"HAI",1882,1882-12-30,242
"HAI",1883,1883-12-30,244
"HAI",1885,1885-12-30,219
"HAI",1886,1886-12-30,219
"HAI",1891,1891-12-30,267
"HAI",1892,1892-12-30,331
"HAI",1893,1893-12-30,331
"HAI",1896,1896-12-30,374
"HAI",1897,1897-12-30,265
"HAI",1898,1898-12-30,349
"HAI",1899,1899-12-30,279
"HAI",1900,1900-12-30,275
"HAI",1901,1901-12-30,281
"HAI",1902,1902-12-30,281
"HAI",1903,1903-12-30,277
"HAI",1904,1904-12-30,282
"HAI",1905,1905-12-30,305
"HAI",1906,1906-12-30,383
"HAI",1907,1907-12-30,325
"HAI",1912,1912-12-30,630
"HAI",1913,1913-12-30,695
"HAI",1914,1914-12-29,533
"HAI",1915,1915-12-29,789
"HAI",1934,1934-12-30,1340
"HAI",1935,1935-12-30,1360
"HAI",1936,1936-12-30,1360
"HAI",1937,1937-12-30,1500
"HAI",1938,1938-12-30,1760
"HAI",1939,1939-12-30,1760
"HAI",1941,1941-12-29,1509
"HAI",1942,1942-12-29,1509
"HAI",1946,1946-12-29,1940
"HAI",1947,1947-12-29,2300
"HAI",1948,1948-12-29,2740
"HAI",1949,1949-12-29,3120
"HAI",1950,1950-12-29,3540
"HAI",1951,1951-12-29,3960
"HAI",1952,1952-12-29,4580
"HAI",1953,1953-12-29,5260
"HAI",1954,1954-12-29,5140
"HAI",1955,1955-12-29,5180
"HAI",1956,1956-12-29,5440
"HAI",1957,1957-12-29,5940
"HAI",1958,1958-12-29,7000
"HAI",1959,1959-12-29,6880
"HAI",1960,1960-12-29,6560
"HAI",1961,1961-12-29,6340
"HAI",1962,1962-12-29,6320
"HAI",1963,1963-12-29,6700
"HAI",1964,1964-12-29,7760
"HAI",1965,1965-12-29,7360
"HAI",1966,1966-12-29,7080
"HAI",1967,1967-12-29,7160
"HAI",1968,1968-12-29,7160
"HAI",1969,1969-12-29,7160
"HAI",1970,1970-12-29,7160
"HAI",1971,1971-12-29,7320
"HAI",1972,1972-12-29,7280
"HAI",1973,1973-12-29,7980
"HAI",1974,1974-12-29,8460
"HAI",1975,1975-12-29,10180
"HAI",1976,1976-12-29,11160
"HAI",1977,1977-12-29,12280
"HAI",1978,1978-12-29,13000
"HAI",1979,1979-12-29,13600
"HAI",1980,1980-12-29,15000
"HAI",1981,1981-12-29,24000
"HAI",1982,1982-12-29,26000
"HAI",1983,1983-12-29,28000
"HAI",1984,1984-12-29,30000
"HAI",1985,1985-12-29,30540
"HAI",1987,1987-12-29,42000
"HAI",1988,1988-12-29,35000
"HAI",1989,1989-12-29,45000
"HAI",1990,1990-12-29,16900
"HAI",1991,1991-12-29,29400
"HAI",1992,1992-12-29,55000
"HAI",1995,1995-12-29,59000
"HAI",1996,1996-12-29,102000
"HAI",1997,1997-12-29,46000
"HAI",1998,1998-12-29,49000
"HAI",1999,1999-12-29,50000
"HAI",2000,2000-12-29,43000
"HAI",2001,2001-12-29,40000
"HAI",2002,2002-12-29,32000
"HAI",2003,2003-12-29,22000
"HAI",2016,2016-12-29,7000
"DOM",1903,1903-12-30,87
"DOM",1904,1904-12-30,48
"DOM",1905,1905-12-30,74
"DOM",1908,1908-12-30,121
"DOM",1909,1909-12-30,146
"DOM",1910,1910-12-30,106
"DOM",1913,1913-12-30,237
"DOM",1924,1924-12-30,1081
"DOM",1925,1925-12-30,964
"DOM",1926,1926-12-30,860
"DOM",1927,1927-12-30,1500
"DOM",1928,1928-12-30,1600
"DOM",1929,1929-12-30,1500
"DOM",1930,1930-12-30,1100
"DOM",1931,1931-12-30,1100
"DOM",1932,1932-12-30,1100
"DOM",1933,1933-12-30,1100
"DOM",1934,1934-12-30,1200
"DOM",1935,1935-12-30,1000
"DOM",1936,1936-12-30,1800
"DOM",1937,1937-12-30,2000
"DOM",1938,1938-12-30,1900
"DOM",1939,1939-12-30,1900
"DOM",1942,1942-12-29,2113
"DOM",1943,1943-12-29,2355
"DOM",1944,1944-12-29,3141
"DOM",1945,1945-12-29,3574
"DOM",1946,1946-12-29,3856
"DOM",1947,1947-12-29,5500
"DOM",1950,1950-12-29,17649
"DOM",1953,1953-12-29,25178
"DOM",1954,1954-12-29,22369
"DOM",1955,1955-12-29,30372
"DOM",1958,1958-12-29,34500
"DOM",1959,1959-12-29,42600
"DOM",1960,1960-12-29,33400
"DOM",1961,1961-12-29,31600
"DOM",1962,1962-12-29,33100
"DOM",1963,1963-12-29,34000
"DOM",1964,1964-12-29,37000
"DOM",1965,1965-12-29,35000
"DOM",1966,1966-12-29,32400
"DOM",1967,1967-12-29,31200
"DOM",1968,1968-12-29,32500
"DOM",1969,1969-12-29,31000
"DOM",1970,1970-12-29,31600
"DOM",1971,1971-12-29,31900
"DOM",1972,1972-12-29,34400
"DOM",1973,1973-12-29,36600
"DOM",1974,1974-12-29,47600
"DOM",1975,1975-12-29,57200
"DOM",1976,1976-12-29,67400
"DOM",1977,1977-12-29,75800
"DOM",1978,1978-12-29,87100
"DOM",1979,1979-12-29,158000
"DOM",1980,1980-12-29,165000
"DOM",1981,1981-12-29,118000
"DOM",1982,1982-12-29,128000
"DOM",1983,1983-12-29,129000
"DOM",1984,1984-12-29,156000
"DOM",1985,1985-12-29,50990
"DOM",1986,1986-12-29,68690
"DOM",1987,1987-12-29,76600
"DOM",1988,1988-12-29,60000
"DOM",1989,1989-12-29,60620
"DOM",1990,1990-12-29,57210
"DOM",1991,1991-12-29,34790
"DOM",1992,1992-12-29,59000
"DOM",1993,1993-12-29,108000
"DOM",1994,1994-12-29,115000
"DOM",1995,1995-12-29,109000
"DOM",1996,1996-12-29,116000
"DOM",1997,1997-12-29,119000
"DOM",1998,1998-12-29,115000
"DOM",1999,1999-12-29,114000
"DOM",2000,2000-12-29,169000
"DOM",2001,2001-12-29,156000
"DOM",2002,2002-12-29,229000
"DOM",2003,2003-12-29,156000
"DOM",2004,2004-12-29,128000
"DOM",2005,2005-12-29,273000
"DOM",2006,2006-12-29,256000
"DOM",2007,2007-12-29,271000
"DOM",2008,2008-12-29,278000
"DOM",2009,2009-12-29,265000
"DOM",2010,2010-12-29,231000
"DOM",2011,2011-12-29,342000
"DOM",2012,2012-12-29,363000
"DOM",2013,2013-12-29,378000
"DOM",2014,2014-12-29,397000
"DOM",2015,2015-12-29,446000
"DOM",2016,2016-12-29,455000
"MEX",1844,1844-12-30,1617
"MEX",1846,1846-12-30,5283
"MEX",1865,1865-12-30,2157
"MEX",1866,1866-12-30,2594
"MEX",1868,1868-12-30,1690
"MEX",1869,1869-12-30,1741
"MEX",1870,1870-12-30,1440
"MEX",1871,1871-12-30,1743
"MEX",1872,1872-12-30,2090
"MEX",1873,1873-12-30,2087
"MEX",1874,1874-12-30,2112
"MEX",1875,1875-12-30,2185
"MEX",1876,1876-12-30,2179
"MEX",1877,1877-12-30,2249
"MEX",1878,1878-12-30,1415
"MEX",1879,1879-12-30,1826
"MEX",1880,1880-12-30,1666
"MEX",1881,1881-12-30,2036
"MEX",1882,1882-12-30,1802
"MEX",1883,1883-12-30,1771
"MEX",1884,1884-12-30,1712
"MEX",1885,1885-12-30,1719
"MEX",1886,1886-12-30,2500
"MEX",1887,1887-12-30,2408
"MEX",1888,1888-12-30,2768
"MEX",1889,1889-12-30,2784
"MEX",1890,1890-12-30,2593
"MEX",1891,1891-12-30,2643
"MEX",1892,1892-12-30,2628
"MEX",1893,1893-12-30,2611
"MEX",1894,1894-12-30,2336
"MEX",1895,1895-12-30,2128
"MEX",1896,1896-12-30,1094
"MEX",1897,1897-12-30,1214
"MEX",1898,1898-12-30,1275
"MEX",1899,1899-12-30,1140
"MEX",1900,1900-12-30,1348
"MEX",1901,1901-12-30,1388
"MEX",1902,1902-12-30,1413
"MEX",1903,1903-12-30,1424
"MEX",1904,1904-12-30,1622
"MEX",1905,1905-12-30,1639
"MEX",1906,1906-12-30,1674
"MEX",1907,1907-12-30,1802
"MEX",1908,1908-12-30,2090
"MEX",1909,1909-12-30,2131
"MEX",1910,1910-12-30,2083
"MEX",1911,1911-12-30,2182
"MEX",1912,1912-12-30,2886
"MEX",1913,1913-12-30,4478
"MEX",1914,1914-12-29,22000
"MEX",1915,1915-12-29,21500
"MEX",1917,1917-12-29,63500
"MEX",1918,1918-12-30,60000
"MEX",1919,1919-12-30,70526
"MEX",1920,1920-12-30,65792
"MEX",1921,1921-12-30,65402
"MEX",1922,1922-12-30,65651
"MEX",1923,1923-12-30,61277
"MEX",1924,1924-12-30,52014
"MEX",1925,1925-12-30,45218
"MEX",1926,1926-12-30,46032
"MEX",1927,1927-12-30,42145
"MEX",1928,1928-12-30,46849
"MEX",1929,1929-12-30,47287
"MEX",1930,1930-12-30,38441
"MEX",1931,1931-12-30,31412
"MEX",1932,1932-12-30,19491
"MEX",1933,1933-12-30,16610
"MEX",1934,1934-12-30,16672
"MEX",1935,1935-12-30,17433
"MEX",1936,1936-12-30,19300
"MEX",1937,1937-12-30,22478
"MEX",1938,1938-12-30,23033
"MEX",1939,1939-12-30,18600
"MEX",1940,1940-12-29,18146
"MEX",1941,1941-12-29,22633
"MEX",1942,1942-12-29,24691
"MEX",1943,1943-12-29,30246
"MEX",1944,1944-12-29,32921
"MEX",1945,1945-12-29,34979
"MEX",1946,1946-12-29,52037
"MEX",1947,1947-12-29,57058
"MEX",1948,1948-12-29,60576
"MEX",1949,1949-12-29,48110
"MEX",1950,1950-12-29,40000
"MEX",1951,1951-12-29,46012
"MEX",1952,1952-12-29,50289
"MEX",1953,1953-12-29,55376
"MEX",1954,1954-12-29,47093
"MEX",1955,1955-12-29,42674
"MEX",1956,1956-12-29,50600
"MEX",1957,1957-12-29,63411
"MEX",1958,1958-12-29,69015
"MEX",1959,1959-12-29,70697
"MEX",1960,1960-12-29,81745
"MEX",1961,1961-12-29,88951
"MEX",1962,1962-12-29,100720
"MEX",1963,1963-12-29,111129
"MEX",1964,1964-12-29,127222
"MEX",1965,1965-12-29,132186
"MEX",1966,1966-12-29,143235
"MEX",1967,1967-12-29,171978
"MEX",1968,1968-12-29,182946
"MEX",1969,1969-12-29,204003
"MEX",1970,1970-12-29,218014
"MEX",1971,1971-12-29,224000
"MEX",1972,1972-12-29,260800
"MEX",1973,1973-12-29,326400
"MEX",1974,1974-12-29,430400
"MEX",1975,1975-12-29,586200
"MEX",1976,1976-12-29,529625
"MEX",1977,1977-12-29,533541
"MEX",1978,1978-12-29,634413
"MEX",1979,1979-12-29,693575
"MEX",1980,1980-12-29,824147
"MEX",1981,1981-12-29,777120
"MEX",1982,1982-12-29,943004
"MEX",1983,1983-12-29,607856
"MEX",1984,1984-12-29,562331
"MEX",1985,1985-12-29,1170000
"MEX",1986,1986-12-29,612460
"MEX",1987,1987-12-29,937000
"MEX",1988,1988-12-29,646450
"MEX",1989,1989-12-29,640630
"MEX",1990,1990-12-29,678410
"MEX",1991,1991-12-29,674536
"MEX",1992,1992-12-29,1520000
"MEX",1993,1993-12-29,1656000
"MEX",1994,1994-12-29,2300000
"MEX",1995,1995-12-29,2366000
"MEX",1996,1996-12-29,3629000
"MEX",1997,1997-12-29,3664000
"MEX",1998,1998-12-29,3907000
"MEX",1999,1999-12-29,4289000
"MEX",2000,2000-12-29,5229000
"MEX",2001,2001-12-29,5733000
"MEX",2002,2002-12-29,3236000
"MEX",2003,2003-12-29,2938000
"MEX",2004,2004-12-29,2876000
"MEX",2005,2005-12-29,3123000
"MEX",2006,2006-12-29,3229000
"MEX",2007,2007-12-29,3982000
"MEX",2008,2008-12-29,4346000
"MEX",2009,2009-12-29,4769000
"MEX",2010,2010-12-29,5410000
"MEX",2011,2011-12-29,5051000
"MEX",2012,2012-12-29,5237000
"MEX",2013,2013-12-29,5885000
"MEX",2014,2014-12-29,6548000
"MEX",2015,2015-12-29,6051000
"MEX",2016,2016-12-29,5060000
"GUA",1869,1869-12-30,53
"GUA",1872,1872-12-30,159
"GUA",1873,1873-12-30,252
"GUA",1874,1874-12-30,202
"GUA",1877,1877-12-30,214
"GUA",1879,1879-12-30,256
"GUA",1881,1881-12-30,237
"GUA",1882,1882-12-30,233
"GUA",1888,1888-12-30,230
"GUA",1890,1890-12-30,178
"GUA",1892,1892-12-30,296
"GUA",1893,1893-12-30,270
"GUA",1894,1894-12-30,270
"GUA",1895,1895-12-30,435
"GUA",1896,1896-12-30,531
"GUA",1897,1897-12-30,419
"GUA",1898,1898-12-30,419
"GUA",1899,1899-12-30,450
"GUA",1900,1900-12-30,400
"GUA",1901,1901-12-30,498
"GUA",1902,1902-12-30,879
"GUA",1904,1904-12-30,409
"GUA",1905,1905-12-30,417
"GUA",1906,1906-12-30,431
"GUA",1907,1907-12-30,454
"GUA",1908,1908-12-30,463
"GUA",1909,1909-12-30,502
"GUA",1910,1910-12-30,484
"GUA",1911,1911-12-30,469
"GUA",1912,1912-12-30,105
"GUA",1913,1913-12-30,125
"GUA",1914,1914-12-29,151
"GUA",1915,1915-12-29,234
"GUA",1916,1916-12-29,236
"GUA",1922,1922-12-30,126
"GUA",1923,1923-12-30,114
"GUA",1924,1924-12-30,869
"GUA",1925,1925-12-30,1203
"GUA",1926,1926-12-30,2204
"GUA",1927,1927-12-30,2100
"GUA",1928,1928-12-30,2100
"GUA",1929,1929-12-30,2000
"GUA",1930,1930-12-30,2000
"GUA",1931,1931-12-30,1500
"GUA",1932,1932-12-30,1700
"GUA",1933,1933-12-30,1400
"GUA",1934,1934-12-30,1600
"GUA",1935,1935-12-30,1900
"GUA",1936,1936-12-30,2100
"GUA",1937,1937-12-30,1800
"GUA",1938,1938-12-30,1900
"GUA",1939,1939-12-30,1880
"GUA",1942,1942-12-29,1900
"GUA",1944,1944-12-29,1900
"GUA",1946,1946-12-29,3366
"GUA",1947,1947-12-29,3474
"GUA",1948,1948-12-29,3871
"GUA",1949,1949-12-29,5161
"GUA",1950,1950-12-29,5062
"GUA",1951,1951-12-29,5558
"GUA",1952,1952-12-29,5955
"GUA",1953,1953-12-29,5955
"GUA",1954,1954-12-29,6650
"GUA",1955,1955-12-29,7940
"GUA",1956,1956-12-29,8800
"GUA",1957,1957-12-29,9300
"GUA",1958,1958-12-29,9800
"GUA",1959,1959-12-29,9800
"GUA",1960,1960-12-29,9400
"GUA",1961,1961-12-29,9200
"GUA",1962,1962-12-29,9300
"GUA",1963,1963-12-29,10200
"GUA",1964,1964-12-29,12700
"GUA",1965,1965-12-29,14300
"GUA",1966,1966-12-29,14700
"GUA",1967,1967-12-29,16400
"GUA",1968,1968-12-29,15700
"GUA",1969,1969-12-29,15600
"GUA",1970,1970-12-29,17200
"GUA",1971,1971-12-29,18500
"GUA",1972,1972-12-29,22500
"GUA",1973,1973-12-29,21500
"GUA",1974,1974-12-29,27400
"GUA",1975,1975-12-29,42900
"GUA",1976,1976-12-29,49600
"GUA",1977,1977-12-29,77700
"GUA",1978,1978-12-29,73200
"GUA",1979,1979-12-29,81899
"GUA",1980,1980-12-29,109090
"GUA",1981,1981-12-29,131209
"GUA",1982,1982-12-29,165114
"GUA",1983,1983-12-29,170009
"GUA",1984,1984-12-29,181288
"GUA",1985,1985-12-29,174000
"GUA",1986,1986-12-29,130770
"GUA",1987,1987-12-29,106320
"GUA",1988,1988-12-29,127000
"GUA",1989,1989-12-29,131000
"GUA",1990,1990-12-29,71780
"GUA",1991,1991-12-29,126000
"GUA",1992,1992-12-29,109160
"GUA",1993,1993-12-29,113000
"GUA",1994,1994-12-29,136000
"GUA",1995,1995-12-29,150000
"GUA",1996,1996-12-29,211000
"GUA",1997,1997-12-29,182000
"GUA",1998,1998-12-29,159000
"GUA",1999,1999-12-29,149000
"GUA",2000,2000-12-29,155000
"GUA",2001,2001-12-29,186000
"GUA",2002,2002-12-29,158000
"GUA",2003,2003-12-29,179000
"GUA",2004,2004-12-29,112000
"GUA",2005,2005-12-29,90000
"GUA",2006,2006-12-29,146000
"GUA",2007,2007-12-29,166000
"GUA",2008,2008-12-29,180000
"GUA",2009,2009-12-29,166000
"GUA",2010,2010-12-29,156000
"GUA",2011,2011-12-29,2e+05
"GUA",2012,2012-12-29,212000
"GUA",2013,2013-12-29,256000
"GUA",2014,2014-12-29,264000
"GUA",2015,2015-12-29,275000
"GUA",2016,2016-12-29,268000
"HON",1900,1900-12-30,68
"HON",1901,1901-12-30,79
"HON",1902,1902-12-30,79
"HON",1903,1903-12-30,62
"HON",1904,1904-12-30,97
"HON",1905,1905-12-30,97
"HON",1906,1906-12-30,103
"HON",1907,1907-12-30,135
"HON",1908,1908-12-30,135
"HON",1909,1909-12-30,120
"HON",1910,1910-12-30,120
"HON",1911,1911-12-30,113
"HON",1913,1913-12-30,115
"HON",1914,1914-12-29,982
"HON",1917,1917-12-29,882
"HON",1920,1920-12-30,998
"HON",1922,1922-12-30,999
"HON",1923,1923-12-30,1091
"HON",1924,1924-12-30,1005
"HON",1925,1925-12-30,978
"HON",1926,1926-12-30,1000
"HON",1927,1927-12-30,900
"HON",1928,1928-12-30,800
"HON",1929,1929-12-30,900
"HON",1930,1930-12-30,600
"HON",1931,1931-12-30,650
"HON",1932,1932-12-30,650
"HON",1933,1933-12-30,750
"HON",1934,1934-12-30,900
"HON",1935,1935-12-30,1000
"HON",1936,1936-12-30,1000
"HON",1937,1937-12-30,1100
"HON",1938,1938-12-30,1000
"HON",1939,1939-12-30,1095
"HON",1940,1940-12-29,1040
"HON",1942,1942-12-29,1184
"HON",1943,1943-12-29,1208
"HON",1944,1944-12-29,1141
"HON",1945,1945-12-29,1217
"HON",1946,1946-12-29,1814
"HON",1947,1947-12-29,2402
"HON",1948,1948-12-29,3627
"HON",1949,1949-12-29,2843
"HON",1950,1950-12-29,2794
"HON",1951,1951-12-29,3168
"HON",1952,1952-12-29,3218
"HON",1953,1953-12-29,3020
"HON",1954,1954-12-29,3200
"HON",1955,1955-12-29,3200
"HON",1956,1956-12-29,4650
"HON",1957,1957-12-29,4450
"HON",1958,1958-12-29,4550
"HON",1959,1959-12-29,4650
"HON",1960,1960-12-29,4100
"HON",1961,1961-12-29,7200
"HON",1962,1962-12-29,7250
"HON",1963,1963-12-29,7700
"HON",1964,1964-12-29,5400
"HON",1965,1965-12-29,5700
"HON",1966,1966-12-29,6200
"HON",1967,1967-12-29,6150
"HON",1968,1968-12-29,6200
"HON",1969,1969-12-29,7100
"HON",1970,1970-12-29,8750
"HON",1971,1971-12-29,11400
"HON",1972,1972-12-29,15450
"HON",1973,1973-12-29,15950
"HON",1974,1974-12-29,16900
"HON",1975,1975-12-29,21400
"HON",1976,1976-12-29,23700
"HON",1977,1977-12-29,25250
"HON",1978,1978-12-29,31400
"HON",1979,1979-12-29,33000
"HON",1980,1980-12-29,59000
"HON",1981,1981-12-29,45000
"HON",1982,1982-12-29,60000
"HON",1983,1983-12-29,70000
"HON",1984,1984-12-29,90000
"HON",1985,1985-12-29,71580
"HON",1986,1986-12-29,67500
"HON",1987,1987-12-29,138000
"HON",1988,1988-12-29,124000
"HON",1989,1989-12-29,138000
"HON",1990,1990-12-29,45700
"HON",1991,1991-12-29,61000
"HON",1992,1992-12-29,42450
"HON",1993,1993-12-29,44000
"HON",1994,1994-12-29,45000
"HON",1995,1995-12-29,54000
"HON",1996,1996-12-29,1e+05
"HON",1997,1997-12-29,101000
"HON",1998,1998-12-29,99000
"HON",1999,1999-12-29,95000
"HON",2000,2000-12-29,95000
"HON",2001,2001-12-29,96000
"HON",2002,2002-12-29,55000
"HON",2003,2003-12-29,53000
"HON",2004,2004-12-29,52000
"HON",2005,2005-12-29,53000
"HON",2006,2006-12-29,55000
"HON",2007,2007-12-29,76000
"HON",2008,2008-12-29,96000
"HON",2009,2009-12-29,111000
"HON",2010,2010-12-29,135000
"HON",2011,2011-12-29,141000
"HON",2012,2012-12-29,151000
"HON",2013,2013-12-29,177000
"HON",2014,2014-12-29,216000
"HON",2015,2015-12-29,249000
"HON",2016,2016-12-29,295000
"SAL",1876,1876-12-30,164
"SAL",1881,1881-12-30,180
"SAL",1882,1882-12-30,187
"SAL",1883,1883-12-30,112
"SAL",1884,1884-12-30,111
"SAL",1885,1885-12-30,123
"SAL",1887,1887-12-30,106
"SAL",1888,1888-12-30,116
"SAL",1889,1889-12-30,140
"SAL",1890,1890-12-30,408
"SAL",1892,1892-12-30,248
"SAL",1893,1893-12-30,247
"SAL",1894,1894-12-30,396
"SAL",1896,1896-12-30,283
"SAL",1900,1900-12-30,153
"SAL",1901,1901-12-30,163
"SAL",1902,1902-12-30,180
"SAL",1903,1903-12-30,140
"SAL",1904,1904-12-30,154
"SAL",1905,1905-12-30,177
"SAL",1906,1906-12-30,191
"SAL",1907,1907-12-30,200
"SAL",1909,1909-12-30,255
"SAL",1910,1910-12-30,243
"SAL",1911,1911-12-30,242
"SAL",1912,1912-12-30,281
"SAL",1913,1913-12-30,262
"SAL",1914,1914-12-29,1655
"SAL",1920,1920-12-30,1529
"SAL",1921,1921-12-30,169
"SAL",1922,1922-12-30,167
"SAL",1923,1923-12-30,137
"SAL",1924,1924-12-30,135
"SAL",1925,1925-12-30,165
"SAL",1926,1926-12-30,170
"SAL",1927,1927-12-30,199
"SAL",1928,1928-12-30,255
"SAL",1929,1929-12-30,219
"SAL",1930,1930-12-30,156
"SAL",1931,1931-12-30,158
"SAL",1932,1932-12-30,126
"SAL",1933,1933-12-30,115
"SAL",1934,1934-12-30,972
"SAL",1935,1935-12-30,1640
"SAL",1936,1936-12-30,1476
"SAL",1937,1937-12-30,1360
"SAL",1938,1938-12-30,1440
"SAL",1939,1939-12-30,1480
"SAL",1942,1942-12-29,1465
"SAL",1943,1943-12-29,1350
"SAL",1944,1944-12-29,1462
"SAL",1945,1945-12-29,1801
"SAL",1946,1946-12-29,1516
"SAL",1947,1947-12-29,1802
"SAL",1948,1948-12-29,2362
"SAL",1949,1949-12-29,2801
"SAL",1950,1950-12-29,3944
"SAL",1951,1951-12-29,4741
"SAL",1952,1952-12-29,5080
"SAL",1953,1953-12-29,6154
"SAL",1954,1954-12-29,5800
"SAL",1955,1955-12-29,6560
"SAL",1956,1956-12-29,6960
"SAL",1957,1957-12-29,7680
"SAL",1958,1958-12-29,7600
"SAL",1959,1959-12-29,6240
"SAL",1960,1960-12-29,6120
"SAL",1961,1961-12-29,6200
"SAL",1962,1962-12-29,8680
"SAL",1963,1963-12-29,8520
"SAL",1964,1964-12-29,8000
"SAL",1965,1965-12-29,9040
"SAL",1966,1966-12-29,9200
"SAL",1967,1967-12-29,9480
"SAL",1968,1968-12-29,9240
"SAL",1969,1969-12-29,10480
"SAL",1970,1970-12-29,9960
"SAL",1971,1971-12-29,11960
"SAL",1972,1972-12-29,12520
"SAL",1973,1973-12-29,25060
"SAL",1974,1974-12-29,26040
"SAL",1975,1975-12-29,27880
"SAL",1976,1976-12-29,37920
"SAL",1977,1977-12-29,50000
"SAL",1978,1978-12-29,58800
"SAL",1979,1979-12-29,68000
"SAL",1980,1980-12-29,72000
"SAL",1981,1981-12-29,116000
"SAL",1982,1982-12-29,139000
"SAL",1983,1983-12-29,158000
"SAL",1984,1984-12-29,205000
"SAL",1985,1985-12-29,252000
"SAL",1986,1986-12-29,160000
"SAL",1987,1987-12-29,208180
"SAL",1988,1988-12-29,237000
"SAL",1989,1989-12-29,139230
"SAL",1990,1990-12-29,143830
"SAL",1991,1991-12-29,141870
"SAL",1992,1992-12-29,175000
"SAL",1993,1993-12-29,1e+05
"SAL",1994,1994-12-29,132000
"SAL",1995,1995-12-29,145000
"SAL",1996,1996-12-29,149000
"SAL",1997,1997-12-29,176000
"SAL",1998,1998-12-29,163000
"SAL",1999,1999-12-29,171000
"SAL",2000,2000-12-29,168000
"SAL",2001,2001-12-29,165000
"SAL",2002,2002-12-29,109000
"SAL",2003,2003-12-29,106000
"SAL",2004,2004-12-29,106000
"SAL",2005,2005-12-29,106000
"SAL",2006,2006-12-29,106000
"SAL",2007,2007-12-29,111000
"SAL",2008,2008-12-29,115000
"SAL",2009,2009-12-29,135000
"SAL",2010,2010-12-29,135000
"SAL",2011,2011-12-29,146000
"SAL",2012,2012-12-29,145000
"SAL",2013,2013-12-29,154000
"SAL",2014,2014-12-29,150000
"SAL",2015,2015-12-29,150000
"SAL",2016,2016-12-29,146000
"NIC",1900,1900-12-30,114
"NIC",1901,1901-12-30,98
"NIC",1903,1903-12-30,140
"NIC",1922,1922-12-30,43
"NIC",1925,1925-12-30,131
"NIC",1926,1926-12-30,132
"NIC",1927,1927-12-30,84
"NIC",1928,1928-12-30,78
"NIC",1929,1929-12-30,141
"NIC",1930,1930-12-30,130
"NIC",1931,1931-12-30,90
"NIC",1932,1932-12-30,96
"NIC",1933,1933-12-30,63
"NIC",1934,1934-12-30,93
"NIC",1935,1935-12-30,86
"NIC",1936,1936-12-30,83
"NIC",1937,1937-12-30,45
"NIC",1944,1944-12-29,909
"NIC",1957,1957-12-29,7037
"NIC",1958,1958-12-29,5782
"NIC",1959,1959-12-29,6194
"NIC",1960,1960-12-29,6700
"NIC",1961,1961-12-29,6979
"NIC",1962,1962-12-29,7546
"NIC",1963,1963-12-29,7801
"NIC",1964,1964-12-29,7546
"NIC",1965,1965-12-29,8113
"NIC",1966,1966-12-29,9348
"NIC",1967,1967-12-29,10270
"NIC",1968,1968-12-29,10057
"NIC",1969,1969-12-29,10241
"NIC",1970,1970-12-29,12170
"NIC",1971,1971-12-29,12400
"NIC",1972,1972-12-29,16142
"NIC",1973,1973-12-29,15286
"NIC",1974,1974-12-29,21959
"NIC",1975,1975-12-29,27185
"NIC",1976,1976-12-29,37290
"NIC",1977,1977-12-29,41275
"NIC",1978,1978-12-29,43000
"NIC",1979,1979-12-29,42000
"NIC",1980,1980-12-29,62000
"NIC",1981,1981-12-29,192000
"NIC",1982,1982-12-29,249000
"NIC",1983,1983-12-29,348000
"NIC",1984,1984-12-29,625000
"NIC",1985,1985-12-29,702000
"NIC",1986,1986-12-29,436090
"NIC",1987,1987-12-29,189000
"NIC",1988,1988-12-29,142000
"NIC",1990,1990-12-29,318000
"NIC",1991,1991-12-29,225000
"NIC",1992,1992-12-29,214500
"NIC",1993,1993-12-29,210000
"NIC",1994,1994-12-29,35000
"NIC",1995,1995-12-29,39000
"NIC",1996,1996-12-29,37000
"NIC",1997,1997-12-29,36000
"NIC",1998,1998-12-29,30000
"NIC",1999,1999-12-29,25000
"NIC",2000,2000-12-29,24000
"NIC",2001,2001-12-29,27000
"NIC",2002,2002-12-29,32000
"NIC",2003,2003-12-29,31000
"NIC",2004,2004-12-29,32000
"NIC",2005,2005-12-29,34000
"NIC",2006,2006-12-29,35000
"NIC",2007,2007-12-29,37000
"NIC",2008,2008-12-29,42000
"NIC",2009,2009-12-29,40000
"NIC",2010,2010-12-29,44000
"NIC",2011,2011-12-29,54000
"NIC",2012,2012-12-29,66000
"NIC",2013,2013-12-29,85000
"NIC",2014,2014-12-29,83000
"NIC",2015,2015-12-29,72000
"NIC",2016,2016-12-29,73000
"COS",1920,1920-12-30,743
"COS",1922,1922-12-30,413
"COS",1923,1923-12-30,397
"COS",1924,1924-12-30,521
"COS",1925,1925-12-30,590
"COS",1926,1926-12-30,656
"COS",1927,1927-12-30,650
"COS",1928,1928-12-30,675
"COS",1929,1929-12-30,675
"COS",1930,1930-12-30,675
"COS",1931,1931-12-30,650
"COS",1932,1932-12-30,632
"COS",1933,1933-12-30,533
"COS",1934,1934-12-30,650
"COS",1935,1935-12-30,600
"COS",1936,1936-12-30,437
"COS",1937,1937-12-30,493
"COS",1938,1938-12-30,456
"COS",1939,1939-12-30,498
"COS",1942,1942-12-29,953
"COS",1943,1943-12-29,1239
"COS",1944,1944-12-29,1517
"COS",1945,1945-12-29,1368
"COS",1946,1946-12-29,1174
"COS",1947,1947-12-29,1411
"COS",1948,1948-12-29,3051
"COS",1949,1949-12-29,1340
"COS",1950,1950-12-29,1199
"COS",1951,1951-12-29,1693
"COS",1952,1952-12-29,1728
"COS",1953,1953-12-29,1746
"COS",1954,1954-12-29,1975
"COS",1955,1955-12-29,2046
"COS",1956,1956-12-29,2116
"COS",1957,1957-12-29,2399
"COS",1958,1958-12-29,2328
"COS",1959,1959-12-29,2346
"COS",1960,1960-12-29,2399
"COS",1961,1961-12-29,2381
"COS",1962,1962-12-29,2120
"COS",1963,1963-12-29,2165
"COS",1964,1964-12-29,2105
"COS",1965,1965-12-29,2331
"COS",1966,1966-12-29,2556
"COS",1967,1967-12-29,2632
"COS",1968,1968-12-29,3609
"COS",1969,1969-12-29,3985
"COS",1970,1970-12-29,4135
"COS",1971,1971-12-29,6023
"COS",1972,1972-12-29,6384
"COS",1973,1973-12-29,8033
"COS",1974,1974-12-29,10802
"COS",1975,1975-12-29,12736
"COS",1976,1976-12-29,16103
"COS",1977,1977-12-29,18436
"COS",1978,1978-12-29,22054
"COS",1979,1979-12-29,21004
"COS",1980,1980-12-29,24737
"COS",1981,1981-12-29,21304
"COS",1982,1982-12-29,22993
"COS",1983,1983-12-29,28009
"COS",1984,1984-12-29,20111
"COS",1985,1985-12-29,29300
"COS",1986,1986-12-29,30900
"COS",1987,1987-12-29,25000
"COS",1988,1988-12-29,21000
"COS",1989,1989-12-29,57000
"COS",1990,1990-12-29,62670
"COS",1991,1991-12-29,55310
"COS",1992,1992-12-29,60700
"COS",1993,1993-12-29,95500
"COS",1994,1994-12-29,25000
"COS",1995,1995-12-29,48000
"COS",1996,1996-12-29,53000
"COS",1997,1997-12-29,59000
"COS",1998,1998-12-29,70000
"COS",1999,1999-12-29,69000
"COS",2000,2000-12-29,83000
"COS",2001,2001-12-29,76000
"COS",2002,2002-12-29,96000
"COS",2003,2003-12-29,94000
"COS",2004,2004-12-29,105000
"COS",2005,2005-12-29,95000
"COS",2006,2006-12-29,123000
"COS",2007,2007-12-29,159000
"COS",2008,2008-12-29,156000
"COS",2009,2009-12-29,215000
"COS",2010,2010-12-29,213000
"COS",2011,2011-12-29,271000
"COS",2012,2012-12-29,349000
"COS",2013,2013-12-29,397000
"COS",2014,2014-12-29,420000
"COS",2015,2015-12-29,439000
"COS",2016,2016-12-29,413000
"PAN",1923,1923-12-30,32
"PAN",1924,1924-12-30,32
"PAN",1925,1925-12-30,35
"PAN",1926,1926-12-30,35
"PAN",1927,1927-12-30,45
"PAN",1930,1930-12-30,34
"PAN",1931,1931-12-30,43
"PAN",1932,1932-12-30,43
"PAN",1933,1933-12-30,42
"PAN",1934,1934-12-30,42
"PAN",1935,1935-12-30,42
"PAN",1936,1936-12-30,42
"PAN",1937,1937-12-30,45
"PAN",1938,1938-12-30,45
"PAN",1939,1939-12-30,43
"PAN",1940,1940-12-29,43
"PAN",1943,1943-12-29,4140
"PAN",1960,1960-12-29,500
"PAN",1961,1961-12-29,1000
"PAN",1962,1962-12-29,600
"PAN",1963,1963-12-29,500
"PAN",1964,1964-12-29,600
"PAN",1965,1965-12-29,600
"PAN",1966,1966-12-29,500
"PAN",1967,1967-12-29,800
"PAN",1968,1968-12-29,900
"PAN",1969,1969-12-29,1300
"PAN",1970,1970-12-29,1600
"PAN",1971,1971-12-29,1390
"PAN",1972,1972-12-29,9300
"PAN",1973,1973-12-29,10700
"PAN",1974,1974-12-29,13000
"PAN",1975,1975-12-29,14700
"PAN",1976,1976-12-29,15300
"PAN",1977,1977-12-29,15000
"PAN",1978,1978-12-29,17000
"PAN",1979,1979-12-29,15000
"PAN",1980,1980-12-29,24244
"PAN",1981,1981-12-29,42117
"PAN",1982,1982-12-29,59022
"PAN",1983,1983-12-29,67107
"PAN",1984,1984-12-29,88009
"PAN",1985,1985-12-29,96469
"PAN",1986,1986-12-29,96500
"PAN",1987,1987-12-29,104600
"PAN",1988,1988-12-29,101000
"PAN",1989,1989-12-29,141000
"PAN",1990,1990-12-29,125000
"PAN",1991,1991-12-29,75000
"PAN",1992,1992-12-29,75000
"PAN",1993,1993-12-29,95000
"PAN",1994,1994-12-29,96000
"PAN",1995,1995-12-29,107000
"PAN",1996,1996-12-29,112000
"PAN",1997,1997-12-29,114000
"PAN",1998,1998-12-29,122000
"PAN",1999,1999-12-29,128000
"PAN",2000,2000-12-29,130000
"PAN",2001,2001-12-29,132000
"PAN",2002,2002-12-29,120000
"PAN",2003,2003-12-29,130000
"PAN",2004,2004-12-29,140000
"PAN",2005,2005-12-29,158000
"PAN",2006,2006-12-29,171000
"PAN",2007,2007-12-29,2e+05
"PAN",2008,2008-12-29,226000
"PAN",2009,2009-12-29,275000
"PAN",2010,2010-12-29,324000
"PAN",2011,2011-12-29,490000
"PAN",2012,2012-12-29,551000
"PAN",2013,2013-12-29,637000
"PAN",2014,2014-12-29,717000
"PAN",2015,2015-12-29,656000
"PAN",2016,2016-12-29,751000
"COL",1843,1843-12-30,599
"COL",1865,1865-12-30,71
"COL",1866,1866-12-30,56
"COL",1867,1867-12-30,138
"COL",1868,1868-12-30,50
"COL",1869,1869-12-30,167
"COL",1870,1870-12-30,78
"COL",1871,1871-12-30,77
"COL",1872,1872-12-30,130
"COL",1873,1873-12-30,184
"COL",1874,1874-12-30,110
"COL",1875,1875-12-30,57
"COL",1876,1876-12-30,82
"COL",1877,1877-12-30,228
"COL",1878,1878-12-30,227
"COL",1879,1879-12-30,196
"COL",1880,1880-12-30,204
"COL",1881,1881-12-30,194
"COL",1882,1882-12-30,435
"COL",1897,1897-12-30,183
"COL",1898,1898-12-30,182
"COL",1899,1899-12-30,505
"COL",1900,1900-12-30,504
"COL",1901,1901-12-30,266
"COL",1905,1905-12-30,315
"COL",1906,1906-12-30,355
"COL",1907,1907-12-30,570
"COL",1908,1908-12-30,532
"COL",1909,1909-12-30,426
"COL",1910,1910-12-30,491
"COL",1911,1911-12-30,395
"COL",1913,1913-12-30,395
"COL",1914,1914-12-29,3001
"COL",1915,1915-12-29,2641
"COL",1916,1916-12-29,2380
"COL",1919,1919-12-30,2133
"COL",1920,1920-12-30,4177
"COL",1921,1921-12-30,4177
"COL",1922,1922-12-30,3870
"COL",1923,1923-12-30,2804
"COL",1924,1924-12-30,2987
"COL",1925,1925-12-30,3360
"COL",1926,1926-12-30,3862
"COL",1927,1927-12-30,7305
"COL",1928,1928-12-30,8036
"COL",1929,1929-12-30,7476
"COL",1930,1930-12-30,4145
"COL",1931,1931-12-30,3864
"COL",1932,1932-12-30,3637
"COL",1933,1933-12-30,5712
"COL",1934,1934-12-30,9888
"COL",1935,1935-12-30,4697
"COL",1936,1936-12-30,7484
"COL",1937,1937-12-30,7151
"COL",1938,1938-12-30,7409
"COL",1939,1939-12-30,23070
"COL",1940,1940-12-29,8514
"COL",1941,1941-12-29,8571
"COL",1942,1942-12-29,9142
"COL",1943,1943-12-29,8914
"COL",1944,1944-12-29,12342
"COL",1945,1945-12-29,14857
"COL",1946,1946-12-29,16331
"COL",1947,1947-12-29,27404
"COL",1948,1948-12-29,32710
"COL",1949,1949-12-29,36261
"COL",1950,1950-12-29,41327
"COL",1951,1951-12-29,56122
"COL",1952,1952-12-29,59761
"COL",1953,1953-12-29,85259
"COL",1954,1954-12-29,109562
"COL",1955,1955-12-29,108367
"COL",1956,1956-12-29,112749
"COL",1957,1957-12-29,115139
"COL",1958,1958-12-29,51256
"COL",1959,1959-12-29,37673
"COL",1960,1960-12-29,49531
"COL",1961,1961-12-29,61194
"COL",1962,1962-12-29,99104
"COL",1963,1963-12-29,107222
"COL",1964,1964-12-29,119111
"COL",1965,1965-12-29,135333
"COL",1966,1966-12-29,108586
"COL",1967,1967-12-29,120518
"COL",1968,1968-12-29,143047
"COL",1969,1969-12-29,136932
"COL",1970,1970-12-29,167206
"COL",1971,1971-12-29,190096
"COL",1972,1972-12-29,103128
"COL",1973,1973-12-29,104878
"COL",1974,1974-12-29,113183
"COL",1975,1975-12-29,130072
"COL",1976,1976-12-29,143396
"COL",1977,1977-12-29,164949
"COL",1978,1978-12-29,168359
"COL",1979,1979-12-29,211751
"COL",1980,1980-12-29,301170
"COL",1981,1981-12-29,374116
"COL",1982,1982-12-29,420228
"COL",1983,1983-12-29,456089
"COL",1984,1984-12-29,427886
"COL",1985,1985-12-29,274050
"COL",1986,1986-12-29,402970
"COL",1987,1987-12-29,272990
"COL",1988,1988-12-29,240510
"COL",1989,1989-12-29,346320
"COL",1990,1990-12-29,904060
"COL",1991,1991-12-29,1180000
"COL",1992,1992-12-29,1100000
"COL",1993,1993-12-29,1232000
"COL",1994,1994-12-29,1183000
"COL",1995,1995-12-29,1791000
"COL",1996,1996-12-29,2562000
"COL",1997,1997-12-29,2542000
"COL",1998,1998-12-29,2574000
"COL",1999,1999-12-29,2164000
"COL",2000,2000-12-29,3062000
"COL",2001,2001-12-29,2861000
"COL",2002,2002-12-29,3008000
"COL",2003,2003-12-29,3234000
"COL",2004,2004-12-29,3971000
"COL",2005,2005-12-29,4937000
"COL",2006,2006-12-29,5377000
"COL",2007,2007-12-29,6806000
"COL",2008,2008-12-29,9546000
"COL",2009,2009-12-29,9603000
"COL",2010,2010-12-29,10353000
"COL",2011,2011-12-29,5626000
"COL",2012,2012-12-29,6206000
"COL",2013,2013-12-29,7016000
"COL",2014,2014-12-29,13444000
"COL",2015,2015-12-29,9865000
"COL",2016,2016-12-29,8953000
"VEN",1867,1867-12-30,367
"VEN",1868,1868-12-30,347
"VEN",1869,1869-12-30,351
"VEN",1874,1874-12-30,330
"VEN",1882,1882-12-30,97
"VEN",1887,1887-12-30,161
"VEN",1888,1888-12-30,160
"VEN",1890,1890-12-30,218
"VEN",1891,1891-12-30,158
"VEN",1894,1894-12-30,219
"VEN",1895,1895-12-30,184
"VEN",1896,1896-12-30,212
"VEN",1897,1897-12-30,240
"VEN",1898,1898-12-30,181
"VEN",1899,1899-12-30,181
"VEN",1901,1901-12-30,406
"VEN",1902,1902-12-30,512
"VEN",1903,1903-12-30,551
"VEN",1905,1905-12-30,438
"VEN",1906,1906-12-30,407
"VEN",1909,1909-12-30,379
"VEN",1910,1910-12-30,317
"VEN",1911,1911-12-30,260
"VEN",1912,1912-12-30,377
"VEN",1913,1913-12-30,434
"VEN",1914,1914-12-29,2106
"VEN",1915,1915-12-29,1851
"VEN",1916,1916-12-29,1801
"VEN",1917,1917-12-29,1888
"VEN",1918,1918-12-30,2304
"VEN",1919,1919-12-30,1885
"VEN",1920,1920-12-30,2142
"VEN",1921,1921-12-30,2378
"VEN",1922,1922-12-30,2100
"VEN",1923,1923-12-30,2285
"VEN",1924,1924-12-30,2448
"VEN",1925,1925-12-30,2984
"VEN",1926,1926-12-30,2670
"VEN",1927,1927-12-30,3335
"VEN",1928,1928-12-30,5126
"VEN",1929,1929-12-30,6118
"VEN",1930,1930-12-30,7045
"VEN",1931,1931-12-30,5125
"VEN",1932,1932-12-30,4740
"VEN",1933,1933-12-30,4992
"VEN",1934,1934-12-30,8906
"VEN",1935,1935-12-30,10395
"VEN",1936,1936-12-30,9218
"VEN",1937,1937-12-30,10025
"VEN",1938,1938-12-30,12461
"VEN",1939,1939-12-30,12515
"VEN",1940,1940-12-29,11599
"VEN",1941,1941-12-29,10649
"VEN",1942,1942-12-29,10372
"VEN",1943,1943-12-29,10172
"VEN",1944,1944-12-29,11260
"VEN",1945,1945-12-29,13743
"VEN",1946,1946-12-29,16597
"VEN",1947,1947-12-29,33999
"VEN",1948,1948-12-29,32597
"VEN",1949,1949-12-29,45672
"VEN",1950,1950-12-29,54328
"VEN",1951,1951-12-29,60000
"VEN",1952,1952-12-29,63284
"VEN",1953,1953-12-29,62687
"VEN",1954,1954-12-29,80597
"VEN",1955,1955-12-29,100896
"VEN",1956,1956-12-29,114030
"VEN",1957,1957-12-29,148060
"VEN",1958,1958-12-29,179403
"VEN",1959,1959-12-29,181194
"VEN",1960,1960-12-29,161194
"VEN",1961,1961-12-29,159104
"VEN",1962,1962-12-29,151940
"VEN",1963,1963-12-29,182985
"VEN",1964,1964-12-29,194030
"VEN",1965,1965-12-29,163111
"VEN",1966,1966-12-29,176889
"VEN",1967,1967-12-29,197778
"VEN",1968,1968-12-29,198667
"VEN",1969,1969-12-29,192667
"VEN",1970,1970-12-29,200222
"VEN",1971,1971-12-29,247072
"VEN",1972,1972-12-29,296818
"VEN",1973,1973-12-29,304100
"VEN",1974,1974-12-29,459563
"VEN",1975,1975-12-29,569428
"VEN",1976,1976-12-29,417725
"VEN",1977,1977-12-29,588468
"VEN",1978,1978-12-29,589866
"VEN",1979,1979-12-29,638322
"VEN",1980,1980-12-29,800254
"VEN",1981,1981-12-29,907301
"VEN",1982,1982-12-29,1142338
"VEN",1983,1983-12-29,954007
"VEN",1984,1984-12-29,1069432
"VEN",1985,1985-12-29,682000
"VEN",1986,1986-12-29,817740
"VEN",1987,1987-12-29,1207000
"VEN",1988,1988-12-29,647000
"VEN",1989,1989-12-29,407000
"VEN",1990,1990-12-29,519190
"VEN",1991,1991-12-29,1890000
"VEN",1992,1992-12-29,1500000
"VEN",1993,1993-12-29,1817000
"VEN",1994,1994-12-29,932000
"VEN",1995,1995-12-29,882000
"VEN",1996,1996-12-29,796000
"VEN",1997,1997-12-29,1540000
"VEN",1998,1998-12-29,1333000
"VEN",1999,1999-12-29,1328000
"VEN",2000,2000-12-29,1397000
"VEN",2001,2001-12-29,1896000
"VEN",2002,2002-12-29,1379000
"VEN",2003,2003-12-29,1283000
"VEN",2004,2004-12-29,1418000
"VEN",2005,2005-12-29,2454000
"VEN",2006,2006-12-29,2588000
"VEN",2007,2007-12-29,2795000
"VEN",2008,2008-12-29,3328000
"VEN",2009,2009-12-29,3316000
"VEN",2010,2010-12-29,2043000
"VEN",2011,2011-12-29,2384000
"VEN",2012,2012-12-29,6966000
"VEN",2013,2013-12-29,5240000
"VEN",2014,2014-12-29,4655000
"VEN",2015,2015-12-29,1205000
"VEN",2016,2016-12-29,1444000
"ECU",1885,1885-12-30,177
"ECU",1886,1886-12-30,210
"ECU",1887,1887-12-30,196
"ECU",1889,1889-12-30,165
"ECU",1890,1890-12-30,149
"ECU",1891,1891-12-30,173
"ECU",1893,1893-12-30,163
"ECU",1897,1897-12-30,187
"ECU",1900,1900-12-30,173
"ECU",1902,1902-12-30,369
"ECU",1903,1903-12-30,273
"ECU",1905,1905-12-30,258
"ECU",1907,1907-12-30,270
"ECU",1908,1908-12-30,226
"ECU",1909,1909-12-30,292
"ECU",1910,1910-12-30,423
"ECU",1912,1912-12-30,341
"ECU",1913,1913-12-30,347
"ECU",1914,1914-12-29,3698
"ECU",1915,1915-12-29,3204
"ECU",1918,1918-12-30,2350
"ECU",1920,1920-12-30,731
"ECU",1925,1925-12-30,1447
"ECU",1926,1926-12-30,1841
"ECU",1927,1927-12-30,1666
"ECU",1928,1928-12-30,1707
"ECU",1929,1929-12-30,1780
"ECU",1930,1930-12-30,1820
"ECU",1931,1931-12-30,1980
"ECU",1932,1932-12-30,1800
"ECU",1933,1933-12-30,1432
"ECU",1934,1934-12-30,1484
"ECU",1935,1935-12-30,1448
"ECU",1936,1936-12-30,2248
"ECU",1937,1937-12-30,1943
"ECU",1938,1938-12-30,1245
"ECU",1939,1939-12-30,1914
"ECU",1941,1941-12-29,1667
"ECU",1942,1942-12-29,1667
"ECU",1943,1943-12-29,2510
"ECU",1944,1944-12-29,3540
"ECU",1945,1945-12-29,5074
"ECU",1946,1946-12-29,4657
"ECU",1947,1947-12-29,5111
"ECU",1949,1949-12-29,5933
"ECU",1950,1950-12-29,8933
"ECU",1951,1951-12-29,5809
"ECU",1952,1952-12-29,7459
"ECU",1953,1953-12-29,11947
"ECU",1954,1954-12-29,16502
"ECU",1955,1955-12-29,19472
"ECU",1956,1956-12-29,19670
"ECU",1957,1957-12-29,19076
"ECU",1958,1958-12-29,18614
"ECU",1959,1959-12-29,16304
"ECU",1960,1960-12-29,22178
"ECU",1961,1961-12-29,22178
"ECU",1962,1962-12-29,18097
"ECU",1963,1963-12-29,16887
"ECU",1964,1964-12-29,20352
"ECU",1965,1965-12-29,23542
"ECU",1966,1966-12-29,26568
"ECU",1967,1967-12-29,25083
"ECU",1968,1968-12-29,28988
"ECU",1969,1969-12-29,39274
"ECU",1970,1970-12-29,42189
"ECU",1971,1971-12-29,29680
"ECU",1972,1972-12-29,37320
"ECU",1973,1973-12-29,50520
"ECU",1974,1974-12-29,71600
"ECU",1975,1975-12-29,100880
"ECU",1976,1976-12-29,102520
"ECU",1977,1977-12-29,192520
"ECU",1978,1978-12-29,163880
"ECU",1979,1979-12-29,185520
"ECU",1980,1980-12-29,194100
"ECU",1981,1981-12-29,247996
"ECU",1982,1982-12-29,229341
"ECU",1983,1983-12-29,215447
"ECU",1984,1984-12-29,224021
"ECU",1985,1985-12-29,245850
"ECU",1986,1986-12-29,166150
"ECU",1987,1987-12-29,188000
"ECU",1988,1988-12-29,220000
"ECU",1989,1989-12-29,232000
"ECU",1990,1990-12-29,251380
"ECU",1991,1991-12-29,260920
"ECU",1993,1993-12-29,535000
"ECU",1994,1994-12-29,560000
"ECU",1995,1995-12-29,530000
"ECU",1996,1996-12-29,625000
"ECU",1997,1997-12-29,692000
"ECU",1998,1998-12-29,543000
"ECU",1999,1999-12-29,339000
"ECU",2000,2000-12-29,480000
"ECU",2001,2001-12-29,507000
"ECU",2002,2002-12-29,483000
"ECU",2003,2003-12-29,640000
"ECU",2004,2004-12-29,588000
"ECU",2005,2005-12-29,593000
"ECU",2006,2006-12-29,653000
"ECU",2007,2007-12-29,773000
"ECU",2008,2008-12-29,1105000
"ECU",2009,2009-12-29,1915000
"ECU",2010,2010-12-29,1511000
"ECU",2011,2011-12-29,1506000
"ECU",2012,2012-12-29,1509000
"ECU",2014,2014-12-29,1702000
"ECU",2015,2015-12-29,1911000
"ECU",2016,2016-12-29,1565000
"PER",1850,1850-12-30,957
"PER",1857,1857-12-30,1149
"PER",1860,1860-12-30,1965
"PER",1861,1861-12-30,2221
"PER",1862,1862-12-30,2213
"PER",1866,1866-12-30,1049
"PER",1867,1867-12-30,1036
"PER",1869,1869-12-30,1151
"PER",1870,1870-12-30,1152
"PER",1871,1871-12-30,1153
"PER",1872,1872-12-30,1058
"PER",1884,1884-12-30,751
"PER",1887,1887-12-30,304
"PER",1888,1888-12-30,280
"PER",1889,1889-12-30,398
"PER",1890,1890-12-30,376
"PER",1892,1892-12-30,564
"PER",1893,1893-12-30,407
"PER",1894,1894-12-30,216
"PER",1896,1896-12-30,276
"PER",1897,1897-12-30,305
"PER",1898,1898-12-30,321
"PER",1899,1899-12-30,336
"PER",1900,1900-12-30,320
"PER",1901,1901-12-30,337
"PER",1902,1902-12-30,376
"PER",1903,1903-12-30,364
"PER",1904,1904-12-30,434
"PER",1905,1905-12-30,525
"PER",1906,1906-12-30,491
"PER",1907,1907-12-30,427
"PER",1908,1908-12-30,504
"PER",1909,1909-12-30,564
"PER",1910,1910-12-30,544
"PER",1914,1914-12-29,832
"PER",1915,1915-12-29,3519
"PER",1916,1916-12-29,2860
"PER",1917,1917-12-29,2854
"PER",1920,1920-12-30,463
"PER",1923,1923-12-30,6481
"PER",1924,1924-12-30,5668
"PER",1925,1925-12-30,6676
"PER",1926,1926-12-30,6615
"PER",1927,1927-12-30,6874
"PER",1928,1928-12-30,8977
"PER",1929,1929-12-30,10000
"PER",1930,1930-12-30,8320
"PER",1931,1931-12-30,7000
"PER",1932,1932-12-30,6020
"PER",1933,1933-12-30,4367
"PER",1934,1934-12-30,5709
"PER",1935,1935-12-30,7266
"PER",1936,1936-12-30,9305
"PER",1937,1937-12-30,8859
"PER",1938,1938-12-30,8683
"PER",1939,1939-12-30,7373
"PER",1940,1940-12-29,7212
"PER",1941,1941-12-29,7953
"PER",1942,1942-12-29,10076
"PER",1943,1943-12-29,12953
"PER",1944,1944-12-29,15784
"PER",1945,1945-12-29,18261
"PER",1946,1946-12-29,26446
"PER",1947,1947-12-29,33031
"PER",1948,1948-12-29,32662
"PER",1949,1949-12-29,49077
"PER",1950,1950-12-29,26874
"PER",1951,1951-12-29,33980
"PER",1952,1952-12-29,34162
"PER",1953,1953-12-29,36026
"PER",1954,1954-12-29,27702
"PER",1955,1955-12-29,32526
"PER",1956,1956-12-29,56105
"PER",1957,1957-12-29,54684
"PER",1958,1958-12-29,66579
"PER",1959,1959-12-29,51409
"PER",1960,1960-12-29,48375
"PER",1961,1961-12-29,67000
"PER",1962,1962-12-29,69000
"PER",1963,1963-12-29,97465
"PER",1964,1964-12-29,105295
"PER",1965,1965-12-29,122520
"PER",1966,1966-12-29,133296
"PER",1967,1967-12-29,186204
"PER",1968,1968-12-29,153928
"PER",1969,1969-12-29,174910
"PER",1970,1970-12-29,179845
"PER",1971,1971-12-29,225000
"PER",1972,1972-12-29,245478
"PER",1973,1973-12-29,324470
"PER",1974,1974-12-29,364041
"PER",1975,1975-12-29,490749
"PER",1976,1976-12-29,510860
"PER",1977,1977-12-29,686107
"PER",1978,1978-12-29,570525
"PER",1979,1979-12-29,535442
"PER",1980,1980-12-29,865330
"PER",1981,1981-12-29,887554
"PER",1982,1982-12-29,1626007
"PER",1983,1983-12-29,1405112
"PER",1984,1984-12-29,1372098
"PER",1985,1985-12-29,640550
"PER",1986,1986-12-29,702610
"PER",1987,1987-12-29,2450000
"PER",1988,1988-12-29,702500
"PER",1989,1989-12-29,706840
"PER",1990,1990-12-29,641940
"PER",1991,1991-12-29,701000
"PER",1992,1992-12-29,782630
"PER",1993,1993-12-29,696000
"PER",1994,1994-12-29,783000
"PER",1995,1995-12-29,874000
"PER",1996,1996-12-29,1135000
"PER",1997,1997-12-29,1276000
"PER",1998,1998-12-29,1009000
"PER",1999,1999-12-29,888000
"PER",2000,2000-12-29,888000
"PER",2001,2001-12-29,896000
"PER",2002,2002-12-29,912000
"PER",2003,2003-12-29,884000
"PER",2004,2004-12-29,923000
"PER",2005,2005-12-29,1097000
"PER",2006,2006-12-29,1108000
"PER",2007,2007-12-29,1226000
"PER",2008,2008-12-29,1424000
"PER",2009,2009-12-29,1503000
"PER",2010,2010-12-29,1264000
"PER",2011,2011-12-29,2034000
"PER",2012,2012-12-29,2648000
"PER",2013,2013-12-29,2844000
"PER",2014,2014-12-29,2588000
"PER",2015,2015-12-29,2275000
"PER",2016,2016-12-29,2086000
"BRA",1832,1832-12-30,996
"BRA",1833,1833-12-30,1087
"BRA",1834,1834-12-30,906
"BRA",1835,1835-12-30,906
"BRA",1836,1836-12-30,906
"BRA",1837,1837-12-30,996
"BRA",1838,1838-12-30,1268
"BRA",1839,1839-12-30,1450
"BRA",1840,1840-12-30,2356
"BRA",1841,1841-12-30,1903
"BRA",1842,1842-12-30,2358
"BRA",1843,1843-12-30,3190
"BRA",1844,1844-12-30,1812
"BRA",1845,1845-12-30,1812
"BRA",1846,1846-12-30,1676
"BRA",1852,1852-12-30,2431
"BRA",1853,1853-12-30,2430
"BRA",1854,1854-12-30,2493
"BRA",1855,1855-12-30,2783
"BRA",1856,1856-12-30,3160
"BRA",1857,1857-12-30,2541
"BRA",1858,1858-12-30,1802
"BRA",1859,1859-12-30,1878
"BRA",1860,1860-12-30,3502
"BRA",1863,1863-12-30,2167
"BRA",1864,1864-12-30,2413
"BRA",1865,1865-12-30,2044
"BRA",1866,1866-12-30,2609
"BRA",1867,1867-12-30,6598
"BRA",1868,1868-12-30,2562
"BRA",1869,1869-12-30,2444
"BRA",1870,1870-12-30,2530
"BRA",1871,1871-12-30,2419
"BRA",1872,1872-12-30,2763
"BRA",1873,1873-12-30,4729
"BRA",1874,1874-12-30,3182
"BRA",1875,1875-12-30,3075
"BRA",1876,1876-12-30,3035
"BRA",1877,1877-12-30,2844
"BRA",1878,1878-12-30,2610
"BRA",1879,1879-12-30,2611
"BRA",1880,1880-12-30,2622
"BRA",1881,1881-12-30,2415
"BRA",1882,1882-12-30,2657
"BRA",1883,1883-12-30,2657
"BRA",1884,1884-12-30,2154
"BRA",1885,1885-12-30,2098
"BRA",1886,1886-12-30,1966
"BRA",1887,1887-12-30,2182
"BRA",1888,1888-12-30,2935
"BRA",1889,1889-12-30,3032
"BRA",1890,1890-12-30,2980
"BRA",1892,1892-12-30,2708
"BRA",1893,1893-12-30,2312
"BRA",1894,1894-12-30,2092
"BRA",1896,1896-12-30,2749
"BRA",1897,1897-12-30,2774
"BRA",1898,1898-12-30,2147
"BRA",1899,1899-12-30,2047
"BRA",1900,1900-12-30,2723
"BRA",1901,1901-12-30,2293
"BRA",1902,1902-12-30,2293
"BRA",1903,1903-12-30,3550
"BRA",1905,1905-12-30,3927
"BRA",1906,1906-12-30,5000
"BRA",1907,1907-12-30,6035
"BRA",1908,1908-12-30,6530
"BRA",1909,1909-12-30,8138
"BRA",1910,1910-12-30,7368
"BRA",1911,1911-12-30,9179
"BRA",1912,1912-12-30,8813
"BRA",1913,1913-12-30,8382
"BRA",1914,1914-12-29,29499
"BRA",1915,1915-12-29,32679
"BRA",1916,1916-12-29,31803
"BRA",1917,1917-12-29,32193
"BRA",1918,1918-12-30,37825
"BRA",1919,1919-12-30,40556
"BRA",1920,1920-12-30,9600
"BRA",1921,1921-12-30,47119
"BRA",1922,1922-12-30,62111
"BRA",1923,1923-12-30,44140
"BRA",1924,1924-12-30,29111
"BRA",1925,1925-12-30,49057
"BRA",1926,1926-12-30,42544
"BRA",1927,1927-12-30,36991
"BRA",1928,1928-12-30,48151
"BRA",1929,1929-12-30,52919
"BRA",1930,1930-12-30,54335
"BRA",1931,1931-12-30,36100
"BRA",1932,1932-12-30,55552
"BRA",1933,1933-12-30,46193
"BRA",1934,1934-12-30,68301
"BRA",1935,1935-12-30,48576
"BRA",1936,1936-12-30,43402
"BRA",1937,1937-12-30,75705
"BRA",1938,1938-12-30,56615
"BRA",1939,1939-12-30,63495
"BRA",1940,1940-12-29,74888
"BRA",1941,1941-12-29,77959
"BRA",1942,1942-12-29,127278
"BRA",1943,1943-12-29,109019
"BRA",1944,1944-12-29,144000
"BRA",1945,1945-12-29,171180
"BRA",1946,1946-12-29,309848
"BRA",1947,1947-12-29,281624
"BRA",1948,1948-12-29,254957
"BRA",1949,1949-12-29,315171
"BRA",1950,1950-12-29,336538
"BRA",1951,1951-12-29,405983
"BRA",1952,1952-12-29,496795
"BRA",1953,1953-12-29,603632
"BRA",1954,1954-12-29,236364
"BRA",1955,1955-12-29,234210
"BRA",1956,1956-12-29,392509
"BRA",1957,1957-12-29,527037
"BRA",1958,1958-12-29,450829
"BRA",1959,1959-12-29,316922
"BRA",1960,1960-12-29,268931
"BRA",1961,1961-12-29,339280
"BRA",1962,1962-12-29,357928
"BRA",1963,1963-12-29,408421
"BRA",1964,1964-12-29,625806
"BRA",1965,1965-12-29,501622
"BRA",1966,1966-12-29,521200
"BRA",1967,1967-12-29,930600
"BRA",1968,1968-12-29,948100
"BRA",1969,1969-12-29,911700
"BRA",1970,1970-12-29,802800
"BRA",1971,1971-12-29,763994
"BRA",1972,1972-12-29,847650
"BRA",1973,1973-12-29,1100229
"BRA",1974,1974-12-29,1287187
"BRA",1975,1975-12-29,1380583
"BRA",1976,1976-12-29,1783004
"BRA",1977,1977-12-29,1829004
"BRA",1978,1978-12-29,2040952
"BRA",1979,1979-12-29,1785118
"BRA",1980,1980-12-29,2019334
"BRA",1981,1981-12-29,1559003
"BRA",1982,1982-12-29,1838775
"BRA",1983,1983-12-29,1305220
"BRA",1984,1984-12-29,1055113
"BRA",1985,1985-12-29,1242000
"BRA",1986,1986-12-29,1600000
"BRA",1987,1987-12-29,1680000
"BRA",1988,1988-12-29,1410000
"BRA",1989,1989-12-29,5839000
"BRA",1990,1990-12-29,1180000
"BRA",1991,1991-12-29,2300000
"BRA",1992,1992-12-29,4300000
"BRA",1993,1993-12-29,5852000
"BRA",1994,1994-12-29,7215000
"BRA",1995,1995-12-29,9824000
"BRA",1996,1996-12-29,14248000
"BRA",1997,1997-12-29,18546000
"BRA",1998,1998-12-29,18781000
"BRA",1999,1999-12-29,15978000
"BRA",2000,2000-12-29,14378000
"BRA",2001,2001-12-29,10511000
"BRA",2002,2002-12-29,9665000
"BRA",2003,2003-12-29,9148000
"BRA",2004,2004-12-29,9612000
"BRA",2005,2005-12-29,13281000
"BRA",2006,2006-12-29,16206000
"BRA",2007,2007-12-29,20559000
"BRA",2008,2008-12-29,26254000
"BRA",2009,2009-12-29,25984000
"BRA",2010,2010-12-29,33685000
"BRA",2011,2011-12-29,36822000
"BRA",2012,2012-12-29,35266000
"BRA",2013,2013-12-29,34730000
"BRA",2014,2014-12-29,31930000
"BRA",2015,2015-12-29,24260000
"BRA",2016,2016-12-29,23545000
"BOL",1873,1873-12-30,169
"BOL",1874,1874-12-30,169
"BOL",1880,1880-12-30,431
"BOL",1881,1881-12-30,430
"BOL",1893,1893-12-30,182
"BOL",1894,1894-12-30,118
"BOL",1895,1895-12-30,131
"BOL",1897,1897-12-30,153
"BOL",1898,1898-12-30,133
"BOL",1901,1901-12-30,248
"BOL",1902,1902-12-30,215
"BOL",1903,1903-12-30,198
"BOL",1904,1904-12-30,203
"BOL",1905,1905-12-30,181
"BOL",1906,1906-12-30,191
"BOL",1907,1907-12-30,238
"BOL",1910,1910-12-30,239
"BOL",1911,1911-12-30,240
"BOL",1912,1912-12-30,399
"BOL",1913,1913-12-30,478
"BOL",1914,1914-12-29,2317
"BOL",1915,1915-12-29,2998
"BOL",1916,1916-12-29,1630
"BOL",1918,1918-12-30,2898
"BOL",1919,1919-12-30,2760
"BOL",1920,1920-12-30,2220
"BOL",1921,1921-12-30,1714
"BOL",1922,1922-12-30,1459
"BOL",1923,1923-12-30,1798
"BOL",1924,1924-12-30,2399
"BOL",1925,1925-12-30,2545
"BOL",1926,1926-12-30,3452
"BOL",1927,1927-12-30,3915
"BOL",1928,1928-12-30,3828
"BOL",1929,1929-12-30,3340
"BOL",1930,1930-12-30,3132
"BOL",1931,1931-12-30,3274
"BOL",1932,1932-12-30,2907
"BOL",1933,1933-12-30,15299
"BOL",1934,1934-12-30,26826
"BOL",1935,1935-12-30,38760
"BOL",1936,1936-12-30,4221
"BOL",1937,1937-12-30,2453
"BOL",1938,1938-12-30,4297
"BOL",1939,1939-12-30,2961
"BOL",1941,1941-12-29,3342
"BOL",1942,1942-12-29,6086
"BOL",1943,1943-12-29,5347
"BOL",1946,1946-12-29,7052
"BOL",1947,1947-12-29,4642
"BOL",1948,1948-12-29,6486
"BOL",1950,1950-12-29,13325
"BOL",1952,1952-12-29,19505
"BOL",1953,1953-12-29,28053
"BOL",1954,1954-12-29,902
"BOL",1955,1955-12-29,1103
"BOL",1956,1956-12-29,1252
"BOL",1957,1957-12-29,2003
"BOL",1958,1958-12-29,2228
"BOL",1959,1959-12-29,2953
"BOL",1960,1960-12-29,4114
"BOL",1961,1961-12-29,4872
"BOL",1962,1962-12-29,5133
"BOL",1963,1963-12-29,11527
"BOL",1964,1964-12-29,12374
"BOL",1965,1965-12-29,14983
"BOL",1966,1966-12-29,14731
"BOL",1967,1967-12-29,15067
"BOL",1968,1968-12-29,14141
"BOL",1969,1969-12-29,15825
"BOL",1970,1970-12-29,19192
"BOL",1971,1971-12-29,15657
"BOL",1972,1972-12-29,20459
"BOL",1973,1973-12-29,20900
"BOL",1974,1974-12-29,39350
"BOL",1975,1975-12-29,57850
"BOL",1976,1976-12-29,66250
"BOL",1977,1977-12-29,68700
"BOL",1978,1978-12-29,80800
"BOL",1979,1979-12-29,102977
"BOL",1980,1980-12-29,139996
"BOL",1981,1981-12-29,186007
"BOL",1982,1982-12-29,207089
"BOL",1983,1983-12-29,196873
"BOL",1984,1984-12-29,230065
"BOL",1985,1985-12-29,129160
"BOL",1986,1986-12-29,93910
"BOL",1987,1987-12-29,182600
"BOL",1988,1988-12-29,164450
"BOL",1989,1989-12-29,179530
"BOL",1990,1990-12-29,187052
"BOL",1991,1991-12-29,122880
"BOL",1992,1992-12-29,117000
"BOL",1993,1993-12-29,126000
"BOL",1994,1994-12-29,145000
"BOL",1995,1995-12-29,146000
"BOL",1996,1996-12-29,159000
"BOL",1997,1997-12-29,155000
"BOL",1998,1998-12-29,209000
"BOL",1999,1999-12-29,149000
"BOL",2000,2000-12-29,128000
"BOL",2001,2001-12-29,135000
"BOL",2002,2002-12-29,145000
"BOL",2003,2003-12-29,151000
"BOL",2004,2004-12-29,148000
"BOL",2005,2005-12-29,147000
"BOL",2006,2006-12-29,156000
"BOL",2007,2007-12-29,162000
"BOL",2008,2008-12-29,250000
"BOL",2009,2009-12-29,286000
"BOL",2010,2010-12-29,316000
"BOL",2011,2011-12-29,298000
"BOL",2012,2012-12-29,336000
"BOL",2013,2013-12-29,373000
"BOL",2014,2014-12-29,405000
"BOL",2015,2015-12-29,435000
"BOL",2016,2016-12-29,443000
"PAR",1876,1876-12-30,26
"PAR",1877,1877-12-30,15
"PAR",1879,1879-12-30,93
"PAR",1882,1882-12-30,13
"PAR",1883,1883-12-30,16
"PAR",1889,1889-12-30,45
"PAR",1890,1890-12-30,113
"PAR",1891,1891-12-30,104
"PAR",1892,1892-12-30,116
"PAR",1897,1897-12-30,250
"PAR",1899,1899-12-30,86
"PAR",1900,1900-12-30,129
"PAR",1901,1901-12-30,129
"PAR",1903,1903-12-30,163
"PAR",1904,1904-12-30,163
"PAR",1906,1906-12-30,99
"PAR",1907,1907-12-30,148
"PAR",1908,1908-12-30,148
"PAR",1910,1910-12-30,165
"PAR",1911,1911-12-30,156
"PAR",1912,1912-12-30,179
"PAR",1913,1913-12-30,260
"PAR",1914,1914-12-29,1150
"PAR",1915,1915-12-29,536
"PAR",1916,1916-12-29,570
"PAR",1920,1920-12-30,290
"PAR",1921,1921-12-30,338
"PAR",1922,1922-12-30,397
"PAR",1923,1923-12-30,711
"PAR",1924,1924-12-30,744
"PAR",1925,1925-12-30,975
"PAR",1926,1926-12-30,1021
"PAR",1927,1927-12-30,1223
"PAR",1928,1928-12-30,1419
"PAR",1929,1929-12-30,1696
"PAR",1930,1930-12-30,1540
"PAR",1931,1931-12-30,1619
"PAR",1932,1932-12-30,1812
"PAR",1933,1933-12-30,1812
"PAR",1934,1934-12-30,3039
"PAR",1935,1935-12-30,3039
"PAR",1936,1936-12-30,1073
"PAR",1937,1937-12-30,1307
"PAR",1938,1938-12-30,2170
"PAR",1939,1939-12-30,1714
"PAR",1946,1946-12-29,3425
"PAR",1947,1947-12-29,5002
"PAR",1950,1950-12-29,10362
"PAR",1951,1951-12-29,14423
"PAR",1952,1952-12-29,7500
"PAR",1954,1954-12-29,16467
"PAR",1955,1955-12-29,14190
"PAR",1956,1956-12-29,4800
"PAR",1957,1957-12-29,4800
"PAR",1958,1958-12-29,5800
"PAR",1959,1959-12-29,5100
"PAR",1960,1960-12-29,4900
"PAR",1961,1961-12-29,5000
"PAR",1962,1962-12-29,5000
"PAR",1963,1963-12-29,6000
"PAR",1964,1964-12-29,11000
"PAR",1965,1965-12-29,12000
"PAR",1966,1966-12-29,14000
"PAR",1967,1967-12-29,10000
"PAR",1968,1968-12-29,10000
"PAR",1969,1969-12-29,11000
"PAR",1970,1970-12-29,11000
"PAR",1971,1971-12-29,14405
"PAR",1972,1972-12-29,15405
"PAR",1973,1973-12-29,16944
"PAR",1974,1974-12-29,19698
"PAR",1975,1975-12-29,26317
"PAR",1976,1976-12-29,28468
"PAR",1977,1977-12-29,33365
"PAR",1978,1978-12-29,38825
"PAR",1979,1979-12-29,45976
"PAR",1980,1980-12-29,69789
"PAR",1981,1981-12-29,88123
"PAR",1982,1982-12-29,111203
"PAR",1983,1983-12-29,104054
"PAR",1984,1984-12-29,76885
"PAR",1985,1985-12-29,59770
"PAR",1986,1986-12-29,76260
"PAR",1987,1987-12-29,70500
"PAR",1988,1988-12-29,84320
"PAR",1989,1989-12-29,60590
"PAR",1990,1990-12-29,45420
"PAR",1991,1991-12-29,107000
"PAR",1992,1992-12-29,115900
"PAR",1993,1993-12-29,102000
"PAR",1994,1994-12-29,84000
"PAR",1995,1995-12-29,112000
"PAR",1996,1996-12-29,134000
"PAR",1997,1997-12-29,134000
"PAR",1998,1998-12-29,135000
"PAR",1999,1999-12-29,128000
"PAR",2000,2000-12-29,90000
"PAR",2001,2001-12-29,76000
"PAR",2002,2002-12-29,51000
"PAR",2003,2003-12-29,44000
"PAR",2004,2004-12-29,52000
"PAR",2005,2005-12-29,58000
"PAR",2006,2006-12-29,67000
"PAR",2007,2007-12-29,1e+05
"PAR",2008,2008-12-29,132000
"PAR",2009,2009-12-29,126000
"PAR",2010,2010-12-29,157000
"PAR",2011,2011-12-29,233000
"PAR",2012,2012-12-29,332000
"PAR",2013,2013-12-29,364000
"PAR",2014,2014-12-29,313000
"PAR",2015,2015-12-29,322000
"PAR",2016,2016-12-29,267000
"CHL",1853,1853-12-30,311
"CHL",1864,1864-12-30,401
"CHL",1867,1867-12-30,401
"CHL",1868,1868-12-30,489
"CHL",1869,1869-12-30,497
"CHL",1870,1870-12-30,537
"CHL",1871,1871-12-30,563
"CHL",1872,1872-12-30,627
"CHL",1873,1873-12-30,711
"CHL",1874,1874-12-30,640
"CHL",1875,1875-12-30,663
"CHL",1876,1876-12-30,544
"CHL",1882,1882-12-30,414
"CHL",1883,1883-12-30,413
"CHL",1884,1884-12-30,409
"CHL",1885,1885-12-30,158
"CHL",1886,1886-12-30,134
"CHL",1887,1887-12-30,117
"CHL",1888,1888-12-30,148
"CHL",1889,1889-12-30,296
"CHL",1890,1890-12-30,226
"CHL",1892,1892-12-30,124
"CHL",1893,1893-12-30,119
"CHL",1894,1894-12-30,114
"CHL",1895,1895-12-30,990
"CHL",1896,1896-12-30,1241
"CHL",1897,1897-12-30,1456
"CHL",1898,1898-12-30,1590
"CHL",1899,1899-12-30,1756
"CHL",1900,1900-12-30,1274
"CHL",1902,1902-12-30,1812
"CHL",1903,1903-12-30,1703
"CHL",1905,1905-12-30,1914
"CHL",1906,1906-12-30,2232
"CHL",1907,1907-12-30,2480
"CHL",1908,1908-12-30,1237
"CHL",1909,1909-12-30,4315
"CHL",1910,1910-12-30,3455
"CHL",1911,1911-12-30,3764
"CHL",1912,1912-12-30,4462
"CHL",1913,1913-12-30,5015
"CHL",1914,1914-12-29,15997
"CHL",1915,1915-12-29,12040
"CHL",1916,1916-12-29,14115
"CHL",1918,1918-12-30,13804
"CHL",1919,1919-12-30,15351
"CHL",1920,1920-12-30,13789
"CHL",1921,1921-12-30,23784
"CHL",1922,1922-12-30,16141
"CHL",1923,1923-12-30,15284
"CHL",1924,1924-12-30,14901
"CHL",1925,1925-12-30,16850
"CHL",1926,1926-12-30,25163
"CHL",1927,1927-12-30,26831
"CHL",1928,1928-12-30,26779
"CHL",1929,1929-12-30,28628
"CHL",1930,1930-12-30,25265
"CHL",1931,1931-12-30,21986
"CHL",1932,1932-12-30,18368
"CHL",1933,1933-12-30,10416
"CHL",1934,1934-12-30,10439
"CHL",1935,1935-12-30,14707
"CHL",1936,1936-12-30,14219
"CHL",1937,1937-12-30,16196
"CHL",1938,1938-12-30,18506
"CHL",1939,1939-12-30,17336
"CHL",1940,1940-12-29,31007
"CHL",1941,1941-12-29,36175
"CHL",1942,1942-12-29,41300
"CHL",1943,1943-12-29,61951
"CHL",1944,1944-12-29,67114
"CHL",1945,1945-12-29,87764
"CHL",1946,1946-12-29,56849
"CHL",1947,1947-12-29,70740
"CHL",1948,1948-12-29,71415
"CHL",1949,1949-12-29,90032
"CHL",1950,1950-12-29,119355
"CHL",1951,1951-12-29,145161
"CHL",1952,1952-12-29,193548
"CHL",1953,1953-12-29,377419
"CHL",1954,1954-12-29,119782
"CHL",1955,1955-12-29,168966
"CHL",1956,1956-12-29,170627
"CHL",1957,1957-12-29,133638
"CHL",1958,1958-12-29,119130
"CHL",1959,1959-12-29,91742
"CHL",1960,1960-12-29,103514
"CHL",1961,1961-12-29,113295
"CHL",1962,1962-12-29,136847
"CHL",1963,1963-12-29,107530
"CHL",1964,1964-12-29,119070
"CHL",1965,1965-12-29,136667
"CHL",1966,1966-12-29,136023
"CHL",1967,1967-12-29,140503
"CHL",1968,1968-12-29,133679
"CHL",1969,1969-12-29,125684
"CHL",1970,1970-12-29,165731
"CHL",1971,1971-12-29,250000
"CHL",1972,1972-12-29,3e+05
"CHL",1973,1973-12-29,378378
"CHL",1974,1974-12-29,530048
"CHL",1975,1975-12-29,332112
"CHL",1976,1976-12-29,388004
"CHL",1977,1977-12-29,524873
"CHL",1978,1978-12-29,629644
"CHL",1979,1979-12-29,951001
"CHL",1980,1980-12-29,1455820
"CHL",1981,1981-12-29,2103330
"CHL",1982,1982-12-29,1349873
"CHL",1983,1983-12-29,1649556
"CHL",1984,1984-12-29,1622342
"CHL",1985,1985-12-29,760000
"CHL",1986,1986-12-29,744390
"CHL",1987,1987-12-29,790000
"CHL",1988,1988-12-29,670270
"CHL",1989,1989-12-29,645500
"CHL",1990,1990-12-29,541410
"CHL",1991,1991-12-29,1e+06
"CHL",1992,1992-12-29,1020000
"CHL",1993,1993-12-29,1002000
"CHL",1994,1994-12-29,1614000
"CHL",1995,1995-12-29,1947000
"CHL",1996,1996-12-29,2038000
"CHL",1997,1997-12-29,2922000
"CHL",1998,1998-12-29,3071000
"CHL",1999,1999-12-29,2586000
"CHL",2000,2000-12-29,3158000
"CHL",2001,2001-12-29,2841000
"CHL",2002,2002-12-29,2703000
"CHL",2003,2003-12-29,2735000
"CHL",2004,2004-12-29,3424000
"CHL",2005,2005-12-29,4143000
"CHL",2006,2006-12-29,4677000
"CHL",2007,2007-12-29,5238000
"CHL",2008,2008-12-29,5561000
"CHL",2009,2009-12-29,5044000
"CHL",2010,2010-12-29,3509000
"CHL",2011,2011-12-29,4254000
"CHL",2012,2012-12-29,4274000
"CHL",2013,2013-12-29,4594000
"CHL",2014,2014-12-29,3877000
"CHL",2015,2015-12-29,3456000
"CHL",2016,2016-12-29,3318000
"ARG",1841,1841-12-30,386
"ARG",1842,1842-12-30,298
"ARG",1843,1843-12-30,239
"ARG",1844,1844-12-30,269
"ARG",1845,1845-12-30,238
"ARG",1846,1846-12-30,199
"ARG",1847,1847-12-30,293
"ARG",1848,1848-12-30,269
"ARG",1849,1849-12-30,366
"ARG",1850,1850-12-30,485
"ARG",1857,1857-12-30,196
"ARG",1860,1860-12-30,253
"ARG",1865,1865-12-30,564
"ARG",1867,1867-12-30,298
"ARG",1868,1868-12-30,623
"ARG",1869,1869-12-30,751
"ARG",1870,1870-12-30,746
"ARG",1871,1871-12-30,126
"ARG",1872,1872-12-30,115
"ARG",1873,1873-12-30,175
"ARG",1874,1874-12-30,115
"ARG",1875,1875-12-30,90
"ARG",1876,1876-12-30,100
"ARG",1877,1877-12-30,104
"ARG",1878,1878-12-30,974
"ARG",1879,1879-12-30,896
"ARG",1880,1880-12-30,784
"ARG",1881,1881-12-30,1093
"ARG",1882,1882-12-30,1234
"ARG",1883,1883-12-30,1359
"ARG",1884,1884-12-30,1530
"ARG",1885,1885-12-30,1684
"ARG",1886,1886-12-30,1538
"ARG",1887,1887-12-30,1584
"ARG",1888,1888-12-30,1708
"ARG",1889,1889-12-30,1085
"ARG",1890,1890-12-30,1082
"ARG",1891,1891-12-30,1078
"ARG",1893,1893-12-30,1304
"ARG",1894,1894-12-30,1335
"ARG",1895,1895-12-30,1381
"ARG",1896,1896-12-30,3191
"ARG",1897,1897-12-30,3211
"ARG",1898,1898-12-30,1848
"ARG",1899,1899-12-30,1663
"ARG",1900,1900-12-30,2406
"ARG",1901,1901-12-30,2004
"ARG",1902,1902-12-30,2283
"ARG",1903,1903-12-30,2134
"ARG",1904,1904-12-30,2173
"ARG",1905,1905-12-30,2247
"ARG",1906,1906-12-30,2640
"ARG",1907,1907-12-30,2905
"ARG",1908,1908-12-30,2905
"ARG",1909,1909-12-30,3338
"ARG",1910,1910-12-30,3504
"ARG",1911,1911-12-30,3943
"ARG",1912,1912-12-30,4568
"ARG",1913,1913-12-30,4841
"ARG",1914,1914-12-29,12701
"ARG",1915,1915-12-29,22273
"ARG",1916,1916-12-29,10856
"ARG",1917,1917-12-29,11805
"ARG",1918,1918-12-30,12197
"ARG",1920,1920-12-30,27931
"ARG",1921,1921-12-30,28783
"ARG",1922,1922-12-30,26748
"ARG",1923,1923-12-30,43032
"ARG",1924,1924-12-30,37485
"ARG",1925,1925-12-30,46190
"ARG",1926,1926-12-30,59509
"ARG",1927,1927-12-30,50322
"ARG",1928,1928-12-30,48982
"ARG",1929,1929-12-30,46838
"ARG",1930,1930-12-30,60441
"ARG",1931,1931-12-30,44626
"ARG",1932,1932-12-30,35302
"ARG",1933,1933-12-30,43024
"ARG",1934,1934-12-30,38557
"ARG",1935,1935-12-30,45183
"ARG",1936,1936-12-30,58311
"ARG",1937,1937-12-30,82099
"ARG",1938,1938-12-30,41860
"ARG",1939,1939-12-30,58984
"ARG",1940,1940-12-29,69908
"ARG",1941,1941-12-29,77783
"ARG",1942,1942-12-29,98297
"ARG",1943,1943-12-29,58374
"ARG",1944,1944-12-29,223944
"ARG",1945,1945-12-29,299824
"ARG",1946,1946-12-29,255555
"ARG",1947,1947-12-29,282293
"ARG",1948,1948-12-29,299976
"ARG",1949,1949-12-29,489598
"ARG",1950,1950-12-29,320525
"ARG",1951,1951-12-29,326267
"ARG",1952,1952-12-29,442667
"ARG",1953,1953-12-29,503333
"ARG",1954,1954-12-29,566133
"ARG",1955,1955-12-29,411867
"ARG",1956,1956-12-29,301111
"ARG",1957,1957-12-29,395278
"ARG",1958,1958-12-29,265703
"ARG",1959,1959-12-29,252657
"ARG",1960,1960-12-29,288613
"ARG",1961,1961-12-29,330919
"ARG",1962,1962-12-29,404818
"ARG",1963,1963-12-29,299687
"ARG",1964,1964-12-29,340815
"ARG",1965,1965-12-29,428781
"ARG",1966,1966-12-29,510499
"ARG",1967,1967-12-29,341560
"ARG",1968,1968-12-29,307000
"ARG",1969,1969-12-29,434631
"ARG",1970,1970-12-29,514286
"ARG",1971,1971-12-29,478261
"ARG",1972,1972-12-29,426829
"ARG",1973,1973-12-29,468085
"ARG",1974,1974-12-29,719101
"ARG",1975,1975-12-29,628415
"ARG",1976,1976-12-29,571428
"ARG",1977,1977-12-29,1020608
"ARG",1978,1978-12-29,1491581
"ARG",1979,1979-12-29,2641609
"ARG",1980,1980-12-29,3060636
"ARG",1981,1981-12-29,3573110
"ARG",1982,1982-12-29,4147000
"ARG",1983,1983-12-29,2337872
"ARG",1984,1984-12-29,2282003
"ARG",1985,1985-12-29,1889000
"ARG",1986,1986-12-29,1150000
"ARG",1987,1987-12-29,1220000
"ARG",1988,1988-12-29,1240000
"ARG",1989,1989-12-29,790800
"ARG",1990,1990-12-29,770980
"ARG",1991,1991-12-29,2720000
"ARG",1992,1992-12-29,2600000
"ARG",1993,1993-12-29,2700000
"ARG",1994,1994-12-29,3738000
"ARG",1995,1995-12-29,3879000
"ARG",1996,1996-12-29,4644000
"ARG",1997,1997-12-29,4972000
"ARG",1998,1998-12-29,5365000
"ARG",1999,1999-12-29,5418000
"ARG",2000,2000-12-29,4776000
"ARG",2001,2001-12-29,4408000
"ARG",2002,2002-12-29,1466000
"ARG",2003,2003-12-29,2030000
"ARG",2004,2004-12-29,1611000
"ARG",2005,2005-12-29,1780000
"ARG",2006,2006-12-29,1873000
"ARG",2007,2007-12-29,2093000
"ARG",2008,2008-12-29,2031000
"ARG",2009,2009-12-29,2352000
"ARG",2010,2010-12-29,2999000
"ARG",2011,2011-12-29,4067000
"ARG",2012,2012-12-29,4858000
"ARG",2013,2013-12-29,5104000
"ARG",2014,2014-12-29,4265000
"ARG",2015,2015-12-29,6493000
"ARG",2016,2016-12-29,5181000
"UKG",1816,1816-12-30,16942
"UKG",1817,1817-12-30,16088
"UKG",1818,1818-12-30,15039
"UKG",1819,1819-12-30,12453
"UKG",1820,1820-12-30,11748
"UKG",1821,1821-12-30,10225
"UKG",1822,1822-12-30,9335
"UKG",1823,1823-12-30,9783
"UKG",1824,1824-12-30,10386
"UKG",1825,1825-12-30,10568
"UKG",1826,1826-12-30,11475
"UKG",1827,1827-12-30,10941
"UKG",1828,1828-12-30,9459
"UKG",1829,1829-12-30,9559
"UKG",1830,1830-12-30,8491
"UKG",1831,1831-12-30,8903
"UKG",1832,1832-12-30,9332
"UKG",1833,1833-12-30,8184
"UKG",1834,1834-12-30,7919
"UKG",1835,1835-12-30,7147
"UKG",1836,1836-12-30,7721
"UKG",1837,1837-12-30,8448
"UKG",1838,1838-12-30,8531
"UKG",1839,1839-12-30,9737
"UKG",1840,1840-12-30,10028
"UKG",1841,1841-12-30,10730
"UKG",1842,1842-12-30,10836
"UKG",1843,1843-12-30,10581
"UKG",1844,1844-12-30,10032
"UKG",1845,1845-12-30,11869
"UKG",1846,1846-12-30,13117
"UKG",1847,1847-12-30,14680
"UKG",1848,1848-12-30,14883
"UKG",1849,1849-12-30,12008
"UKG",1850,1850-12-30,11606
"UKG",1851,1851-12-30,10941
"UKG",1852,1852-12-30,10132
"UKG",1853,1853-12-30,9140
"UKG",1854,1854-12-30,76329
"UKG",1855,1855-12-30,36520
"UKG",1856,1856-12-30,32369
"UKG",1857,1857-12-30,18866
"UKG",1858,1858-12-30,19531
"UKG",1859,1859-12-30,24324
"UKG",1860,1860-12-30,25007
"UKG",1861,1861-12-30,26032
"UKG",1862,1862-12-30,23575
"UKG",1863,1863-12-30,22204
"UKG",1864,1864-12-30,21878
"UKG",1865,1865-12-30,20976
"UKG",1866,1866-12-30,20828
"UKG",1867,1867-12-30,26133
"UKG",1868,1868-12-30,27264
"UKG",1869,1869-12-30,22194
"UKG",1870,1870-12-30,19917
"UKG",1871,1871-12-30,16177
"UKG",1872,1872-12-30,19853
"UKG",1873,1873-12-30,20867
"UKG",1874,1874-12-30,20839
"UKG",1875,1875-12-30,21098
"UKG",1876,1876-12-30,22307
"UKG",1877,1877-12-30,25051
"UKG",1878,1878-12-30,25926
"UKG",1879,1879-12-30,25121
"UKG",1880,1880-12-30,21448
"UKG",1881,1881-12-30,22350
"UKG",1882,1882-12-30,24028
"UKG",1883,1883-12-30,24410
"UKG",1884,1884-12-30,27051
"UKG",1885,1885-12-30,38021
"UKG",1886,1886-12-30,29412
"UKG",1887,1887-12-30,27740
"UKG",1888,1888-12-30,27136
"UKG",1889,1889-12-30,28990
"UKG",1890,1890-12-30,29602
"UKG",1891,1891-12-30,29742
"UKG",1892,1892-12-30,31871
"UKG",1893,1893-12-30,29824
"UKG",1894,1894-12-30,33168
"UKG",1895,1895-12-30,35743
"UKG",1896,1896-12-30,35253
"UKG",1897,1897-12-30,35187
"UKG",1898,1898-12-30,38741
"UKG",1899,1899-12-30,63547
"UKG",1900,1900-12-30,119587
"UKG",1901,1901-12-30,116896
"UKG",1902,1902-12-30,93419
"UKG",1903,1903-12-30,66400
"UKG",1904,1904-12-30,59715
"UKG",1905,1905-12-30,55604
"UKG",1906,1906-12-30,53899
"UKG",1907,1907-12-30,53207
"UKG",1908,1908-12-30,51755
"UKG",1909,1909-12-30,56532
"UKG",1910,1910-12-30,61417
"UKG",1911,1911-12-30,65309
"UKG",1912,1912-12-30,67957
"UKG",1913,1913-12-30,67734
"UKG",1914,1914-12-29,1678843
"UKG",1915,1915-12-29,4651398
"UKG",1916,1916-12-29,6213396
"UKG",1917,1917-12-29,7600458
"UKG",1918,1918-12-30,8104264
"UKG",1919,1919-12-30,745209
"UKG",1920,1920-12-30,1475661
"UKG",1921,1921-12-30,824711
"UKG",1922,1922-12-30,549008
"UKG",1923,1923-12-30,584227
"UKG",1924,1924-12-30,584242
"UKG",1925,1925-12-30,580411
"UKG",1926,1926-12-30,562657
"UKG",1927,1927-12-30,567952
"UKG",1928,1928-12-30,542969
"UKG",1929,1929-12-30,534694
"UKG",1930,1930-12-30,512181
"UKG",1931,1931-12-30,489350
"UKG",1932,1932-12-30,326642
"UKG",1933,1933-12-30,333267
"UKG",1934,1934-12-30,540015
"UKG",1935,1935-12-30,646350
"UKG",1936,1936-12-30,892341
"UKG",1937,1937-12-30,1245603
"UKG",1938,1938-12-30,1863997
"UKG",1939,1939-12-30,7895671
"UKG",1940,1940-12-29,9948329
"UKG",1941,1941-12-29,11280839
"UKG",1942,1942-12-29,13478623
"UKG",1943,1943-12-29,15376590
"UKG",1944,1944-12-29,16254371
"UKG",1945,1945-12-29,17002048
"UKG",1946,1946-12-29,17753616
"UKG",1947,1947-12-29,6656196
"UKG",1948,1948-12-29,3438984
"UKG",1949,1949-12-29,3137333
"UKG",1950,1950-12-29,2376154
"UKG",1951,1951-12-29,3215782
"UKG",1952,1952-12-29,4340931
"UKG",1953,1953-12-29,4582745
"UKG",1954,1954-12-29,4409778
"UKG",1955,1955-12-29,4363684
"UKG",1956,1956-12-29,4527611
"UKG",1957,1957-12-29,4383177
"UKG",1958,1958-12-29,4469098
"UKG",1959,1959-12-29,4452225
"UKG",1960,1960-12-29,4633255
"UKG",1961,1961-12-29,4791138
"UKG",1962,1962-12-29,5092642
"UKG",1963,1963-12-29,5239560
"UKG",1964,1964-12-29,5592841
"UKG",1965,1965-12-29,5832633
"UKG",1966,1966-12-29,6032499
"UKG",1967,1967-12-29,6348674
"UKG",1968,1968-12-29,5611164
"UKG",1969,1969-12-29,5489866
"UKG",1970,1970-12-29,5866538
"UKG",1971,1971-12-29,6853483
"UKG",1972,1972-12-29,8151113
"UKG",1973,1973-12-29,8612065
"UKG",1974,1974-12-29,9730994
"UKG",1975,1975-12-29,11475228
"UKG",1976,1976-12-29,11076590
"UKG",1977,1977-12-29,11886891
"UKG",1978,1978-12-29,14618042
"UKG",1979,1979-12-29,19175649
"UKG",1980,1980-12-29,26757385
"UKG",1981,1981-12-29,25691234
"UKG",1982,1982-12-29,24169041
"UKG",1983,1983-12-29,24873196
"UKG",1984,1984-12-29,23294855
"UKG",1985,1985-12-29,24200000
"UKG",1986,1986-12-29,27344000
"UKG",1987,1987-12-29,31774000
"UKG",1988,1988-12-29,31910000
"UKG",1989,1989-12-29,31270000
"UKG",1990,1990-12-29,38520000
"UKG",1991,1991-12-29,40430000
"UKG",1992,1992-12-29,42330000
"UKG",1993,1993-12-29,34020000
"UKG",1994,1994-12-29,35409000
"UKG",1995,1995-12-29,33406000
"UKG",1996,1996-12-29,35266000
"UKG",1997,1997-12-29,35736000
"UKG",1998,1998-12-29,38093000
"UKG",1999,1999-12-29,36368000
"UKG",2000,2000-12-29,35655000
"UKG",2001,2001-12-29,34714000
"UKG",2002,2002-12-29,38141000
"UKG",2003,2003-12-29,43311000
"UKG",2004,2004-12-29,50120000
"UKG",2005,2005-12-29,56922000
"UKG",2006,2006-12-29,59926000
"UKG",2007,2007-12-29,63258000
"UKG",2008,2008-12-29,60794000
"UKG",2009,2009-12-29,59131000
"UKG",2010,2010-12-29,57796000
"UKG",2011,2011-12-29,59978000
"UKG",2012,2012-12-29,61274000
"UKG",2013,2013-12-29,57035000
"UKG",2014,2014-12-29,61818000
"UKG",2015,2015-12-29,56244000
"UKG",2016,2016-12-29,52498000
"NTH",1816,1816-12-30,2375
"NTH",1817,1817-12-30,2450
"NTH",1818,1818-12-30,2298
"NTH",1819,1819-12-30,2004
"NTH",1820,1820-12-30,1941
"NTH",1821,1821-12-30,1732
"NTH",1822,1822-12-30,1702
"NTH",1823,1823-12-30,1678
"NTH",1824,1824-12-30,1613
"NTH",1825,1825-12-30,1547
"NTH",1826,1826-12-30,1501
"NTH",1827,1827-12-30,1439
"NTH",1828,1828-12-30,1346
"NTH",1829,1829-12-30,1292
"NTH",1830,1830-12-30,2563
"NTH",1831,1831-12-30,3431
"NTH",1832,1832-12-30,3763
"NTH",1833,1833-12-30,3012
"NTH",1834,1834-12-30,2542
"NTH",1835,1835-12-30,1856
"NTH",1836,1836-12-30,1809
"NTH",1837,1837-12-30,1785
"NTH",1838,1838-12-30,1711
"NTH",1839,1839-12-30,1639
"NTH",1840,1840-12-30,1522
"NTH",1841,1841-12-30,1424
"NTH",1842,1842-12-30,1449
"NTH",1843,1843-12-30,1356
"NTH",1844,1844-12-30,1452
"NTH",1845,1845-12-30,1435
"NTH",1846,1846-12-30,1411
"NTH",1847,1847-12-30,1438
"NTH",1848,1848-12-30,1417
"NTH",1849,1849-12-30,1416
"NTH",1850,1850-12-30,1322
"NTH",1851,1851-12-30,1346
"NTH",1852,1852-12-30,1336
"NTH",1853,1853-12-30,1359
"NTH",1854,1854-12-30,1374
"NTH",1855,1855-12-30,1616
"NTH",1856,1856-12-30,1631
"NTH",1857,1857-12-30,1617
"NTH",1858,1858-12-30,1658
"NTH",1859,1859-12-30,1646
"NTH",1860,1860-12-30,1775
"NTH",1861,1861-12-30,1853
"NTH",1862,1862-12-30,1612
"NTH",1863,1863-12-30,1790
"NTH",1864,1864-12-30,1817
"NTH",1865,1865-12-30,1841
"NTH",1866,1866-12-30,1833
"NTH",1867,1867-12-30,2457
"NTH",1868,1868-12-30,2053
"NTH",1869,1869-12-30,2006
"NTH",1870,1870-12-30,1920
"NTH",1871,1871-12-30,1910
"NTH",1872,1872-12-30,1990
"NTH",1873,1873-12-30,2199
"NTH",1874,1874-12-30,2339
"NTH",1875,1875-12-30,2683
"NTH",1876,1876-12-30,3147
"NTH",1877,1877-12-30,3073
"NTH",1878,1878-12-30,2991
"NTH",1879,1879-12-30,2634
"NTH",1880,1880-12-30,2759
"NTH",1881,1881-12-30,2669
"NTH",1882,1882-12-30,2769
"NTH",1883,1883-12-30,2855
"NTH",1884,1884-12-30,2811
"NTH",1885,1885-12-30,2661
"NTH",1886,1886-12-30,2669
"NTH",1887,1887-12-30,2736
"NTH",1888,1888-12-30,2787
"NTH",1889,1889-12-30,2889
"NTH",1890,1890-12-30,2881
"NTH",1891,1891-12-30,2923
"NTH",1892,1892-12-30,2927
"NTH",1893,1893-12-30,3178
"NTH",1894,1894-12-30,3116
"NTH",1895,1895-12-30,3046
"NTH",1896,1896-12-30,3327
"NTH",1897,1897-12-30,3257
"NTH",1898,1898-12-30,3133
"NTH",1899,1899-12-30,3117
"NTH",1900,1900-12-30,3137
"NTH",1901,1901-12-30,3254
"NTH",1902,1902-12-30,3328
"NTH",1903,1903-12-30,3409
"NTH",1904,1904-12-30,3595
"NTH",1905,1905-12-30,3606
"NTH",1906,1906-12-30,3652
"NTH",1907,1907-12-30,3633
"NTH",1908,1908-12-30,3798
"NTH",1909,1909-12-30,3856
"NTH",1910,1910-12-30,3995
"NTH",1911,1911-12-30,4045
"NTH",1912,1912-12-30,4144
"NTH",1913,1913-12-30,4374
"NTH",1914,1914-12-29,7849
"NTH",1915,1915-12-29,10145
"NTH",1916,1916-12-29,17986
"NTH",1917,1917-12-29,22169
"NTH",1918,1918-12-30,24318
"NTH",1919,1919-12-30,27631
"NTH",1920,1920-12-30,31907
"NTH",1921,1921-12-30,38980
"NTH",1922,1922-12-30,40143
"NTH",1923,1923-12-30,38318
"NTH",1924,1924-12-30,34959
"NTH",1925,1925-12-30,38754
"NTH",1926,1926-12-30,38091
"NTH",1927,1927-12-30,27346
"NTH",1928,1928-12-30,27243
"NTH",1929,1929-12-30,30235
"NTH",1930,1930-12-30,31034
"NTH",1931,1931-12-30,30873
"NTH",1932,1932-12-30,28300
"NTH",1933,1933-12-30,25647
"NTH",1934,1934-12-30,38841
"NTH",1935,1935-12-30,51204
"NTH",1936,1936-12-30,55638
"NTH",1937,1937-12-30,53151
"NTH",1938,1938-12-30,75392
"NTH",1939,1939-12-30,114233
"NTH",1940,1940-12-29,168422
"NTH",1945,1945-12-29,193451
"NTH",1946,1946-12-29,206349
"NTH",1947,1947-12-29,225473
"NTH",1948,1948-12-29,241020
"NTH",1949,1949-12-29,255639
"NTH",1950,1950-12-29,236794
"NTH",1951,1951-12-29,278581
"NTH",1952,1952-12-29,329303
"NTH",1953,1953-12-29,349540
"NTH",1954,1954-12-29,418119
"NTH",1955,1955-12-29,447812
"NTH",1956,1956-12-29,484199
"NTH",1957,1957-12-29,481723
"NTH",1958,1958-12-29,436824
"NTH",1959,1959-12-29,398675
"NTH",1960,1960-12-29,458355
"NTH",1961,1961-12-29,533952
"NTH",1962,1962-12-29,607222
"NTH",1963,1963-12-29,640833
"NTH",1964,1964-12-29,739166
"NTH",1965,1965-12-29,755568
"NTH",1966,1966-12-29,772639
"NTH",1967,1967-12-29,885445
"NTH",1968,1968-12-29,912125
"NTH",1969,1969-12-29,1021076
"NTH",1970,1970-12-29,1094922
"NTH",1971,1971-12-29,1254568
"NTH",1972,1972-12-29,1522356
"NTH",1973,1973-12-29,1917298
"NTH",1974,1974-12-29,2285374
"NTH",1975,1975-12-29,2814947
"NTH",1976,1976-12-29,2897992
"NTH",1977,1977-12-29,3704519
"NTH",1978,1978-12-29,4225365
"NTH",1979,1979-12-29,5053000
"NTH",1980,1980-12-29,5269353
"NTH",1981,1981-12-29,4527691
"NTH",1982,1982-12-29,4464019
"NTH",1983,1983-12-29,4527693
"NTH",1984,1984-12-29,3978642
"NTH",1985,1985-12-29,4040000
"NTH",1986,1986-12-29,5610000
"NTH",1987,1987-12-29,6420000
"NTH",1988,1988-12-29,7050000
"NTH",1989,1989-12-29,6680000
"NTH",1990,1990-12-29,7820000
"NTH",1991,1991-12-29,8290000
"NTH",1992,1992-12-29,8010000
"NTH",1993,1993-12-29,7356000
"NTH",1994,1994-12-29,7924000
"NTH",1995,1995-12-29,8011000
"NTH",1996,1996-12-29,8022000
"NTH",1997,1997-12-29,6839000
"NTH",1998,1998-12-29,7192000
"NTH",1999,1999-12-29,6193000
"NTH",2000,2000-12-29,6027000
"NTH",2001,2001-12-29,6257000
"NTH",2002,2002-12-29,6744000
"NTH",2003,2003-12-29,8414000
"NTH",2004,2004-12-29,9607000
"NTH",2005,2005-12-29,9616000
"NTH",2006,2006-12-29,10181000
"NTH",2007,2007-12-29,11141000
"NTH",2008,2008-12-29,12276000
"NTH",2009,2009-12-29,12132000
"NTH",2010,2010-12-29,11208000
"NTH",2011,2011-12-29,11659000
"NTH",2012,2012-12-29,10376000
"NTH",2013,2013-12-29,10350000
"NTH",2014,2014-12-29,10683000
"NTH",2015,2015-12-29,8901000
"NTH",2016,2016-12-29,9193000
"BEL",1830,1830-12-30,2964
"BEL",1831,1831-12-30,2906
"BEL",1832,1832-12-30,2847
"BEL",1833,1833-12-30,1978
"BEL",1834,1834-12-30,1669
"BEL",1835,1835-12-30,1622
"BEL",1836,1836-12-30,1452
"BEL",1837,1837-12-30,1626
"BEL",1838,1838-12-30,1644
"BEL",1839,1839-12-30,1946
"BEL",1840,1840-12-30,1275
"BEL",1841,1841-12-30,1244
"BEL",1842,1842-12-30,1210
"BEL",1843,1843-12-30,1193
"BEL",1844,1844-12-30,1138
"BEL",1845,1845-12-30,1154
"BEL",1846,1846-12-30,1156
"BEL",1847,1847-12-30,1206
"BEL",1848,1848-12-30,1442
"BEL",1849,1849-12-30,1126
"BEL",1850,1850-12-30,1116
"BEL",1851,1851-12-30,1554
"BEL",1852,1852-12-30,1589
"BEL",1853,1853-12-30,1538
"BEL",1854,1854-12-30,1543
"BEL",1855,1855-12-30,1546
"BEL",1856,1856-12-30,1587
"BEL",1857,1857-12-30,1431
"BEL",1858,1858-12-30,1443
"BEL",1859,1859-12-30,1755
"BEL",1860,1860-12-30,1457
"BEL",1861,1861-12-30,1501
"BEL",1862,1862-12-30,1533
"BEL",1863,1863-12-30,1606
"BEL",1864,1864-12-30,1606
"BEL",1865,1865-12-30,1516
"BEL",1866,1866-12-30,1665
"BEL",1867,1867-12-30,1596
"BEL",1868,1868-12-30,1579
"BEL",1869,1869-12-30,1588
"BEL",1870,1870-12-30,2469
"BEL",1871,1871-12-30,1885
"BEL",1872,1872-12-30,1697
"BEL",1873,1873-12-30,1664
"BEL",1874,1874-12-30,1860
"BEL",1875,1875-12-30,1958
"BEL",1876,1876-12-30,2018
"BEL",1877,1877-12-30,2059
"BEL",1878,1878-12-30,1993
"BEL",1879,1879-12-30,1977
"BEL",1880,1880-12-30,2037
"BEL",1881,1881-12-30,2037
"BEL",1882,1882-12-30,2064
"BEL",1883,1883-12-30,2078
"BEL",1884,1884-12-30,2096
"BEL",1885,1885-12-30,2046
"BEL",1886,1886-12-30,1991
"BEL",1887,1887-12-30,1939
"BEL",1888,1888-12-30,1980
"BEL",1889,1889-12-30,1996
"BEL",1890,1890-12-30,2023
"BEL",1891,1891-12-30,2025
"BEL",1892,1892-12-30,2049
"BEL",1893,1893-12-30,2034
"BEL",1894,1894-12-30,2043
"BEL",1895,1895-12-30,2074
"BEL",1896,1896-12-30,2069
"BEL",1897,1897-12-30,2102
"BEL",1898,1898-12-30,2259
"BEL",1899,1899-12-30,2272
"BEL",1900,1900-12-30,2387
"BEL",1901,1901-12-30,2471
"BEL",1902,1902-12-30,2523
"BEL",1903,1903-12-30,2521
"BEL",1904,1904-12-30,2540
"BEL",1905,1905-12-30,2487
"BEL",1906,1906-12-30,2717
"BEL",1907,1907-12-30,2849
"BEL",1908,1908-12-30,2581
"BEL",1909,1909-12-30,2636
"BEL",1910,1910-12-30,2606
"BEL",1911,1911-12-30,2704
"BEL",1912,1912-12-30,3058
"BEL",1913,1913-12-30,3410
"BEL",1914,1914-12-29,9847
"BEL",1915,1915-12-29,11642
"BEL",1916,1916-12-29,19716
"BEL",1917,1917-12-29,23977
"BEL",1918,1918-12-30,28120
"BEL",1919,1919-12-30,35107
"BEL",1920,1920-12-30,38050
"BEL",1921,1921-12-30,39382
"BEL",1922,1922-12-30,39752
"BEL",1923,1923-12-30,30321
"BEL",1924,1924-12-30,25652
"BEL",1925,1925-12-30,28872
"BEL",1926,1926-12-30,17975
"BEL",1927,1927-12-30,17767
"BEL",1928,1928-12-30,24395
"BEL",1929,1929-12-30,27063
"BEL",1930,1930-12-30,39217
"BEL",1931,1931-12-30,38851
"BEL",1932,1932-12-30,33474
"BEL",1933,1933-12-30,47928
"BEL",1934,1934-12-30,66961
"BEL",1935,1935-12-30,43984
"BEL",1936,1936-12-30,52691
"BEL",1937,1937-12-30,55382
"BEL",1938,1938-12-30,63225
"BEL",1939,1939-12-30,63255
"BEL",1940,1940-12-29,289421
"BEL",1945,1945-12-29,561299
"BEL",1946,1946-12-29,865450
"BEL",1947,1947-12-29,572702
"BEL",1948,1948-12-29,440764
"BEL",1949,1949-12-29,174317
"BEL",1950,1950-12-29,166920
"BEL",1951,1951-12-29,267099
"BEL",1952,1952-12-29,395346
"BEL",1953,1953-12-29,392921
"BEL",1954,1954-12-29,399539
"BEL",1955,1955-12-29,341340
"BEL",1956,1956-12-29,341573
"BEL",1957,1957-12-29,365511
"BEL",1958,1958-12-29,366093
"BEL",1959,1959-12-29,374919
"BEL",1960,1960-12-29,383680
"BEL",1961,1961-12-29,393581
"BEL",1962,1962-12-29,424086
"BEL",1963,1963-12-29,446834
"BEL",1964,1964-12-29,498756
"BEL",1965,1965-12-29,504453
"BEL",1966,1966-12-29,530076
"BEL",1967,1967-12-29,568072
"BEL",1968,1968-12-29,606689
"BEL",1969,1969-12-29,628002
"BEL",1970,1970-12-29,701953
"BEL",1971,1971-12-29,831880
"BEL",1972,1972-12-29,1026536
"BEL",1973,1973-12-29,1296483
"BEL",1974,1974-12-29,1482312
"BEL",1975,1975-12-29,1927703
"BEL",1976,1976-12-29,2109675
"BEL",1977,1977-12-29,2496443
"BEL",1978,1978-12-29,3166709
"BEL",1979,1979-12-29,3631502
"BEL",1980,1980-12-29,3958349
"BEL",1981,1981-12-29,3385496
"BEL",1982,1982-12-29,2891634
"BEL",1983,1983-12-29,2676841
"BEL",1984,1984-12-29,2452687
"BEL",1985,1985-12-29,1796000
"BEL",1986,1986-12-29,2870000
"BEL",1987,1987-12-29,3510000
"BEL",1988,1988-12-29,2800000
"BEL",1989,1989-12-29,2580000
"BEL",1990,1990-12-29,3070000
"BEL",1991,1991-12-29,3250000
"BEL",1992,1992-12-29,3160000
"BEL",1993,1993-12-29,4e+06
"BEL",1994,1994-12-29,4014000
"BEL",1995,1995-12-29,4449000
"BEL",1996,1996-12-29,4333000
"BEL",1997,1997-12-29,3769000
"BEL",1998,1998-12-29,3737000
"BEL",1999,1999-12-29,3442000
"BEL",2000,2000-12-29,3212000
"BEL",2001,2001-12-29,3017000
"BEL",2002,2002-12-29,3155000
"BEL",2003,2003-12-29,3902000
"BEL",2004,2004-12-29,4407000
"BEL",2005,2005-12-29,4250000
"BEL",2006,2006-12-29,4294000
"BEL",2007,2007-12-29,5e+06
"BEL",2008,2008-12-29,5551000
"BEL",2009,2009-12-29,5624000
"BEL",2010,2010-12-29,5234000
"BEL",2011,2011-12-29,5546000
"BEL",2012,2012-12-29,5266000
"BEL",2013,2013-12-29,5294000
"BEL",2014,2014-12-29,5038000
"BEL",2015,2015-12-29,3980000
"BEL",2016,2016-12-29,3895000
"LUX",1920,1920-12-30,125
"LUX",1921,1921-12-30,142
"LUX",1922,1922-12-30,210
"LUX",1923,1923-12-30,192
"LUX",1924,1924-12-30,117
"LUX",1925,1925-12-30,146
"LUX",1926,1926-12-30,189
"LUX",1927,1927-12-30,163
"LUX",1928,1928-12-30,193
"LUX",1929,1929-12-30,250
"LUX",1930,1930-12-30,269
"LUX",1931,1931-12-30,357
"LUX",1932,1932-12-30,209
"LUX",1933,1933-12-30,227
"LUX",1934,1934-12-30,326
"LUX",1935,1935-12-30,388
"LUX",1936,1936-12-30,328
"LUX",1937,1937-12-30,338
"LUX",1938,1938-12-30,595
"LUX",1939,1939-12-30,975
"LUX",1940,1940-12-29,1168
"LUX",1944,1944-12-29,1412
"LUX",1945,1945-12-29,1758
"LUX",1946,1946-12-29,1936
"LUX",1947,1947-12-29,2117
"LUX",1948,1948-12-29,2306
"LUX",1949,1949-12-29,2548
"LUX",1950,1950-12-29,3396
"LUX",1951,1951-12-29,5267
"LUX",1952,1952-12-29,8634
"LUX",1953,1953-12-29,9677
"LUX",1954,1954-12-29,11350
"LUX",1955,1955-12-29,12280
"LUX",1956,1956-12-29,7906
"LUX",1957,1957-12-29,8742
"LUX",1958,1958-12-29,8577
"LUX",1959,1959-12-29,8066
"LUX",1960,1960-12-29,5266
"LUX",1961,1961-12-29,5835
"LUX",1962,1962-12-29,7131
"LUX",1963,1963-12-29,6995
"LUX",1964,1964-12-29,9272
"LUX",1965,1965-12-29,9611
"LUX",1966,1966-12-29,10012
"LUX",1967,1967-12-29,8260
"LUX",1968,1968-12-29,7480
"LUX",1969,1969-12-29,7820
"LUX",1970,1970-12-29,8320
"LUX",1971,1971-12-29,9044
"LUX",1972,1972-12-29,11745
"LUX",1973,1973-12-29,15419
"LUX",1974,1974-12-29,18228
"LUX",1975,1975-12-29,22730
"LUX",1976,1976-12-29,25463
"LUX",1977,1977-12-29,28709
"LUX",1978,1978-12-29,36644
"LUX",1979,1979-12-29,42362
"LUX",1980,1980-12-29,52457
"LUX",1981,1981-12-29,46123
"LUX",1982,1982-12-29,41128
"LUX",1983,1983-12-29,44321
"LUX",1984,1984-12-29,39684
"LUX",1985,1985-12-29,23460
"LUX",1986,1986-12-29,29140
"LUX",1987,1987-12-29,73100
"LUX",1988,1988-12-29,74220
"LUX",1989,1989-12-29,76020
"LUX",1990,1990-12-29,100230
"LUX",1991,1991-12-29,105720
"LUX",1992,1992-12-29,95930
"LUX",1993,1993-12-29,108000
"LUX",1994,1994-12-29,128000
"LUX",1995,1995-12-29,142000
"LUX",1996,1996-12-29,145000
"LUX",1997,1997-12-29,134000
"LUX",1998,1998-12-29,146000
"LUX",1999,1999-12-29,135000
"LUX",2000,2000-12-29,129000
"LUX",2001,2001-12-29,145000
"LUX",2002,2002-12-29,154000
"LUX",2003,2003-12-29,2e+05
"LUX",2004,2004-12-29,233000
"LUX",2005,2005-12-29,245000
"LUX",2006,2006-12-29,254000
"LUX",2007,2007-12-29,279000
"LUX",2008,2008-12-29,232000
"LUX",2009,2009-12-29,249000
"LUX",2010,2010-12-29,267000
"LUX",2011,2011-12-29,279000
"LUX",2012,2012-12-29,267000
"LUX",2013,2013-12-29,249000
"LUX",2014,2014-12-29,255000
"LUX",2015,2015-12-29,215000
"LUX",2016,2016-12-29,220000
"FRN",1816,1816-12-30,10554
"FRN",1817,1817-12-30,8864
"FRN",1818,1818-12-30,8042
"FRN",1819,1819-12-30,9747
"FRN",1820,1820-12-30,9414
"FRN",1821,1821-12-30,8429
"FRN",1822,1822-12-30,9735
"FRN",1823,1823-12-30,13569
"FRN",1824,1824-12-30,11064
"FRN",1825,1825-12-30,10609
"FRN",1826,1826-12-30,10604
"FRN",1827,1827-12-30,10014
"FRN",1828,1828-12-30,12073
"FRN",1829,1829-12-30,11110
"FRN",1830,1830-12-30,12618
"FRN",1831,1831-12-30,18174
"FRN",1832,1832-12-30,15838
"FRN",1833,1833-12-30,14117
"FRN",1834,1834-12-30,12501
"FRN",1835,1835-12-30,11823
"FRN",1836,1836-12-30,11198
"FRN",1837,1837-12-30,11636
"FRN",1838,1838-12-30,11981
"FRN",1839,1839-12-30,12691
"FRN",1840,1840-12-30,18414
"FRN",1841,1841-12-30,20166
"FRN",1842,1842-12-30,20211
"FRN",1843,1843-12-30,18192
"FRN",1844,1844-12-30,17746
"FRN",1845,1845-12-30,17839
"FRN",1846,1846-12-30,19344
"FRN",1847,1847-12-30,20679
"FRN",1848,1848-12-30,22227
"FRN",1849,1849-12-30,19339
"FRN",1850,1850-12-30,16838
"FRN",1851,1851-12-30,16588
"FRN",1852,1852-12-30,17272
"FRN",1853,1853-12-30,17578
"FRN",1854,1854-12-30,30356
"FRN",1855,1855-12-30,43844
"FRN",1856,1856-12-30,36391
"FRN",1857,1857-12-30,22006
"FRN",1858,1858-12-30,19967
"FRN",1859,1859-12-30,32307
"FRN",1860,1860-12-30,25746
"FRN",1861,1861-12-30,26626
"FRN",1862,1862-12-30,26762
"FRN",1863,1863-12-30,27082
"FRN",1864,1864-12-30,26345
"FRN",1865,1865-12-30,23844
"FRN",1866,1866-12-30,24182
"FRN",1867,1867-12-30,29169
"FRN",1868,1868-12-30,26153
"FRN",1869,1869-12-30,23912
"FRN",1870,1870-12-30,59066
"FRN",1871,1871-12-30,54323
"FRN",1872,1872-12-30,23643
"FRN",1873,1873-12-30,24975
"FRN",1874,1874-12-30,24764
"FRN",1875,1875-12-30,25528
"FRN",1876,1876-12-30,27541
"FRN",1877,1877-12-30,29114
"FRN",1878,1878-12-30,29956
"FRN",1879,1879-12-30,29391
"FRN",1880,1880-12-30,32816
"FRN",1881,1881-12-30,36993
"FRN",1882,1882-12-30,39695
"FRN",1883,1883-12-30,38423
"FRN",1884,1884-12-30,35795
"FRN",1885,1885-12-30,35721
"FRN",1886,1886-12-30,34895
"FRN",1887,1887-12-30,35359
"FRN",1888,1888-12-30,35068
"FRN",1889,1889-12-30,36677
"FRN",1890,1890-12-30,36771
"FRN",1891,1891-12-30,37244
"FRN",1892,1892-12-30,36900
"FRN",1893,1893-12-30,35917
"FRN",1894,1894-12-30,36617
"FRN",1895,1895-12-30,35936
"FRN",1896,1896-12-30,36062
"FRN",1897,1897-12-30,37421
"FRN",1898,1898-12-30,37337
"FRN",1899,1899-12-30,38813
"FRN",1900,1900-12-30,40569
"FRN",1901,1901-12-30,41993
"FRN",1902,1902-12-30,40335
"FRN",1903,1903-12-30,39552
"FRN",1904,1904-12-30,38956
"FRN",1905,1905-12-30,41947
"FRN",1906,1906-12-30,45662
"FRN",1907,1907-12-30,44152
"FRN",1908,1908-12-30,45054
"FRN",1909,1909-12-30,47412
"FRN",1910,1910-12-30,49539
"FRN",1911,1911-12-30,55441
"FRN",1912,1912-12-30,61367
"FRN",1913,1913-12-30,66706
"FRN",1914,1914-12-29,1235000
"FRN",1915,1915-12-29,3525000
"FRN",1916,1916-12-29,4604000
"FRN",1917,1917-12-29,5825000
"FRN",1918,1918-12-30,7708000
"FRN",1919,1919-12-30,634729
"FRN",1920,1920-12-30,361910
"FRN",1921,1921-12-30,318474
"FRN",1922,1922-12-30,476084
"FRN",1923,1923-12-30,418297
"FRN",1924,1924-12-30,261851
"FRN",1925,1925-12-30,324761
"FRN",1926,1926-12-30,281326
"FRN",1927,1927-12-30,452194
"FRN",1928,1928-12-30,381380
"FRN",1929,1929-12-30,377983
"FRN",1930,1930-12-30,498642
"FRN",1931,1931-12-30,495306
"FRN",1932,1932-12-30,543528
"FRN",1933,1933-12-30,524231
"FRN",1934,1934-12-30,707568
"FRN",1935,1935-12-30,867102
"FRN",1936,1936-12-30,995347
"FRN",1937,1937-12-30,890526
"FRN",1938,1938-12-30,919284
"FRN",1939,1939-12-30,1023651
"FRN",1940,1940-12-29,5707762
"FRN",1941,1941-12-29,605022
"FRN",1942,1942-12-29,742009
"FRN",1944,1944-12-29,1214083
"FRN",1945,1945-12-29,1230509
"FRN",1946,1946-12-29,1257334
"FRN",1947,1947-12-29,1844090
"FRN",1948,1948-12-29,910344
"FRN",1949,1949-12-29,1246614
"FRN",1950,1950-12-29,1489278
"FRN",1951,1951-12-29,2199999
"FRN",1952,1952-12-29,3018000
"FRN",1953,1953-12-29,3490000
"FRN",1954,1954-12-29,3428000
"FRN",1955,1955-12-29,2948000
"FRN",1956,1956-12-29,3653000
"FRN",1957,1957-12-29,3692000
"FRN",1958,1958-12-29,3620000
"FRN",1959,1959-12-29,3646000
"FRN",1960,1960-12-29,3897000
"FRN",1961,1961-12-29,4128544
"FRN",1962,1962-12-29,4517387
"FRN",1963,1963-12-29,4670207
"FRN",1964,1964-12-29,4964419
"FRN",1965,1965-12-29,5167691
"FRN",1966,1966-12-29,5446060
"FRN",1967,1967-12-29,5881679
"FRN",1968,1968-12-29,5896937
"FRN",1969,1969-12-29,5761015
"FRN",1970,1970-12-29,5933017
"FRN",1971,1971-12-29,6296947
"FRN",1972,1972-12-29,7531669
"FRN",1973,1973-12-29,9493489
"FRN",1974,1974-12-29,9954053
"FRN",1975,1975-12-29,13034714
"FRN",1976,1976-12-29,13369110
"FRN",1977,1977-12-29,15015875
"FRN",1978,1978-12-29,18874092
"FRN",1979,1979-12-29,22667529
"FRN",1980,1980-12-29,26424988
"FRN",1981,1981-12-29,23867415
"FRN",1982,1982-12-29,22523616
"FRN",1983,1983-12-29,21654890
"FRN",1984,1984-12-29,20212036
"FRN",1985,1985-12-29,16716000
"FRN",1986,1986-12-29,24230000
"FRN",1987,1987-12-29,29580000
"FRN",1988,1988-12-29,30700000
"FRN",1989,1989-12-29,28580000
"FRN",1990,1990-12-29,34790000
"FRN",1991,1991-12-29,37340000
"FRN",1992,1992-12-29,34870000
"FRN",1993,1993-12-29,37200000
"FRN",1994,1994-12-29,45184000
"FRN",1995,1995-12-29,47768000
"FRN",1996,1996-12-29,47401000
"FRN",1997,1997-12-29,41523000
"FRN",1998,1998-12-29,40834000
"FRN",1999,1999-12-29,37811000
"FRN",2000,2000-12-29,34053000
"FRN",2001,2001-12-29,32909000
"FRN",2002,2002-12-29,36492000
"FRN",2003,2003-12-29,46232000
"FRN",2004,2004-12-29,52704000
"FRN",2005,2005-12-29,53181000
"FRN",2006,2006-12-29,54321000
"FRN",2007,2007-12-29,60662000
"FRN",2008,2008-12-29,67185000
"FRN",2009,2009-12-29,54446000
"FRN",2010,2010-12-29,51978000
"FRN",2011,2011-12-29,53475000
"FRN",2012,2012-12-29,50283000
"FRN",2013,2013-12-29,52352000
"FRN",2014,2014-12-29,53080000
"FRN",2015,2015-12-29,46751000
"FRN",2016,2016-12-29,47201000
"SPN",1816,1816-12-30,6512
"SPN",1817,1817-12-30,4703
"SPN",1818,1818-12-30,4681
"SPN",1819,1819-12-30,4552
"SPN",1820,1820-12-30,4406
"SPN",1821,1821-12-30,1692
"SPN",1829,1829-12-30,2898
"SPN",1830,1830-12-30,1123
"SPN",1831,1831-12-30,542
"SPN",1832,1832-12-30,758
"SPN",1833,1833-12-30,1003
"SPN",1834,1834-12-30,1147
"SPN",1835,1835-12-30,1168
"SPN",1836,1836-12-30,1213
"SPN",1837,1837-12-30,2134
"SPN",1838,1838-12-30,2506
"SPN",1839,1839-12-30,2964
"SPN",1840,1840-12-30,2768
"SPN",1841,1841-12-30,2402
"SPN",1842,1842-12-30,2049
"SPN",1843,1843-12-30,1862
"SPN",1844,1844-12-30,1708
"SPN",1845,1845-12-30,1572
"SPN",1846,1846-12-30,1919
"SPN",1847,1847-12-30,2503
"SPN",1848,1848-12-30,3510
"SPN",1849,1849-12-30,3617
"SPN",1850,1850-12-30,3931
"SPN",1851,1851-12-30,3905
"SPN",1852,1852-12-30,3840
"SPN",1853,1853-12-30,3799
"SPN",1854,1854-12-30,3826
"SPN",1855,1855-12-30,3884
"SPN",1856,1856-12-30,4012
"SPN",1857,1857-12-30,4911
"SPN",1858,1858-12-30,5351
"SPN",1859,1859-12-30,4405
"SPN",1860,1860-12-30,4913
"SPN",1861,1861-12-30,4939
"SPN",1862,1862-12-30,4284
"SPN",1863,1863-12-30,4716
"SPN",1864,1864-12-30,5211
"SPN",1865,1865-12-30,5190
"SPN",1866,1866-12-30,4987
"SPN",1867,1867-12-30,4867
"SPN",1868,1868-12-30,4869
"SPN",1869,1869-12-30,5331
"SPN",1870,1870-12-30,5762
"SPN",1871,1871-12-30,4776
"SPN",1872,1872-12-30,7223
"SPN",1873,1873-12-30,10056
"SPN",1874,1874-12-30,11604
"SPN",1875,1875-12-30,9841
"SPN",1876,1876-12-30,7099
"SPN",1877,1877-12-30,6981
"SPN",1878,1878-12-30,6821
"SPN",1879,1879-12-30,6718
"SPN",1880,1880-12-30,6605
"SPN",1881,1881-12-30,6511
"SPN",1882,1882-12-30,6435
"SPN",1883,1883-12-30,6616
"SPN",1884,1884-12-30,7049
"SPN",1885,1885-12-30,7694
"SPN",1886,1886-12-30,7701
"SPN",1887,1887-12-30,7758
"SPN",1888,1888-12-30,6957
"SPN",1889,1889-12-30,7012
"SPN",1890,1890-12-30,7040
"SPN",1891,1891-12-30,6655
"SPN",1892,1892-12-30,5933
"SPN",1893,1893-12-30,6193
"SPN",1894,1894-12-30,5237
"SPN",1895,1895-12-30,4855
"SPN",1896,1896-12-30,5091
"SPN",1897,1897-12-30,5324
"SPN",1898,1898-12-30,5939
"SPN",1899,1899-12-30,5869
"SPN",1900,1900-12-30,5547
"SPN",1901,1901-12-30,5181
"SPN",1902,1902-12-30,5192
"SPN",1903,1903-12-30,5132
"SPN",1904,1904-12-30,5711
"SPN",1905,1905-12-30,5138
"SPN",1906,1906-12-30,5927
"SPN",1907,1907-12-30,6079
"SPN",1908,1908-12-30,7150
"SPN",1909,1909-12-30,9241
"SPN",1910,1910-12-30,8477
"SPN",1911,1911-12-30,9109
"SPN",1912,1912-12-30,9578
"SPN",1913,1913-12-30,13988
"SPN",1914,1914-12-29,99874
"SPN",1915,1915-12-29,110523
"SPN",1916,1916-12-29,121452
"SPN",1917,1917-12-29,129847
"SPN",1918,1918-12-30,135413
"SPN",1919,1919-12-30,149321
"SPN",1920,1920-12-30,151998
"SPN",1921,1921-12-30,155968
"SPN",1922,1922-12-30,154953
"SPN",1923,1923-12-30,149884
"SPN",1924,1924-12-30,150915
"SPN",1925,1925-12-30,149843
"SPN",1926,1926-12-30,150236
"SPN",1927,1927-12-30,152758
"SPN",1928,1928-12-30,163492
"SPN",1929,1929-12-30,163423
"SPN",1930,1930-12-30,116472
"SPN",1931,1931-12-30,81411
"SPN",1932,1932-12-30,53289
"SPN",1933,1933-12-30,57015
"SPN",1934,1934-12-30,82534
"SPN",1935,1935-12-30,100994
"SPN",1936,1936-12-30,129919
"SPN",1937,1937-12-30,77030
"SPN",1938,1938-12-30,79842
"SPN",1939,1939-12-30,82463
"SPN",1940,1940-12-29,87621
"SPN",1941,1941-12-29,90007
"SPN",1942,1942-12-29,93374
"SPN",1943,1943-12-29,98408
"SPN",1944,1944-12-29,102563
"SPN",1945,1945-12-29,119722
"SPN",1946,1946-12-29,132662
"SPN",1947,1947-12-29,212488
"SPN",1948,1948-12-29,235294
"SPN",1949,1949-12-29,235294
"SPN",1950,1950-12-29,111972
"SPN",1951,1951-12-29,76230
"SPN",1952,1952-12-29,95082
"SPN",1953,1953-12-29,94315
"SPN",1954,1954-12-29,105392
"SPN",1955,1955-12-29,104852
"SPN",1956,1956-12-29,119769
"SPN",1957,1957-12-29,139692
"SPN",1958,1958-12-29,130920
"SPN",1959,1959-12-29,131464
"SPN",1960,1960-12-29,111467
"SPN",1961,1961-12-29,116133
"SPN",1962,1962-12-29,143100
"SPN",1963,1963-12-29,160203
"SPN",1964,1964-12-29,174450
"SPN",1965,1965-12-29,195763
"SPN",1966,1966-12-29,245107
"SPN",1967,1967-12-29,306133
"SPN",1968,1968-12-29,272970
"SPN",1969,1969-12-29,280639
"SPN",1970,1970-12-29,281202
"SPN",1971,1971-12-29,676834
"SPN",1972,1972-12-29,861477
"SPN",1973,1973-12-29,1158033
"SPN",1974,1974-12-29,1469118
"SPN",1975,1975-12-29,1795321
"SPN",1976,1976-12-29,1898689
"SPN",1977,1977-12-29,2087465
"SPN",1978,1978-12-29,2460818
"SPN",1979,1979-12-29,3527940
"SPN",1980,1980-12-29,3992190
"SPN",1981,1981-12-29,3655122
"SPN",1982,1982-12-29,3725113
"SPN",1983,1983-12-29,3732561
"SPN",1984,1984-12-29,4534126
"SPN",1985,1985-12-29,3640000
"SPN",1986,1986-12-29,4510000
"SPN",1987,1987-12-29,5700000
"SPN",1988,1988-12-29,6540000
"SPN",1989,1989-12-29,6910000
"SPN",1990,1990-12-29,8540000
"SPN",1991,1991-12-29,8260000
"SPN",1992,1992-12-29,7680000
"SPN",1993,1993-12-29,7700000
"SPN",1994,1994-12-29,7558000
"SPN",1995,1995-12-29,8652000
"SPN",1996,1996-12-29,8802000
"SPN",1997,1997-12-29,7671000
"SPN",1998,1998-12-29,7522000
"SPN",1999,1999-12-29,7227000
"SPN",2000,2000-12-29,7063000
"SPN",2001,2001-12-29,6938000
"SPN",2002,2002-12-29,9019000
"SPN",2003,2003-12-29,10883000
"SPN",2004,2004-12-29,12589000
"SPN",2005,2005-12-29,13121000
"SPN",2006,2006-12-29,14385000
"SPN",2007,2007-12-29,17495000
"SPN",2008,2008-12-29,19263000
"SPN",2009,2009-12-29,16944000
"SPN",2010,2010-12-29,14746000
"SPN",2011,2011-12-29,15163000
"SPN",2012,2012-12-29,13927000
"SPN",2013,2013-12-29,11593000
"SPN",2014,2014-12-29,15070000
"SPN",2015,2015-12-29,10754000
"SPN",2016,2016-12-29,12222000
"POR",1835,1835-12-30,1259
"POR",1836,1836-12-30,1183
"POR",1837,1837-12-30,1104
"POR",1838,1838-12-30,1056
"POR",1839,1839-12-30,998
"POR",1840,1840-12-30,875
"POR",1841,1841-12-30,766
"POR",1842,1842-12-30,747
"POR",1843,1843-12-30,747
"POR",1844,1844-12-30,746
"POR",1845,1845-12-30,746
"POR",1846,1846-12-30,859
"POR",1847,1847-12-30,841
"POR",1848,1848-12-30,833
"POR",1849,1849-12-30,824
"POR",1850,1850-12-30,818
"POR",1851,1851-12-30,818
"POR",1852,1852-12-30,818
"POR",1853,1853-12-30,817
"POR",1854,1854-12-30,814
"POR",1855,1855-12-30,816
"POR",1856,1856-12-30,831
"POR",1857,1857-12-30,818
"POR",1858,1858-12-30,817
"POR",1859,1859-12-30,837
"POR",1860,1860-12-30,857
"POR",1861,1861-12-30,869
"POR",1862,1862-12-30,869
"POR",1863,1863-12-30,923
"POR",1864,1864-12-30,1000
"POR",1865,1865-12-30,977
"POR",1866,1866-12-30,1040
"POR",1867,1867-12-30,1144
"POR",1868,1868-12-30,1133
"POR",1869,1869-12-30,1090
"POR",1870,1870-12-30,1020
"POR",1871,1871-12-30,1000
"POR",1872,1872-12-30,991
"POR",1873,1873-12-30,979
"POR",1874,1874-12-30,989
"POR",1875,1875-12-30,1018
"POR",1876,1876-12-30,1052
"POR",1877,1877-12-30,1081
"POR",1878,1878-12-30,1137
"POR",1879,1879-12-30,1127
"POR",1880,1880-12-30,1306
"POR",1881,1881-12-30,1262
"POR",1882,1882-12-30,1346
"POR",1883,1883-12-30,1359
"POR",1884,1884-12-30,1356
"POR",1885,1885-12-30,1455
"POR",1886,1886-12-30,1505
"POR",1887,1887-12-30,1532
"POR",1888,1888-12-30,1525
"POR",1889,1889-12-30,1538
"POR",1890,1890-12-30,1614
"POR",1891,1891-12-30,1693
"POR",1892,1892-12-30,1438
"POR",1893,1893-12-30,1501
"POR",1894,1894-12-30,1518
"POR",1895,1895-12-30,1585
"POR",1896,1896-12-30,1540
"POR",1897,1897-12-30,1546
"POR",1898,1898-12-30,1567
"POR",1899,1899-12-30,1595
"POR",1900,1900-12-30,1522
"POR",1901,1901-12-30,1506
"POR",1902,1902-12-30,1732
"POR",1903,1903-12-30,1687
"POR",1904,1904-12-30,1836
"POR",1905,1905-12-30,1997
"POR",1906,1906-12-30,2556
"POR",1907,1907-12-30,2497
"POR",1908,1908-12-30,2339
"POR",1909,1909-12-30,2310
"POR",1910,1910-12-30,2520
"POR",1911,1911-12-30,2550
"POR",1912,1912-12-30,2975
"POR",1913,1913-12-30,2654
"POR",1914,1914-12-29,4978
"POR",1915,1915-12-29,5614
"POR",1916,1916-12-29,6425
"POR",1917,1917-12-29,7980
"POR",1918,1918-12-30,9007
"POR",1919,1919-12-30,10141
"POR",1920,1920-12-30,11623
"POR",1921,1921-12-30,12245
"POR",1922,1922-12-30,8979
"POR",1923,1923-12-30,5226
"POR",1924,1924-12-30,4783
"POR",1925,1925-12-30,8912
"POR",1926,1926-12-30,11745
"POR",1927,1927-12-30,15859
"POR",1928,1928-12-30,17179
"POR",1929,1929-12-30,16449
"POR",1930,1930-12-30,17138
"POR",1931,1931-12-30,16496
"POR",1932,1932-12-30,13221
"POR",1933,1933-12-30,14759
"POR",1934,1934-12-30,21046
"POR",1935,1935-12-30,17850
"POR",1936,1936-12-30,18454
"POR",1937,1937-12-30,26108
"POR",1938,1938-12-30,25511
"POR",1939,1939-12-30,28533
"POR",1940,1940-12-29,31024
"POR",1941,1941-12-29,36211
"POR",1942,1942-12-29,39436
"POR",1943,1943-12-29,41230
"POR",1944,1944-12-29,43661
"POR",1945,1945-12-29,46023
"POR",1946,1946-12-29,48569
"POR",1947,1947-12-29,49924
"POR",1948,1948-12-29,48207
"POR",1949,1949-12-29,56613
"POR",1950,1950-12-29,52366
"POR",1951,1951-12-29,53644
"POR",1952,1952-12-29,58411
"POR",1953,1953-12-29,68221
"POR",1954,1954-12-29,72539
"POR",1955,1955-12-29,76822
"POR",1956,1956-12-29,79896
"POR",1957,1957-12-29,83165
"POR",1958,1958-12-29,86435
"POR",1959,1959-12-29,98087
"POR",1960,1960-12-29,104674
"POR",1961,1961-12-29,170725
"POR",1962,1962-12-29,199444
"POR",1963,1963-12-29,198405
"POR",1964,1964-12-29,223295
"POR",1965,1965-12-29,230743
"POR",1966,1966-12-29,256434
"POR",1967,1967-12-29,330400
"POR",1968,1968-12-29,370478
"POR",1969,1969-12-29,374661
"POR",1970,1970-12-29,436335
"POR",1971,1971-12-29,518978
"POR",1972,1972-12-29,594054
"POR",1973,1973-12-29,678312
"POR",1974,1974-12-29,988193
"POR",1975,1975-12-29,778695
"POR",1976,1976-12-29,623532
"POR",1977,1977-12-29,576899
"POR",1978,1978-12-29,622531
"POR",1979,1979-12-29,701966
"POR",1980,1980-12-29,867724
"POR",1981,1981-12-29,751842
"POR",1982,1982-12-29,803621
"POR",1983,1983-12-29,814056
"POR",1984,1984-12-29,829313
"POR",1985,1985-12-29,674920
"POR",1986,1986-12-29,687930
"POR",1987,1987-12-29,1130000
"POR",1988,1988-12-29,1270000
"POR",1989,1989-12-29,1250000
"POR",1990,1990-12-29,1540000
"POR",1991,1991-12-29,1430000
"POR",1992,1992-12-29,1660000
"POR",1993,1993-12-29,2192000
"POR",1994,1994-12-29,2212000
"POR",1995,1995-12-29,2670000
"POR",1996,1996-12-29,2657000
"POR",1997,1997-12-29,2388000
"POR",1998,1998-12-29,2382000
"POR",1999,1999-12-29,2302000
"POR",2000,2000-12-29,2221000
"POR",2001,2001-12-29,2226000
"POR",2002,2002-12-29,1964000
"POR",2003,2003-12-29,2380000
"POR",2004,2004-12-29,2831000
"POR",2005,2005-12-29,3159000
"POR",2006,2006-12-29,3143000
"POR",2007,2007-12-29,3389000
"POR",2008,2008-12-29,3729000
"POR",2009,2009-12-29,3710000
"POR",2010,2010-12-29,3005000
"POR",2011,2011-12-29,2878000
"POR",2012,2012-12-29,2640000
"POR",2013,2013-12-29,2773000
"POR",2014,2014-12-29,2633000
"POR",2015,2015-12-29,2176000
"POR",2016,2016-12-29,2181000
"GMY",1816,1816-12-30,3516
"GMY",1817,1817-12-30,3061
"GMY",1818,1818-12-30,2964
"GMY",1819,1819-12-30,3756
"GMY",1820,1820-12-30,3714
"GMY",1821,1821-12-30,3691
"GMY",1822,1822-12-30,3643
"GMY",1823,1823-12-30,3377
"GMY",1824,1824-12-30,3134
"GMY",1825,1825-12-30,3085
"GMY",1826,1826-12-30,3085
"GMY",1827,1827-12-30,3072
"GMY",1828,1828-12-30,3073
"GMY",1829,1829-12-30,3084
"GMY",1830,1830-12-30,3096
"GMY",1831,1831-12-30,3135
"GMY",1832,1832-12-30,3162
"GMY",1833,1833-12-30,3162
"GMY",1834,1834-12-30,3371
"GMY",1835,1835-12-30,3338
"GMY",1836,1836-12-30,3313
"GMY",1837,1837-12-30,3282
"GMY",1838,1838-12-30,3265
"GMY",1839,1839-12-30,3281
"GMY",1840,1840-12-30,3376
"GMY",1841,1841-12-30,3377
"GMY",1842,1842-12-30,3379
"GMY",1843,1843-12-30,3379
"GMY",1844,1844-12-30,3429
"GMY",1845,1845-12-30,3385
"GMY",1846,1846-12-30,3714
"GMY",1847,1847-12-30,3733
"GMY",1848,1848-12-30,3445
"GMY",1849,1849-12-30,3571
"GMY",1850,1850-12-30,3528
"GMY",1851,1851-12-30,3413
"GMY",1852,1852-12-30,3675
"GMY",1853,1853-12-30,3659
"GMY",1854,1854-12-30,3817
"GMY",1855,1855-12-30,3954
"GMY",1856,1856-12-30,4090
"GMY",1857,1857-12-30,4195
"GMY",1858,1858-12-30,4394
"GMY",1859,1859-12-30,4553
"GMY",1860,1860-12-30,4579
"GMY",1861,1861-12-30,5693
"GMY",1862,1862-12-30,5594
"GMY",1863,1863-12-30,5448
"GMY",1864,1864-12-30,5576
"GMY",1865,1865-12-30,5950
"GMY",1866,1866-12-30,6268
"GMY",1867,1867-12-30,6433
"GMY",1868,1868-12-30,9561
"GMY",1869,1869-12-30,10196
"GMY",1870,1870-12-30,42993
"GMY",1871,1871-12-30,27404
"GMY",1872,1872-12-30,13570
"GMY",1873,1873-12-30,14234
"GMY",1874,1874-12-30,16972
"GMY",1875,1875-12-30,18262
"GMY",1876,1876-12-30,18168
"GMY",1877,1877-12-30,20482
"GMY",1878,1878-12-30,19727
"GMY",1879,1879-12-30,19656
"GMY",1880,1880-12-30,19397
"GMY",1881,1881-12-30,20892
"GMY",1882,1882-12-30,19531
"GMY",1883,1883-12-30,20054
"GMY",1884,1884-12-30,20634
"GMY",1885,1885-12-30,19973
"GMY",1886,1886-12-30,20838
"GMY",1887,1887-12-30,30038
"GMY",1888,1888-12-30,38013
"GMY",1889,1889-12-30,25670
"GMY",1890,1890-12-30,37454
"GMY",1891,1891-12-30,28276
"GMY",1892,1892-12-30,32984
"GMY",1893,1893-12-30,35890
"GMY",1894,1894-12-30,33328
"GMY",1895,1895-12-30,30885
"GMY",1896,1896-12-30,30902
"GMY",1897,1897-12-30,39222
"GMY",1898,1898-12-30,35428
"GMY",1899,1899-12-30,37508
"GMY",1900,1900-12-30,39681
"GMY",1901,1901-12-30,42008
"GMY",1902,1902-12-30,42770
"GMY",1903,1903-12-30,42263
"GMY",1904,1904-12-30,42420
"GMY",1905,1905-12-30,46167
"GMY",1906,1906-12-30,48721
"GMY",1907,1907-12-30,51965
"GMY",1908,1908-12-30,57865
"GMY",1909,1909-12-30,58567
"GMY",1910,1910-12-30,60416
"GMY",1911,1911-12-30,61652
"GMY",1912,1912-12-30,63926
"GMY",1913,1913-12-30,88418
"GMY",1914,1914-12-29,1785000
"GMY",1915,1915-12-29,5014000
"GMY",1916,1916-12-29,4974000
"GMY",1917,1917-12-29,7150000
"GMY",1918,1918-12-30,8779000
"GMY",1919,1919-12-30,80023
"GMY",1920,1920-12-30,79025
"GMY",1921,1921-12-30,74696
"GMY",1922,1922-12-30,27754
"GMY",1923,1923-12-30,866282
"GMY",1924,1924-12-30,118739
"GMY",1925,1925-12-30,147858
"GMY",1926,1926-12-30,156632
"GMY",1927,1927-12-30,169185
"GMY",1928,1928-12-30,183045
"GMY",1929,1929-12-30,164457
"GMY",1930,1930-12-30,162783
"GMY",1931,1931-12-30,146845
"GMY",1932,1932-12-30,149553
"GMY",1933,1933-12-30,452198
"GMY",1934,1934-12-30,709088
"GMY",1935,1935-12-30,1607587
"GMY",1936,1936-12-30,2332782
"GMY",1937,1937-12-30,3298869
"GMY",1938,1938-12-30,7415163
"GMY",1939,1939-12-30,1.2e+07
"GMY",1940,1940-12-29,21200000
"GMY",1941,1941-12-29,28900000
"GMY",1942,1942-12-29,36900000
"GMY",1943,1943-12-29,44800000
"GMY",1944,1944-12-29,50736000
"GMY",1945,1945-12-29,10648000
"GMY",1990,1990-12-29,37200000
"GMY",1991,1991-12-29,32300000
"GMY",1992,1992-12-29,33380000
"GMY",1993,1993-12-29,36700000
"GMY",1994,1994-12-29,35300000
"GMY",1995,1995-12-29,41157000
"GMY",1996,1996-12-29,39828000
"GMY",1997,1997-12-29,33217000
"GMY",1998,1998-12-29,33802000
"GMY",1999,1999-12-29,31182000
"GMY",2000,2000-12-29,27924000
"GMY",2001,2001-12-29,26902000
"GMY",2002,2002-12-29,29404000
"GMY",2003,2003-12-29,35295000
"GMY",2004,2004-12-29,37790000
"GMY",2005,2005-12-29,38250000
"GMY",2006,2006-12-29,37956000
"GMY",2007,2007-12-29,42108000
"GMY",2008,2008-12-29,46943000
"GMY",2009,2009-12-29,47466000
"GMY",2010,2010-12-29,45875000
"GMY",2011,2011-12-29,46022000
"GMY",2012,2012-12-29,40994000
"GMY",2013,2013-12-29,44201000
"GMY",2014,2014-12-29,43934000
"GMY",2015,2015-12-29,36686000
"GMY",2016,2016-12-29,38281000
"GFR",1955,1955-12-29,1757856
"GFR",1956,1956-12-29,1710794
"GFR",1957,1957-12-29,2134317
"GFR",1958,1958-12-29,1630889
"GFR",1959,1959-12-29,2653661
"GFR",1960,1960-12-29,2905275
"GFR",1961,1961-12-29,3158714
"GFR",1962,1962-12-29,4310057
"GFR",1963,1963-12-29,4983487
"GFR",1964,1964-12-29,4918991
"GFR",1965,1965-12-29,5007541
"GFR",1966,1966-12-29,5092779
"GFR",1967,1967-12-29,5382947
"GFR",1968,1968-12-29,4828703
"GFR",1969,1969-12-29,5394248
"GFR",1970,1970-12-29,6117342
"GFR",1971,1971-12-29,7290592
"GFR",1972,1972-12-29,9007088
"GFR",1973,1973-12-29,11938936
"GFR",1974,1974-12-29,13773862
"GFR",1975,1975-12-29,15278218
"GFR",1976,1976-12-29,15457506
"GFR",1977,1977-12-29,17304280
"GFR",1978,1978-12-29,21417405
"GFR",1979,1979-12-29,24776675
"GFR",1980,1980-12-29,26691973
"GFR",1981,1981-12-29,21148592
"GFR",1982,1982-12-29,22346801
"GFR",1983,1983-12-29,23565183
"GFR",1984,1984-12-29,20125634
"GFR",1985,1985-12-29,16649000
"GFR",1986,1986-12-29,23110000
"GFR",1987,1987-12-29,28290000
"GFR",1988,1988-12-29,29170000
"GFR",1989,1989-12-29,27460000
"GFR",1990,1990-12-29,35610000
"GDR",1957,1957-12-29,370893
"GDR",1958,1958-12-29,465300
"GDR",1959,1959-12-29,544498
"GDR",1960,1960-12-29,286000
"GDR",1961,1961-12-29,289001
"GDR",1962,1962-12-29,780302
"GDR",1963,1963-12-29,817590
"GDR",1964,1964-12-29,855508
"GDR",1965,1965-12-29,920701
"GDR",1966,1966-12-29,992002
"GDR",1967,1967-12-29,1148398
"GDR",1968,1968-12-29,2018373
"GDR",1969,1969-12-29,2247866
"GDR",1970,1970-12-29,2523373
"GDR",1971,1971-12-29,2984200
"GDR",1972,1972-12-29,3264900
"GDR",1973,1973-12-29,3691000
"GDR",1974,1974-12-29,4101400
"GDR",1975,1975-12-29,4404000
"GDR",1976,1976-12-29,4881100
"GDR",1977,1977-12-29,5459300
"GDR",1978,1978-12-29,5992200
"GDR",1979,1979-12-29,6277600
"GDR",1980,1980-12-29,7178263
"GDR",1981,1981-12-29,8111249
"GDR",1982,1982-12-29,9161045
"GDR",1983,1983-12-29,9806041
"GDR",1984,1984-12-29,7710689
"GDR",1985,1985-12-29,7981000
"GDR",1986,1986-12-29,8948000
"GDR",1987,1987-12-29,11626000
"GDR",1988,1988-12-29,12770000
"GDR",1989,1989-12-29,13970000
"POL",1920,1920-12-30,13545
"POL",1921,1921-12-30,110287
"POL",1922,1922-12-30,47383
"POL",1923,1923-12-30,151393
"POL",1924,1924-12-30,125245
"POL",1925,1925-12-30,125724
"POL",1926,1926-12-30,89833
"POL",1927,1927-12-30,94903
"POL",1928,1928-12-30,97473
"POL",1929,1929-12-30,96992
"POL",1930,1930-12-30,85501
"POL",1931,1931-12-30,86016
"POL",1932,1932-12-30,86038
"POL",1933,1933-12-30,86072
"POL",1934,1934-12-30,134938
"POL",1935,1935-12-30,145075
"POL",1936,1936-12-30,144864
"POL",1937,1937-12-30,145485
"POL",1938,1938-12-30,151521
"POL",1939,1939-12-30,968472
"POL",1945,1945-12-29,1789566
"POL",1946,1946-12-29,2638901
"POL",1947,1947-12-29,3547189
"POL",1948,1948-12-29,4220484
"POL",1949,1949-12-29,5729645
"POL",1950,1950-12-29,1020644
"POL",1951,1951-12-29,330001
"POL",1952,1952-12-29,521401
"POL",1953,1953-12-29,597399
"POL",1954,1954-12-29,656894
"POL",1955,1955-12-29,793801
"POL",1956,1956-12-29,804960
"POL",1957,1957-12-29,646400
"POL",1958,1958-12-29,716800
"POL",1959,1959-12-29,915200
"POL",1960,1960-12-29,938701
"POL",1961,1961-12-29,1071000
"POL",1962,1962-12-29,1159200
"POL",1963,1963-12-29,1304100
"POL",1964,1964-12-29,1379700
"POL",1965,1965-12-29,1486800
"POL",1966,1966-12-29,1612798
"POL",1967,1967-12-29,1716000
"POL",1968,1968-12-29,2037000
"POL",1969,1969-12-29,2310001
"POL",1970,1970-12-29,2619601
"POL",1971,1971-12-29,3861700
"POL",1972,1972-12-29,4300600
"POL",1973,1973-12-29,4717700
"POL",1974,1974-12-29,5351800
"POL",1975,1975-12-29,5982600
"POL",1976,1976-12-29,6505500
"POL",1977,1977-12-29,7430300
"POL",1978,1978-12-29,7719600
"POL",1979,1979-12-29,8281700
"POL",1980,1980-12-29,9633215
"POL",1981,1981-12-29,10345629
"POL",1982,1982-12-29,12421554
"POL",1983,1983-12-29,12282047
"POL",1984,1984-12-29,12105603
"POL",1985,1985-12-29,7309000
"POL",1986,1986-12-29,8490000
"POL",1987,1987-12-29,5900000
"POL",1988,1988-12-29,1219000
"POL",1989,1989-12-29,3230000
"POL",1990,1990-12-29,2540000
"POL",1991,1991-12-29,2610000
"POL",1992,1992-12-29,1900000
"POL",1993,1993-12-29,2200000
"POL",1994,1994-12-29,2300000
"POL",1995,1995-12-29,2753000
"POL",1996,1996-12-29,3730000
"POL",1997,1997-12-29,3073000
"POL",1998,1998-12-29,3491000
"POL",1999,1999-12-29,3222000
"POL",2000,2000-12-29,3092000
"POL",2001,2001-12-29,3408000
"POL",2002,2002-12-29,3574000
"POL",2003,2003-12-29,3977000
"POL",2004,2004-12-29,4605000
"POL",2005,2005-12-29,5545000
"POL",2006,2006-12-29,6136000
"POL",2007,2007-12-29,7983000
"POL",2008,2008-12-29,10176000
"POL",2009,2009-12-29,7297000
"POL",2010,2010-12-29,8273000
"POL",2011,2011-12-29,9227000
"POL",2012,2012-12-29,8543000
"POL",2013,2013-12-29,9829000
"POL",2014,2014-12-29,10380000
"POL",2015,2015-12-29,10308000
"POL",2016,2016-12-29,9073000
"AUH",1817,1817-12-30,6815
"AUH",1818,1818-12-30,5948
"AUH",1819,1819-12-30,5525
"AUH",1820,1820-12-30,6175
"AUH",1821,1821-12-30,7864
"AUH",1822,1822-12-30,7066
"AUH",1823,1823-12-30,6136
"AUH",1824,1824-12-30,5805
"AUH",1825,1825-12-30,5087
"AUH",1826,1826-12-30,4635
"AUH",1827,1827-12-30,4722
"AUH",1828,1828-12-30,4932
"AUH",1829,1829-12-30,5253
"AUH",1830,1830-12-30,4567
"AUH",1831,1831-12-30,7634
"AUH",1832,1832-12-30,7231
"AUH",1833,1833-12-30,6829
"AUH",1834,1834-12-30,6963
"AUH",1835,1835-12-30,6827
"AUH",1836,1836-12-30,5646
"AUH",1837,1837-12-30,5136
"AUH",1838,1838-12-30,5326
"AUH",1839,1839-12-30,5501
"AUH",1840,1840-12-30,5574
"AUH",1841,1841-12-30,5877
"AUH",1842,1842-12-30,5399
"AUH",1843,1843-12-30,5405
"AUH",1844,1844-12-30,5398
"AUH",1845,1845-12-30,5272
"AUH",1846,1846-12-30,5882
"AUH",1847,1847-12-30,6278
"AUH",1848,1848-12-30,7074
"AUH",1849,1849-12-30,15472
"AUH",1850,1850-12-30,11210
"AUH",1851,1851-12-30,10118
"AUH",1852,1852-12-30,9491
"AUH",1853,1853-12-30,10937
"AUH",1854,1854-12-30,17799
"AUH",1855,1855-12-30,17078
"AUH",1856,1856-12-30,11198
"AUH",1857,1857-12-30,11607
"AUH",1858,1858-12-30,12835
"AUH",1859,1859-12-30,22828
"AUH",1860,1860-12-30,10621
"AUH",1861,1861-12-30,6962
"AUH",1862,1862-12-30,9707
"AUH",1863,1863-12-30,10257
"AUH",1864,1864-12-30,10644
"AUH",1865,1865-12-30,9121
"AUH",1866,1866-12-30,22756
"AUH",1867,1867-12-30,8267
"AUH",1868,1868-12-30,7663
"AUH",1869,1869-12-30,8222
"AUH",1870,1870-12-30,8949
"AUH",1871,1871-12-30,9326
"AUH",1872,1872-12-30,9130
"AUH",1873,1873-12-30,9762
"AUH",1874,1874-12-30,9818
"AUH",1875,1875-12-30,9723
"AUH",1876,1876-12-30,10838
"AUH",1877,1877-12-30,9838
"AUH",1878,1878-12-30,14821
"AUH",1879,1879-12-30,14045
"AUH",1880,1880-12-30,10314
"AUH",1881,1881-12-30,10460
"AUH",1882,1882-12-30,12668
"AUH",1883,1883-12-30,10807
"AUH",1884,1884-12-30,11097
"AUH",1885,1885-12-30,10426
"AUH",1886,1886-12-30,10227
"AUH",1887,1887-12-30,13574
"AUH",1888,1888-12-30,13484
"AUH",1889,1889-12-30,12947
"AUH",1890,1890-12-30,12801
"AUH",1891,1891-12-30,13455
"AUH",1892,1892-12-30,13116
"AUH",1893,1893-12-30,13477
"AUH",1894,1894-12-30,13319
"AUH",1895,1895-12-30,13719
"AUH",1896,1896-12-30,14144
"AUH",1897,1897-12-30,16042
"AUH",1898,1898-12-30,16755
"AUH",1899,1899-12-30,16462
"AUH",1900,1900-12-30,16242
"AUH",1901,1901-12-30,16948
"AUH",1902,1902-12-30,17147
"AUH",1903,1903-12-30,17630
"AUH",1904,1904-12-30,19241
"AUH",1905,1905-12-30,20591
"AUH",1906,1906-12-30,20252
"AUH",1907,1907-12-30,20297
"AUH",1908,1908-12-30,22296
"AUH",1909,1909-12-30,26217
"AUH",1910,1910-12-30,23208
"AUH",1911,1911-12-30,22227
"AUH",1912,1912-12-30,27376
"AUH",1913,1913-12-30,37513
"AUH",1914,1914-12-29,1042000
"AUH",1915,1915-12-29,2013000
"AUH",1916,1916-12-29,2445000
"AUH",1917,1917-12-29,2862000
"AUH",1918,1918-12-30,2133000
"AUS",1920,1920-12-30,5649
"AUS",1921,1921-12-30,5649
"AUS",1922,1922-12-30,18198
"AUS",1923,1923-12-30,8720
"AUS",1924,1924-12-30,8992
"AUS",1925,1925-12-30,9723
"AUS",1926,1926-12-30,10136
"AUS",1927,1927-12-30,11954
"AUS",1928,1928-12-30,13860
"AUS",1929,1929-12-30,14029
"AUS",1930,1930-12-30,15242
"AUS",1931,1931-12-30,14283
"AUS",1932,1932-12-30,11340
"AUS",1933,1933-12-30,12054
"AUS",1934,1934-12-30,19646
"AUS",1935,1935-12-30,21808
"AUS",1936,1936-12-30,23763
"AUS",1937,1937-12-30,39383
"AUS",1938,1938-12-30,41523
"AUS",1955,1955-12-29,7209
"AUS",1956,1956-12-29,38500
"AUS",1957,1957-12-29,65923
"AUS",1958,1958-12-29,76385
"AUS",1959,1959-12-29,76500
"AUS",1960,1960-12-29,72724
"AUS",1961,1961-12-29,72581
"AUS",1962,1962-12-29,80247
"AUS",1963,1963-12-29,100851
"AUS",1964,1964-12-29,131736
"AUS",1965,1965-12-29,114302
"AUS",1966,1966-12-29,134183
"AUS",1967,1967-12-29,141297
"AUS",1968,1968-12-29,145865
"AUS",1969,1969-12-29,154791
"AUS",1970,1970-12-29,164722
"AUS",1971,1971-12-29,172276
"AUS",1972,1972-12-29,211984
"AUS",1973,1973-12-29,271910
"AUS",1974,1974-12-29,351210
"AUS",1975,1975-12-29,456221
"AUS",1976,1976-12-29,499028
"AUS",1977,1977-12-29,575724
"AUS",1978,1978-12-29,741427
"AUS",1979,1979-12-29,863330
"AUS",1980,1980-12-29,947596
"AUS",1981,1981-12-29,700215
"AUS",1982,1982-12-29,829546
"AUS",1983,1983-12-29,937463
"AUS",1984,1984-12-29,792584
"AUS",1985,1985-12-29,863940
"AUS",1986,1986-12-29,1230000
"AUS",1987,1987-12-29,1446000
"AUS",1988,1988-12-29,1430000
"AUS",1989,1989-12-29,1410000
"AUS",1990,1990-12-29,1540000
"AUS",1991,1991-12-29,1680000
"AUS",1992,1992-12-29,1660000
"AUS",1993,1993-12-29,1730000
"AUS",1994,1994-12-29,1600000
"AUS",1995,1995-12-29,2129000
"AUS",1996,1996-12-29,2098000
"AUS",1997,1997-12-29,1786000
"AUS",1998,1998-12-29,1796000
"AUS",1999,1999-12-29,1696000
"AUS",2000,2000-12-29,1612000
"AUS",2001,2001-12-29,1417000
"AUS",2002,2002-12-29,1532000
"AUS",2003,2003-12-29,1958000
"AUS",2004,2004-12-29,2222000
"AUS",2005,2005-12-29,2263000
"AUS",2006,2006-12-29,2630000
"AUS",2007,2007-12-29,3603000
"AUS",2008,2008-12-29,3193000
"AUS",2009,2009-12-29,2800000
"AUS",2010,2010-12-29,2687000
"AUS",2011,2011-12-29,3433000
"AUS",2012,2012-12-29,3232000
"AUS",2013,2013-12-29,3232000
"AUS",2014,2014-12-29,3325000
"AUS",2015,2015-12-29,2051000
"AUS",2016,2016-12-29,2313000
"HUN",1919,1919-12-30,9584
"HUN",1920,1920-12-30,9071
"HUN",1921,1921-12-30,7250
"HUN",1922,1922-12-30,18996
"HUN",1924,1924-12-30,32126
"HUN",1925,1925-12-30,18812
"HUN",1926,1926-12-30,19484
"HUN",1927,1927-12-30,18147
"HUN",1928,1928-12-30,19425
"HUN",1929,1929-12-30,19766
"HUN",1930,1930-12-30,19022
"HUN",1931,1931-12-30,16607
"HUN",1932,1932-12-30,16100
"HUN",1933,1933-12-30,14825
"HUN",1934,1934-12-30,24525
"HUN",1935,1935-12-30,28235
"HUN",1936,1936-12-30,31686
"HUN",1937,1937-12-30,40571
"HUN",1938,1938-12-30,45848
"HUN",1939,1939-12-30,57861
"HUN",1941,1941-12-29,110555
"HUN",1943,1943-12-29,242120
"HUN",1944,1944-12-29,433638
"HUN",1946,1946-12-29,105863
"HUN",1947,1947-12-29,118212
"HUN",1948,1948-12-29,127655
"HUN",1949,1949-12-29,136850
"HUN",1950,1950-12-29,142758
"HUN",1951,1951-12-29,149672
"HUN",1952,1952-12-29,153421
"HUN",1953,1953-12-29,165844
"HUN",1954,1954-12-29,171981
"HUN",1955,1955-12-29,184628
"HUN",1956,1956-12-29,212680
"HUN",1957,1957-12-29,99424
"HUN",1958,1958-12-29,136412
"HUN",1959,1959-12-29,140000
"HUN",1960,1960-12-29,173623
"HUN",1961,1961-12-29,203090
"HUN",1962,1962-12-29,284885
"HUN",1963,1963-12-29,350899
"HUN",1964,1964-12-29,348290
"HUN",1965,1965-12-29,280781
"HUN",1966,1966-12-29,288647
"HUN",1967,1967-12-29,320784
"HUN",1968,1968-12-29,456158
"HUN",1969,1969-12-29,947858
"HUN",1970,1970-12-29,728753
"HUN",1971,1971-12-29,1249100
"HUN",1972,1972-12-29,1276800
"HUN",1973,1973-12-29,1373900
"HUN",1974,1974-12-29,1562000
"HUN",1975,1975-12-29,1712200
"HUN",1976,1976-12-29,1657400
"HUN",1977,1977-12-29,1743200
"HUN",1978,1978-12-29,2027100
"HUN",1979,1979-12-29,2014800
"HUN",1980,1980-12-29,2618459
"HUN",1981,1981-12-29,2893015
"HUN",1982,1982-12-29,3084079
"HUN",1983,1983-12-29,3134502
"HUN",1984,1984-12-29,2136477
"HUN",1985,1985-12-29,1548973
"HUN",1986,1986-12-29,2400000
"HUN",1987,1987-12-29,2369000
"HUN",1988,1988-12-29,975000
"HUN",1989,1989-12-29,1810000
"HUN",1990,1990-12-29,1450000
"HUN",1991,1991-12-29,1240000
"HUN",1992,1992-12-29,816800
"HUN",1993,1993-12-29,702200
"HUN",1994,1994-12-29,770000
"HUN",1995,1995-12-29,613000
"HUN",1996,1996-12-29,713000
"HUN",1997,1997-12-29,666000
"HUN",1998,1998-12-29,673000
"HUN",1999,1999-12-29,768000
"HUN",2000,2000-12-29,805000
"HUN",2001,2001-12-29,909000
"HUN",2002,2002-12-29,1088000
"HUN",2003,2003-12-29,1403000
"HUN",2004,2004-12-29,1531000
"HUN",2005,2005-12-29,1601000
"HUN",2006,2006-12-29,1413000
"HUN",2007,2007-12-29,1530000
"HUN",2008,2008-12-29,1869000
"HUN",2009,2009-12-29,1476000
"HUN",2010,2010-12-29,1348000
"HUN",2011,2011-12-29,1330000
"HUN",2012,2012-12-29,1323000
"HUN",2013,2013-12-29,1100000
"HUN",2014,2014-12-29,1004000
"HUN",2015,2015-12-29,879000
"HUN",2016,2016-12-29,996000
"CZE",1918,1918-12-30,19847
"CZE",1919,1919-12-30,21741
"CZE",1920,1920-12-30,23351
"CZE",1921,1921-12-30,27478
"CZE",1922,1922-12-30,34809
"CZE",1923,1923-12-30,66784
"CZE",1924,1924-12-30,64249
"CZE",1925,1925-12-30,59127
"CZE",1926,1926-12-30,48949
"CZE",1927,1927-12-30,52114
"CZE",1928,1928-12-30,53620
"CZE",1929,1929-12-30,53043
"CZE",1930,1930-12-30,50335
"CZE",1931,1931-12-30,52226
"CZE",1932,1932-12-30,47952
"CZE",1933,1933-12-30,45995
"CZE",1934,1934-12-30,83542
"CZE",1935,1935-12-30,67319
"CZE",1936,1936-12-30,83040
"CZE",1937,1937-12-30,156591
"CZE",1938,1938-12-30,201459
"CZE",1939,1939-12-30,268742
"CZE",1945,1945-12-29,305677
"CZE",1946,1946-12-29,379912
"CZE",1947,1947-12-29,466921
"CZE",1948,1948-12-29,537758
"CZE",1949,1949-12-29,618566
"CZE",1950,1950-12-29,726940
"CZE",1951,1951-12-29,893010
"CZE",1952,1952-12-29,821650
"CZE",1953,1953-12-29,764401
"CZE",1954,1954-12-29,717597
"CZE",1955,1955-12-29,825411
"CZE",1956,1956-12-29,917982
"CZE",1957,1957-12-29,967198
"CZE",1958,1958-12-29,961195
"CZE",1959,1959-12-29,968001
"CZE",1960,1960-12-29,1003203
"CZE",1961,1961-12-29,1111500
"CZE",1962,1962-12-29,1275300
"CZE",1963,1963-12-29,1266994
"CZE",1964,1964-12-29,1205602
"CZE",1965,1965-12-29,1184626
"CZE",1966,1966-12-29,1300925
"CZE",1967,1967-12-29,1510973
"CZE",1968,1968-12-29,1740938
"CZE",1969,1969-12-29,1997507
"CZE",1970,1970-12-29,2178178
"CZE",1971,1971-12-29,2580700
"CZE",1972,1972-12-29,2826300
"CZE",1973,1973-12-29,3151000
"CZE",1974,1974-12-29,3389700
"CZE",1975,1975-12-29,3778500
"CZE",1976,1976-12-29,4017100
"CZE",1977,1977-12-29,4203400
"CZE",1978,1978-12-29,4686400
"CZE",1979,1979-12-29,5039800
"CZE",1980,1980-12-29,5332014
"CZE",1981,1981-12-29,5949861
"CZE",1982,1982-12-29,6800127
"CZE",1983,1983-12-29,7157239
"CZE",1984,1984-12-29,5052634
"CZE",1985,1985-12-29,4849000
"CZE",1986,1986-12-29,4730000
"CZE",1987,1987-12-29,5420000
"CZE",1988,1988-12-29,5360000
"CZE",1989,1989-12-29,4600000
"CZE",1990,1990-12-29,4320000
"CZE",1991,1991-12-29,946400
"CZE",1992,1992-12-29,954000
"ITA",1816,1816-12-30,836
"ITA",1817,1817-12-30,859
"ITA",1818,1818-12-30,867
"ITA",1819,1819-12-30,893
"ITA",1820,1820-12-30,908
"ITA",1821,1821-12-30,931
"ITA",1822,1822-12-30,967
"ITA",1823,1823-12-30,983
"ITA",1824,1824-12-30,1004
"ITA",1825,1825-12-30,1024
"ITA",1826,1826-12-30,1046
"ITA",1827,1827-12-30,1067
"ITA",1828,1828-12-30,1082
"ITA",1829,1829-12-30,1109
"ITA",1830,1830-12-30,1124
"ITA",1831,1831-12-30,1468
"ITA",1832,1832-12-30,1327
"ITA",1833,1833-12-30,1238
"ITA",1834,1834-12-30,1325
"ITA",1835,1835-12-30,1247
"ITA",1836,1836-12-30,1148
"ITA",1837,1837-12-30,1138
"ITA",1838,1838-12-30,1143
"ITA",1839,1839-12-30,1171
"ITA",1840,1840-12-30,1322
"ITA",1841,1841-12-30,1228
"ITA",1842,1842-12-30,1161
"ITA",1843,1843-12-30,1129
"ITA",1844,1844-12-30,1245
"ITA",1845,1845-12-30,1241
"ITA",1846,1846-12-30,1290
"ITA",1847,1847-12-30,1270
"ITA",1848,1848-12-30,3985
"ITA",1849,1849-12-30,3646
"ITA",1850,1850-12-30,1612
"ITA",1851,1851-12-30,1538
"ITA",1852,1852-12-30,1490
"ITA",1853,1853-12-30,1444
"ITA",1854,1854-12-30,1448
"ITA",1855,1855-12-30,2241
"ITA",1856,1856-12-30,2564
"ITA",1857,1857-12-30,1665
"ITA",1858,1858-12-30,1641
"ITA",1859,1859-12-30,5716
"ITA",1860,1860-12-30,10808
"ITA",1861,1861-12-30,11509
"ITA",1862,1862-12-30,14639
"ITA",1863,1863-12-30,12828
"ITA",1864,1864-12-30,12750
"ITA",1865,1865-12-30,9102
"ITA",1866,1866-12-30,22345
"ITA",1867,1867-12-30,7084
"ITA",1868,1868-12-30,6786
"ITA",1869,1869-12-30,6746
"ITA",1870,1870-12-30,8053
"ITA",1871,1871-12-30,6531
"ITA",1872,1872-12-30,7052
"ITA",1873,1873-12-30,8055
"ITA",1874,1874-12-30,7198
"ITA",1875,1875-12-30,7677
"ITA",1876,1876-12-30,8066
"ITA",1877,1877-12-30,8933
"ITA",1878,1878-12-30,8909
"ITA",1879,1879-12-30,8073
"ITA",1880,1880-12-30,8872
"ITA",1881,1881-12-30,9633
"ITA",1882,1882-12-30,10690
"ITA",1883,1883-12-30,12290
"ITA",1884,1884-12-30,12708
"ITA",1885,1885-12-30,12898
"ITA",1886,1886-12-30,13001
"ITA",1887,1887-12-30,16384
"ITA",1888,1888-12-30,21137
"ITA",1889,1889-12-30,16296
"ITA",1890,1890-12-30,15198
"ITA",1891,1891-12-30,13827
"ITA",1892,1892-12-30,13133
"ITA",1893,1893-12-30,13174
"ITA",1894,1894-12-30,11218
"ITA",1895,1895-12-30,16677
"ITA",1896,1896-12-30,13452
"ITA",1897,1897-12-30,13849
"ITA",1898,1898-12-30,13716
"ITA",1899,1899-12-30,12506
"ITA",1900,1900-12-30,14112
"ITA",1901,1901-12-30,13573
"ITA",1902,1902-12-30,13638
"ITA",1903,1903-12-30,14385
"ITA",1904,1904-12-30,14580
"ITA",1905,1905-12-30,14844
"ITA",1906,1906-12-30,15766
"ITA",1907,1907-12-30,16452
"ITA",1908,1908-12-30,18265
"ITA",1909,1909-12-30,19573
"ITA",1910,1910-12-30,22016
"ITA",1911,1911-12-30,29379
"ITA",1912,1912-12-30,38849
"ITA",1913,1913-12-30,40379
"ITA",1914,1914-12-29,87453
"ITA",1915,1915-12-29,105871
"ITA",1916,1916-12-29,164207
"ITA",1917,1917-12-29,197412
"ITA",1918,1918-12-30,228943
"ITA",1919,1919-12-30,273088
"ITA",1920,1920-12-30,305619
"ITA",1921,1921-12-30,490890
"ITA",1922,1922-12-30,384911
"ITA",1923,1923-12-30,186033
"ITA",1924,1924-12-30,175163
"ITA",1925,1925-12-30,160126
"ITA",1926,1926-12-30,174453
"ITA",1927,1927-12-30,296251
"ITA",1928,1928-12-30,258203
"ITA",1929,1929-12-30,259732
"ITA",1930,1930-12-30,266243
"ITA",1931,1931-12-30,298244
"ITA",1932,1932-12-30,282783
"ITA",1933,1933-12-30,351603
"ITA",1934,1934-12-30,455733
"ITA",1935,1935-12-30,513379
"ITA",1936,1936-12-30,1149686
"ITA",1937,1937-12-30,1235503
"ITA",1938,1938-12-30,746050
"ITA",1939,1939-12-30,669412
"ITA",1940,1940-12-29,606523
"ITA",1941,1941-12-29,541238
"ITA",1942,1942-12-29,493476
"ITA",1943,1943-12-29,412981
"ITA",1944,1944-12-29,342218
"ITA",1945,1945-12-29,305412
"ITA",1946,1946-12-29,213807
"ITA",1947,1947-12-29,309848
"ITA",1948,1948-12-29,446073
"ITA",1949,1949-12-29,523478
"ITA",1950,1950-12-29,564799
"ITA",1951,1951-12-29,731199
"ITA",1952,1952-12-29,833599
"ITA",1953,1953-12-29,768000
"ITA",1954,1954-12-29,869022
"ITA",1955,1955-12-29,881741
"ITA",1956,1956-12-29,934624
"ITA",1957,1957-12-29,977647
"ITA",1958,1958-12-29,1035382
"ITA",1959,1959-12-29,1068909
"ITA",1960,1960-12-29,1144053
"ITA",1961,1961-12-29,1206895
"ITA",1962,1962-12-29,1387366
"ITA",1963,1963-12-29,1661000
"ITA",1964,1964-12-29,1796000
"ITA",1965,1965-12-29,1940000
"ITA",1966,1966-12-29,2148000
"ITA",1967,1967-12-29,2176000
"ITA",1968,1968-12-29,2249000
"ITA",1969,1969-12-29,2265000
"ITA",1970,1970-12-29,2497000
"ITA",1971,1971-12-29,2987434
"ITA",1972,1972-12-29,3707006
"ITA",1973,1973-12-29,4102916
"ITA",1974,1974-12-29,4385984
"ITA",1975,1975-12-29,4754538
"ITA",1976,1976-12-29,4335080
"ITA",1977,1977-12-29,5137184
"ITA",1978,1978-12-29,6246318
"ITA",1979,1979-12-29,7784705
"ITA",1980,1980-12-29,9577908
"ITA",1981,1981-12-29,8024579
"ITA",1982,1982-12-29,9089741
"ITA",1983,1983-12-29,9609477
"ITA",1984,1984-12-29,9353892
"ITA",1985,1985-12-29,8579000
"ITA",1986,1986-12-29,9760000
"ITA",1987,1987-12-29,13360000
"ITA",1988,1988-12-29,16130000
"ITA",1989,1989-12-29,16690000
"ITA",1990,1990-12-29,19580000
"ITA",1991,1991-12-29,19720000
"ITA",1992,1992-12-29,19890000
"ITA",1993,1993-12-29,20570000
"ITA",1994,1994-12-29,16100000
"ITA",1995,1995-12-29,19376000
"ITA",1996,1996-12-29,23947000
"ITA",1997,1997-12-29,22724000
"ITA",1998,1998-12-29,23943000
"ITA",1999,1999-12-29,22664000
"ITA",2000,2000-12-29,20488000
"ITA",2001,2001-12-29,20966000
"ITA",2002,2002-12-29,24422000
"ITA",2003,2003-12-29,30449000
"ITA",2004,2004-12-29,33921000
"ITA",2005,2005-12-29,33699000
"ITA",2006,2006-12-29,33289000
"ITA",2007,2007-12-29,37770000
"ITA",2008,2008-12-29,30934000
"ITA",2009,2009-12-29,30489000
"ITA",2010,2010-12-29,21908000
"ITA",2011,2011-12-29,30251000
"ITA",2012,2012-12-29,26496000
"ITA",2013,2013-12-29,25229000
"ITA",2014,2014-12-29,24274000
"ITA",2015,2015-12-29,21552000
"ITA",2016,2016-12-29,22309000
"ALB",1914,1914-12-29,1663
"ALB",1915,1915-12-29,1612
"ALB",1916,1916-12-29,1598
"ALB",1917,1917-12-29,1567
"ALB",1918,1918-12-30,1545
"ALB",1919,1919-12-30,1523
"ALB",1920,1920-12-30,1493
"ALB",1921,1921-12-30,1442
"ALB",1922,1922-12-30,1411
"ALB",1923,1923-12-30,1213
"ALB",1924,1924-12-30,1104
"ALB",1925,1925-12-30,1036
"ALB",1926,1926-12-30,975
"ALB",1927,1927-12-30,1158
"ALB",1928,1928-12-30,2351
"ALB",1929,1929-12-30,2856
"ALB",1930,1930-12-30,2822
"ALB",1931,1931-12-30,2992
"ALB",1932,1932-12-30,2832
"ALB",1933,1933-12-30,2470
"ALB",1934,1934-12-30,2342
"ALB",1935,1935-12-30,2198
"ALB",1936,1936-12-30,2486
"ALB",1937,1937-12-30,2812
"ALB",1938,1938-12-30,3143
"ALB",1939,1939-12-30,6984
"ALB",1944,1944-12-29,9156
"ALB",1945,1945-12-29,10254
"ALB",1946,1946-12-29,11946
"ALB",1947,1947-12-29,12458
"ALB",1948,1948-12-29,13874
"ALB",1949,1949-12-29,15760
"ALB",1950,1950-12-29,18865
"ALB",1951,1951-12-29,20011
"ALB",1952,1952-12-29,20459
"ALB",1953,1953-12-29,22779
"ALB",1954,1954-12-29,28305
"ALB",1955,1955-12-29,31544
"ALB",1956,1956-12-29,34268
"ALB",1957,1957-12-29,37541
"ALB",1958,1958-12-29,40027
"ALB",1959,1959-12-29,42029
"ALB",1960,1960-12-29,52458
"ALB",1961,1961-12-29,59236
"ALB",1962,1962-12-29,61663
"ALB",1963,1963-12-29,72019
"ALB",1964,1964-12-29,82560
"ALB",1965,1965-12-29,83042
"ALB",1966,1966-12-29,91761
"ALB",1967,1967-12-29,91769
"ALB",1968,1968-12-29,96803
"ALB",1969,1969-12-29,94832
"ALB",1970,1970-12-29,98041
"ALB",1971,1971-12-29,115619
"ALB",1972,1972-12-29,117214
"ALB",1973,1973-12-29,124830
"ALB",1974,1974-12-29,125194
"ALB",1975,1975-12-29,131878
"ALB",1976,1976-12-29,135621
"ALB",1977,1977-12-29,137905
"ALB",1978,1978-12-29,154359
"ALB",1979,1979-12-29,167715
"ALB",1980,1980-12-29,171453
"ALB",1981,1981-12-29,188300
"ALB",1982,1982-12-29,156763
"ALB",1983,1983-12-29,130560
"ALB",1984,1984-12-29,130000
"ALB",1985,1985-12-29,188890
"ALB",1986,1986-12-29,168800
"ALB",1987,1987-12-29,196360
"ALB",1988,1988-12-29,157000
"ALB",1989,1989-12-29,167300
"ALB",1990,1990-12-29,171200
"ALB",1991,1991-12-29,103190
"ALB",1992,1992-12-29,34700
"ALB",1993,1993-12-29,105000
"ALB",1994,1994-12-29,97500
"ALB",1995,1995-12-29,89000
"ALB",1996,1996-12-29,103000
"ALB",1997,1997-12-29,94000
"ALB",1998,1998-12-29,102000
"ALB",1999,1999-12-29,140000
"ALB",2000,2000-12-29,113000
"ALB",2001,2001-12-29,106000
"ALB",2002,2002-12-29,59000
"ALB",2003,2003-12-29,76000
"ALB",2004,2004-12-29,105000
"ALB",2005,2005-12-29,116000
"ALB",2006,2006-12-29,141000
"ALB",2007,2007-12-29,198000
"ALB",2008,2008-12-29,254000
"ALB",2009,2009-12-29,248000
"ALB",2010,2010-12-29,126000
"ALB",2011,2011-12-29,195000
"ALB",2012,2012-12-29,185000
"ALB",2013,2013-12-29,182000
"ALB",2014,2014-12-29,166000
"ALB",2015,2015-12-29,138000
"ALB",2016,2016-12-29,115000
"CRO",1992,1992-12-29,561000
"CRO",1993,1993-12-29,1340000
"CRO",1994,1994-12-29,1e+06
"CRO",1995,1995-12-29,1773000
"CRO",1996,1996-12-29,1308000
"CRO",1997,1997-12-29,1241000
"CRO",1998,1998-12-29,1089000
"CRO",1999,1999-12-29,662000
"CRO",2000,2000-12-29,509000
"CRO",2001,2001-12-29,512000
"CRO",2002,2002-12-29,553000
"CRO",2003,2003-12-29,596000
"CRO",2004,2004-12-29,594000
"CRO",2005,2005-12-29,6e+05
"CRO",2006,2006-12-29,693000
"CRO",2007,2007-12-29,843000
"CRO",2008,2008-12-29,1090000
"CRO",2009,2009-12-29,1014000
"CRO",2010,2010-12-29,1027000
"CRO",2011,2011-12-29,776000
"CRO",2012,2012-12-29,827000
"CRO",2013,2013-12-29,813000
"CRO",2014,2014-12-29,774000
"CRO",2015,2015-12-29,674000
"CRO",2016,2016-12-29,588000
"YUG",1878,1878-12-30,281
"YUG",1879,1879-12-30,302
"YUG",1880,1880-12-30,349
"YUG",1881,1881-12-30,357
"YUG",1882,1882-12-30,415
"YUG",1883,1883-12-30,523
"YUG",1884,1884-12-30,648
"YUG",1885,1885-12-30,603
"YUG",1886,1886-12-30,555
"YUG",1887,1887-12-30,555
"YUG",1888,1888-12-30,575
"YUG",1889,1889-12-30,575
"YUG",1890,1890-12-30,382
"YUG",1891,1891-12-30,386
"YUG",1892,1892-12-30,449
"YUG",1893,1893-12-30,449
"YUG",1894,1894-12-30,494
"YUG",1895,1895-12-30,494
"YUG",1896,1896-12-30,560
"YUG",1897,1897-12-30,560
"YUG",1898,1898-12-30,625
"YUG",1899,1899-12-30,720
"YUG",1900,1900-12-30,794
"YUG",1901,1901-12-30,711
"YUG",1902,1902-12-30,675
"YUG",1903,1903-12-30,732
"YUG",1904,1904-12-30,904
"YUG",1905,1905-12-30,804
"YUG",1906,1906-12-30,805
"YUG",1907,1907-12-30,817
"YUG",1908,1908-12-30,862
"YUG",1909,1909-12-30,1070
"YUG",1910,1910-12-30,1031
"YUG",1911,1911-12-30,1071
"YUG",1912,1912-12-30,1184
"YUG",1913,1913-12-30,1194
"YUG",1914,1914-12-29,4156
"YUG",1915,1915-12-29,9741
"YUG",1916,1916-12-29,11987
"YUG",1917,1917-12-29,16789
"YUG",1918,1918-12-30,20145
"YUG",1919,1919-12-30,26974
"YUG",1920,1920-12-30,30270
"YUG",1921,1921-12-30,33109
"YUG",1922,1922-12-30,22668
"YUG",1923,1923-12-30,13941
"YUG",1924,1924-12-30,22171
"YUG",1925,1925-12-30,39445
"YUG",1926,1926-12-30,41566
"YUG",1927,1927-12-30,42299
"YUG",1928,1928-12-30,42743
"YUG",1929,1929-12-30,40638
"YUG",1930,1930-12-30,42721
"YUG",1931,1931-12-30,38724
"YUG",1932,1932-12-30,35890
"YUG",1933,1933-12-30,24540
"YUG",1934,1934-12-30,41973
"YUG",1935,1935-12-30,45600
"YUG",1936,1936-12-30,51168
"YUG",1937,1937-12-30,55651
"YUG",1938,1938-12-30,64038
"YUG",1939,1939-12-30,98514
"YUG",1940,1940-12-29,121456
"YUG",1941,1941-12-29,179324
"YUG",1944,1944-12-29,211587
"YUG",1945,1945-12-29,284155
"YUG",1946,1946-12-29,301243
"YUG",1947,1947-12-29,330000
"YUG",1948,1948-12-29,540000
"YUG",1949,1949-12-29,474460
"YUG",1950,1950-12-29,790000
"YUG",1951,1951-12-29,668400
"YUG",1952,1952-12-29,607333
"YUG",1953,1953-12-29,558000
"YUG",1954,1954-12-29,542333
"YUG",1955,1955-12-29,531000
"YUG",1956,1956-12-29,526667
"YUG",1957,1957-12-29,530000
"YUG",1958,1958-12-29,595000
"YUG",1959,1959-12-29,652000
"YUG",1960,1960-12-29,692333
"YUG",1961,1961-12-29,825667
"YUG",1962,1962-12-29,360133
"YUG",1963,1963-12-29,381600
"YUG",1964,1964-12-29,442800
"YUG",1965,1965-12-29,574000
"YUG",1966,1966-12-29,405600
"YUG",1967,1967-12-29,430560
"YUG",1968,1968-12-29,512480
"YUG",1969,1969-12-29,558400
"YUG",1970,1970-12-29,667000
"YUG",1971,1971-12-29,598208
"YUG",1972,1972-12-29,689176
"YUG",1973,1973-12-29,871456
"YUG",1974,1974-12-29,1325960
"YUG",1975,1975-12-29,1657368
"YUG",1976,1976-12-29,1826747
"YUG",1977,1977-12-29,2125369
"YUG",1978,1978-12-29,2334799
"YUG",1979,1979-12-29,2766582
"YUG",1980,1980-12-29,2949019
"YUG",1981,1981-12-29,2464000
"YUG",1982,1982-12-29,2357841
"YUG",1983,1983-12-29,2309518
"YUG",1984,1984-12-29,1599287
"YUG",1985,1985-12-29,1078945
"YUG",1986,1986-12-29,2070000
"YUG",1987,1987-12-29,2710000
"YUG",1988,1988-12-29,2860000
"YUG",1989,1989-12-29,2130000
"YUG",1990,1990-12-29,3520000
"YUG",1991,1991-12-29,3490000
"YUG",1992,1992-12-29,1300000
"YUG",1994,1994-12-29,2979000
"YUG",1995,1995-12-29,3111000
"YUG",1996,1996-12-29,1502000
"YUG",1997,1997-12-29,1489000
"YUG",1998,1998-12-29,1585000
"YUG",1999,1999-12-29,1654000
"YUG",2000,2000-12-29,1826000
"YUG",2001,2001-12-29,609000
"YUG",2002,2002-12-29,645000
"YUG",2003,2003-12-29,631000
"YUG",2004,2004-12-29,733000
"YUG",2005,2005-12-29,634000
"YUG",2006,2006-12-29,812000
"YUG",2007,2007-12-29,985000
"YUG",2008,2008-12-29,1034000
"YUG",2009,2009-12-29,969000
"YUG",2010,2010-12-29,844000
"YUG",2011,2011-12-29,972000
"YUG",2012,2012-12-29,841000
"YUG",2013,2013-12-29,681000
"YUG",2014,2014-12-29,711000
"YUG",2015,2015-12-29,592000
"YUG",2016,2016-12-29,507000
"GRC",1843,1843-12-30,252
"GRC",1844,1844-12-30,233
"GRC",1845,1845-12-30,221
"GRC",1846,1846-12-30,212
"GRC",1847,1847-12-30,221
"GRC",1848,1848-12-30,233
"GRC",1849,1849-12-30,239
"GRC",1850,1850-12-30,245
"GRC",1851,1851-12-30,246
"GRC",1852,1852-12-30,247
"GRC",1853,1853-12-30,236
"GRC",1854,1854-12-30,229
"GRC",1855,1855-12-30,249
"GRC",1856,1856-12-30,267
"GRC",1857,1857-12-30,261
"GRC",1858,1858-12-30,258
"GRC",1859,1859-12-30,302
"GRC",1860,1860-12-30,317
"GRC",1861,1861-12-30,316
"GRC",1862,1862-12-30,314
"GRC",1863,1863-12-30,265
"GRC",1864,1864-12-30,234
"GRC",1865,1865-12-30,274
"GRC",1866,1866-12-30,309
"GRC",1867,1867-12-30,336
"GRC",1868,1868-12-30,342
"GRC",1869,1869-12-30,350
"GRC",1870,1870-12-30,360
"GRC",1871,1871-12-30,350
"GRC",1872,1872-12-30,360
"GRC",1873,1873-12-30,312
"GRC",1874,1874-12-30,329
"GRC",1875,1875-12-30,341
"GRC",1876,1876-12-30,334
"GRC",1877,1877-12-30,345
"GRC",1878,1878-12-30,498
"GRC",1879,1879-12-30,604
"GRC",1880,1880-12-30,468
"GRC",1881,1881-12-30,271
"GRC",1882,1882-12-30,662
"GRC",1883,1883-12-30,995
"GRC",1884,1884-12-30,835
"GRC",1885,1885-12-30,864
"GRC",1886,1886-12-30,912
"GRC",1887,1887-12-30,862
"GRC",1888,1888-12-30,688
"GRC",1889,1889-12-30,757
"GRC",1890,1890-12-30,824
"GRC",1891,1891-12-30,844
"GRC",1892,1892-12-30,785
"GRC",1893,1893-12-30,745
"GRC",1894,1894-12-30,781
"GRC",1895,1895-12-30,828
"GRC",1896,1896-12-30,856
"GRC",1897,1897-12-30,924
"GRC",1898,1898-12-30,896
"GRC",1899,1899-12-30,1015
"GRC",1900,1900-12-30,1027
"GRC",1901,1901-12-30,1000
"GRC",1902,1902-12-30,1000
"GRC",1903,1903-12-30,1019
"GRC",1904,1904-12-30,1163
"GRC",1905,1905-12-30,1068
"GRC",1906,1906-12-30,1112
"GRC",1907,1907-12-30,1044
"GRC",1908,1908-12-30,1148
"GRC",1909,1909-12-30,1106
"GRC",1910,1910-12-30,1373
"GRC",1911,1911-12-30,1182
"GRC",1912,1912-12-30,1202
"GRC",1913,1913-12-30,4920
"GRC",1914,1914-12-29,7821
"GRC",1915,1915-12-29,9347
"GRC",1916,1916-12-29,12748
"GRC",1917,1917-12-29,34561
"GRC",1918,1918-12-30,40232
"GRC",1919,1919-12-30,53249
"GRC",1920,1920-12-30,63713
"GRC",1921,1921-12-30,143581
"GRC",1922,1922-12-30,95188
"GRC",1923,1923-12-30,32837
"GRC",1924,1924-12-30,38119
"GRC",1925,1925-12-30,21961
"GRC",1926,1926-12-30,38255
"GRC",1927,1927-12-30,24559
"GRC",1928,1928-12-30,22680
"GRC",1929,1929-12-30,24004
"GRC",1930,1930-12-30,23980
"GRC",1931,1931-12-30,25814
"GRC",1932,1932-12-30,22571
"GRC",1933,1933-12-30,9407
"GRC",1934,1934-12-30,18758
"GRC",1935,1935-12-30,22408
"GRC",1936,1936-12-30,43496
"GRC",1937,1937-12-30,45863
"GRC",1938,1938-12-30,30122
"GRC",1939,1939-12-30,49784
"GRC",1940,1940-12-29,62145
"GRC",1941,1941-12-29,79821
"GRC",1945,1945-12-29,86098
"GRC",1946,1946-12-29,95622
"GRC",1947,1947-12-29,99740
"GRC",1948,1948-12-29,100488
"GRC",1949,1949-12-29,108667
"GRC",1950,1950-12-29,131400
"GRC",1951,1951-12-29,174333
"GRC",1952,1952-12-29,176295
"GRC",1953,1953-12-29,183732
"GRC",1954,1954-12-29,114267
"GRC",1955,1955-12-29,122525
"GRC",1956,1956-12-29,164633
"GRC",1957,1957-12-29,149233
"GRC",1958,1958-12-29,148967
"GRC",1959,1959-12-29,157833
"GRC",1960,1960-12-29,170333
"GRC",1961,1961-12-29,167800
"GRC",1962,1962-12-29,170067
"GRC",1963,1963-12-29,179500
"GRC",1964,1964-12-29,188233
"GRC",1965,1965-12-29,209667
"GRC",1966,1966-12-29,238933
"GRC",1967,1967-12-29,313000
"GRC",1968,1968-12-29,366767
"GRC",1969,1969-12-29,425400
"GRC",1970,1970-12-29,473600
"GRC",1971,1971-12-29,517800
"GRC",1972,1972-12-29,560300
"GRC",1973,1973-12-29,674802
"GRC",1974,1974-12-29,1049967
"GRC",1975,1975-12-29,1422740
"GRC",1976,1976-12-29,1559861
"GRC",1977,1977-12-29,1838808
"GRC",1978,1978-12-29,2118955
"GRC",1979,1979-12-29,2424294
"GRC",1980,1980-12-29,2275500
"GRC",1981,1981-12-29,2512489
"GRC",1982,1982-12-29,2638747
"GRC",1983,1983-12-29,2526137
"GRC",1984,1984-12-29,2412598
"GRC",1985,1985-12-29,2040000
"GRC",1986,1986-12-29,1710000
"GRC",1987,1987-12-29,2130000
"GRC",1988,1988-12-29,2490000
"GRC",1989,1989-12-29,3170000
"GRC",1990,1990-12-29,3920000
"GRC",1991,1991-12-29,3980000
"GRC",1992,1992-12-29,4400000
"GRC",1993,1993-12-29,3861000
"GRC",1994,1994-12-29,3300000
"GRC",1995,1995-12-29,5056000
"GRC",1996,1996-12-29,5700000
"GRC",1997,1997-12-29,5552000
"GRC",1998,1998-12-29,5951000
"GRC",1999,1999-12-29,5206000
"GRC",2000,2000-12-29,5528000
"GRC",2001,2001-12-29,5517000
"GRC",2002,2002-12-29,4571000
"GRC",2003,2003-12-29,4845000
"GRC",2004,2004-12-29,5867000
"GRC",2005,2005-12-29,6786000
"GRC",2006,2006-12-29,7286000
"GRC",2007,2007-12-29,8653000
"GRC",2008,2008-12-29,10141000
"GRC",2009,2009-12-29,10091000
"GRC",2010,2010-12-29,7956000
"GRC",2011,2011-12-29,8520000
"GRC",2012,2012-12-29,4929000
"GRC",2013,2013-12-29,5681000
"GRC",2014,2014-12-29,5639000
"GRC",2015,2015-12-29,4729000
"GRC",2016,2016-12-29,4639000
"BUL",1908,1908-12-30,1203
"BUL",1909,1909-12-30,1556
"BUL",1910,1910-12-30,1592
"BUL",1911,1911-12-30,1586
"BUL",1912,1912-12-30,1620
"BUL",1913,1913-12-30,1620
"BUL",1914,1914-12-29,10483
"BUL",1915,1915-12-29,11911
"BUL",1916,1916-12-29,13298
"BUL",1917,1917-12-29,13394
"BUL",1918,1918-12-30,14337
"BUL",1919,1919-12-30,3225
"BUL",1920,1920-12-30,3370
"BUL",1921,1921-12-30,3130
"BUL",1922,1922-12-30,3541
"BUL",1923,1923-12-30,7341
"BUL",1924,1924-12-30,9245
"BUL",1925,1925-12-30,9329
"BUL",1926,1926-12-30,8996
"BUL",1927,1927-12-30,7429
"BUL",1928,1928-12-30,7480
"BUL",1929,1929-12-30,7759
"BUL",1930,1930-12-30,7457
"BUL",1931,1931-12-30,6962
"BUL",1932,1932-12-30,5709
"BUL",1933,1933-12-30,5435
"BUL",1934,1934-12-30,8085
"BUL",1935,1935-12-30,12252
"BUL",1936,1936-12-30,15373
"BUL",1937,1937-12-30,18586
"BUL",1938,1938-12-30,19364
"BUL",1939,1939-12-30,18955
"BUL",1940,1940-12-29,34517
"BUL",1946,1946-12-29,12933
"BUL",1947,1947-12-29,14862
"BUL",1948,1948-12-29,18630
"BUL",1949,1949-12-29,23517
"BUL",1950,1950-12-29,28347
"BUL",1951,1951-12-29,75488
"BUL",1952,1952-12-29,102080
"BUL",1953,1953-12-29,137849
"BUL",1954,1954-12-29,138020
"BUL",1955,1955-12-29,138572
"BUL",1956,1956-12-29,118502
"BUL",1957,1957-12-29,125817
"BUL",1958,1958-12-29,147573
"BUL",1959,1959-12-29,140505
"BUL",1960,1960-12-29,155910
"BUL",1961,1961-12-29,190736
"BUL",1962,1962-12-29,222395
"BUL",1963,1963-12-29,230316
"BUL",1964,1964-12-29,224119
"BUL",1965,1965-12-29,201202
"BUL",1966,1966-12-29,215034
"BUL",1967,1967-12-29,236862
"BUL",1968,1968-12-29,257135
"BUL",1969,1969-12-29,297847
"BUL",1970,1970-12-29,340193
"BUL",1971,1971-12-29,1273500
"BUL",1972,1972-12-29,1430600
"BUL",1973,1973-12-29,1596300
"BUL",1974,1974-12-29,1860600
"BUL",1975,1975-12-29,2141300
"BUL",1976,1976-12-29,2100300
"BUL",1977,1977-12-29,2280000
"BUL",1978,1978-12-29,2598000
"BUL",1979,1979-12-29,2704800
"BUL",1980,1980-12-29,3100562
"BUL",1981,1981-12-29,3461788
"BUL",1982,1982-12-29,4105291
"BUL",1983,1983-12-29,4282560
"BUL",1984,1984-12-29,4485000
"BUL",1985,1985-12-29,1656000
"BUL",1986,1986-12-29,1940000
"BUL",1987,1987-12-29,2370000
"BUL",1988,1988-12-29,2465000
"BUL",1989,1989-12-29,2465000
"BUL",1990,1990-12-29,2010000
"BUL",1991,1991-12-29,1790000
"BUL",1992,1992-12-29,1310000
"BUL",1993,1993-12-29,589900
"BUL",1994,1994-12-29,586400
"BUL",1995,1995-12-29,417000
"BUL",1996,1996-12-29,373000
"BUL",1997,1997-12-29,339000
"BUL",1998,1998-12-29,406000
"BUL",1999,1999-12-29,392000
"BUL",2000,2000-12-29,343000
"BUL",2001,2001-12-29,365000
"BUL",2002,2002-12-29,397000
"BUL",2003,2003-12-29,471000
"BUL",2004,2004-12-29,587000
"BUL",2005,2005-12-29,669000
"BUL",2006,2006-12-29,703000
"BUL",2007,2007-12-29,881000
"BUL",2008,2008-12-29,1315000
"BUL",2009,2009-12-29,905000
"BUL",2010,2010-12-29,832000
"BUL",2011,2011-12-29,720000
"BUL",2012,2012-12-29,723000
"BUL",2013,2013-12-29,751000
"BUL",2014,2014-12-29,736000
"BUL",2015,2015-12-29,6e+05
"BUL",2016,2016-12-29,678000
"ROM",1878,1878-12-30,1689
"ROM",1879,1879-12-30,1054
"ROM",1880,1880-12-30,992
"ROM",1881,1881-12-30,1053
"ROM",1882,1882-12-30,1058
"ROM",1883,1883-12-30,1056
"ROM",1884,1884-12-30,1231
"ROM",1885,1885-12-30,1138
"ROM",1886,1886-12-30,1132
"ROM",1887,1887-12-30,1166
"ROM",1888,1888-12-30,1301
"ROM",1889,1889-12-30,1363
"ROM",1890,1890-12-30,1444
"ROM",1891,1891-12-30,1440
"ROM",1892,1892-12-30,1521
"ROM",1893,1893-12-30,1545
"ROM",1894,1894-12-30,1603
"ROM",1895,1895-12-30,1641
"ROM",1896,1896-12-30,1628
"ROM",1897,1897-12-30,1681
"ROM",1898,1898-12-30,1882
"ROM",1899,1899-12-30,1821
"ROM",1900,1900-12-30,1821
"ROM",1901,1901-12-30,1800
"ROM",1902,1902-12-30,1495
"ROM",1903,1903-12-30,1539
"ROM",1904,1904-12-30,1570
"ROM",1905,1905-12-30,1650
"ROM",1906,1906-12-30,1749
"ROM",1907,1907-12-30,1929
"ROM",1908,1908-12-30,2148
"ROM",1909,1909-12-30,2220
"ROM",1910,1910-12-30,2425
"ROM",1911,1911-12-30,2746
"ROM",1912,1912-12-30,2951
"ROM",1913,1913-12-30,3236
"ROM",1914,1914-12-29,8991
"ROM",1915,1915-12-29,10874
"ROM",1916,1916-12-29,15541
"ROM",1917,1917-12-29,17729
"ROM",1918,1918-12-30,20974
"ROM",1919,1919-12-30,24568
"ROM",1920,1920-12-30,27960
"ROM",1921,1921-12-30,15275
"ROM",1922,1922-12-30,13430
"ROM",1923,1923-12-30,19030
"ROM",1924,1924-12-30,19197
"ROM",1925,1925-12-30,26099
"ROM",1926,1926-12-30,26668
"ROM",1927,1927-12-30,40273
"ROM",1928,1928-12-30,49469
"ROM",1929,1929-12-30,52451
"ROM",1930,1930-12-30,49773
"ROM",1931,1931-12-30,54089
"ROM",1932,1932-12-30,40952
"ROM",1933,1933-12-30,41553
"ROM",1934,1934-12-30,75554
"ROM",1935,1935-12-30,73995
"ROM",1936,1936-12-30,69035
"ROM",1937,1937-12-30,77622
"ROM",1938,1938-12-30,87091
"ROM",1939,1939-12-30,82164
"ROM",1946,1946-12-29,61522
"ROM",1947,1947-12-29,60397
"ROM",1948,1948-12-29,59216
"ROM",1949,1949-12-29,118945
"ROM",1950,1950-12-29,224597
"ROM",1951,1951-12-29,318660
"ROM",1952,1952-12-29,482878
"ROM",1953,1953-12-29,656301
"ROM",1954,1954-12-29,412799
"ROM",1955,1955-12-29,431999
"ROM",1956,1956-12-29,409844
"ROM",1957,1957-12-29,377883
"ROM",1958,1958-12-29,370492
"ROM",1959,1959-12-29,358383
"ROM",1960,1960-12-29,378455
"ROM",1961,1961-12-29,382095
"ROM",1962,1962-12-29,419868
"ROM",1963,1963-12-29,439156
"ROM",1964,1964-12-29,460674
"ROM",1965,1965-12-29,506645
"ROM",1966,1966-12-29,541971
"ROM",1967,1967-12-29,581495
"ROM",1968,1968-12-29,713125
"ROM",1969,1969-12-29,783558
"ROM",1970,1970-12-29,925775
"ROM",1971,1971-12-29,1937400
"ROM",1972,1972-12-29,2117400
"ROM",1973,1973-12-29,2316300
"ROM",1974,1974-12-29,2625800
"ROM",1975,1975-12-29,2922700
"ROM",1976,1976-12-29,3180900
"ROM",1977,1977-12-29,3397200
"ROM",1978,1978-12-29,3744400
"ROM",1979,1979-12-29,3974800
"ROM",1980,1980-12-29,3773856
"ROM",1981,1981-12-29,4053839
"ROM",1982,1982-12-29,4890712
"ROM",1983,1983-12-29,5159423
"ROM",1984,1984-12-29,5295000
"ROM",1985,1985-12-29,1395000
"ROM",1986,1986-12-29,1327000
"ROM",1987,1987-12-29,1183000
"ROM",1988,1988-12-29,809000
"ROM",1989,1989-12-29,1980000
"ROM",1990,1990-12-29,1570000
"ROM",1991,1991-12-29,1150000
"ROM",1992,1992-12-29,1700000
"ROM",1993,1993-12-29,834000
"ROM",1994,1994-12-29,729000
"ROM",1995,1995-12-29,872000
"ROM",1996,1996-12-29,762000
"ROM",1997,1997-12-29,793000
"ROM",1998,1998-12-29,905000
"ROM",1999,1999-12-29,607000
"ROM",2000,2000-12-29,940000
"ROM",2001,2001-12-29,969000
"ROM",2002,2002-12-29,1056000
"ROM",2003,2003-12-29,1313000
"ROM",2004,2004-12-29,1530000
"ROM",2005,2005-12-29,1976000
"ROM",2006,2006-12-29,2259000
"ROM",2007,2007-12-29,3044000
"ROM",2008,2008-12-29,3005000
"ROM",2009,2009-12-29,2225000
"ROM",2010,2010-12-29,2465000
"ROM",2011,2011-12-29,2315000
"ROM",2012,2012-12-29,2211000
"ROM",2013,2013-12-29,2475000
"ROM",2014,2014-12-29,2875000
"ROM",2015,2015-12-29,2521000
"ROM",2016,2016-12-29,2777000
"RUS",1816,1816-12-30,10582
"RUS",1817,1817-12-30,8425
"RUS",1818,1818-12-30,8833
"RUS",1819,1819-12-30,8942
"RUS",1820,1820-12-30,9317
"RUS",1821,1821-12-30,9654
"RUS",1822,1822-12-30,8796
"RUS",1823,1823-12-30,9261
"RUS",1824,1824-12-30,7510
"RUS",1825,1825-12-30,7476
"RUS",1826,1826-12-30,7376
"RUS",1827,1827-12-30,7880
"RUS",1828,1828-12-30,7587
"RUS",1829,1829-12-30,8079
"RUS",1830,1830-12-30,7780
"RUS",1831,1831-12-30,8058
"RUS",1832,1832-12-30,8662
"RUS",1833,1833-12-30,8671
"RUS",1834,1834-12-30,8648
"RUS",1835,1835-12-30,10173
"RUS",1836,1836-12-30,9833
"RUS",1837,1837-12-30,9893
"RUS",1838,1838-12-30,9987
"RUS",1839,1839-12-30,10964
"RUS",1840,1840-12-30,13162
"RUS",1841,1841-12-30,12924
"RUS",1842,1842-12-30,13613
"RUS",1843,1843-12-30,13024
"RUS",1844,1844-12-30,13134
"RUS",1845,1845-12-30,13718
"RUS",1846,1846-12-30,13957
"RUS",1847,1847-12-30,14086
"RUS",1848,1848-12-30,18003
"RUS",1849,1849-12-30,17790
"RUS",1850,1850-12-30,18647
"RUS",1851,1851-12-30,16522
"RUS",1852,1852-12-30,15692
"RUS",1853,1853-12-30,19928
"RUS",1854,1854-12-30,31358
"RUS",1855,1855-12-30,39809
"RUS",1856,1856-12-30,37900
"RUS",1857,1857-12-30,17065
"RUS",1858,1858-12-30,15567
"RUS",1859,1859-12-30,18984
"RUS",1860,1860-12-30,18716
"RUS",1861,1861-12-30,19949
"RUS",1862,1862-12-30,18259
"RUS",1863,1863-12-30,26385
"RUS",1864,1864-12-30,25359
"RUS",1865,1865-12-30,20196
"RUS",1866,1866-12-30,19252
"RUS",1867,1867-12-30,18558
"RUS",1868,1868-12-30,20589
"RUS",1869,1869-12-30,22055
"RUS",1870,1870-12-30,19893
"RUS",1871,1871-12-30,22409
"RUS",1872,1872-12-30,25124
"RUS",1873,1873-12-30,26407
"RUS",1874,1874-12-30,26287
"RUS",1875,1875-12-30,26943
"RUS",1876,1876-12-30,34424
"RUS",1877,1877-12-30,77022
"RUS",1878,1878-12-30,59952
"RUS",1879,1879-12-30,32091
"RUS",1880,1880-12-30,30408
"RUS",1881,1881-12-30,30187
"RUS",1882,1882-12-30,27617
"RUS",1883,1883-12-30,22196
"RUS",1884,1884-12-30,22500
"RUS",1885,1885-12-30,25140
"RUS",1886,1886-12-30,24932
"RUS",1887,1887-12-30,23279
"RUS",1888,1888-12-30,21482
"RUS",1889,1889-12-30,27233
"RUS",1890,1890-12-30,30191
"RUS",1891,1891-12-30,34531
"RUS",1892,1892-12-30,30053
"RUS",1893,1893-12-30,32131
"RUS",1894,1894-12-30,35039
"RUS",1895,1895-12-30,36019
"RUS",1896,1896-12-30,36679
"RUS",1897,1897-12-30,39486
"RUS",1898,1898-12-30,38697
"RUS",1899,1899-12-30,43240
"RUS",1900,1900-12-30,43104
"RUS",1901,1901-12-30,44270
"RUS",1902,1902-12-30,46085
"RUS",1903,1903-12-30,48301
"RUS",1904,1904-12-30,50305
"RUS",1905,1905-12-30,170006
"RUS",1906,1906-12-30,90733
"RUS",1907,1907-12-30,68797
"RUS",1908,1908-12-30,58887
"RUS",1909,1909-12-30,60029
"RUS",1910,1910-12-30,62099
"RUS",1911,1911-12-30,64291
"RUS",1912,1912-12-30,73512
"RUS",1913,1913-12-30,85391
"RUS",1914,1914-12-29,857000
"RUS",1915,1915-12-29,4524000
"RUS",1916,1916-12-29,4343000
"RUS",1917,1917-12-29,4040000
"RUS",1918,1918-12-30,258741
"RUS",1919,1919-12-30,1417699
"RUS",1920,1920-12-30,1183426
"RUS",1921,1921-12-30,1337524
"RUS",1922,1922-12-30,1646534
"RUS",1923,1923-12-30,885597
"RUS",1924,1924-12-30,835358
"RUS",1925,1925-12-30,1447885
"RUS",1926,1926-12-30,1724660
"RUS",1927,1927-12-30,2044459
"RUS",1928,1928-12-30,2372196
"RUS",1929,1929-12-30,2798721
"RUS",1930,1930-12-30,3519631
"RUS",1931,1931-12-30,3509380
"RUS",1932,1932-12-30,2228018
"RUS",1933,1933-12-30,2363450
"RUS",1934,1934-12-30,3479651
"RUS",1935,1935-12-30,5517537
"RUS",1936,1936-12-30,2933657
"RUS",1937,1937-12-30,3446172
"RUS",1938,1938-12-30,5429984
"RUS",1939,1939-12-30,5984123
"RUS",1940,1940-12-29,6145214
"RUS",1941,1941-12-29,6884227
"RUS",1942,1942-12-29,7324156
"RUS",1943,1943-12-29,7978497
"RUS",1944,1944-12-29,8094563
"RUS",1945,1945-12-29,8589076
"RUS",1946,1946-12-29,8764724
"RUS",1947,1947-12-29,11583011
"RUS",1948,1948-12-29,13157894
"RUS",1949,1949-12-29,13964622
"RUS",1950,1950-12-29,15510433
"RUS",1951,1951-12-29,20126000
"RUS",1952,1952-12-29,21900448
"RUS",1953,1953-12-29,25527632
"RUS",1954,1954-12-29,28064976
"RUS",1955,1955-12-29,29542096
"RUS",1956,1956-12-29,26749408
"RUS",1957,1957-12-29,27624304
"RUS",1958,1958-12-29,30241936
"RUS",1959,1959-12-29,34498608
"RUS",1960,1960-12-29,36960032
"RUS",1961,1961-12-29,43662960
"RUS",1962,1962-12-29,49976192
"RUS",1963,1963-12-29,4.7e+07
"RUS",1964,1964-12-29,4.7e+07
"RUS",1965,1965-12-29,4.6e+07
"RUS",1966,1966-12-29,4.8e+07
"RUS",1967,1967-12-29,5.2e+07
"RUS",1968,1968-12-29,62622000
"RUS",1969,1969-12-29,68053000
"RUS",1970,1970-12-29,77200000
"RUS",1971,1971-12-29,82700000
"RUS",1972,1972-12-29,88900000
"RUS",1973,1973-12-29,96410000
"RUS",1974,1974-12-29,1.09e+08
"RUS",1975,1975-12-29,1.28e+08
"RUS",1976,1976-12-29,1.38e+08
"RUS",1977,1977-12-29,1.49e+08
"RUS",1978,1978-12-29,1.63e+08
"RUS",1979,1979-12-29,1.8e+08
"RUS",1980,1980-12-29,2.01e+08
"RUS",1981,1981-12-29,2.21e+08
"RUS",1982,1982-12-29,2.37e+08
"RUS",1983,1983-12-29,2.5e+08
"RUS",1984,1984-12-29,2.64e+08
"RUS",1985,1985-12-29,2.75e+08
"RUS",1986,1986-12-29,287600000
"RUS",1987,1987-12-29,3.03e+08
"RUS",1988,1988-12-29,317900000
"RUS",1989,1989-12-29,119440000
"RUS",1990,1990-12-29,128790000
"RUS",1991,1991-12-29,133700000
"RUS",1992,1992-12-29,47220000
"RUS",1993,1993-12-29,29120000
"RUS",1994,1994-12-29,96693000
"RUS",1995,1995-12-29,8.2e+07
"RUS",1996,1996-12-29,73990000
"RUS",1997,1997-12-29,6.4e+07
"RUS",1998,1998-12-29,57107000
"RUS",1999,1999-12-29,56800000
"RUS",2000,2000-12-29,5.2e+07
"RUS",2001,2001-12-29,63684000
"RUS",2002,2002-12-29,50800000
"RUS",2003,2003-12-29,65200000
"RUS",2004,2004-12-29,61500000
"RUS",2005,2005-12-29,18768000
"RUS",2006,2006-12-29,24577000
"RUS",2007,2007-12-29,32215000
"RUS",2008,2008-12-29,40484000
"RUS",2009,2009-12-29,38293000
"RUS",2010,2010-12-29,41944000
"RUS",2011,2011-12-29,51594000
"RUS",2012,2012-12-29,58765000
"RUS",2013,2013-12-29,68163000
"RUS",2014,2014-12-29,70048000
"RUS",2015,2015-12-29,51605000
"RUS",2016,2016-12-29,46626000
"EST",1918,1918-12-30,3541
"EST",1919,1919-12-30,3984
"EST",1920,1920-12-30,4395
"EST",1921,1921-12-30,5392
"EST",1922,1922-12-30,4749
"EST",1923,1923-12-30,4074
"EST",1924,1924-12-30,3693
"EST",1925,1925-12-30,4945
"EST",1926,1926-12-30,5104
"EST",1927,1927-12-30,5044
"EST",1928,1928-12-30,5192
"EST",1929,1929-12-30,4913
"EST",1930,1930-12-30,4958
"EST",1931,1931-12-30,4379
"EST",1932,1932-12-30,3457
"EST",1933,1933-12-30,3471
"EST",1934,1934-12-30,4766
"EST",1935,1935-12-30,4106
"EST",1936,1936-12-30,5370
"EST",1937,1937-12-30,5825
"EST",1938,1938-12-30,5928
"EST",1939,1939-12-30,5123
"EST",1940,1940-12-29,4832
"EST",1992,1992-12-29,37300
"EST",1993,1993-12-29,77000
"EST",1994,1994-12-29,19900
"EST",1995,1995-12-29,75800
"EST",1996,1996-12-29,110000
"EST",1997,1997-12-29,65000
"EST",1998,1998-12-29,61000
"EST",1999,1999-12-29,71000
"EST",2000,2000-12-29,78000
"EST",2001,2001-12-29,92000
"EST",2002,2002-12-29,99000
"EST",2003,2003-12-29,172000
"EST",2004,2004-12-29,172000
"EST",2005,2005-12-29,205000
"EST",2006,2006-12-29,238000
"EST",2007,2007-12-29,344000
"EST",2008,2008-12-29,450000
"EST",2009,2009-12-29,350000
"EST",2010,2010-12-29,330000
"EST",2011,2011-12-29,390000
"EST",2012,2012-12-29,437000
"EST",2013,2013-12-29,480000
"EST",2014,2014-12-29,520000
"EST",2015,2015-12-29,449000
"EST",2016,2016-12-29,503000
"LIT",1918,1918-12-30,6541
"LIT",1919,1919-12-30,5974
"LIT",1920,1920-12-30,5512
"LIT",1921,1921-12-30,4941
"LIT",1922,1922-12-30,5181
"LIT",1923,1923-12-30,6469
"LIT",1924,1924-12-30,4423
"LIT",1925,1925-12-30,4895
"LIT",1926,1926-12-30,4451
"LIT",1927,1927-12-30,3956
"LIT",1928,1928-12-30,4900
"LIT",1929,1929-12-30,4940
"LIT",1930,1930-12-30,5590
"LIT",1931,1931-12-30,5560
"LIT",1932,1932-12-30,4640
"LIT",1933,1933-12-30,4900
"LIT",1934,1934-12-30,7834
"LIT",1935,1935-12-30,11037
"LIT",1936,1936-12-30,12783
"LIT",1937,1937-12-30,13691
"LIT",1938,1938-12-30,14399
"LIT",1939,1939-12-30,11230
"LIT",1940,1940-12-29,9841
"LIT",1992,1992-12-29,55200
"LIT",1993,1993-12-29,73200
"LIT",1994,1994-12-29,64000
"LIT",1995,1995-12-29,115000
"LIT",1996,1996-12-29,128000
"LIT",1997,1997-12-29,135000
"LIT",1998,1998-12-29,139000
"LIT",1999,1999-12-29,107000
"LIT",2000,2000-12-29,199000
"LIT",2001,2001-12-29,211000
"LIT",2002,2002-12-29,248000
"LIT",2003,2003-12-29,337000
"LIT",2004,2004-12-29,310000
"LIT",2005,2005-12-29,305000
"LIT",2006,2006-12-29,353000
"LIT",2007,2007-12-29,447000
"LIT",2008,2008-12-29,547000
"LIT",2009,2009-12-29,402000
"LIT",2010,2010-12-29,458000
"LIT",2011,2011-12-29,351000
"LIT",2012,2012-12-29,329000
"LIT",2013,2013-12-29,355000
"LIT",2014,2014-12-29,436000
"LIT",2015,2015-12-29,474000
"LIT",2016,2016-12-29,642000
"FIN",1919,1919-12-30,7642
"FIN",1920,1920-12-30,6455
"FIN",1921,1921-12-30,9655
"FIN",1922,1922-12-30,7913
"FIN",1923,1923-12-30,11947
"FIN",1924,1924-12-30,12605
"FIN",1925,1925-12-30,15496
"FIN",1926,1926-12-30,15349
"FIN",1927,1927-12-30,15155
"FIN",1928,1928-12-30,15044
"FIN",1929,1929-12-30,16123
"FIN",1930,1930-12-30,16740
"FIN",1931,1931-12-30,17806
"FIN",1932,1932-12-30,9577
"FIN",1933,1933-12-30,9545
"FIN",1934,1934-12-30,17440
"FIN",1935,1935-12-30,18427
"FIN",1936,1936-12-30,19786
"FIN",1937,1937-12-30,22179
"FIN",1938,1938-12-30,27391
"FIN",1939,1939-12-30,68491
"FIN",1940,1940-12-29,89744
"FIN",1941,1941-12-29,93832
"FIN",1942,1942-12-29,99871
"FIN",1943,1943-12-29,100407
"FIN",1944,1944-12-29,105498
"FIN",1945,1945-12-29,105978
"FIN",1946,1946-12-29,106038
"FIN",1947,1947-12-29,106321
"FIN",1948,1948-12-29,107012
"FIN",1949,1949-12-29,107353
"FIN",1950,1950-12-29,42857
"FIN",1951,1951-12-29,65368
"FIN",1952,1952-12-29,46320
"FIN",1953,1953-12-29,52381
"FIN",1954,1954-12-29,63537
"FIN",1955,1955-12-29,70563
"FIN",1956,1956-12-29,73913
"FIN",1957,1957-12-29,80000
"FIN",1958,1958-12-29,64375
"FIN",1959,1959-12-29,76875
"FIN",1960,1960-12-29,83438
"FIN",1961,1961-12-29,98125
"FIN",1962,1962-12-29,143302
"FIN",1963,1963-12-29,118944
"FIN",1964,1964-12-29,129503
"FIN",1965,1965-12-29,138509
"FIN",1966,1966-12-29,141615
"FIN",1967,1967-12-29,146273
"FIN",1968,1968-12-29,140238
"FIN",1969,1969-12-29,130714
"FIN",1970,1970-12-29,139524
"FIN",1971,1971-12-29,165380
"FIN",1972,1972-12-29,204279
"FIN",1973,1973-12-29,250183
"FIN",1974,1974-12-29,304203
"FIN",1975,1975-12-29,395520
"FIN",1976,1976-12-29,438619
"FIN",1977,1977-12-29,438527
"FIN",1978,1978-12-29,484749
"FIN",1979,1979-12-29,537319
"FIN",1980,1980-12-29,700249
"FIN",1981,1981-12-29,676814
"FIN",1982,1982-12-29,786041
"FIN",1983,1983-12-29,785496
"FIN",1984,1984-12-29,784212
"FIN",1985,1985-12-29,757192
"FIN",1986,1986-12-29,1020000
"FIN",1987,1987-12-29,1290000
"FIN",1988,1988-12-29,1520000
"FIN",1989,1989-12-29,1570000
"FIN",1990,1990-12-29,1940000
"FIN",1991,1991-12-29,2200000
"FIN",1992,1992-12-29,2300000
"FIN",1993,1993-12-29,2100000
"FIN",1994,1994-12-29,1998000
"FIN",1995,1995-12-29,2385000
"FIN",1996,1996-12-29,2255000
"FIN",1997,1997-12-29,1956000
"FIN",1998,1998-12-29,1929000
"FIN",1999,1999-12-29,1644000
"FIN",2000,2000-12-29,1560000
"FIN",2001,2001-12-29,1432000
"FIN",2002,2002-12-29,1847000
"FIN",2003,2003-12-29,2300000
"FIN",2004,2004-12-29,2484000
"FIN",2005,2005-12-29,2758000
"FIN",2006,2006-12-29,2750000
"FIN",2007,2007-12-29,3151000
"FIN",2008,2008-12-29,3632000
"FIN",2009,2009-12-29,3886000
"FIN",2010,2010-12-29,3589000
"FIN",2011,2011-12-29,3979000
"FIN",2012,2012-12-29,3601000
"FIN",2013,2013-12-29,3814000
"FIN",2014,2014-12-29,3725000
"FIN",2015,2015-12-29,2989000
"FIN",2016,2016-12-29,3283000
"NOR",1905,1905-12-30,3935
"NOR",1906,1906-12-30,4017
"NOR",1907,1907-12-30,4367
"NOR",1908,1908-12-30,5389
"NOR",1909,1909-12-30,4720
"NOR",1910,1910-12-30,4790
"NOR",1911,1911-12-30,5216
"NOR",1912,1912-12-30,1177
"NOR",1913,1913-12-30,1115
"NOR",1914,1914-12-29,8107
"NOR",1915,1915-12-29,6940
"NOR",1916,1916-12-29,8256
"NOR",1917,1917-12-29,9853
"NOR",1918,1918-12-30,15228
"NOR",1919,1919-12-30,15527
"NOR",1920,1920-12-30,10705
"NOR",1921,1921-12-30,10159
"NOR",1922,1922-12-30,7984
"NOR",1923,1923-12-30,9071
"NOR",1924,1924-12-30,6792
"NOR",1925,1925-12-30,7271
"NOR",1926,1926-12-30,8753
"NOR",1927,1927-12-30,10924
"NOR",1928,1928-12-30,10214
"NOR",1929,1929-12-30,10119
"NOR",1930,1930-12-30,9986
"NOR",1931,1931-12-30,9932
"NOR",1932,1932-12-30,6863
"NOR",1933,1933-12-30,6332
"NOR",1934,1934-12-30,9590
"NOR",1935,1935-12-30,9755
"NOR",1936,1936-12-30,11018
"NOR",1937,1937-12-30,12355
"NOR",1938,1938-12-30,12625
"NOR",1939,1939-12-30,68421
"NOR",1940,1940-12-29,89338
"NOR",1945,1945-12-29,110840
"NOR",1946,1946-12-29,125392
"NOR",1947,1947-12-29,107928
"NOR",1948,1948-12-29,51771
"NOR",1949,1949-12-29,74447
"NOR",1950,1950-12-29,49930
"NOR",1951,1951-12-29,80000
"NOR",1952,1952-12-29,116224
"NOR",1953,1953-12-29,149231
"NOR",1954,1954-12-29,159737
"NOR",1955,1955-12-29,133417
"NOR",1956,1956-12-29,135377
"NOR",1957,1957-12-29,146857
"NOR",1958,1958-12-29,143357
"NOR",1959,1959-12-29,154977
"NOR",1960,1960-12-29,147765
"NOR",1961,1961-12-29,164895
"NOR",1962,1962-12-29,192017
"NOR",1963,1963-12-29,204895
"NOR",1964,1964-12-29,219274
"NOR",1965,1965-12-29,264944
"NOR",1966,1966-12-29,272308
"NOR",1967,1967-12-29,292877
"NOR",1968,1968-12-29,335524
"NOR",1969,1969-12-29,349930
"NOR",1970,1970-12-29,388515
"NOR",1971,1971-12-29,429152
"NOR",1972,1972-12-29,491629
"NOR",1973,1973-12-29,607895
"NOR",1974,1974-12-29,710869
"NOR",1975,1975-12-29,912778
"NOR",1976,1976-12-29,977366
"NOR",1977,1977-12-29,1114680
"NOR",1978,1978-12-29,1307441
"NOR",1979,1979-12-29,1453763
"NOR",1980,1980-12-29,1668691
"NOR",1981,1981-12-29,1528746
"NOR",1982,1982-12-29,1697841
"NOR",1983,1983-12-29,1844320
"NOR",1984,1984-12-29,1977082
"NOR",1985,1985-12-29,1716000
"NOR",1986,1986-12-29,2350000
"NOR",1987,1987-12-29,2590000
"NOR",1988,1988-12-29,2934000
"NOR",1989,1989-12-29,2970000
"NOR",1990,1990-12-29,3500000
"NOR",1991,1991-12-29,3460000
"NOR",1992,1992-12-29,3730000
"NOR",1993,1993-12-29,3200000
"NOR",1994,1994-12-29,3200000
"NOR",1995,1995-12-29,3508000
"NOR",1996,1996-12-29,3754000
"NOR",1997,1997-12-29,3253000
"NOR",1998,1998-12-29,3391000
"NOR",1999,1999-12-29,3241000
"NOR",2000,2000-12-29,2923000
"NOR",2001,2001-12-29,2967000
"NOR",2002,2002-12-29,4068000
"NOR",2003,2003-12-29,4518000
"NOR",2004,2004-12-29,4888000
"NOR",2005,2005-12-29,4887000
"NOR",2006,2006-12-29,4962000
"NOR",2007,2007-12-29,5546000
"NOR",2008,2008-12-29,5869000
"NOR",2009,2009-12-29,6196000
"NOR",2010,2010-12-29,5929000
"NOR",2011,2011-12-29,7003000
"NOR",2012,2012-12-29,7143000
"NOR",2013,2013-12-29,7523000
"NOR",2014,2014-12-29,6977000
"NOR",2015,2015-12-29,5510000
"NOR",2016,2016-12-29,5968000
"DEN",1835,1835-12-30,300
"DEN",1841,1841-12-30,424
"DEN",1842,1842-12-30,446
"DEN",1843,1843-12-30,471
"DEN",1844,1844-12-30,459
"DEN",1845,1845-12-30,464
"DEN",1846,1846-12-30,478
"DEN",1847,1847-12-30,491
"DEN",1848,1848-12-30,503
"DEN",1849,1849-12-30,136
"DEN",1850,1850-12-30,264
"DEN",1851,1851-12-30,459
"DEN",1852,1852-12-30,536
"DEN",1853,1853-12-30,691
"DEN",1854,1854-12-30,688
"DEN",1855,1855-12-30,733
"DEN",1856,1856-12-30,510
"DEN",1857,1857-12-30,510
"DEN",1858,1858-12-30,705
"DEN",1859,1859-12-30,688
"DEN",1860,1860-12-30,680
"DEN",1861,1861-12-30,682
"DEN",1862,1862-12-30,684
"DEN",1863,1863-12-30,548
"DEN",1864,1864-12-30,683
"DEN",1865,1865-12-30,546
"DEN",1866,1866-12-30,507
"DEN",1867,1867-12-30,560
"DEN",1868,1868-12-30,615
"DEN",1869,1869-12-30,726
"DEN",1870,1870-12-30,705
"DEN",1871,1871-12-30,676
"DEN",1872,1872-12-30,696
"DEN",1873,1873-12-30,748
"DEN",1874,1874-12-30,733
"DEN",1875,1875-12-30,801
"DEN",1876,1876-12-30,938
"DEN",1877,1877-12-30,754
"DEN",1878,1878-12-30,842
"DEN",1879,1879-12-30,782
"DEN",1880,1880-12-30,770
"DEN",1881,1881-12-30,887
"DEN",1882,1882-12-30,819
"DEN",1883,1883-12-30,927
"DEN",1884,1884-12-30,1050
"DEN",1885,1885-12-30,827
"DEN",1886,1886-12-30,637
"DEN",1887,1887-12-30,658
"DEN",1888,1888-12-30,592
"DEN",1889,1889-12-30,571
"DEN",1890,1890-12-30,919
"DEN",1891,1891-12-30,637
"DEN",1892,1892-12-30,1133
"DEN",1893,1893-12-30,946
"DEN",1894,1894-12-30,928
"DEN",1895,1895-12-30,1115
"DEN",1896,1896-12-30,933
"DEN",1897,1897-12-30,914
"DEN",1898,1898-12-30,926
"DEN",1899,1899-12-30,937
"DEN",1900,1900-12-30,1001
"DEN",1901,1901-12-30,1101
"DEN",1902,1902-12-30,921
"DEN",1903,1903-12-30,1119
"DEN",1904,1904-12-30,976
"DEN",1905,1905-12-30,948
"DEN",1906,1906-12-30,1048
"DEN",1907,1907-12-30,1102
"DEN",1908,1908-12-30,1162
"DEN",1909,1909-12-30,1203
"DEN",1910,1910-12-30,1691
"DEN",1911,1911-12-30,1383
"DEN",1912,1912-12-30,1718
"DEN",1913,1913-12-30,1634
"DEN",1914,1914-12-29,4289
"DEN",1915,1915-12-29,7568
"DEN",1916,1916-12-29,9562
"DEN",1917,1917-12-29,11589
"DEN",1918,1918-12-30,13947
"DEN",1919,1919-12-30,15842
"DEN",1920,1920-12-30,17471
"DEN",1921,1921-12-30,19917
"DEN",1922,1922-12-30,11136
"DEN",1923,1923-12-30,10459
"DEN",1924,1924-12-30,8725
"DEN",1925,1925-12-30,9350
"DEN",1926,1926-12-30,11782
"DEN",1927,1927-12-30,11246
"DEN",1928,1928-12-30,12623
"DEN",1929,1929-12-30,13270
"DEN",1930,1930-12-30,12248
"DEN",1931,1931-12-30,12095
"DEN",1932,1932-12-30,7314
"DEN",1933,1933-12-30,6709
"DEN",1934,1934-12-30,9391
"DEN",1935,1935-12-30,9516
"DEN",1936,1936-12-30,9636
"DEN",1937,1937-12-30,12292
"DEN",1938,1938-12-30,22099
"DEN",1939,1939-12-30,29364
"DEN",1940,1940-12-29,35986
"DEN",1945,1945-12-29,47691
"DEN",1946,1946-12-29,52389
"DEN",1947,1947-12-29,59412
"DEN",1948,1948-12-29,65311
"DEN",1949,1949-12-29,74844
"DEN",1950,1950-12-29,51879
"DEN",1951,1951-12-29,97543
"DEN",1952,1952-12-29,97688
"DEN",1953,1953-12-29,128468
"DEN",1954,1954-12-29,128131
"DEN",1955,1955-12-29,133198
"DEN",1956,1956-12-29,135515
"DEN",1957,1957-12-29,146518
"DEN",1958,1958-12-29,135804
"DEN",1959,1959-12-29,142754
"DEN",1960,1960-12-29,161117
"DEN",1961,1961-12-29,170866
"DEN",1962,1962-12-29,225239
"DEN",1963,1963-12-29,239206
"DEN",1964,1964-12-29,255245
"DEN",1965,1965-12-29,285219
"DEN",1966,1966-12-29,301843
"DEN",1967,1967-12-29,325188
"DEN",1968,1968-12-29,347226
"DEN",1969,1969-12-29,351953
"DEN",1970,1970-12-29,367992
"DEN",1971,1971-12-29,430773
"DEN",1972,1972-12-29,487243
"DEN",1973,1973-12-29,581866
"DEN",1974,1974-12-29,728314
"DEN",1975,1975-12-29,919042
"DEN",1976,1976-12-29,939620
"DEN",1977,1977-12-29,1056603
"DEN",1978,1978-12-29,1314612
"DEN",1979,1979-12-29,1518723
"DEN",1980,1980-12-29,1607729
"DEN",1981,1981-12-29,1446237
"DEN",1982,1982-12-29,1400045
"DEN",1983,1983-12-29,1482567
"DEN",1984,1984-12-29,1260337
"DEN",1985,1985-12-29,1187000
"DEN",1986,1986-12-29,1560000
"DEN",1987,1987-12-29,1570000
"DEN",1988,1988-12-29,2010000
"DEN",1989,1989-12-29,1920000
"DEN",1990,1990-12-29,2600000
"DEN",1991,1991-12-29,1299000
"DEN",1992,1992-12-29,2790000
"DEN",1993,1993-12-29,2682000
"DEN",1994,1994-12-29,2600000
"DEN",1995,1995-12-29,3118000
"DEN",1996,1996-12-29,3152000
"DEN",1997,1997-12-29,2805000
"DEN",1998,1998-12-29,2903000
"DEN",1999,1999-12-29,2661000
"DEN",2000,2000-12-29,2395000
"DEN",2001,2001-12-29,2409000
"DEN",2002,2002-12-29,2696000
"DEN",2003,2003-12-29,3208000
"DEN",2004,2004-12-29,3588000
"DEN",2005,2005-12-29,3472000
"DEN",2006,2006-12-29,3901000
"DEN",2007,2007-12-29,4028000
"DEN",2008,2008-12-29,4468000
"DEN",2009,2009-12-29,4337000
"DEN",2010,2010-12-29,4505000
"DEN",2011,2011-12-29,4519000
"DEN",2012,2012-12-29,4422000
"DEN",2013,2013-12-29,4509000
"DEN",2014,2014-12-29,4811000
"DEN",2015,2015-12-29,3450000
"DEN",2016,2016-12-29,3547000
"SEN",1961,1961-12-29,3000
"SEN",1962,1962-12-29,6000
"SEN",1963,1963-12-29,9005
"SEN",1964,1964-12-29,11007
"SEN",1965,1965-12-29,15009
"SEN",1966,1966-12-29,15009
"SEN",1967,1967-12-29,15009
"SEN",1968,1968-12-29,15009
"SEN",1969,1969-12-29,17140
"SEN",1970,1970-12-29,16452
"SEN",1971,1971-12-29,16490
"SEN",1972,1972-12-29,19127
"SEN",1973,1973-12-29,21172
"SEN",1974,1974-12-29,21572
"SEN",1975,1975-12-29,31635
"SEN",1976,1976-12-29,34450
"SEN",1977,1977-12-29,40351
"SEN",1978,1978-12-29,49074
"SEN",1979,1979-12-29,59016
"SEN",1980,1980-12-29,64188
"SEN",1981,1981-12-29,69012
"SEN",1982,1982-12-29,51920
"SEN",1983,1983-12-29,64033
"SEN",1984,1984-12-29,64891
"SEN",1985,1985-12-29,73410
"SEN",1986,1986-12-29,89750
"SEN",1987,1987-12-29,99300
"SEN",1988,1988-12-29,96940
"SEN",1989,1989-12-29,94950
"SEN",1990,1990-12-29,111850
"SEN",1991,1991-12-29,109900
"SEN",1992,1992-12-29,126700
"SEN",1993,1993-12-29,86700
"SEN",1994,1994-12-29,61000
"SEN",1995,1995-12-29,74000
"SEN",1996,1996-12-29,76000
"SEN",1997,1997-12-29,71000
"SEN",1998,1998-12-29,83000
"SEN",1999,1999-12-29,81000
"SEN",2000,2000-12-29,62000
"SEN",2001,2001-12-29,61000
"SEN",2002,2002-12-29,69000
"SEN",2003,2003-12-29,83000
"SEN",2004,2004-12-29,95000
"SEN",2005,2005-12-29,125000
"SEN",2006,2006-12-29,149000
"SEN",2007,2007-12-29,193000
"SEN",2008,2008-12-29,218000
"SEN",2009,2009-12-29,210000
"SEN",2010,2010-12-29,196000
"SEN",2011,2011-12-29,253000
"SEN",2012,2012-12-29,189000
"SEN",2013,2013-12-29,231000
"SEN",2014,2014-12-29,254000
"SEN",2015,2015-12-29,216000
"SEN",2016,2016-12-29,256000
"GUI",1960,1960-12-29,3000
"GUI",1961,1961-12-29,4000
"GUI",1962,1962-12-29,5902
"GUI",1963,1963-12-29,6004
"GUI",1964,1964-12-29,5003
"GUI",1965,1965-12-29,11007
"GUI",1966,1966-12-29,13008
"GUI",1967,1967-12-29,14009
"GUI",1968,1968-12-29,14009
"GUI",1969,1969-12-29,14252
"GUI",1970,1970-12-29,15000
"GUI",1971,1971-12-29,19000
"GUI",1972,1972-12-29,17000
"GUI",1973,1973-12-29,17000
"GUI",1974,1974-12-29,18000
"GUI",1975,1975-12-29,19000
"GUI",1977,1977-12-29,74000
"GUI",1981,1981-12-29,68000
"GUI",1982,1982-12-29,83251
"GUI",1983,1983-12-29,83000
"GUI",1984,1984-12-29,60000
"GUI",1988,1988-12-29,29000
"GUI",1989,1989-12-29,27000
"GUI",1990,1990-12-29,33000
"GUI",1991,1991-12-29,37000
"GUI",1993,1993-12-29,43000
"GUI",1994,1994-12-29,49000
"GUI",1995,1995-12-29,51000
"GUI",1996,1996-12-29,58000
"GUI",1997,1997-12-29,51000
"GUI",1998,1998-12-29,59000
"GUI",1999,1999-12-29,60000
"GUI",2000,2000-12-29,46000
"GUI",2001,2001-12-29,45000
"GUI",2002,2002-12-29,98000
"GUI",2003,2003-12-29,101000
"GUI",2004,2004-12-29,99000
"GUI",2005,2005-12-29,55000
"GUI",2006,2006-12-29,36000
"GUI",2007,2007-12-29,52000
"GUI",2008,2008-12-29,51000
"GUI",2009,2009-12-29,75000
"GUI",2011,2011-12-29,42000
"LBR",1922,1922-12-30,102
"LBR",1925,1925-12-30,120
"LBR",1928,1928-12-30,126
"LBR",1929,1929-12-30,102
"LBR",1930,1930-12-30,102
"LBR",1932,1932-12-30,64
"LBR",1933,1933-12-30,36
"LBR",1941,1941-12-29,76
"LBR",1957,1957-12-29,2000
"LBR",1958,1958-12-29,1800
"LBR",1959,1959-12-29,1000
"LBR",1960,1960-12-29,1400
"LBR",1961,1961-12-29,3000
"LBR",1962,1962-12-29,3000
"LBR",1963,1963-12-29,3000
"LBR",1964,1964-12-29,2600
"LBR",1965,1965-12-29,2800
"LBR",1966,1966-12-29,2800
"LBR",1967,1967-12-29,3300
"LBR",1968,1968-12-29,2800
"LBR",1969,1969-12-29,3400
"LBR",1970,1970-12-29,3000
"LBR",1971,1971-12-29,4300
"LBR",1972,1972-12-29,3800
"LBR",1973,1973-12-29,3700
"LBR",1974,1974-12-29,3700
"LBR",1975,1975-12-29,4500
"LBR",1976,1976-12-29,5400
"LBR",1977,1977-12-29,6700
"LBR",1978,1978-12-29,6900
"LBR",1979,1979-12-29,8000
"LBR",1980,1980-12-29,26000
"LBR",1981,1981-12-29,38000
"LBR",1982,1982-12-29,27000
"LBR",1983,1983-12-29,22000
"LBR",1984,1984-12-29,26000
"LBR",1985,1985-12-29,26000
"LBR",1986,1986-12-29,37700
"LBR",1987,1987-12-29,41000
"LBR",1988,1988-12-29,28070
"LBR",1989,1989-12-29,37620
"LBR",1990,1990-12-29,30000
"LBR",1991,1991-12-29,36000
"LBR",1993,1993-12-29,14430
"LBR",1994,1994-12-29,36000
"LBR",1995,1995-12-29,45000
"LBR",1996,1996-12-29,46000
"LBR",1997,1997-12-29,45000
"LBR",1998,1998-12-29,46000
"LBR",1999,1999-12-29,25000
"LBR",2000,2000-12-29,25000
"LBR",2001,2001-12-29,24000
"LBR",2002,2002-12-29,1000
"LBR",2003,2003-12-29,1000
"LBR",2009,2009-12-29,8000
"LBR",2010,2010-12-29,8000
"LBR",2011,2011-12-29,13000
"LBR",2015,2015-12-29,17000
"LBR",2016,2016-12-29,13000
"SIE",1961,1961-12-29,1820
"SIE",1962,1962-12-29,1960
"SIE",1963,1963-12-29,2100
"SIE",1964,1964-12-29,2380
"SIE",1965,1965-12-29,2660
"SIE",1966,1966-12-29,2240
"SIE",1967,1967-12-29,2380
"SIE",1968,1968-12-29,2400
"SIE",1969,1969-12-29,2760
"SIE",1970,1970-12-29,3000
"SIE",1971,1971-12-29,3616
"SIE",1972,1972-12-29,4253
"SIE",1973,1973-12-29,5027
"SIE",1974,1974-12-29,5847
"SIE",1975,1975-12-29,6554
"SIE",1976,1976-12-29,5690
"SIE",1977,1977-12-29,8990
"SIE",1978,1978-12-29,11425
"SIE",1979,1979-12-29,14000
"SIE",1980,1980-12-29,12000
"SIE",1981,1981-12-29,12000
"SIE",1982,1982-12-29,14000
"SIE",1983,1983-12-29,10000
"SIE",1984,1984-12-29,9000
"SIE",1985,1985-12-29,5130
"SIE",1986,1986-12-29,5130
"SIE",1987,1987-12-29,6000
"SIE",1988,1988-12-29,5000
"SIE",1989,1989-12-29,5150
"SIE",1990,1990-12-29,4239
"SIE",1991,1991-12-29,12000
"SIE",1993,1993-12-29,14000
"SIE",1994,1994-12-29,50000
"SIE",1995,1995-12-29,41000
"SIE",1996,1996-12-29,47000
"SIE",1997,1997-12-29,51000
"SIE",1998,1998-12-29,26000
"SIE",1999,1999-12-29,11000
"SIE",2000,2000-12-29,10000
"SIE",2001,2001-12-29,12000
"SIE",2002,2002-12-29,27000
"SIE",2003,2003-12-29,28000
"SIE",2004,2004-12-29,26000
"SIE",2005,2005-12-29,24000
"SIE",2006,2006-12-29,28000
"SIE",2007,2007-12-29,29000
"SIE",2008,2008-12-29,14000
"SIE",2009,2009-12-29,12000
"SIE",2010,2010-12-29,13000
"SIE",2011,2011-12-29,13000
"SIE",2012,2012-12-29,14000
"SIE",2013,2013-12-29,14000
"SIE",2014,2014-12-29,15000
"SIE",2015,2015-12-29,13000
"SIE",2016,2016-12-29,14000
"GHA",1957,1957-12-29,8051
"GHA",1958,1958-12-29,8283
"GHA",1959,1959-12-29,9801
"GHA",1960,1960-12-29,17384
"GHA",1961,1961-12-29,25553
"GHA",1962,1962-12-29,27421
"GHA",1963,1963-12-29,25553
"GHA",1964,1964-12-29,25903
"GHA",1965,1965-12-29,29636
"GHA",1966,1966-12-29,29835
"GHA",1967,1967-12-29,45630
"GHA",1968,1968-12-29,46256
"GHA",1969,1969-12-29,46746
"GHA",1970,1970-12-29,43610
"GHA",1971,1971-12-29,41513
"GHA",1972,1972-12-29,30481
"GHA",1973,1973-12-29,41300
"GHA",1974,1974-12-29,60492
"GHA",1975,1975-12-29,78789
"GHA",1976,1976-12-29,109575
"GHA",1977,1977-12-29,136534
"GHA",1978,1978-12-29,133360
"GHA",1979,1979-12-29,123259
"GHA",1980,1980-12-29,102432
"GHA",1981,1981-12-29,272309
"GHA",1982,1982-12-29,214087
"GHA",1983,1983-12-29,188076
"GHA",1984,1984-12-29,78961
"GHA",1985,1985-12-29,63490
"GHA",1986,1986-12-29,51580
"GHA",1987,1987-12-29,45280
"GHA",1988,1988-12-29,21000
"GHA",1989,1989-12-29,41480
"GHA",1990,1990-12-29,45390
"GHA",1991,1991-12-29,67000
"GHA",1992,1992-12-29,47360
"GHA",1993,1993-12-29,51000
"GHA",1994,1994-12-29,105000
"GHA",1995,1995-12-29,121000
"GHA",1996,1996-12-29,123000
"GHA",1997,1997-12-29,134000
"GHA",1998,1998-12-29,137000
"GHA",1999,1999-12-29,121000
"GHA",2000,2000-12-29,40000
"GHA",2001,2001-12-29,34000
"GHA",2002,2002-12-29,38000
"GHA",2003,2003-12-29,51000
"GHA",2004,2004-12-29,50000
"GHA",2005,2005-12-29,76000
"GHA",2006,2006-12-29,83000
"GHA",2007,2007-12-29,104000
"GHA",2008,2008-12-29,105000
"GHA",2009,2009-12-29,113000
"GHA",2010,2010-12-29,124000
"GHA",2011,2011-12-29,128000
"GHA",2012,2012-12-29,111000
"GHA",2013,2013-12-29,291000
"GHA",2014,2014-12-29,277000
"GHA",2015,2015-12-29,248000
"GHA",2016,2016-12-29,195000
"NIG",1960,1960-12-29,15962
"NIG",1961,1961-12-29,23243
"NIG",1962,1962-12-29,31924
"NIG",1963,1963-12-29,42565
"NIG",1964,1964-12-29,53206
"NIG",1965,1965-12-29,63568
"NIG",1966,1966-12-29,61327
"NIG",1967,1967-12-29,88491
"NIG",1968,1968-12-29,118454
"NIG",1969,1969-12-29,297676
"NIG",1970,1970-12-29,169420
"NIG",1971,1971-12-29,208645
"NIG",1972,1972-12-29,230921
"NIG",1973,1973-12-29,268421
"NIG",1974,1974-12-29,317530
"NIG",1975,1975-12-29,620384
"NIG",1976,1976-12-29,670468
"NIG",1977,1977-12-29,785742
"NIG",1978,1978-12-29,723404
"NIG",1979,1979-12-29,739557
"NIG",1980,1980-12-29,701754
"NIG",1981,1981-12-29,893444
"NIG",1982,1982-12-29,1671002
"NIG",1983,1983-12-29,1451008
"NIG",1984,1984-12-29,1215983
"NIG",1985,1985-12-29,1093000
"NIG",1986,1986-12-29,673040
"NIG",1987,1987-12-29,202130
"NIG",1988,1988-12-29,283340
"NIG",1989,1989-12-29,253000
"NIG",1990,1990-12-29,284270
"NIG",1991,1991-12-29,243720
"NIG",1992,1992-12-29,176900
"NIG",1993,1993-12-29,210000
"NIG",1994,1994-12-29,1191000
"NIG",1995,1995-12-29,1507000
"NIG",1996,1996-12-29,1913000
"NIG",1997,1997-12-29,1965000
"NIG",1998,1998-12-29,2143000
"NIG",1999,1999-12-29,2237000
"NIG",2000,2000-12-29,518000
"NIG",2001,2001-12-29,516000
"NIG",2002,2002-12-29,901000
"NIG",2003,2003-12-29,478000
"NIG",2004,2004-12-29,572000
"NIG",2005,2005-12-29,854000
"NIG",2006,2006-12-29,768000
"NIG",2007,2007-12-29,980000
"NIG",2008,2008-12-29,1339000
"NIG",2009,2009-12-29,1505000
"NIG",2010,2010-12-29,1519000
"NIG",2011,2011-12-29,2249000
"NIG",2012,2012-12-29,2033000
"NIG",2013,2013-12-29,2143000
"NIG",2014,2014-12-29,2253000
"NIG",2015,2015-12-29,1884000
"NIG",2016,2016-12-29,1734000
"CEN",1961,1961-12-29,822
"CEN",1962,1962-12-29,1001
"CEN",1963,1963-12-29,1001
"CEN",1964,1964-12-29,2001
"CEN",1965,1965-12-29,2313
"CEN",1966,1966-12-29,2382
"CEN",1967,1967-12-29,3832
"CEN",1968,1968-12-29,4493
"CEN",1969,1969-12-29,5878
"CEN",1970,1970-12-29,4865
"CEN",1971,1971-12-29,5297
"CEN",1972,1972-12-29,5202
"CEN",1973,1973-12-29,7256
"CEN",1974,1974-12-29,6931
"CEN",1975,1975-12-29,8277
"CEN",1976,1976-12-29,8013
"CEN",1977,1977-12-29,7652
"CEN",1978,1978-12-29,10144
"CEN",1979,1979-12-29,13971
"CEN",1980,1980-12-29,13902
"CEN",1981,1981-12-29,15030
"CEN",1982,1982-12-29,15630
"CEN",1983,1983-12-29,17823
"CEN",1984,1984-12-29,16209
"CEN",1985,1985-12-29,11811
"CEN",1986,1986-12-29,17004
"CEN",1987,1987-12-29,18670
"CEN",1988,1988-12-29,21980
"CEN",1989,1989-12-29,18000
"CEN",1990,1990-12-29,20851
"CEN",1992,1992-12-29,27960
"CEN",1993,1993-12-29,14100
"CEN",1994,1994-12-29,20000
"CEN",1995,1995-12-29,24000
"CEN",1996,1996-12-29,31000
"CEN",1997,1997-12-29,39000
"CEN",1998,1998-12-29,50000
"CEN",1999,1999-12-29,45000
"CEN",2000,2000-12-29,14000
"CEN",2001,2001-12-29,15000
"CEN",2002,2002-12-29,11000
"CEN",2003,2003-12-29,14000
"CEN",2004,2004-12-29,15000
"CEN",2005,2005-12-29,15000
"CEN",2006,2006-12-29,16000
"CEN",2007,2007-12-29,18000
"CEN",2008,2008-12-29,20000
"CEN",2009,2009-12-29,36000
"CEN",2010,2010-12-29,51000
"CEN",2011,2011-12-29,54000
"CHA",1961,1961-12-29,1620
"CHA",1962,1962-12-29,1292
"CHA",1963,1963-12-29,1487
"CHA",1964,1964-12-29,1787
"CHA",1965,1965-12-29,3322
"CHA",1966,1966-12-29,5777
"CHA",1967,1967-12-29,5979
"CHA",1968,1968-12-29,6239
"CHA",1969,1969-12-29,7835
"CHA",1970,1970-12-29,7922
"CHA",1971,1971-12-29,14163
"CHA",1972,1972-12-29,15281
"CHA",1973,1973-12-29,15954
"CHA",1974,1974-12-29,15322
"CHA",1975,1975-12-29,18906
"CHA",1976,1976-12-29,25010
"CHA",1977,1977-12-29,29999
"CHA",1978,1978-12-29,41349
"CHA",1979,1979-12-29,50020
"CHA",1980,1980-12-29,62031
"CHA",1981,1981-12-29,55003
"CHA",1982,1982-12-29,52040
"CHA",1983,1983-12-29,52498
"CHA",1984,1984-12-29,55682
"CHA",1985,1985-12-29,36880
"CHA",1986,1986-12-29,48660
"CHA",1987,1987-12-29,34300
"CHA",1988,1988-12-29,77890
"CHA",1989,1989-12-29,57990
"CHA",1990,1990-12-29,59318
"CHA",1991,1991-12-29,21000
"CHA",1992,1992-12-29,35340
"CHA",1993,1993-12-29,38300
"CHA",1994,1994-12-29,29000
"CHA",1995,1995-12-29,34000
"CHA",1996,1996-12-29,40000
"CHA",1997,1997-12-29,43000
"CHA",1998,1998-12-29,64000
"CHA",1999,1999-12-29,47000
"CHA",2000,2000-12-29,14000
"CHA",2001,2001-12-29,13000
"CHA",2002,2002-12-29,34000
"CHA",2003,2003-12-29,41000
"CHA",2004,2004-12-29,47000
"CHA",2005,2005-12-29,56000
"CHA",2006,2006-12-29,59000
"CHA",2007,2007-12-29,70000
"CHA",2008,2008-12-29,145000
"CHA",2009,2009-12-29,142000
"CHA",2010,2010-12-29,222000
"CHA",2011,2011-12-29,177000
"CHA",2012,2012-12-29,202000
"CHA",2016,2016-12-29,269000
"CON",1960,1960-12-29,400
"CON",1961,1961-12-29,2000
"CON",1962,1962-12-29,4335
"CON",1963,1963-12-29,4000
"CON",1964,1964-12-29,5003
"CON",1965,1965-12-29,5003
"CON",1966,1966-12-29,7737
"CON",1967,1967-12-29,8985
"CON",1968,1968-12-29,9216
"CON",1969,1969-12-29,9463
"CON",1970,1970-12-29,6000
"CON",1971,1971-12-29,13661
"CON",1972,1972-12-29,12735
"CON",1973,1973-12-29,19443
"CON",1974,1974-12-29,24158
"CON",1975,1975-12-29,33492
"CON",1976,1976-12-29,34333
"CON",1977,1977-12-29,36634
"CON",1978,1978-12-29,38114
"CON",1979,1979-12-29,52651
"CON",1980,1980-12-29,48980
"CON",1981,1981-12-29,56401
"CON",1982,1982-12-29,52300
"CON",1983,1983-12-29,69008
"CON",1984,1984-12-29,49000
"CON",1985,1985-12-29,55650
"CON",1986,1986-12-29,115000
"CON",1987,1987-12-29,100510
"CON",1988,1988-12-29,71553
"CON",1989,1989-12-29,74923
"CON",1990,1990-12-29,86880
"CON",1992,1992-12-29,125630
"CON",1994,1994-12-29,38000
"CON",1995,1995-12-29,49000
"CON",1996,1996-12-29,56000
"CON",1997,1997-12-29,74000
"CON",1998,1998-12-29,83000
"CON",1999,1999-12-29,73000
"CON",2000,2000-12-29,73000
"CON",2001,2001-12-29,80000
"CON",2003,2003-12-29,49000
"CON",2004,2004-12-29,56000
"CON",2005,2005-12-29,79000
"CON",2006,2006-12-29,84000
"CON",2007,2007-12-29,94000
"CON",2008,2008-12-29,112000
"CON",2009,2009-12-29,134000
"CON",2010,2010-12-29,214000
"CON",2011,2011-12-29,290000
"CON",2012,2012-12-29,325000
"CON",2014,2014-12-29,720000
"CON",2016,2016-12-29,565000
"DRC",1961,1961-12-29,10000
"DRC",1962,1962-12-29,20000
"DRC",1963,1963-12-29,20000
"DRC",1964,1964-12-29,12000
"DRC",1965,1965-12-29,31000
"DRC",1966,1966-12-29,32000
"DRC",1967,1967-12-29,37000
"DRC",1968,1968-12-29,44000
"DRC",1969,1969-12-29,61000
"DRC",1970,1970-12-29,60000
"DRC",1971,1971-12-29,89400
"DRC",1972,1972-12-29,90600
"DRC",1973,1973-12-29,83600
"DRC",1974,1974-12-29,169200
"DRC",1975,1975-12-29,147800
"DRC",1976,1976-12-29,101161
"DRC",1977,1977-12-29,36173
"DRC",1978,1978-12-29,45455
"DRC",1979,1979-12-29,115654
"DRC",1980,1980-12-29,179076
"DRC",1981,1981-12-29,84675
"DRC",1982,1982-12-29,148500
"DRC",1983,1983-12-29,140080
"DRC",1984,1984-12-29,54987
"DRC",1985,1985-12-29,81000
"DRC",1986,1986-12-29,46560
"DRC",1987,1987-12-29,46260
"DRC",1988,1988-12-29,66820
"DRC",1989,1989-12-29,141064
"DRC",1990,1990-12-29,58662
"DRC",1991,1991-12-29,235000
"DRC",1993,1993-12-29,245000
"DRC",1994,1994-12-29,119000
"DRC",1995,1995-12-29,185000
"DRC",1996,1996-12-29,174000
"DRC",1997,1997-12-29,308000
"DRC",1998,1998-12-29,371000
"DRC",1999,1999-12-29,411000
"DRC",2000,2000-12-29,4e+05
"DRC",2001,2001-12-29,392000
"DRC",2003,2003-12-29,119000
"DRC",2004,2004-12-29,194000
"DRC",2005,2005-12-29,150000
"DRC",2006,2006-12-29,163000
"DRC",2007,2007-12-29,166000
"DRC",2008,2008-12-29,168000
"DRC",2009,2009-12-29,123000
"DRC",2010,2010-12-29,193000
"DRC",2011,2011-12-29,221000
"DRC",2012,2012-12-29,232000
"DRC",2013,2013-12-29,416000
"DRC",2014,2014-12-29,456000
"DRC",2015,2015-12-29,738000
"DRC",2016,2016-12-29,875000
"UGA",1962,1962-12-29,840
"UGA",1963,1963-12-29,2800
"UGA",1964,1964-12-29,5601
"UGA",1965,1965-12-29,10921
"UGA",1966,1966-12-29,14282
"UGA",1967,1967-12-29,16802
"UGA",1968,1968-12-29,19882
"UGA",1969,1969-12-29,19602
"UGA",1970,1970-12-29,22260
"UGA",1971,1971-12-29,52670
"UGA",1972,1972-12-29,64679
"UGA",1973,1973-12-29,59246
"UGA",1974,1974-12-29,74972
"UGA",1975,1975-12-29,86613
"UGA",1976,1976-12-29,99788
"UGA",1977,1977-12-29,135864
"UGA",1978,1978-12-29,156012
"UGA",1979,1979-12-29,241009
"UGA",1980,1980-12-29,250090
"UGA",1981,1981-12-29,81222
"UGA",1982,1982-12-29,94332
"UGA",1983,1983-12-29,88706
"UGA",1984,1984-12-29,38043
"UGA",1985,1985-12-29,38257
"UGA",1986,1986-12-29,80000
"UGA",1987,1987-12-29,130920
"UGA",1988,1988-12-29,141670
"UGA",1989,1989-12-29,83820
"UGA",1990,1990-12-29,74130
"UGA",1991,1991-12-29,73290
"UGA",1992,1992-12-29,86810
"UGA",1993,1993-12-29,79500
"UGA",1994,1994-12-29,80000
"UGA",1995,1995-12-29,126000
"UGA",1996,1996-12-29,156000
"UGA",1997,1997-12-29,166000
"UGA",1998,1998-12-29,230000
"UGA",1999,1999-12-29,199000
"UGA",2000,2000-12-29,135000
"UGA",2001,2001-12-29,126000
"UGA",2002,2002-12-29,165000
"UGA",2003,2003-12-29,158000
"UGA",2004,2004-12-29,192000
"UGA",2005,2005-12-29,196000
"UGA",2006,2006-12-29,192000
"UGA",2007,2007-12-29,232000
"UGA",2008,2008-12-29,293000
"UGA",2009,2009-12-29,277000
"UGA",2010,2010-12-29,211000
"UGA",2011,2011-12-29,243000
"UGA",2012,2012-12-29,374000
"UGA",2013,2013-12-29,342000
"UGA",2014,2014-12-29,405000
"UGA",2015,2015-12-29,362000
"UGA",2016,2016-12-29,481000
"KEN",1963,1963-12-29,1960
"KEN",1964,1964-12-29,5881
"KEN",1965,1965-12-29,9801
"KEN",1966,1966-12-29,13162
"KEN",1967,1967-12-29,15962
"KEN",1968,1968-12-29,16242
"KEN",1969,1969-12-29,17082
"KEN",1970,1970-12-29,19042
"KEN",1971,1971-12-29,22000
"KEN",1972,1972-12-29,28000
"KEN",1973,1973-12-29,36000
"KEN",1974,1974-12-29,40000
"KEN",1975,1975-12-29,51000
"KEN",1976,1976-12-29,54000
"KEN",1977,1977-12-29,106000
"KEN",1978,1978-12-29,205000
"KEN",1979,1979-12-29,278000
"KEN",1980,1980-12-29,286000
"KEN",1981,1981-12-29,222000
"KEN",1982,1982-12-29,266000
"KEN",1983,1983-12-29,233000
"KEN",1984,1984-12-29,243000
"KEN",1985,1985-12-29,255600
"KEN",1986,1986-12-29,138000
"KEN",1987,1987-12-29,202740
"KEN",1988,1988-12-29,275420
"KEN",1989,1989-12-29,294000
"KEN",1990,1990-12-29,211519
"KEN",1991,1991-12-29,230000
"KEN",1992,1992-12-29,256200
"KEN",1993,1993-12-29,170000
"KEN",1994,1994-12-29,191000
"KEN",1995,1995-12-29,206000
"KEN",1996,1996-12-29,216000
"KEN",1997,1997-12-29,269000
"KEN",1998,1998-12-29,321000
"KEN",1999,1999-12-29,327000
"KEN",2000,2000-12-29,278000
"KEN",2001,2001-12-29,308000
"KEN",2002,2002-12-29,214000
"KEN",2003,2003-12-29,247000
"KEN",2004,2004-12-29,252000
"KEN",2005,2005-12-29,388000
"KEN",2006,2006-12-29,398000
"KEN",2007,2007-12-29,681000
"KEN",2008,2008-12-29,735000
"KEN",2009,2009-12-29,533000
"KEN",2010,2010-12-29,689000
"KEN",2011,2011-12-29,629000
"KEN",2012,2012-12-29,930000
"KEN",2013,2013-12-29,975000
"KEN",2014,2014-12-29,1042000
"KEN",2015,2015-12-29,942000
"KEN",2016,2016-12-29,1219000
"TAZ",1961,1961-12-29,11229
"TAZ",1962,1962-12-29,1400
"TAZ",1963,1963-12-29,2520
"TAZ",1964,1964-12-29,4761
"TAZ",1965,1965-12-29,7001
"TAZ",1966,1966-12-29,8121
"TAZ",1967,1967-12-29,9801
"TAZ",1968,1968-12-29,10921
"TAZ",1969,1969-12-29,12321
"TAZ",1970,1970-12-29,19040
"TAZ",1971,1971-12-29,30379
"TAZ",1972,1972-12-29,38359
"TAZ",1973,1973-12-29,55686
"TAZ",1974,1974-12-29,85774
"TAZ",1975,1975-12-29,98199
"TAZ",1976,1976-12-29,97622
"TAZ",1977,1977-12-29,136572
"TAZ",1978,1978-12-29,264913
"TAZ",1979,1979-12-29,261569
"TAZ",1980,1980-12-29,268004
"TAZ",1981,1981-12-29,223087
"TAZ",1982,1982-12-29,143559
"TAZ",1983,1983-12-29,123131
"TAZ",1984,1984-12-29,103992
"TAZ",1985,1985-12-29,223420
"TAZ",1986,1986-12-29,447658
"TAZ",1987,1987-12-29,119200
"TAZ",1988,1988-12-29,93000
"TAZ",1989,1989-12-29,119200
"TAZ",1990,1990-12-29,113530
"TAZ",1991,1991-12-29,442000
"TAZ",1992,1992-12-29,107740
"TAZ",1993,1993-12-29,90000
"TAZ",1994,1994-12-29,90000
"TAZ",1995,1995-12-29,87000
"TAZ",1996,1996-12-29,114000
"TAZ",1997,1997-12-29,123000
"TAZ",1998,1998-12-29,146000
"TAZ",1999,1999-12-29,141000
"TAZ",2000,2000-12-29,144000
"TAZ",2001,2001-12-29,140000
"TAZ",2002,2002-12-29,143000
"TAZ",2003,2003-12-29,301000
"TAZ",2004,2004-12-29,386000
"TAZ",2005,2005-12-29,135000
"TAZ",2006,2006-12-29,147000
"TAZ",2007,2007-12-29,162000
"TAZ",2008,2008-12-29,184000
"TAZ",2009,2009-12-29,247000
"TAZ",2010,2010-12-29,513000
"TAZ",2011,2011-12-29,285000
"TAZ",2012,2012-12-29,305000
"TAZ",2013,2013-12-29,327000
"TAZ",2014,2014-12-29,396000
"TAZ",2015,2015-12-29,424000
"TAZ",2016,2016-12-29,520000
"RWA",1963,1963-12-29,2600
"RWA",1964,1964-12-29,3600
"RWA",1965,1965-12-29,4400
"RWA",1966,1966-12-29,4800
"RWA",1967,1967-12-29,3910
"RWA",1968,1968-12-29,3600
"RWA",1969,1969-12-29,4500
"RWA",1970,1970-12-29,4800
"RWA",1971,1971-12-29,4330
"RWA",1972,1972-12-29,3960
"RWA",1973,1973-12-29,6700
"RWA",1974,1974-12-29,6184
"RWA",1975,1975-12-29,7711
"RWA",1976,1976-12-29,9457
"RWA",1977,1977-12-29,10029
"RWA",1978,1978-12-29,11327
"RWA",1979,1979-12-29,13361
"RWA",1980,1980-12-29,22098
"RWA",1981,1981-12-29,27084
"RWA",1982,1982-12-29,28134
"RWA",1983,1983-12-29,29007
"RWA",1984,1984-12-29,30225
"RWA",1985,1985-12-29,31000
"RWA",1986,1986-12-29,34135
"RWA",1987,1987-12-29,37660
"RWA",1988,1988-12-29,36630
"RWA",1989,1989-12-29,37000
"RWA",1990,1990-12-29,37504
"RWA",1991,1991-12-29,117390
"RWA",1992,1992-12-29,112490
"RWA",1993,1993-12-29,105000
"RWA",1994,1994-12-29,109000
"RWA",1995,1995-12-29,90000
"RWA",1996,1996-12-29,97000
"RWA",1997,1997-12-29,103000
"RWA",1998,1998-12-29,144000
"RWA",1999,1999-12-29,135000
"RWA",2000,2000-12-29,98000
"RWA",2001,2001-12-29,98000
"RWA",2002,2002-12-29,63000
"RWA",2003,2003-12-29,69000
"RWA",2004,2004-12-29,45000
"RWA",2005,2005-12-29,56000
"RWA",2006,2006-12-29,72000
"RWA",2007,2007-12-29,62000
"RWA",2008,2008-12-29,71000
"RWA",2009,2009-12-29,113000
"RWA",2010,2010-12-29,74000
"RWA",2011,2011-12-29,74000
"RWA",2012,2012-12-29,76000
"RWA",2013,2013-12-29,82000
"RWA",2014,2014-12-29,81000
"RWA",2015,2015-12-29,91000
"RWA",2016,2016-12-29,88000
"SOM",1960,1960-12-29,1500
"SOM",1961,1961-12-29,3164
"SOM",1962,1962-12-29,3696
"SOM",1963,1963-12-29,4480
"SOM",1964,1964-12-29,5404
"SOM",1965,1965-12-29,5166
"SOM",1966,1966-12-29,6496
"SOM",1967,1967-12-29,7532
"SOM",1968,1968-12-29,8344
"SOM",1969,1969-12-29,9002
"SOM",1970,1970-12-29,11228
"SOM",1971,1971-12-29,11289
"SOM",1972,1972-12-29,13180
"SOM",1973,1973-12-29,16079
"SOM",1974,1974-12-29,21445
"SOM",1975,1975-12-29,23034
"SOM",1976,1976-12-29,26211
"SOM",1977,1977-12-29,31771
"SOM",1978,1978-12-29,66719
"SOM",1979,1979-12-29,95313
"SOM",1980,1980-12-29,97893
"SOM",1981,1981-12-29,162042
"SOM",1982,1982-12-29,121505
"SOM",1983,1983-12-29,122066
"SOM",1984,1984-12-29,130113
"SOM",1985,1985-12-29,134220
"SOM",1986,1986-12-29,83000
"SOM",1987,1987-12-29,31613
"SOM",1988,1988-12-29,46000
"SOM",1989,1989-12-29,18050
"SOM",1990,1990-12-29,34031
"SOM",1995,1995-12-29,43000
"SOM",1996,1996-12-29,41000
"SOM",1997,1997-12-29,40000
"SOM",1998,1998-12-29,41000
"SOM",1999,1999-12-29,40000
"SOM",2000,2000-12-29,40000
"SOM",2001,2001-12-29,39000
"SOM",2009,2009-12-29,44000
"ETH",1959,1959-12-29,10709
"ETH",1960,1960-12-29,15016
"ETH",1961,1961-12-29,18156
"ETH",1962,1962-12-29,19807
"ETH",1963,1963-12-29,21900
"ETH",1964,1964-12-29,24480
"ETH",1965,1965-12-29,33520
"ETH",1966,1966-12-29,40520
"ETH",1967,1967-12-29,42120
"ETH",1968,1968-12-29,40440
"ETH",1969,1969-12-29,37400
"ETH",1970,1970-12-29,36200
"ETH",1971,1971-12-29,36886
"ETH",1972,1972-12-29,41695
"ETH",1973,1973-12-29,48599
"ETH",1974,1974-12-29,74879
"ETH",1975,1975-12-29,125120
"ETH",1976,1976-12-29,128019
"ETH",1977,1977-12-29,135265
"ETH",1978,1978-12-29,202898
"ETH",1979,1979-12-29,289855
"ETH",1980,1980-12-29,382043
"ETH",1981,1981-12-29,440032
"ETH",1982,1982-12-29,459086
"ETH",1983,1983-12-29,504325
"ETH",1984,1984-12-29,548706
"ETH",1985,1985-12-29,446860
"ETH",1986,1986-12-29,445860
"ETH",1987,1987-12-29,471590
"ETH",1988,1988-12-29,536300
"ETH",1989,1989-12-29,536300
"ETH",1990,1990-12-29,1310000
"ETH",1991,1991-12-29,370000
"ETH",1992,1992-12-29,811000
"ETH",1993,1993-12-29,151000
"ETH",1994,1994-12-29,120000
"ETH",1995,1995-12-29,119000
"ETH",1996,1996-12-29,127000
"ETH",1997,1997-12-29,134000
"ETH",1998,1998-12-29,387000
"ETH",1999,1999-12-29,444000
"ETH",2000,2000-12-29,670000
"ETH",2001,2001-12-29,580000
"ETH",2002,2002-12-29,338000
"ETH",2003,2003-12-29,299000
"ETH",2004,2004-12-29,291000
"ETH",2005,2005-12-29,3e+05
"ETH",2006,2006-12-29,345000
"ETH",2007,2007-12-29,336000
"ETH",2008,2008-12-29,366000
"ETH",2009,2009-12-29,408000
"ETH",2010,2010-12-29,308000
"ETH",2011,2011-12-29,273000
"ETH",2012,2012-12-29,254000
"ETH",2013,2013-12-29,351000
"ETH",2014,2014-12-29,375000
"ETH",2015,2015-12-29,399000
"ETH",2016,2016-12-29,451000
"ERI",1993,1993-12-29,91000
"ERI",1994,1994-12-29,41000
"ERI",1995,1995-12-29,40000
"ERI",1996,1996-12-29,61000
"ERI",1997,1997-12-29,196000
"ERI",1998,1998-12-29,297000
"ERI",1999,1999-12-29,309000
"ERI",2000,2000-12-29,196000
"ERI",2001,2001-12-29,173000
"ERI",2002,2002-12-29,151000
"ERI",2003,2003-12-29,147000
"ERI",2004,2004-12-29,74000
"ERI",2005,2005-12-29,65000
"ERI",2009,2009-12-29,78000
"ERI",2011,2011-12-29,78000
"ANG",1975,1975-12-29,146004
"ANG",1979,1979-12-29,529165
"ANG",1980,1980-12-29,682543
"ANG",1981,1981-12-29,688223
"ANG",1982,1982-12-29,781095
"ANG",1983,1983-12-29,563002
"ANG",1985,1985-12-29,983690
"ANG",1986,1986-12-29,1090000
"ANG",1987,1987-12-29,819000
"ANG",1988,1988-12-29,819000
"ANG",1989,1989-12-29,2690000
"ANG",1990,1990-12-29,2732000
"ANG",1991,1991-12-29,538965
"ANG",1993,1993-12-29,1100000
"ANG",1994,1994-12-29,524000
"ANG",1995,1995-12-29,4e+05
"ANG",1996,1996-12-29,460000
"ANG",1997,1997-12-29,764000
"ANG",1998,1998-12-29,974000
"ANG",1999,1999-12-29,1005000
"ANG",2000,2000-12-29,2e+06
"ANG",2001,2001-12-29,1470000
"ANG",2002,2002-12-29,1e+06
"ANG",2003,2003-12-29,750000
"ANG",2004,2004-12-29,750000
"ANG",2005,2005-12-29,1189000
"ANG",2006,2006-12-29,1588000
"ANG",2007,2007-12-29,2264000
"ANG",2008,2008-12-29,2425000
"ANG",2009,2009-12-29,3174000
"ANG",2010,2010-12-29,3719000
"ANG",2011,2011-12-29,3622000
"ANG",2012,2012-12-29,4147000
"ANG",2013,2013-12-29,6049000
"ANG",2014,2014-12-29,6846000
"ANG",2015,2015-12-29,4433000
"ANG",2016,2016-12-29,2778000
"ZAM",1964,1964-12-29,11761
"ZAM",1965,1965-12-29,33604
"ZAM",1966,1966-12-29,35284
"ZAM",1967,1967-12-29,40325
"ZAM",1968,1968-12-29,49006
"ZAM",1969,1969-12-29,37239
"ZAM",1970,1970-12-29,39759
"ZAM",1971,1971-12-29,62000
"ZAM",1972,1972-12-29,77000
"ZAM",1973,1973-12-29,52000
"ZAM",1974,1974-12-29,59000
"ZAM",1975,1975-12-29,62000
"ZAM",1976,1976-12-29,68000
"ZAM",1977,1977-12-29,70000
"ZAM",1978,1978-12-29,76000
"ZAM",1979,1979-12-29,164084
"ZAM",1980,1980-12-29,140040
"ZAM",1981,1981-12-29,326097
"ZAM",1982,1982-12-29,185000
"ZAM",1983,1983-12-29,378665
"ZAM",1984,1984-12-29,295431
"ZAM",1985,1985-12-29,35081
"ZAM",1986,1986-12-29,69164
"ZAM",1987,1987-12-29,71014
"ZAM",1988,1988-12-29,105000
"ZAM",1989,1989-12-29,118550
"ZAM",1990,1990-12-29,94990
"ZAM",1991,1991-12-29,60000
"ZAM",1993,1993-12-29,54000
"ZAM",1994,1994-12-29,60000
"ZAM",1995,1995-12-29,61000
"ZAM",1996,1996-12-29,60000
"ZAM",1997,1997-12-29,59000
"ZAM",1998,1998-12-29,66000
"ZAM",1999,1999-12-29,88000
"ZAM",2000,2000-12-29,29000
"ZAM",2001,2001-12-29,27000
"ZAM",2002,2002-12-29,26000
"ZAM",2003,2003-12-29,27000
"ZAM",2004,2004-12-29,40000
"ZAM",2005,2005-12-29,158000
"ZAM",2006,2006-12-29,3e+05
"ZAM",2007,2007-12-29,247000
"ZAM",2008,2008-12-29,262000
"ZAM",2009,2009-12-29,213000
"ZAM",2010,2010-12-29,251000
"ZAM",2011,2011-12-29,306000
"ZAM",2012,2012-12-29,321000
"ZAM",2013,2013-12-29,356000
"ZAM",2014,2014-12-29,422000
"ZAM",2015,2015-12-29,435000
"ZAM",2016,2016-12-29,281000
"ZIM",1965,1965-12-29,15435
"ZIM",1966,1966-12-29,17640
"ZIM",1967,1967-12-29,20160
"ZIM",1968,1968-12-29,21700
"ZIM",1969,1969-12-29,21560
"ZIM",1970,1970-12-29,25480
"ZIM",1971,1971-12-29,49636
"ZIM",1972,1972-12-29,51939
"ZIM",1973,1973-12-29,76823
"ZIM",1974,1974-12-29,102017
"ZIM",1975,1975-12-29,116956
"ZIM",1976,1976-12-29,140294
"ZIM",1977,1977-12-29,206992
"ZIM",1978,1978-12-29,261039
"ZIM",1979,1979-12-29,363507
"ZIM",1980,1980-12-29,456298
"ZIM",1981,1981-12-29,407009
"ZIM",1982,1982-12-29,336401
"ZIM",1983,1983-12-29,378076
"ZIM",1984,1984-12-29,295676
"ZIM",1985,1985-12-29,278430
"ZIM",1986,1986-12-29,389990
"ZIM",1987,1987-12-29,423730
"ZIM",1988,1988-12-29,460000
"ZIM",1989,1989-12-29,387040
"ZIM",1990,1990-12-29,361450
"ZIM",1991,1991-12-29,334010
"ZIM",1992,1992-12-29,224770
"ZIM",1993,1993-12-29,208820
"ZIM",1994,1994-12-29,2e+05
"ZIM",1995,1995-12-29,233000
"ZIM",1996,1996-12-29,242000
"ZIM",1997,1997-12-29,304000
"ZIM",1998,1998-12-29,334000
"ZIM",1999,1999-12-29,418000
"ZIM",2000,2000-12-29,276000
"ZIM",2001,2001-12-29,267000
"ZIM",2002,2002-12-29,920000
"ZIM",2003,2003-12-29,306000
"ZIM",2004,2004-12-29,237000
"ZIM",2005,2005-12-29,136000
"ZIM",2006,2006-12-29,156000
"ZIM",2010,2010-12-29,98000
"ZIM",2011,2011-12-29,198000
"ZIM",2012,2012-12-29,318000
"ZIM",2013,2013-12-29,356000
"ZIM",2014,2014-12-29,368000
"ZIM",2015,2015-12-29,379000
"ZIM",2016,2016-12-29,358000
"SAF",1920,1920-12-30,5609
"SAF",1921,1921-12-30,6521
"SAF",1922,1922-12-30,4106
"SAF",1923,1923-12-30,4351
"SAF",1924,1924-12-30,4846
"SAF",1925,1925-12-30,5547
"SAF",1926,1926-12-30,5759
"SAF",1927,1927-12-30,5753
"SAF",1928,1928-12-30,5294
"SAF",1929,1929-12-30,5152
"SAF",1930,1930-12-30,4302
"SAF",1931,1931-12-30,3696
"SAF",1932,1932-12-30,3514
"SAF",1933,1933-12-30,3576
"SAF",1934,1934-12-30,6667
"SAF",1935,1935-12-30,7368
"SAF",1936,1936-12-30,8845
"SAF",1937,1937-12-30,10393
"SAF",1938,1938-12-30,16139
"SAF",1939,1939-12-30,8322
"SAF",1940,1940-12-29,28826
"SAF",1941,1941-12-29,112840
"SAF",1942,1942-12-29,290160
"SAF",1943,1943-12-29,198429
"SAF",1944,1944-12-29,201500
"SAF",1945,1945-12-29,206537
"SAF",1946,1946-12-29,96481
"SAF",1947,1947-12-29,67331
"SAF",1948,1948-12-29,67902
"SAF",1949,1949-12-29,44088
"SAF",1950,1950-12-29,29232
"SAF",1951,1951-12-29,57071
"SAF",1952,1952-12-29,65151
"SAF",1953,1953-12-29,58741
"SAF",1954,1954-12-29,55960
"SAF",1955,1955-12-29,58252
"SAF",1956,1956-12-29,66964
"SAF",1957,1957-12-29,72062
"SAF",1958,1958-12-29,55882
"SAF",1959,1959-12-29,40571
"SAF",1960,1960-12-29,61333
"SAF",1961,1961-12-29,90706
"SAF",1962,1962-12-29,161471
"SAF",1963,1963-12-29,164202
"SAF",1964,1964-12-29,237751
"SAF",1965,1965-12-29,252257
"SAF",1966,1966-12-29,284518
"SAF",1967,1967-12-29,325462
"SAF",1968,1968-12-29,332448
"SAF",1969,1969-12-29,350104
"SAF",1970,1970-12-29,358656
"SAF",1971,1971-12-29,423658
"SAF",1972,1972-12-29,425670
"SAF",1973,1973-12-29,632491
"SAF",1974,1974-12-29,964228
"SAF",1975,1975-12-29,1247438
"SAF",1976,1976-12-29,1445492
"SAF",1977,1977-12-29,1814627
"SAF",1978,1978-12-29,2181013
"SAF",1979,1979-12-29,2241625
"SAF",1980,1980-12-29,2858612
"SAF",1981,1981-12-29,3081006
"SAF",1982,1982-12-29,2675998
"SAF",1983,1983-12-29,3306705
"SAF",1984,1984-12-29,2634556
"SAF",1985,1985-12-29,2147000
"SAF",1986,1986-12-29,2340000
"SAF",1987,1987-12-29,3290000
"SAF",1988,1988-12-29,3410000
"SAF",1989,1989-12-29,3600000
"SAF",1990,1990-12-29,4320000
"SAF",1991,1991-12-29,3850000
"SAF",1992,1992-12-29,3320000
"SAF",1993,1993-12-29,3482000
"SAF",1994,1994-12-29,4071000
"SAF",1995,1995-12-29,3177000
"SAF",1996,1996-12-29,2804000
"SAF",1997,1997-12-29,2517000
"SAF",1998,1998-12-29,1900000
"SAF",1999,1999-12-29,1755000
"SAF",2000,2000-12-29,2019000
"SAF",2001,2001-12-29,1829000
"SAF",2002,2002-12-29,1874000
"SAF",2003,2003-12-29,2712000
"SAF",2004,2004-12-29,3132000
"SAF",2005,2005-12-29,3697000
"SAF",2006,2006-12-29,3527000
"SAF",2007,2007-12-29,3753000
"SAF",2008,2008-12-29,3359000
"SAF",2009,2009-12-29,4296000
"SAF",2010,2010-12-29,4182000
"SAF",2011,2011-12-29,5290000
"SAF",2012,2012-12-29,5069000
"SAF",2013,2013-12-29,4848000
"SAF",2014,2014-12-29,4005000
"SAF",2015,2015-12-29,3506000
"SAF",2016,2016-12-29,3090000
"MOR",1956,1956-12-29,33143
"MOR",1957,1957-12-29,47143
"MOR",1958,1958-12-29,47143
"MOR",1959,1959-12-29,47143
"MOR",1960,1960-12-29,41601
"MOR",1961,1961-12-29,48281
"MOR",1962,1962-12-29,53854
"MOR",1963,1963-12-29,74901
"MOR",1964,1964-12-29,70000
"MOR",1965,1965-12-29,63182
"MOR",1966,1966-12-29,67945
"MOR",1967,1967-12-29,70356
"MOR",1968,1968-12-29,82352
"MOR",1969,1969-12-29,80040
"MOR",1970,1970-12-29,83538
"MOR",1971,1971-12-29,109901
"MOR",1972,1972-12-29,140342
"MOR",1973,1973-12-29,186272
"MOR",1974,1974-12-29,421887
"MOR",1975,1975-12-29,412831
"MOR",1976,1976-12-29,576562
"MOR",1977,1977-12-29,731447
"MOR",1978,1978-12-29,770154
"MOR",1979,1979-12-29,928419
"MOR",1980,1980-12-29,1118030
"MOR",1981,1981-12-29,1102334
"MOR",1982,1982-12-29,1229008
"MOR",1983,1983-12-29,1097862
"MOR",1984,1984-12-29,595671
"MOR",1985,1985-12-29,522461
"MOR",1986,1986-12-29,750990
"MOR",1987,1987-12-29,860000
"MOR",1988,1988-12-29,1136000
"MOR",1989,1989-12-29,1210000
"MOR",1990,1990-12-29,1500000
"MOR",1991,1991-12-29,983000
"MOR",1992,1992-12-29,1140000
"MOR",1993,1993-12-29,1193000
"MOR",1994,1994-12-29,1252000
"MOR",1995,1995-12-29,1464000
"MOR",1996,1996-12-29,1431000
"MOR",1997,1997-12-29,1386000
"MOR",1998,1998-12-29,1696000
"MOR",1999,1999-12-29,1761000
"MOR",2000,2000-12-29,1429000
"MOR",2001,2001-12-29,1315000
"MOR",2002,2002-12-29,1545000
"MOR",2003,2003-12-29,1826000
"MOR",2004,2004-12-29,1990000
"MOR",2005,2005-12-29,2054000
"MOR",2006,2006-12-29,2161000
"MOR",2007,2007-12-29,2409000
"MOR",2008,2008-12-29,2977000
"MOR",2009,2009-12-29,3061000
"MOR",2010,2010-12-29,3117000
"MOR",2011,2011-12-29,3343000
"MOR",2012,2012-12-29,3408000
"MOR",2013,2013-12-29,3730000
"MOR",2014,2014-12-29,3859000
"MOR",2015,2015-12-29,3298000
"MOR",2016,2016-12-29,3365000
"ALG",1962,1962-12-29,65000
"ALG",1963,1963-12-29,79400
"ALG",1964,1964-12-29,99251
"ALG",1965,1965-12-29,99251
"ALG",1966,1966-12-29,99251
"ALG",1967,1967-12-29,99251
"ALG",1968,1968-12-29,99251
"ALG",1969,1969-12-29,99251
"ALG",1970,1970-12-29,99251
"ALG",1971,1971-12-29,99470
"ALG",1972,1972-12-29,111512
"ALG",1973,1973-12-29,137657
"ALG",1974,1974-12-29,260237
"ALG",1975,1975-12-29,309322
"ALG",1976,1976-12-29,385839
"ALG",1977,1977-12-29,464711
"ALG",1978,1978-12-29,601562
"ALG",1979,1979-12-29,727349
"ALG",1980,1980-12-29,890060
"ALG",1981,1981-12-29,811620
"ALG",1982,1982-12-29,848032
"ALG",1983,1983-12-29,935023
"ALG",1984,1984-12-29,930440
"ALG",1985,1985-12-29,953300
"ALG",1986,1986-12-29,1160000
"ALG",1987,1987-12-29,1200000
"ALG",1988,1988-12-29,1050000
"ALG",1989,1989-12-29,854000
"ALG",1990,1990-12-29,904000
"ALG",1991,1991-12-29,660000
"ALG",1992,1992-12-29,1900000
"ALG",1993,1993-12-29,1119000
"ALG",1994,1994-12-29,1306000
"ALG",1995,1995-12-29,1427000
"ALG",1996,1996-12-29,1840000
"ALG",1997,1997-12-29,2114000
"ALG",1998,1998-12-29,3125000
"ALG",1999,1999-12-29,3086000
"ALG",2000,2000-12-29,2989000
"ALG",2001,2001-12-29,3149000
"ALG",2002,2002-12-29,2098000
"ALG",2003,2003-12-29,2206000
"ALG",2004,2004-12-29,2805000
"ALG",2005,2005-12-29,2877000
"ALG",2006,2006-12-29,3096000
"ALG",2007,2007-12-29,4270000
"ALG",2008,2008-12-29,5179000
"ALG",2009,2009-12-29,5281000
"ALG",2010,2010-12-29,5591000
"ALG",2011,2011-12-29,8662000
"ALG",2012,2012-12-29,9324000
"ALG",2013,2013-12-29,9957000
"ALG",2014,2014-12-29,11996000
"ALG",2015,2015-12-29,10837000
"ALG",2016,2016-12-29,10577000
"TUN",1956,1956-12-29,5143
"TUN",1957,1957-12-29,7143
"TUN",1958,1958-12-29,10479
"TUN",1959,1959-12-29,15714
"TUN",1960,1960-12-29,17619
"TUN",1961,1961-12-29,20476
"TUN",1962,1962-12-29,15714
"TUN",1963,1963-12-29,16905
"TUN",1964,1964-12-29,20476
"TUN",1965,1965-12-29,14231
"TUN",1966,1966-12-29,16923
"TUN",1967,1967-12-29,16154
"TUN",1968,1968-12-29,20192
"TUN",1969,1969-12-29,20192
"TUN",1970,1970-12-29,22692
"TUN",1971,1971-12-29,24937
"TUN",1972,1972-12-29,31643
"TUN",1973,1973-12-29,38333
"TUN",1974,1974-12-29,46506
"TUN",1975,1975-12-29,75316
"TUN",1976,1976-12-29,83955
"TUN",1977,1977-12-29,121678
"TUN",1978,1978-12-29,148246
"TUN",1979,1979-12-29,153751
"TUN",1980,1980-12-29,338701
"TUN",1981,1981-12-29,229887
"TUN",1982,1982-12-29,324009
"TUN",1983,1983-12-29,429076
"TUN",1984,1984-12-29,437008
"TUN",1985,1985-12-29,416537
"TUN",1986,1986-12-29,547770
"TUN",1987,1987-12-29,523860
"TUN",1988,1988-12-29,545470
"TUN",1989,1989-12-29,482460
"TUN",1990,1990-12-29,400770
"TUN",1991,1991-12-29,468600
"TUN",1992,1992-12-29,596000
"TUN",1993,1993-12-29,345000
"TUN",1994,1994-12-29,312000
"TUN",1995,1995-12-29,369000
"TUN",1996,1996-12-29,406000
"TUN",1997,1997-12-29,334000
"TUN",1998,1998-12-29,363000
"TUN",1999,1999-12-29,348000
"TUN",2000,2000-12-29,357000
"TUN",2001,2001-12-29,377000
"TUN",2002,2002-12-29,346000
"TUN",2003,2003-12-29,410000
"TUN",2004,2004-12-29,447000
"TUN",2005,2005-12-29,471000
"TUN",2006,2006-12-29,502000
"TUN",2007,2007-12-29,470000
"TUN",2008,2008-12-29,534000
"TUN",2009,2009-12-29,532000
"TUN",2010,2010-12-29,535000
"TUN",2011,2011-12-29,623000
"TUN",2012,2012-12-29,705000
"TUN",2013,2013-12-29,769000
"TUN",2014,2014-12-29,911000
"TUN",2016,2016-12-29,979000
"LIB",1959,1959-12-29,3920
"LIB",1960,1960-12-29,3920
"LIB",1961,1961-12-29,5041
"LIB",1962,1962-12-29,11761
"LIB",1963,1963-12-29,13162
"LIB",1964,1964-12-29,15122
"LIB",1965,1965-12-29,20442
"LIB",1966,1966-12-29,42005
"LIB",1967,1967-12-29,35564
"LIB",1968,1968-12-29,37805
"LIB",1969,1969-12-29,44525
"LIB",1970,1970-12-29,74489
"LIB",1971,1971-12-29,216110
"LIB",1972,1972-12-29,261477
"LIB",1973,1973-12-29,370370
"LIB",1974,1974-12-29,638297
"LIB",1975,1975-12-29,722728
"LIB",1976,1976-12-29,1165147
"LIB",1977,1977-12-29,1219182
"LIB",1978,1978-12-29,2729000
"LIB",1979,1979-12-29,3e+06
"LIB",1980,1980-12-29,2750000
"LIB",1981,1981-12-29,557244
"LIB",1982,1982-12-29,3310000
"LIB",1983,1983-12-29,4223000
"LIB",1984,1984-12-29,5225000
"LIB",1986,1986-12-29,1410000
"LIB",1987,1987-12-29,1320000
"LIB",1988,1988-12-29,1390000
"LIB",1989,1989-12-29,1510000
"LIB",1990,1990-12-29,1820000
"LIB",1991,1991-12-29,2700000
"LIB",1992,1992-12-29,2300000
"LIB",1994,1994-12-29,1413000
"LIB",1995,1995-12-29,1401000
"LIB",1996,1996-12-29,1327000
"LIB",1997,1997-12-29,1250000
"LIB",1998,1998-12-29,1489000
"LIB",1999,1999-12-29,1311000
"LIB",2000,2000-12-29,1176000
"LIB",2001,2001-12-29,546000
"LIB",2002,2002-12-29,475000
"LIB",2003,2003-12-29,534000
"LIB",2004,2004-12-29,565000
"LIB",2005,2005-12-29,721000
"LIB",2006,2006-12-29,593000
"LIB",2007,2007-12-29,656000
"LIB",2008,2008-12-29,1086000
"LIB",2009,2009-12-29,1708000
"LIB",2010,2010-12-29,2540000
"LIB",2012,2012-12-29,2988000
"LIB",2013,2013-12-29,4771000
"SUD",1956,1956-12-29,8041
"SUD",1957,1957-12-29,10913
"SUD",1958,1958-12-29,14360
"SUD",1959,1959-12-29,15796
"SUD",1960,1960-12-29,17519
"SUD",1961,1961-12-29,19242
"SUD",1962,1962-12-29,19816
"SUD",1963,1963-12-29,22688
"SUD",1964,1964-12-29,23837
"SUD",1965,1965-12-29,31304
"SUD",1966,1966-12-29,45089
"SUD",1967,1967-12-29,50833
"SUD",1968,1968-12-29,55428
"SUD",1969,1969-12-29,72659
"SUD",1970,1970-12-29,94486
"SUD",1971,1971-12-29,109132
"SUD",1972,1972-12-29,109133
"SUD",1973,1973-12-29,110855
"SUD",1974,1974-12-29,112579
"SUD",1975,1975-12-29,115450
"SUD",1976,1976-12-29,149339
"SUD",1977,1977-12-29,197874
"SUD",1978,1978-12-29,206814
"SUD",1979,1979-12-29,329566
"SUD",1980,1980-12-29,217608
"SUD",1981,1981-12-29,311009
"SUD",1982,1982-12-29,313202
"SUD",1983,1983-12-29,246876
"SUD",1984,1984-12-29,212334
"SUD",1985,1985-12-29,350000
"SUD",1986,1986-12-29,391200
"SUD",1987,1987-12-29,478200
"SUD",1988,1988-12-29,478000
"SUD",1989,1989-12-29,460000
"SUD",1990,1990-12-29,320000
"SUD",1991,1991-12-29,393013
"SUD",1992,1992-12-29,1010000
"SUD",1993,1993-12-29,255000
"SUD",1994,1994-12-29,376000
"SUD",1995,1995-12-29,389000
"SUD",1996,1996-12-29,412000
"SUD",1997,1997-12-29,413000
"SUD",1998,1998-12-29,381000
"SUD",1999,1999-12-29,424000
"SUD",2000,2000-12-29,581000
"SUD",2001,2001-12-29,588000
"SUD",2002,2002-12-29,388000
"SUD",2003,2003-12-29,392000
"SUD",2004,2004-12-29,426000
"SUD",2005,2005-12-29,1169000
"SUD",2009,2009-12-29,696000
"SUD",2010,2010-12-29,1082000
"SUD",2011,2011-12-29,1163000
"SUD",2013,2013-12-29,1516000
"IRN",1855,1855-12-30,672
"IRN",1868,1868-12-30,7000
"IRN",1874,1874-12-30,813
"IRN",1875,1875-12-30,813
"IRN",1876,1876-12-30,7881
"IRN",1882,1882-12-30,8829
"IRN",1884,1884-12-30,9115
"IRN",1885,1885-12-30,6055
"IRN",1886,1886-12-30,9802
"IRN",1887,1887-12-30,850
"IRN",1888,1888-12-30,5036
"IRN",1889,1889-12-30,6674
"IRN",1908,1908-12-30,5040
"IRN",1923,1923-12-30,8989
"IRN",1924,1924-12-30,10774
"IRN",1925,1925-12-30,10758
"IRN",1926,1926-12-30,9839
"IRN",1927,1927-12-30,9544
"IRN",1928,1928-12-30,10229
"IRN",1930,1930-12-30,11509
"IRN",1931,1931-12-30,1940
"IRN",1932,1932-12-30,14990
"IRN",1933,1933-12-30,7064
"IRN",1934,1934-12-30,14495
"IRN",1935,1935-12-30,15834
"IRN",1936,1936-12-30,15202
"IRN",1937,1937-12-30,19447
"IRN",1938,1938-12-30,25020
"IRN",1939,1939-12-30,23543
"IRN",1940,1940-12-29,24250
"IRN",1943,1943-12-29,27179
"IRN",1944,1944-12-29,30822
"IRN",1945,1945-12-29,30822
"IRN",1946,1946-12-29,33723
"IRN",1947,1947-12-29,47538
"IRN",1948,1948-12-29,47538
"IRN",1949,1949-12-29,69877
"IRN",1950,1950-12-29,76215
"IRN",1951,1951-12-29,76215
"IRN",1952,1952-12-29,77938
"IRN",1953,1953-12-29,78308
"IRN",1954,1954-12-29,37901
"IRN",1955,1955-12-29,58047
"IRN",1956,1956-12-29,80614
"IRN",1957,1957-12-29,103242
"IRN",1958,1958-12-29,164562
"IRN",1959,1959-12-29,204301
"IRN",1960,1960-12-29,181137
"IRN",1961,1961-12-29,184797
"IRN",1962,1962-12-29,187063
"IRN",1963,1963-12-29,191010
"IRN",1964,1964-12-29,218125
"IRN",1965,1965-12-29,276449
"IRN",1966,1966-12-29,314851
"IRN",1967,1967-12-29,410231
"IRN",1968,1968-12-29,524752
"IRN",1969,1969-12-29,624422
"IRN",1970,1970-12-29,735313
"IRN",1971,1971-12-29,735313
"IRN",1972,1972-12-29,1087788
"IRN",1973,1973-12-29,1814697
"IRN",1974,1974-12-29,4658080
"IRN",1975,1975-12-29,6667751
"IRN",1976,1976-12-29,7746860
"IRN",1977,1977-12-29,7972585
"IRN",1978,1978-12-29,9137992
"IRN",1979,1979-12-29,5462930
"IRN",1980,1980-12-29,3386907
"IRN",1982,1982-12-29,15550982
"IRN",1983,1983-12-29,14903087
"IRN",1984,1984-12-29,20162342
"IRN",1985,1985-12-29,14091000
"IRN",1986,1986-12-29,5900000
"IRN",1987,1987-12-29,8960000
"IRN",1988,1988-12-29,9900000
"IRN",1989,1989-12-29,8600000
"IRN",1990,1990-12-29,3200000
"IRN",1991,1991-12-29,5800000
"IRN",1992,1992-12-29,2300000
"IRN",1993,1993-12-29,1516000
"IRN",1994,1994-12-29,2340000
"IRN",1995,1995-12-29,3e+06
"IRN",1996,1996-12-29,3442000
"IRN",1997,1997-12-29,4695000
"IRN",1998,1998-12-29,5879000
"IRN",1999,1999-12-29,5711000
"IRN",2000,2000-12-29,3957000
"IRN",2001,2001-12-29,4698000
"IRN",2002,2002-12-29,3077000
"IRN",2003,2003-12-29,4271000
"IRN",2004,2004-12-29,5604000
"IRN",2005,2005-12-29,7275000
"IRN",2006,2006-12-29,8541000
"IRN",2007,2007-12-29,7451000
"IRN",2008,2008-12-29,9595000
"IRN",2009,2009-12-29,8636000
"IRN",2010,2010-12-29,10564000
"IRN",2011,2011-12-29,19510000
"IRN",2012,2012-12-29,25249000
"IRN",2013,2013-12-29,17749000
"IRN",2014,2014-12-29,15705000
"IRN",2016,2016-12-29,15882000
"TUR",1851,1851-12-30,3340
"TUR",1852,1852-12-30,2812
"TUR",1855,1855-12-30,3058
"TUR",1856,1856-12-30,3045
"TUR",1857,1857-12-30,2792
"TUR",1858,1858-12-30,2605
"TUR",1859,1859-12-30,4338
"TUR",1860,1860-12-30,4337
"TUR",1861,1861-12-30,5360
"TUR",1862,1862-12-30,4816
"TUR",1863,1863-12-30,5151
"TUR",1864,1864-12-30,4923
"TUR",1865,1865-12-30,3645
"TUR",1866,1866-12-30,3640
"TUR",1867,1867-12-30,3546
"TUR",1868,1868-12-30,5481
"TUR",1869,1869-12-30,3996
"TUR",1870,1870-12-30,4275
"TUR",1872,1872-12-30,4252
"TUR",1873,1873-12-30,3859
"TUR",1874,1874-12-30,5495
"TUR",1875,1875-12-30,4959
"TUR",1876,1876-12-30,19710
"TUR",1879,1879-12-30,3726
"TUR",1880,1880-12-30,4745
"TUR",1881,1881-12-30,5613
"TUR",1883,1883-12-30,4340
"TUR",1884,1884-12-30,5166
"TUR",1888,1888-12-30,7676
"TUR",1889,1889-12-30,7338
"TUR",1890,1890-12-30,6318
"TUR",1891,1891-12-30,6279
"TUR",1892,1892-12-30,6474
"TUR",1893,1893-12-30,6601
"TUR",1894,1894-12-30,6518
"TUR",1895,1895-12-30,6745
"TUR",1896,1896-12-30,6062
"TUR",1897,1897-12-30,5986
"TUR",1898,1898-12-30,6914
"TUR",1899,1899-12-30,7497
"TUR",1900,1900-12-30,6650
"TUR",1901,1901-12-30,6717
"TUR",1902,1902-12-30,5733
"TUR",1903,1903-12-30,5656
"TUR",1904,1904-12-30,5580
"TUR",1908,1908-12-30,5500
"TUR",1909,1909-12-30,13728
"TUR",1910,1910-12-30,8773
"TUR",1911,1911-12-30,11123
"TUR",1912,1912-12-30,11817
"TUR",1913,1913-12-30,25134
"TUR",1915,1915-12-29,45568
"TUR",1918,1918-12-30,48820
"TUR",1919,1919-12-30,33528
"TUR",1924,1924-12-30,17820
"TUR",1925,1925-12-30,18198
"TUR",1926,1926-12-30,42121
"TUR",1927,1927-12-30,37030
"TUR",1928,1928-12-30,35587
"TUR",1929,1929-12-30,32775
"TUR",1930,1930-12-30,29704
"TUR",1931,1931-12-30,26471
"TUR",1932,1932-12-30,20714
"TUR",1933,1933-12-30,21572
"TUR",1934,1934-12-30,45397
"TUR",1935,1935-12-30,51482
"TUR",1936,1936-12-30,58103
"TUR",1937,1937-12-30,65589
"TUR",1938,1938-12-30,81548
"TUR",1939,1939-12-30,59371
"TUR",1940,1940-12-29,79176
"TUR",1941,1941-12-29,108253
"TUR",1943,1943-12-29,72406
"TUR",1944,1944-12-29,88573
"TUR",1945,1945-12-29,396678
"TUR",1946,1946-12-29,278779
"TUR",1947,1947-12-29,171484
"TUR",1948,1948-12-29,172615
"TUR",1949,1949-12-29,196814
"TUR",1950,1950-12-29,197876
"TUR",1951,1951-12-29,230796
"TUR",1952,1952-12-29,256637
"TUR",1953,1953-12-29,292743
"TUR",1954,1954-12-29,331327
"TUR",1955,1955-12-29,381239
"TUR",1956,1956-12-29,413928
"TUR",1957,1957-12-29,452142
"TUR",1958,1958-12-29,371212
"TUR",1959,1959-12-29,238692
"TUR",1960,1960-12-29,266630
"TUR",1961,1961-12-29,300664
"TUR",1962,1962-12-29,324115
"TUR",1963,1963-12-29,349226
"TUR",1964,1964-12-29,380863
"TUR",1965,1965-12-29,422677
"TUR",1966,1966-12-29,440088
"TUR",1967,1967-12-29,506167
"TUR",1968,1968-12-29,568172
"TUR",1969,1969-12-29,594163
"TUR",1970,1970-12-29,686894
"TUR",1971,1971-12-29,568948
"TUR",1972,1972-12-29,703957
"TUR",1973,1973-12-29,861625
"TUR",1974,1974-12-29,1136713
"TUR",1975,1975-12-29,2091123
"TUR",1976,1976-12-29,2534791
"TUR",1977,1977-12-29,2765803
"TUR",1978,1978-12-29,2727905
"TUR",1979,1979-12-29,3001094
"TUR",1980,1980-12-29,2203621
"TUR",1981,1981-12-29,2815664
"TUR",1982,1982-12-29,2755065
"TUR",1983,1983-12-29,2469087
"TUR",1984,1984-12-29,2190865
"TUR",1985,1985-12-29,1649000
"TUR",1986,1986-12-29,1830000
"TUR",1987,1987-12-29,2020000
"TUR",1988,1988-12-29,1700000
"TUR",1989,1989-12-29,2100000
"TUR",1990,1990-12-29,2980000
"TUR",1991,1991-12-29,4400000
"TUR",1992,1992-12-29,4140000
"TUR",1993,1993-12-29,7075000
"TUR",1994,1994-12-29,4600000
"TUR",1995,1995-12-29,6606000
"TUR",1996,1996-12-29,7674000
"TUR",1997,1997-12-29,7792000
"TUR",1998,1998-12-29,8955000
"TUR",1999,1999-12-29,9717000
"TUR",2000,2000-12-29,9994000
"TUR",2001,2001-12-29,7219000
"TUR",2002,2002-12-29,8034000
"TUR",2003,2003-12-29,9036000
"TUR",2004,2004-12-29,9390000
"TUR",2005,2005-12-29,10328000
"TUR",2006,2006-12-29,13038000
"TUR",2007,2007-12-29,13643000
"TUR",2008,2008-12-29,13531000
"TUR",2009,2009-12-29,10883000
"TUR",2010,2010-12-29,17445000
"TUR",2011,2011-12-29,10146000
"TUR",2012,2012-12-29,10167000
"TUR",2013,2013-12-29,10742000
"TUR",2014,2014-12-29,10047000
"TUR",2015,2015-12-29,8347000
"TUR",2016,2016-12-29,8764000
"IRQ",1932,1932-12-30,2744
"IRQ",1933,1933-12-30,2561
"IRQ",1934,1934-12-30,2405
"IRQ",1935,1935-12-30,2910
"IRQ",1936,1936-12-30,5964
"IRQ",1937,1937-12-30,6920
"IRQ",1938,1938-12-30,7824
"IRQ",1939,1939-12-30,6945
"IRQ",1940,1940-12-29,6851
"IRQ",1946,1946-12-29,21604
"IRQ",1947,1947-12-29,21282
"IRQ",1948,1948-12-29,17574
"IRQ",1949,1949-12-29,26602
"IRQ",1950,1950-12-29,19602
"IRQ",1951,1951-12-29,21563
"IRQ",1952,1952-12-29,33044
"IRQ",1953,1953-12-29,42565
"IRQ",1954,1954-12-29,46766
"IRQ",1955,1955-12-29,48166
"IRQ",1956,1956-12-29,72249
"IRQ",1957,1957-12-29,83170
"IRQ",1958,1958-12-29,86810
"IRQ",1959,1959-12-29,100252
"IRQ",1960,1960-12-29,118734
"IRQ",1961,1961-12-29,125455
"IRQ",1962,1962-12-29,134976
"IRQ",1963,1963-12-29,163260
"IRQ",1964,1964-12-29,190143
"IRQ",1965,1965-12-29,226827
"IRQ",1966,1966-12-29,234948
"IRQ",1967,1967-12-29,248950
"IRQ",1968,1968-12-29,296276
"IRQ",1969,1969-12-29,298236
"IRQ",1970,1970-12-29,251470
"IRQ",1971,1971-12-29,427398
"IRQ",1972,1972-12-29,459597
"IRQ",1973,1973-12-29,658068
"IRQ",1974,1974-12-29,1429055
"IRQ",1975,1975-12-29,1591601
"IRQ",1976,1976-12-29,1760921
"IRQ",1977,1977-12-29,2008127
"IRQ",1978,1978-12-29,1987809
"IRQ",1979,1979-12-29,2675245
"IRQ",1980,1980-12-29,3386780
"IRQ",1981,1981-12-29,7958609
"IRQ",1982,1982-12-29,8043998
"IRQ",1983,1983-12-29,13992223
"IRQ",1984,1984-12-29,13831087
"IRQ",1985,1985-12-29,12870000
"IRQ",1986,1986-12-29,11579000
"IRQ",1987,1987-12-29,13990000
"IRQ",1988,1988-12-29,12870000
"IRQ",1989,1989-12-29,1.1e+07
"IRQ",1990,1990-12-29,8610000
"IRQ",1991,1991-12-29,12900000
"IRQ",1992,1992-12-29,2500000
"IRQ",1993,1993-12-29,2600000
"IRQ",1994,1994-12-29,2748000
"IRQ",1995,1995-12-29,1250000
"IRQ",1996,1996-12-29,1277000
"IRQ",1997,1997-12-29,1250000
"IRQ",1998,1998-12-29,1428000
"IRQ",1999,1999-12-29,1500000
"IRQ",2000,2000-12-29,1400000
"IRQ",2001,2001-12-29,1372000
"IRQ",2009,2009-12-29,4118000
"IRQ",2010,2010-12-29,4848000
"IRQ",2011,2011-12-29,12028000
"IRQ",2012,2012-12-29,14272000
"IRQ",2013,2013-12-29,16897000
"IRQ",2014,2014-12-29,18868000
"IRQ",2015,2015-12-29,21100000
"IRQ",2016,2016-12-29,17900000
"EGY",1869,1869-12-30,2103
"EGY",1870,1870-12-30,35
"EGY",1871,1871-12-30,30
"EGY",1873,1873-12-30,24
"EGY",1874,1874-12-30,26
"EGY",1875,1875-12-30,35
"EGY",1880,1880-12-30,422
"EGY",1881,1881-12-30,429
"EGY",1882,1882-12-30,104
"EGY",1937,1937-12-30,15592
"EGY",1938,1938-12-30,34495
"EGY",1939,1939-12-30,11914
"EGY",1940,1940-12-29,14354
"EGY",1941,1941-12-29,17798
"EGY",1942,1942-12-29,20085
"EGY",1943,1943-12-29,26044
"EGY",1944,1944-12-29,26742
"EGY",1945,1945-12-29,24598
"EGY",1946,1946-12-29,31998
"EGY",1947,1947-12-29,32672
"EGY",1948,1948-12-29,35576
"EGY",1949,1949-12-29,140322
"EGY",1950,1950-12-29,88724
"EGY",1951,1951-12-29,94448
"EGY",1952,1952-12-29,100172
"EGY",1953,1953-12-29,105896
"EGY",1954,1954-12-29,134516
"EGY",1955,1955-12-29,203206
"EGY",1956,1956-12-29,238369
"EGY",1957,1957-12-29,224009
"EGY",1958,1958-12-29,203906
"EGY",1959,1959-12-29,268034
"EGY",1960,1960-12-29,291369
"EGY",1961,1961-12-29,258229
"EGY",1962,1962-12-29,283768
"EGY",1963,1963-12-29,252990
"EGY",1964,1964-12-29,328887
"EGY",1965,1965-12-29,409384
"EGY",1966,1966-12-29,459982
"EGY",1967,1967-12-29,570377
"EGY",1968,1968-12-29,752070
"EGY",1969,1969-12-29,975161
"EGY",1970,1970-12-29,1209751
"EGY",1971,1971-12-29,1494940
"EGY",1972,1972-12-29,1954921
"EGY",1973,1973-12-29,3194479
"EGY",1974,1974-12-29,3910043
"EGY",1975,1975-12-29,4168157
"EGY",1976,1976-12-29,3996933
"EGY",1977,1977-12-29,4715062
"EGY",1978,1978-12-29,3322259
"EGY",1979,1979-12-29,1714530
"EGY",1980,1980-12-29,1522906
"EGY",1981,1981-12-29,2100986
"EGY",1982,1982-12-29,2494532
"EGY",1983,1983-12-29,3043087
"EGY",1984,1984-12-29,3786908
"EGY",1985,1985-12-29,4143000
"EGY",1986,1986-12-29,5220000
"EGY",1987,1987-12-29,4570000
"EGY",1988,1988-12-29,5730000
"EGY",1989,1989-12-29,4270000
"EGY",1990,1990-12-29,1570000
"EGY",1991,1991-12-29,1650000
"EGY",1992,1992-12-29,2470000
"EGY",1993,1993-12-29,2070000
"EGY",1994,1994-12-29,2234000
"EGY",1995,1995-12-29,2506000
"EGY",1996,1996-12-29,2742000
"EGY",1997,1997-12-29,2743000
"EGY",1998,1998-12-29,2888000
"EGY",1999,1999-12-29,2988000
"EGY",2000,2000-12-29,4099000
"EGY",2001,2001-12-29,4318000
"EGY",2002,2002-12-29,3300000
"EGY",2003,2003-12-29,2732000
"EGY",2004,2004-12-29,3589000
"EGY",2005,2005-12-29,3834000
"EGY",2006,2006-12-29,4337000
"EGY",2007,2007-12-29,4640000
"EGY",2008,2008-12-29,4562000
"EGY",2009,2009-12-29,4118000
"EGY",2010,2010-12-29,4129000
"EGY",2011,2011-12-29,4333000
"EGY",2012,2012-12-29,4582000
"EGY",2013,2013-12-29,5278000
"EGY",2014,2014-12-29,5449000
"EGY",2015,2015-12-29,6394000
"EGY",2016,2016-12-29,5330000
"SYR",1946,1946-12-29,14540
"SYR",1947,1947-12-29,10925
"SYR",1948,1948-12-29,12372
"SYR",1949,1949-12-29,22222
"SYR",1950,1950-12-29,31050
"SYR",1951,1951-12-29,31507
"SYR",1952,1952-12-29,31963
"SYR",1953,1953-12-29,39726
"SYR",1954,1954-12-29,34703
"SYR",1955,1955-12-29,22905
"SYR",1956,1956-12-29,45225
"SYR",1957,1957-12-29,39106
"SYR",1958,1958-12-29,65363
"SYR",1961,1961-12-29,72905
"SYR",1962,1962-12-29,77933
"SYR",1963,1963-12-29,77749
"SYR",1964,1964-12-29,90576
"SYR",1965,1965-12-29,95550
"SYR",1966,1966-12-29,82723
"SYR",1967,1967-12-29,95812
"SYR",1968,1968-12-29,153665
"SYR",1969,1969-12-29,157068
"SYR",1970,1970-12-29,175393
"SYR",1971,1971-12-29,176963
"SYR",1972,1972-12-29,207591
"SYR",1973,1973-12-29,388408
"SYR",1974,1974-12-29,450588
"SYR",1975,1975-12-29,706693
"SYR",1976,1976-12-29,957844
"SYR",1977,1977-12-29,1059872
"SYR",1978,1978-12-29,1165095
"SYR",1979,1979-12-29,2110063
"SYR",1980,1980-12-29,2166089
"SYR",1981,1981-12-29,2459087
"SYR",1982,1982-12-29,2548606
"SYR",1983,1983-12-29,2821334
"SYR",1984,1984-12-29,3372009
"SYR",1985,1985-12-29,3483000
"SYR",1986,1986-12-29,3680000
"SYR",1987,1987-12-29,3950000
"SYR",1988,1988-12-29,1600000
"SYR",1989,1989-12-29,1510000
"SYR",1990,1990-12-29,1620000
"SYR",1991,1991-12-29,4500000
"SYR",1992,1992-12-29,2200000
"SYR",1993,1993-12-29,3635000
"SYR",1994,1994-12-29,2165000
"SYR",1995,1995-12-29,1738000
"SYR",1996,1996-12-29,2132000
"SYR",1997,1997-12-29,2217000
"SYR",1998,1998-12-29,986000
"SYR",1999,1999-12-29,989000
"SYR",2000,2000-12-29,1483000
"SYR",2001,2001-12-29,1884000
"SYR",2002,2002-12-29,1064000
"SYR",2003,2003-12-29,1459000
"SYR",2004,2004-12-29,1448000
"SYR",2005,2005-12-29,1502000
"SYR",2006,2006-12-29,1739000
"SYR",2007,2007-12-29,1465000
"SYR",2008,2008-12-29,1941000
"SYR",2009,2009-12-29,2229000
"SYR",2010,2010-12-29,2296000
"LEB",1946,1946-12-29,5111
"LEB",1947,1947-12-29,4512
"LEB",1948,1948-12-29,5059
"LEB",1949,1949-12-29,7828
"LEB",1950,1950-12-29,6606
"LEB",1951,1951-12-29,8100
"LEB",1952,1952-12-29,7964
"LEB",1953,1953-12-29,9593
"LEB",1954,1954-12-29,9819
"LEB",1955,1955-12-29,12081
"LEB",1956,1956-12-29,17344
"LEB",1957,1957-12-29,17846
"LEB",1958,1958-12-29,20812
"LEB",1959,1959-12-29,19626
"LEB",1960,1960-12-29,21817
"LEB",1961,1961-12-29,25742
"LEB",1962,1962-12-29,36787
"LEB",1963,1963-12-29,31447
"LEB",1964,1964-12-29,24870
"LEB",1965,1965-12-29,29253
"LEB",1966,1966-12-29,37231
"LEB",1967,1967-12-29,40505
"LEB",1968,1968-12-29,43450
"LEB",1969,1969-12-29,43742
"LEB",1970,1970-12-29,52862
"LEB",1971,1971-12-29,43994
"LEB",1972,1972-12-29,69820
"LEB",1973,1973-12-29,94621
"LEB",1974,1974-12-29,128877
"LEB",1975,1975-12-29,136393
"LEB",1976,1976-12-29,112615
"LEB",1977,1977-12-29,83089
"LEB",1978,1978-12-29,166136
"LEB",1979,1979-12-29,227581
"LEB",1980,1980-12-29,291000
"LEB",1981,1981-12-29,245000
"LEB",1982,1982-12-29,331000
"LEB",1983,1983-12-29,398000
"LEB",1984,1984-12-29,312000
"LEB",1985,1985-12-29,120664
"LEB",1986,1986-12-29,1e+05
"LEB",1988,1988-12-29,28756
"LEB",1990,1990-12-29,140000
"LEB",1991,1991-12-29,151000
"LEB",1992,1992-12-29,233000
"LEB",1993,1993-12-29,275000
"LEB",1994,1994-12-29,370000
"LEB",1995,1995-12-29,490000
"LEB",1996,1996-12-29,494000
"LEB",1997,1997-12-29,676000
"LEB",1998,1998-12-29,586000
"LEB",1999,1999-12-29,563000
"LEB",2000,2000-12-29,578000
"LEB",2001,2001-12-29,576000
"LEB",2002,2002-12-29,539000
"LEB",2003,2003-12-29,512000
"LEB",2004,2004-12-29,528000
"LEB",2005,2005-12-29,564000
"LEB",2006,2006-12-29,589000
"LEB",2007,2007-12-29,733000
"LEB",2008,2008-12-29,1155000
"LEB",2009,2009-12-29,1426000
"LEB",2010,2010-12-29,1620000
"LEB",2011,2011-12-29,1627000
"LEB",2012,2012-12-29,1735000
"LEB",2016,2016-12-29,1740000
"JOR",1946,1946-12-29,6385
"JOR",1947,1947-12-29,6950
"JOR",1948,1948-12-29,6906
"JOR",1949,1949-12-29,11201
"JOR",1950,1950-12-29,14002
"JOR",1951,1951-12-29,24083
"JOR",1952,1952-12-29,25483
"JOR",1953,1953-12-29,27723
"JOR",1954,1954-12-29,28563
"JOR",1955,1955-12-29,29404
"JOR",1956,1956-12-29,35844
"JOR",1957,1957-12-29,37525
"JOR",1958,1958-12-29,44525
"JOR",1959,1959-12-29,56287
"JOR",1960,1960-12-29,53486
"JOR",1961,1961-12-29,52926
"JOR",1962,1962-12-29,57687
"JOR",1963,1963-12-29,59087
"JOR",1964,1964-12-29,59087
"JOR",1965,1965-12-29,60207
"JOR",1966,1966-12-29,72809
"JOR",1967,1967-12-29,99972
"JOR",1968,1968-12-29,119294
"JOR",1969,1969-12-29,119294
"JOR",1970,1970-12-29,97452
"JOR",1971,1971-12-29,106412
"JOR",1972,1972-12-29,123494
"JOR",1973,1973-12-29,144515
"JOR",1974,1974-12-29,165950
"JOR",1975,1975-12-29,172824
"JOR",1976,1976-12-29,310147
"JOR",1977,1977-12-29,287059
"JOR",1978,1978-12-29,310828
"JOR",1979,1979-12-29,440123
"JOR",1980,1980-12-29,460898
"JOR",1981,1981-12-29,554069
"JOR",1982,1982-12-29,518769
"JOR",1983,1983-12-29,534675
"JOR",1984,1984-12-29,533232
"JOR",1985,1985-12-29,522807
"JOR",1986,1986-12-29,713350
"JOR",1987,1987-12-29,745500
"JOR",1988,1988-12-29,689100
"JOR",1989,1989-12-29,441230
"JOR",1990,1990-12-29,571210
"JOR",1991,1991-12-29,414500
"JOR",1992,1992-12-29,525230
"JOR",1993,1993-12-29,438000
"JOR",1994,1994-12-29,441000
"JOR",1995,1995-12-29,448000
"JOR",1996,1996-12-29,461000
"JOR",1997,1997-12-29,496000
"JOR",1998,1998-12-29,559000
"JOR",1999,1999-12-29,588000
"JOR",2000,2000-12-29,792000
"JOR",2001,2001-12-29,740000
"JOR",2002,2002-12-29,776000
"JOR",2003,2003-12-29,914000
"JOR",2004,2004-12-29,920000
"JOR",2005,2005-12-29,973000
"JOR",2006,2006-12-29,1115000
"JOR",2007,2007-12-29,1621000
"JOR",2008,2008-12-29,2127000
"JOR",2009,2009-12-29,1393000
"JOR",2010,2010-12-29,1425000
"JOR",2011,2011-12-29,1406000
"JOR",2012,2012-12-29,1520000
"JOR",2013,2013-12-29,1216000
"JOR",2014,2014-12-29,1268000
"JOR",2015,2015-12-29,1603000
"JOR",2016,2016-12-29,1448000
"ISR",1948,1948-12-29,44444
"ISR",1949,1949-12-29,53659
"ISR",1950,1950-12-29,41176
"ISR",1951,1951-12-29,42857
"ISR",1952,1952-12-29,20332
"ISR",1953,1953-12-29,21586
"ISR",1954,1954-12-29,20920
"ISR",1955,1955-12-29,27014
"ISR",1956,1956-12-29,52814
"ISR",1957,1957-12-29,71765
"ISR",1958,1958-12-29,94643
"ISR",1959,1959-12-29,102966
"ISR",1960,1960-12-29,126180
"ISR",1961,1961-12-29,126721
"ISR",1962,1962-12-29,117683
"ISR",1963,1963-12-29,147262
"ISR",1964,1964-12-29,237580
"ISR",1965,1965-12-29,292923
"ISR",1966,1966-12-29,381459
"ISR",1967,1967-12-29,491616
"ISR",1968,1968-12-29,569376
"ISR",1969,1969-12-29,680798
"ISR",1970,1970-12-29,890909
"ISR",1971,1971-12-29,1542571
"ISR",1972,1972-12-29,1409412
"ISR",1973,1973-12-29,3121718
"ISR",1974,1974-12-29,2919914
"ISR",1975,1975-12-29,3299841
"ISR",1976,1976-12-29,3548631
"ISR",1977,1977-12-29,3792356
"ISR",1978,1978-12-29,2843613
"ISR",1979,1979-12-29,4517002
"ISR",1980,1980-12-29,5178093
"ISR",1981,1981-12-29,5815043
"ISR",1982,1982-12-29,8241308
"ISR",1983,1983-12-29,6310213
"ISR",1984,1984-12-29,5798076
"ISR",1985,1985-12-29,4225000
"ISR",1986,1986-12-29,5560000
"ISR",1987,1987-12-29,5140000
"ISR",1988,1988-12-29,5710000
"ISR",1989,1989-12-29,6020000
"ISR",1990,1990-12-29,6160000
"ISR",1991,1991-12-29,5e+06
"ISR",1992,1992-12-29,6900000
"ISR",1993,1993-12-29,7296000
"ISR",1994,1994-12-29,6842000
"ISR",1995,1995-12-29,9298000
"ISR",1996,1996-12-29,11202000
"ISR",1997,1997-12-29,11321000
"ISR",1998,1998-12-29,9339000
"ISR",1999,1999-12-29,8846000
"ISR",2000,2000-12-29,9509000
"ISR",2001,2001-12-29,10375000
"ISR",2002,2002-12-29,9677000
"ISR",2003,2003-12-29,10325000
"ISR",2004,2004-12-29,9661000
"ISR",2005,2005-12-29,10745000
"ISR",2006,2006-12-29,11582000
"ISR",2007,2007-12-29,11607000
"ISR",2008,2008-12-29,14772000
"ISR",2009,2009-12-29,13516000
"ISR",2010,2010-12-29,14043000
"ISR",2011,2011-12-29,15163000
"ISR",2012,2012-12-29,16865000
"ISR",2013,2013-12-29,15163000
"ISR",2014,2014-12-29,20139000
"ISR",2015,2015-12-29,18597000
"ISR",2016,2016-12-29,15878000
"SAU",1932,1932-12-30,4526
"SAU",1947,1947-12-29,16525
"SAU",1948,1948-12-29,21316
"SAU",1951,1951-12-29,24130
"SAU",1952,1952-12-29,19432
"SAU",1953,1953-12-29,36485
"SAU",1954,1954-12-29,124214
"SAU",1955,1955-12-29,151898
"SAU",1957,1957-12-29,89767
"SAU",1958,1958-12-29,202387
"SAU",1959,1959-12-29,70866
"SAU",1960,1960-12-29,60361
"SAU",1961,1961-12-29,58916
"SAU",1962,1962-12-29,71456
"SAU",1963,1963-12-29,93186
"SAU",1964,1964-12-29,122426
"SAU",1965,1965-12-29,132260
"SAU",1966,1966-12-29,178796
"SAU",1967,1967-12-29,301189
"SAU",1968,1968-12-29,334037
"SAU",1969,1969-12-29,338333
"SAU",1970,1970-12-29,426089
"SAU",1971,1971-12-29,530222
"SAU",1972,1972-12-29,783150
"SAU",1973,1973-12-29,1304912
"SAU",1974,1974-12-29,2028732
"SAU",1975,1975-12-29,4200307
"SAU",1976,1976-12-29,7412181
"SAU",1977,1977-12-29,8961448
"SAU",1978,1978-12-29,11378986
"SAU",1979,1979-12-29,15587658
"SAU",1980,1980-12-29,19261130
"SAU",1981,1981-12-29,24400876
"SAU",1982,1982-12-29,27062007
"SAU",1983,1983-12-29,21921329
"SAU",1984,1984-12-29,22674354
"SAU",1985,1985-12-29,17693000
"SAU",1986,1986-12-29,17300000
"SAU",1987,1987-12-29,16240000
"SAU",1988,1988-12-29,13570000
"SAU",1989,1989-12-29,14690000
"SAU",1990,1990-12-29,23200000
"SAU",1991,1991-12-29,35500000
"SAU",1992,1992-12-29,14490000
"SAU",1993,1993-12-29,17516000
"SAU",1994,1994-12-29,14554000
"SAU",1995,1995-12-29,17196000
"SAU",1996,1996-12-29,17730000
"SAU",1997,1997-12-29,18151000
"SAU",1998,1998-12-29,21303000
"SAU",1999,1999-12-29,21876000
"SAU",2000,2000-12-29,22050000
"SAU",2001,2001-12-29,24266000
"SAU",2002,2002-12-29,18502000
"SAU",2003,2003-12-29,18747000
"SAU",2004,2004-12-29,20910000
"SAU",2005,2005-12-29,25372000
"SAU",2006,2006-12-29,29541000
"SAU",2007,2007-12-29,35446000
"SAU",2008,2008-12-29,38223000
"SAU",2009,2009-12-29,41276000
"SAU",2010,2010-12-29,45170000
"SAU",2011,2011-12-29,48531000
"SAU",2012,2012-12-29,56724000
"SAU",2013,2013-12-29,59560000
"SAU",2014,2014-12-29,80762000
"SAU",2015,2015-12-29,81853000
"SAU",2016,2016-12-29,56898000
"YAR",1960,1960-12-29,7000
"YAR",1961,1961-12-29,7000
"YAR",1962,1962-12-29,5000
"YAR",1963,1963-12-29,10000
"YAR",1964,1964-12-29,10000
"YAR",1965,1965-12-29,11000
"YAR",1966,1966-12-29,12000
"YAR",1967,1967-12-29,23364
"YAR",1968,1968-12-29,36449
"YAR",1969,1969-12-29,53271
"YAR",1970,1970-12-29,13455
"YAR",1971,1971-12-29,16935
"YAR",1972,1972-12-29,25799
"YAR",1973,1973-12-29,35090
"YAR",1974,1974-12-29,49886
"YAR",1975,1975-12-29,69213
"YAR",1976,1976-12-29,92274
"YAR",1977,1977-12-29,128438
"YAR",1978,1978-12-29,165698
"YAR",1979,1979-12-29,347000
"YAR",1980,1980-12-29,340087
"YAR",1981,1981-12-29,587664
"YAR",1982,1982-12-29,527033
"YAR",1983,1983-12-29,687548
"YAR",1984,1984-12-29,598076
"YAR",1985,1985-12-29,424000
"YAR",1986,1986-12-29,503380
"YAR",1987,1987-12-29,530040
"YAR",1988,1988-12-29,641000
"YAR",1989,1989-12-29,618000
"YAR",1990,1990-12-29,1e+06
"YPR",1968,1968-12-29,19678
"YPR",1969,1969-12-29,19438
"YPR",1970,1970-12-29,19438
"YPR",1971,1971-12-29,21425
"YPR",1972,1972-12-29,25019
"YPR",1973,1973-12-29,29479
"YPR",1974,1974-12-29,36211
"YPR",1975,1975-12-29,44612
"YPR",1976,1976-12-29,49536
"YPR",1977,1977-12-29,57937
"YPR",1978,1978-12-29,78052
"YPR",1979,1979-12-29,105156
"YPR",1980,1980-12-29,123987
"YPR",1981,1981-12-29,162345
"YPR",1982,1982-12-29,159003
"YPR",1983,1983-12-29,171222
"YPR",1984,1984-12-29,194082
"YPR",1985,1985-12-29,193000
"YPR",1986,1986-12-29,211000
"YPR",1987,1987-12-29,207000
"YPR",1988,1988-12-29,217000
"YPR",1989,1989-12-29,232248
"KUW",1961,1961-12-29,17000
"KUW",1962,1962-12-29,19000
"KUW",1963,1963-12-29,22000
"KUW",1964,1964-12-29,28003
"KUW",1965,1965-12-29,30524
"KUW",1966,1966-12-29,35004
"KUW",1967,1967-12-29,54327
"KUW",1968,1968-12-29,63288
"KUW",1969,1969-12-29,68888
"KUW",1970,1970-12-29,70008
"KUW",1971,1971-12-29,149677
"KUW",1972,1972-12-29,186378
"KUW",1973,1973-12-29,240339
"KUW",1974,1974-12-29,501364
"KUW",1975,1975-12-29,655398
"KUW",1976,1976-12-29,855285
"KUW",1977,1977-12-29,1040139
"KUW",1978,1978-12-29,1076363
"KUW",1979,1979-12-29,992331
"KUW",1980,1980-12-29,1334054
"KUW",1981,1981-12-29,1594321
"KUW",1982,1982-12-29,1169807
"KUW",1983,1983-12-29,1366754
"KUW",1984,1984-12-29,1638765
"KUW",1985,1985-12-29,1827000
"KUW",1986,1986-12-29,1390000
"KUW",1987,1987-12-29,1400000
"KUW",1988,1988-12-29,1470000
"KUW",1989,1989-12-29,1540000
"KUW",1990,1990-12-29,13100000
"KUW",1991,1991-12-29,15500000
"KUW",1992,1992-12-29,2.9e+07
"KUW",1993,1993-12-29,2845000
"KUW",1994,1994-12-29,3133000
"KUW",1995,1995-12-29,3489000
"KUW",1996,1996-12-29,3973000
"KUW",1997,1997-12-29,3618000
"KUW",1998,1998-12-29,3674000
"KUW",1999,1999-12-29,3275000
"KUW",2000,2000-12-29,3695000
"KUW",2001,2001-12-29,5029000
"KUW",2002,2002-12-29,3477000
"KUW",2003,2003-12-29,3881000
"KUW",2004,2004-12-29,3997000
"KUW",2005,2005-12-29,3568000
"KUW",2006,2006-12-29,3514000
"KUW",2007,2007-12-29,3757000
"KUW",2008,2008-12-29,6812000
"KUW",2009,2009-12-29,4184000
"KUW",2010,2010-12-29,4654000
"KUW",2011,2011-12-29,4651000
"KUW",2012,2012-12-29,4761000
"KUW",2013,2013-12-29,4427000
"KUW",2014,2014-12-29,4841000
"QAT",1972,1972-12-29,321000
"QAT",1973,1973-12-29,736000
"QAT",1974,1974-12-29,219000
"QAT",1975,1975-12-29,322000
"QAT",1976,1976-12-29,537000
"QAT",1977,1977-12-29,765000
"QAT",1978,1978-12-29,948000
"QAT",1979,1979-12-29,1263000
"QAT",1980,1980-12-29,603000
"QAT",1981,1981-12-29,896000
"QAT",1983,1983-12-29,166000
"QAT",1984,1984-12-29,165940
"QAT",1985,1985-12-29,230800
"QAT",1987,1987-12-29,154200
"QAT",1988,1988-12-29,135700
"QAT",1991,1991-12-29,934070
"QAT",1993,1993-12-29,801000
"QAT",1994,1994-12-29,308000
"QAT",1995,1995-12-29,7e+05
"QAT",1996,1996-12-29,772000
"QAT",1997,1997-12-29,1346000
"QAT",1998,1998-12-29,1373000
"QAT",1999,1999-12-29,1468000
"QAT",2000,2000-12-29,1183000
"QAT",2001,2001-12-29,1243000
"QAT",2002,2002-12-29,1855000
"QAT",2003,2003-12-29,1923000
"QAT",2004,2004-12-29,2060000
"QAT",2005,2005-12-29,888000
"QAT",2006,2006-12-29,1065000
"QAT",2007,2007-12-29,1099000
"QAT",2008,2008-12-29,1756000
"QAT",2009,2009-12-29,2500000
"QAT",2010,2010-12-29,3117000
"QAT",2011,2011-12-29,3476000
"QAT",2016,2016-12-29,4404000
"UAE",1973,1973-12-29,12912
"UAE",1974,1974-12-29,20181
"UAE",1975,1975-12-29,31303
"UAE",1976,1976-12-29,78925
"UAE",1977,1977-12-29,605897
"UAE",1978,1978-12-29,689192
"UAE",1979,1979-12-29,1180300
"UAE",1980,1980-12-29,2093788
"UAE",1981,1981-12-29,2269943
"UAE",1982,1982-12-29,2915345
"UAE",1983,1983-12-29,2421878
"UAE",1984,1984-12-29,2343436
"UAE",1985,1985-12-29,2043000
"UAE",1986,1986-12-29,1880000
"UAE",1987,1987-12-29,1580000
"UAE",1988,1988-12-29,1590000
"UAE",1989,1989-12-29,1471000
"UAE",1990,1990-12-29,2590000
"UAE",1991,1991-12-29,4900000
"UAE",1992,1992-12-29,2100000
"UAE",1993,1993-12-29,1771000
"UAE",1994,1994-12-29,2149000
"UAE",1995,1995-12-29,1950000
"UAE",1996,1996-12-29,2115000
"UAE",1997,1997-12-29,2424000
"UAE",1998,1998-12-29,3056000
"UAE",1999,1999-12-29,3187000
"UAE",2000,2000-12-29,2997000
"UAE",2001,2001-12-29,3070000
"UAE",2002,2002-12-29,2490000
"UAE",2003,2003-12-29,2517000
"UAE",2004,2004-12-29,2589000
"UAE",2005,2005-12-29,8747000
"UAE",2006,2006-12-29,9482000
"UAE",2007,2007-12-29,10082000
"UAE",2008,2008-12-29,13733000
"UAE",2009,2009-12-29,7957000
"UAE",2010,2010-12-29,16057000
"UAE",2011,2011-12-29,9320000
"AFG",1931,1931-12-30,4536
"AFG",1932,1932-12-30,3731
"AFG",1935,1935-12-30,7172
"AFG",1936,1936-12-30,7363
"AFG",1938,1938-12-30,6783
"AFG",1950,1950-12-29,4654
"AFG",1951,1951-12-29,5657
"AFG",1952,1952-12-29,6730
"AFG",1953,1953-12-29,9596
"AFG",1954,1954-12-29,5012
"AFG",1955,1955-12-29,6504
"AFG",1956,1956-12-29,4814
"AFG",1957,1957-12-29,7227
"AFG",1958,1958-12-29,6252
"AFG",1959,1959-12-29,11073
"AFG",1960,1960-12-29,14240
"AFG",1961,1961-12-29,14184
"AFG",1962,1962-12-29,13125
"AFG",1963,1963-12-29,14795
"AFG",1964,1964-12-29,14544
"AFG",1965,1965-12-29,13865
"AFG",1966,1966-12-29,16819
"AFG",1967,1967-12-29,17932
"AFG",1968,1968-12-29,20067
"AFG",1969,1969-12-29,20915
"AFG",1970,1970-12-29,19469
"AFG",1971,1971-12-29,29844
"AFG",1972,1972-12-29,32289
"AFG",1973,1973-12-29,32400
"AFG",1974,1974-12-29,34733
"AFG",1975,1975-12-29,40555
"AFG",1976,1976-12-29,42422
"AFG",1977,1977-12-29,52289
"AFG",1978,1978-12-29,59400
"AFG",1979,1979-12-29,58000
"AFG",1980,1980-12-29,238087
"AFG",1981,1981-12-29,326007
"AFG",1982,1982-12-29,326872
"AFG",1983,1983-12-29,296987
"AFG",1984,1984-12-29,210032
"AFG",1985,1985-12-29,286560
"AFG",1990,1990-12-29,430000
"AFG",1995,1995-12-29,2e+05
"AFG",1996,1996-12-29,208000
"AFG",1997,1997-12-29,209000
"AFG",1998,1998-12-29,255000
"AFG",1999,1999-12-29,250000
"AFG",2000,2000-12-29,250000
"AFG",2001,2001-12-29,245000
"AFG",2005,2005-12-29,116000
"AFG",2006,2006-12-29,120000
"AFG",2007,2007-12-29,153000
"AFG",2008,2008-12-29,180000
"AFG",2009,2009-12-29,252000
"AFG",2010,2010-12-29,277000
"AFG",2011,2011-12-29,1822000
"AFG",2012,2012-12-29,2077000
"AFG",2013,2013-12-29,2898000
"AFG",2014,2014-12-29,3286000
"AFG",2015,2015-12-29,3226000
"AFG",2016,2016-12-29,2581000
"TAJ",1992,1992-12-29,202800
"TAJ",1993,1993-12-29,151000
"TAJ",1994,1994-12-29,69000
"TAJ",1995,1995-12-29,111000
"TAJ",1996,1996-12-29,118000
"TAJ",1997,1997-12-29,132000
"TAJ",1998,1998-12-29,102000
"TAJ",1999,1999-12-29,92000
"TAJ",2000,2000-12-29,130000
"TAJ",2001,2001-12-29,127000
"TAJ",2002,2002-12-29,140000
"TAJ",2003,2003-12-29,150000
"TAJ",2004,2004-12-29,160000
"TAJ",2005,2005-12-29,62000
"TAJ",2006,2006-12-29,73000
"TAJ",2007,2007-12-29,87000
"TAJ",2008,2008-12-29,80000
"TAJ",2009,2009-12-29,49000
"TAJ",2010,2010-12-29,60000
"TAJ",2011,2011-12-29,146000
"TAJ",2012,2012-12-29,170000
"TAJ",2013,2013-12-29,189000
"TAJ",2014,2014-12-29,186000
"TAJ",2015,2015-12-29,152000
"KYR",1992,1992-12-29,47060
"KYR",1993,1993-12-29,85300
"KYR",1994,1994-12-29,49000
"KYR",1995,1995-12-29,56000
"KYR",1996,1996-12-29,50000
"KYR",1997,1997-12-29,68000
"KYR",1998,1998-12-29,66000
"KYR",1999,1999-12-29,35000
"KYR",2000,2000-12-29,230000
"KYR",2001,2001-12-29,255000
"KYR",2002,2002-12-29,2e+05
"KYR",2003,2003-12-29,220000
"KYR",2004,2004-12-29,255000
"KYR",2005,2005-12-29,34000
"KYR",2006,2006-12-29,36000
"KYR",2007,2007-12-29,39000
"KYR",2008,2008-12-29,47000
"KYR",2009,2009-12-29,44000
"KYR",2010,2010-12-29,19000
"KYR",2011,2011-12-29,102000
"KYR",2012,2012-12-29,105000
"KYR",2013,2013-12-29,102000
"KYR",2014,2014-12-29,95000
"KYR",2015,2015-12-29,80000
"UZB",1994,1994-12-29,382000
"UZB",1995,1995-12-29,385000
"UZB",1996,1996-12-29,441000
"UZB",1997,1997-12-29,610000
"UZB",1998,1998-12-29,670000
"UZB",1999,1999-12-29,1230000
"UZB",2000,2000-12-29,1750000
"UZB",2001,2001-12-29,1764000
"UZB",2002,2002-12-29,2100000
"UZB",2003,2003-12-29,2200000
"UZB",2004,2004-12-29,2400000
"UZB",2005,2005-12-29,76000
"UZB",2006,2006-12-29,85000
"UZB",2007,2007-12-29,94000
"UZB",2010,2010-12-29,1422000
"UZB",2011,2011-12-29,1422000
"CHN",1896,1896-12-30,2994
"CHN",1897,1897-12-30,2660
"CHN",1898,1898-12-30,11968
"CHN",1899,1899-12-30,11967
"CHN",1900,1900-12-30,12241
"CHN",1901,1901-12-30,5155
"CHN",1902,1902-12-30,8769
"CHN",1903,1903-12-30,8765
"CHN",1904,1904-12-30,8761
"CHN",1905,1905-12-30,10105
"CHN",1906,1906-12-30,11022
"CHN",1911,1911-12-30,11880
"CHN",1913,1913-12-30,18408
"CHN",1914,1914-12-29,67785
"CHN",1916,1916-12-29,89499
"CHN",1918,1918-12-30,193472
"CHN",1919,1919-12-30,214511
"CHN",1925,1925-12-30,177669
"CHN",1927,1927-12-30,64307
"CHN",1928,1928-12-30,105698
"CHN",1929,1929-12-30,111605
"CHN",1930,1930-12-30,101852
"CHN",1931,1931-12-30,73381
"CHN",1932,1932-12-30,75541
"CHN",1933,1933-12-30,108653
"CHN",1934,1934-12-30,137458
"CHN",1935,1935-12-30,146954
"CHN",1936,1936-12-30,148278
"CHN",1937,1937-12-30,407941
"CHN",1938,1938-12-30,103151
"CHN",1939,1939-12-30,173755
"CHN",1940,1940-12-29,217589
"CHN",1941,1941-12-29,244000
"CHN",1942,1942-12-29,61724
"CHN",1943,1943-12-29,331806
"CHN",1944,1944-12-29,195582
"CHN",1945,1945-12-29,228612
"CHN",1946,1946-12-29,789300
"CHN",1947,1947-12-29,257474
"CHN",1948,1948-12-29,214176
"CHN",1949,1949-12-29,2030000
"CHN",1950,1950-12-29,2558000
"CHN",1951,1951-12-29,3094000
"CHN",1952,1952-12-29,2709000
"CHN",1953,1953-12-29,2538205
"CHN",1954,1954-12-29,2538205
"CHN",1955,1955-12-29,2575000
"CHN",1956,1956-12-29,5539170
"CHN",1957,1957-12-29,6219080
"CHN",1958,1958-12-29,5894070
"CHN",1959,1959-12-29,6612470
"CHN",1960,1960-12-29,6727610
"CHN",1961,1961-12-29,7953200
"CHN",1962,1962-12-29,9329700
"CHN",1963,1963-12-29,10690350
"CHN",1964,1964-12-29,12851090
"CHN",1965,1965-12-29,13787580
"CHN",1966,1966-12-29,15931440
"CHN",1967,1967-12-29,16389240
"CHN",1968,1968-12-29,17856960
"CHN",1969,1969-12-29,20299920
"CHN",1970,1970-12-29,23775520
"CHN",1971,1971-12-29,21600000
"CHN",1972,1972-12-29,22500000
"CHN",1973,1973-12-29,24500000
"CHN",1974,1974-12-29,26800000
"CHN",1975,1975-12-29,28500000
"CHN",1976,1976-12-29,31700000
"CHN",1977,1977-12-29,32700000
"CHN",1978,1978-12-29,3.5e+07
"CHN",1979,1979-12-29,3e+07
"CHN",1980,1980-12-29,28500000
"CHN",1981,1981-12-29,30500000
"CHN",1982,1982-12-29,3.3e+07
"CHN",1983,1983-12-29,34500000
"CHN",1984,1984-12-29,23850000
"CHN",1985,1985-12-29,6350000
"CHN",1986,1986-12-29,5830000
"CHN",1987,1987-12-29,5640000
"CHN",1988,1988-12-29,5860000
"CHN",1989,1989-12-29,6670000
"CHN",1990,1990-12-29,6060000
"CHN",1991,1991-12-29,18790000
"CHN",1992,1992-12-29,24300000
"CHN",1993,1993-12-29,27400000
"CHN",1994,1994-12-29,28945000
"CHN",1995,1995-12-29,32929000
"CHN",1996,1996-12-29,36176000
"CHN",1997,1997-12-29,36551000
"CHN",1998,1998-12-29,38191000
"CHN",1999,1999-12-29,39889000
"CHN",2000,2000-12-29,4.2e+07
"CHN",2001,2001-12-29,46049000
"CHN",2002,2002-12-29,68963000
"CHN",2003,2003-12-29,75500000
"CHN",2004,2004-12-29,84303000
"CHN",2005,2005-12-29,29873000
"CHN",2006,2006-12-29,35223000
"CHN",2007,2007-12-29,46174000
"CHN",2008,2008-12-29,60187000
"CHN",2009,2009-12-29,70381000
"CHN",2010,2010-12-29,76361000
"CHN",2011,2011-12-29,90221000
"CHN",2012,2012-12-29,102643000
"CHN",2013,2013-12-29,112173000
"CHN",2014,2014-12-29,129408000
"CHN",2015,2015-12-29,145832000
"CHN",2016,2016-12-29,145039000
"TAW",1950,1950-12-29,81259
"TAW",1951,1951-12-29,109903
"TAW",1952,1952-12-29,91125
"TAW",1953,1953-12-29,145631
"TAW",1954,1954-12-29,67029
"TAW",1955,1955-12-29,133813
"TAW",1956,1956-12-29,129136
"TAW",1957,1957-12-29,153349
"TAW",1958,1958-12-29,254237
"TAW",1959,1959-12-29,203408
"TAW",1960,1960-12-29,222650
"TAW",1961,1961-12-29,230866
"TAW",1962,1962-12-29,269798
"TAW",1963,1963-12-29,279790
"TAW",1964,1964-12-29,299252
"TAW",1965,1965-12-29,319202
"TAW",1966,1966-12-29,254364
"TAW",1967,1967-12-29,274314
"TAW",1968,1968-12-29,299252
"TAW",1969,1969-12-29,379052
"TAW",1970,1970-12-29,481296
"TAW",1971,1971-12-29,507500
"TAW",1972,1972-12-29,552500
"TAW",1973,1973-12-29,678947
"TAW",1974,1974-12-29,852631
"TAW",1975,1975-12-29,1007894
"TAW",1976,1976-12-29,1202631
"TAW",1977,1977-12-29,1535422
"TAW",1978,1978-12-29,2628391
"TAW",1979,1979-12-29,4728790
"TAW",1980,1980-12-29,6571428
"TAW",1981,1981-12-29,2651000
"TAW",1982,1982-12-29,3509000
"TAW",1983,1983-12-29,4026000
"TAW",1984,1984-12-29,3821000
"TAW",1985,1985-12-29,4100000
"TAW",1986,1986-12-29,4540000
"TAW",1987,1987-12-29,5910000
"TAW",1988,1988-12-29,6700000
"TAW",1989,1989-12-29,8060000
"TAW",1990,1990-12-29,8690000
"TAW",1991,1991-12-29,9290000
"TAW",1992,1992-12-29,10420000
"TAW",1993,1993-12-29,10450000
"TAW",1994,1994-12-29,11457000
"TAW",1995,1995-12-29,13143000
"TAW",1996,1996-12-29,13868000
"TAW",1997,1997-12-29,13657000
"TAW",1998,1998-12-29,14447000
"TAW",1999,1999-12-29,14964000
"TAW",2000,2000-12-29,17597000
"TAW",2001,2001-12-29,10432000
"TAW",2002,2002-12-29,7589000
"TAW",2003,2003-12-29,6632000
"TAW",2004,2004-12-29,7519000
"TAW",2005,2005-12-29,7978000
"TAW",2006,2006-12-29,7738000
"TAW",2007,2007-12-29,9585000
"TAW",2008,2008-12-29,10495000
"TAW",2009,2009-12-29,9500000
"TAW",2010,2010-12-29,8979000
"TAW",2011,2011-12-29,9717000
"TAW",2012,2012-12-29,10452000
"TAW",2013,2013-12-29,10316000
"TAW",2014,2014-12-29,10126000
"TAW",2015,2015-12-29,10257000
"TAW",2016,2016-12-29,9825000
"PRK",1958,1958-12-29,2210054
"PRK",1960,1960-12-29,2e+05
"PRK",1961,1961-12-29,225000
"PRK",1962,1962-12-29,250000
"PRK",1963,1963-12-29,280000
"PRK",1964,1964-12-29,3e+05
"PRK",1965,1965-12-29,350000
"PRK",1966,1966-12-29,350000
"PRK",1967,1967-12-29,470000
"PRK",1968,1968-12-29,610000
"PRK",1969,1969-12-29,615000
"PRK",1970,1970-12-29,7e+05
"PRK",1971,1971-12-29,762646
"PRK",1972,1972-12-29,523333
"PRK",1973,1973-12-29,608292
"PRK",1974,1974-12-29,759512
"PRK",1975,1975-12-29,879268
"PRK",1976,1976-12-29,1003962
"PRK",1977,1977-12-29,1033658
"PRK",1978,1978-12-29,1143902
"PRK",1979,1979-12-29,1250244
"PRK",1980,1980-12-29,1416585
"PRK",1981,1981-12-29,1681008
"PRK",1982,1982-12-29,1775987
"PRK",1983,1983-12-29,1915982
"PRK",1984,1984-12-29,5200000
"PRK",1985,1985-12-29,4196000
"PRK",1986,1986-12-29,3870000
"PRK",1987,1987-12-29,4220000
"PRK",1988,1988-12-29,4620000
"PRK",1989,1989-12-29,4200000
"PRK",1990,1990-12-29,5230000
"PRK",1991,1991-12-29,5450000
"PRK",1992,1992-12-29,5500000
"PRK",1993,1993-12-29,5300000
"PRK",1994,1994-12-29,5660000
"PRK",1995,1995-12-29,5232000
"PRK",1996,1996-12-29,5559000
"PRK",1997,1997-12-29,2273000
"PRK",1998,1998-12-29,2086000
"PRK",1999,1999-12-29,2100000
"PRK",2000,2000-12-29,2091000
"PRK",2001,2001-12-29,2049000
"ROK",1949,1949-12-29,12245
"ROK",1950,1950-12-29,32000
"ROK",1951,1951-12-29,39048
"ROK",1952,1952-12-29,47860
"ROK",1953,1953-12-29,82544
"ROK",1954,1954-12-29,58797
"ROK",1955,1955-12-29,80684
"ROK",1956,1956-12-29,79738
"ROK",1957,1957-12-29,111330
"ROK",1958,1958-12-29,109371
"ROK",1959,1959-12-29,111332
"ROK",1960,1960-12-29,98612
"ROK",1961,1961-12-29,99503
"ROK",1962,1962-12-29,132973
"ROK",1963,1963-12-29,100081
"ROK",1964,1964-12-29,128760
"ROK",1965,1965-12-29,111990
"ROK",1966,1966-12-29,148270
"ROK",1967,1967-12-29,176991
"ROK",1968,1968-12-29,226122
"ROK",1969,1969-12-29,273553
"ROK",1970,1970-12-29,270976
"ROK",1971,1971-12-29,318782
"ROK",1972,1972-12-29,313056
"ROK",1973,1973-12-29,429303
"ROK",1974,1974-12-29,491971
"ROK",1975,1975-12-29,578512
"ROK",1976,1976-12-29,876033
"ROK",1977,1977-12-29,1470743
"ROK",1978,1978-12-29,1913223
"ROK",1979,1979-12-29,2721074
"ROK",1980,1980-12-29,3308760
"ROK",1981,1981-12-29,4285002
"ROK",1982,1982-12-29,4350065
"ROK",1983,1983-12-29,4406876
"ROK",1984,1984-12-29,4494500
"ROK",1985,1985-12-29,4550000
"ROK",1986,1986-12-29,5110000
"ROK",1987,1987-12-29,6970000
"ROK",1988,1988-12-29,8510000
"ROK",1989,1989-12-29,9886000
"ROK",1990,1990-12-29,10620000
"ROK",1991,1991-12-29,10800000
"ROK",1992,1992-12-29,11400000
"ROK",1993,1993-12-29,11930000
"ROK",1994,1994-12-29,12764000
"ROK",1995,1995-12-29,14179000
"ROK",1996,1996-12-29,16172000
"ROK",1997,1997-12-29,15334000
"ROK",1998,1998-12-29,10461000
"ROK",1999,1999-12-29,12088000
"ROK",2000,2000-12-29,12749000
"ROK",2001,2001-12-29,11165000
"ROK",2002,2002-12-29,13081000
"ROK",2003,2003-12-29,14632000
"ROK",2004,2004-12-29,16354000
"ROK",2005,2005-12-29,21504000
"ROK",2006,2006-12-29,24645000
"ROK",2007,2007-12-29,26588000
"ROK",2008,2008-12-29,24182000
"ROK",2009,2009-12-29,22439000
"ROK",2010,2010-12-29,25069000
"ROK",2011,2011-12-29,28335000
"ROK",2012,2012-12-29,29256000
"ROK",2013,2013-12-29,31846000
"ROK",2014,2014-12-29,34438000
"ROK",2015,2015-12-29,33460000
"ROK",2016,2016-12-29,33778000
"JPN",1868,1868-12-30,907
"JPN",1869,1869-12-30,568
"JPN",1870,1870-12-30,320
"JPN",1871,1871-12-30,661
"JPN",1872,1872-12-30,1853
"JPN",1873,1873-12-30,1889
"JPN",1874,1874-12-30,2283
"JPN",1875,1875-12-30,1957
"JPN",1876,1876-12-30,1611
"JPN",1877,1877-12-30,1431
"JPN",1878,1878-12-30,1423
"JPN",1879,1879-12-30,1670
"JPN",1880,1880-12-30,1786
"JPN",1881,1881-12-30,1728
"JPN",1882,1882-12-30,1809
"JPN",1883,1883-12-30,2046
"JPN",1884,1884-12-30,2120
"JPN",1885,1885-12-30,1873
"JPN",1886,1886-12-30,3109
"JPN",1887,1887-12-30,3271
"JPN",1888,1888-12-30,3238
"JPN",1889,1889-12-30,3529
"JPN",1890,1890-12-30,3905
"JPN",1891,1891-12-30,3576
"JPN",1892,1892-12-30,2496
"JPN",1893,1893-12-30,2351
"JPN",1894,1894-12-30,13167
"JPN",1895,1895-12-30,11743
"JPN",1896,1896-12-30,7398
"JPN",1897,1897-12-30,11054
"JPN",1898,1898-12-30,11243
"JPN",1899,1899-12-30,11421
"JPN",1900,1900-12-30,13311
"JPN",1901,1901-12-30,10236
"JPN",1902,1902-12-30,8577
"JPN",1903,1903-12-30,15092
"JPN",1904,1904-12-30,67273
"JPN",1905,1905-12-30,73031
"JPN",1906,1906-12-30,37842
"JPN",1907,1907-12-30,21466
"JPN",1908,1908-12-30,21338
"JPN",1909,1909-12-30,17721
"JPN",1910,1910-12-30,18516
"JPN",1911,1911-12-30,20546
"JPN",1912,1912-12-30,19961
"JPN",1913,1913-12-30,19189
"JPN",1914,1914-12-29,108347
"JPN",1915,1915-12-29,107515
"JPN",1916,1916-12-29,121129
"JPN",1917,1917-12-29,175068
"JPN",1918,1918-12-30,298716
"JPN",1919,1919-12-30,435629
"JPN",1920,1920-12-30,449471
"JPN",1921,1921-12-30,404130
"JPN",1922,1922-12-30,334655
"JPN",1923,1923-12-30,258175
"JPN",1924,1924-12-30,204128
"JPN",1925,1925-12-30,181598
"JPN",1926,1926-12-30,203489
"JPN",1927,1927-12-30,233185
"JPN",1928,1928-12-30,240349
"JPN",1929,1929-12-30,228010
"JPN",1930,1930-12-30,218639
"JPN",1931,1931-12-30,222176
"JPN",1932,1932-12-30,199238
"JPN",1933,1933-12-30,220162
"JPN",1934,1934-12-30,277949
"JPN",1935,1935-12-30,295113
"JPN",1936,1936-12-30,279785
"JPN",1937,1937-12-30,942416
"JPN",1938,1938-12-30,1699210
"JPN",1939,1939-12-30,1699970
"JPN",1940,1940-12-29,1863181
"JPN",1941,1941-12-29,2929917
"JPN",1942,1942-12-29,4414273
"JPN",1943,1943-12-29,6989871
"JPN",1944,1944-12-29,17227328
"JPN",1945,1945-12-29,4002481
"JPN",1952,1952-12-29,289212
"JPN",1953,1953-12-29,437044
"JPN",1954,1954-12-29,429720
"JPN",1955,1955-12-29,377688
"JPN",1956,1956-12-29,373590
"JPN",1957,1957-12-29,424924
"JPN",1958,1958-12-29,420767
"JPN",1959,1959-12-29,436495
"JPN",1960,1960-12-29,454148
"JPN",1961,1961-12-29,507622
"JPN",1962,1962-12-29,617276
"JPN",1963,1963-12-29,681028
"JPN",1964,1964-12-29,781283
"JPN",1965,1965-12-29,852603
"JPN",1966,1966-12-29,964203
"JPN",1967,1967-12-29,1069692
"JPN",1968,1968-12-29,1207489
"JPN",1969,1969-12-29,1386700
"JPN",1970,1970-12-29,1649789
"JPN",1971,1971-12-29,2252068
"JPN",1972,1972-12-29,2640987
"JPN",1973,1973-12-29,3119484
"JPN",1974,1974-12-29,4007243
"JPN",1975,1975-12-29,4535240
"JPN",1976,1976-12-29,4972179
"JPN",1977,1977-12-29,5514055
"JPN",1978,1978-12-29,7691538
"JPN",1979,1979-12-29,9995146
"JPN",1980,1980-12-29,9297521
"JPN",1981,1981-12-29,11623810
"JPN",1982,1982-12-29,11038627
"JPN",1983,1983-12-29,11654008
"JPN",1984,1984-12-29,12774892
"JPN",1985,1985-12-29,14189000
"JPN",1986,1986-12-29,20930000
"JPN",1987,1987-12-29,25420000
"JPN",1988,1988-12-29,28406000
"JPN",1989,1989-12-29,30090000
"JPN",1990,1990-12-29,28730000
"JPN",1991,1991-12-29,32680000
"JPN",1992,1992-12-29,38600000
"JPN",1993,1993-12-29,41730000
"JPN",1994,1994-12-29,46639000
"JPN",1995,1995-12-29,50219000
"JPN",1996,1996-12-29,45502000
"JPN",1997,1997-12-29,40891000
"JPN",1998,1998-12-29,38482000
"JPN",1999,1999-12-29,40383000
"JPN",2000,2000-12-29,45316000
"JPN",2001,2001-12-29,39513000
"JPN",2002,2002-12-29,39200000
"JPN",2003,2003-12-29,42835000
"JPN",2004,2004-12-29,45152000
"JPN",2005,2005-12-29,43910000
"JPN",2006,2006-12-29,41144000
"JPN",2007,2007-12-29,41039000
"JPN",2008,2008-12-29,46044000
"JPN",2009,2009-12-29,51085000
"JPN",2010,2010-12-29,54357000
"JPN",2011,2011-12-29,59834000
"JPN",2012,2012-12-29,59077000
"JPN",2013,2013-12-29,59077000
"JPN",2014,2014-12-29,47685000
"JPN",2015,2015-12-29,41013000
"JPN",2016,2016-12-29,47342000
"IND",1947,1947-12-29,218680
"IND",1948,1948-12-29,275196
"IND",1949,1949-12-29,503918
"IND",1950,1950-12-29,366073
"IND",1951,1951-12-29,383874
"IND",1952,1952-12-29,390843
"IND",1953,1953-12-29,403943
"IND",1954,1954-12-29,412961
"IND",1955,1955-12-29,401830
"IND",1956,1956-12-29,443282
"IND",1957,1957-12-29,554630
"IND",1958,1958-12-29,586373
"IND",1959,1959-12-29,564644
"IND",1960,1960-12-29,579971
"IND",1961,1961-12-29,638173
"IND",1962,1962-12-29,909968
"IND",1963,1963-12-29,1530052
"IND",1964,1964-12-29,1689445
"IND",1965,1965-12-29,1804170
"IND",1966,1966-12-29,1943245
"IND",1967,1967-12-29,1258579
"IND",1968,1968-12-29,1347555
"IND",1969,1969-12-29,1424750
"IND",1970,1970-12-29,1507870
"IND",1971,1971-12-29,1924810
"IND",1972,1972-12-29,2133921
"IND",1973,1973-12-29,2161844
"IND",1974,1974-12-29,2473833
"IND",1975,1975-12-29,2660197
"IND",1976,1976-12-29,2878683
"IND",1977,1977-12-29,3109509
"IND",1978,1978-12-29,3535459
"IND",1979,1979-12-29,4023901
"IND",1980,1980-12-29,4560701
"IND",1981,1981-12-29,5022113
"IND",1982,1982-12-29,5278087
"IND",1983,1983-12-29,5682888
"IND",1984,1984-12-29,6907034
"IND",1985,1985-12-29,6330000
"IND",1986,1986-12-29,7970000
"IND",1987,1987-12-29,9650000
"IND",1988,1988-12-29,9590000
"IND",1989,1989-12-29,8940000
"IND",1990,1990-12-29,10100000
"IND",1991,1991-12-29,8070000
"IND",1992,1992-12-29,6700000
"IND",1993,1993-12-29,7e+06
"IND",1994,1994-12-29,7638000
"IND",1995,1995-12-29,9992000
"IND",1996,1996-12-29,12079000
"IND",1997,1997-12-29,12805000
"IND",1998,1998-12-29,13594000
"IND",1999,1999-12-29,13895000
"IND",2000,2000-12-29,14765000
"IND",2001,2001-12-29,14167000
"IND",2002,2002-12-29,13749000
"IND",2003,2003-12-29,15508000
"IND",2004,2004-12-29,19821000
"IND",2005,2005-12-29,21726000
"IND",2006,2006-12-29,22428000
"IND",2007,2007-12-29,26513000
"IND",2008,2008-12-29,31540000
"IND",2009,2009-12-29,38278000
"IND",2010,2010-12-29,30865000
"IND",2011,2011-12-29,36115000
"IND",2012,2012-12-29,33404000
"IND",2013,2013-12-29,36297000
"IND",2014,2014-12-29,45212000
"IND",2015,2015-12-29,47956000
"IND",2016,2016-12-29,51052000
"PAK",1948,1948-12-29,107414
"PAK",1949,1949-12-29,187161
"PAK",1950,1950-12-29,199398
"PAK",1951,1951-12-29,244578
"PAK",1952,1952-12-29,282563
"PAK",1953,1953-12-29,246233
"PAK",1954,1954-12-29,212349
"PAK",1955,1955-12-29,235629
"PAK",1956,1956-12-29,165830
"PAK",1957,1957-12-29,149428
"PAK",1958,1958-12-29,161365
"PAK",1959,1959-12-29,183490
"PAK",1960,1960-12-29,204175
"PAK",1961,1961-12-29,205858
"PAK",1962,1962-12-29,196440
"PAK",1963,1963-12-29,215182
"PAK",1964,1964-12-29,252087
"PAK",1965,1965-12-29,428512
"PAK",1966,1966-12-29,538477
"PAK",1967,1967-12-29,466181
"PAK",1968,1968-12-29,483242
"PAK",1969,1969-12-29,539405
"PAK",1970,1970-12-29,601336
"PAK",1971,1971-12-29,727215
"PAK",1972,1972-12-29,456660
"PAK",1973,1973-12-29,469782
"PAK",1974,1974-12-29,599192
"PAK",1975,1975-12-29,748687
"PAK",1976,1976-12-29,803232
"PAK",1977,1977-12-29,878485
"PAK",1978,1978-12-29,987879
"PAK",1979,1979-12-29,1278687
"PAK",1980,1980-12-29,1543899
"PAK",1981,1981-12-29,1648765
"PAK",1982,1982-12-29,2201222
"PAK",1983,1983-12-29,1871223
"PAK",1984,1984-12-29,1956889
"PAK",1985,1985-12-29,2067000
"PAK",1986,1986-12-29,2270000
"PAK",1987,1987-12-29,2580000
"PAK",1988,1988-12-29,2380000
"PAK",1989,1989-12-29,2580000
"PAK",1990,1990-12-29,2910000
"PAK",1991,1991-12-29,3230000
"PAK",1992,1992-12-29,3600000
"PAK",1993,1993-12-29,3300000
"PAK",1994,1994-12-29,3585000
"PAK",1995,1995-12-29,3642000
"PAK",1996,1996-12-29,3652000
"PAK",1997,1997-12-29,3916000
"PAK",1998,1998-12-29,4078000
"PAK",1999,1999-12-29,3523000
"PAK",2000,2000-12-29,2522000
"PAK",2001,2001-12-29,2395000
"PAK",2002,2002-12-29,2687000
"PAK",2003,2003-12-29,3129000
"PAK",2004,2004-12-29,3338000
"PAK",2005,2005-12-29,4067000
"PAK",2006,2006-12-29,4156000
"PAK",2007,2007-12-29,4530000
"PAK",2008,2008-12-29,4422000
"PAK",2009,2009-12-29,3811000
"PAK",2010,2010-12-29,5599000
"PAK",2011,2011-12-29,5468000
"PAK",2012,2012-12-29,5814000
"PAK",2013,2013-12-29,5890000
"PAK",2014,2014-12-29,6006000
"PAK",2015,2015-12-29,7456000
"PAK",2016,2016-12-29,7471000
"BNG",1973,1973-12-29,41204
"BNG",1974,1974-12-29,69518
"BNG",1975,1975-12-29,75630
"BNG",1976,1976-12-29,91614
"BNG",1977,1977-12-29,108162
"BNG",1978,1978-12-29,112564
"BNG",1979,1979-12-29,127186
"BNG",1980,1980-12-29,162840
"BNG",1981,1981-12-29,153432
"BNG",1982,1982-12-29,240008
"BNG",1983,1983-12-29,177906
"BNG",1984,1984-12-29,262040
"BNG",1985,1985-12-29,169700
"BNG",1986,1986-12-29,216750
"BNG",1987,1987-12-29,326000
"BNG",1988,1988-12-29,315972
"BNG",1989,1989-12-29,289000
"BNG",1990,1990-12-29,326900
"BNG",1991,1991-12-29,303310
"BNG",1992,1992-12-29,355000
"BNG",1993,1993-12-29,355000
"BNG",1994,1994-12-29,475000
"BNG",1995,1995-12-29,5e+05
"BNG",1996,1996-12-29,554000
"BNG",1997,1997-12-29,593000
"BNG",1998,1998-12-29,631000
"BNG",1999,1999-12-29,667000
"BNG",2000,2000-12-29,691000
"BNG",2001,2001-12-29,639000
"BNG",2002,2002-12-29,607000
"BNG",2003,2003-12-29,645000
"BNG",2004,2004-12-29,777000
"BNG",2005,2005-12-29,889000
"BNG",2006,2006-12-29,938000
"BNG",2007,2007-12-29,998000
"BNG",2008,2008-12-29,1195000
"BNG",2009,2009-12-29,1016000
"BNG",2010,2010-12-29,1237000
"BNG",2011,2011-12-29,1478000
"BNG",2012,2012-12-29,1537000
"BNG",2013,2013-12-29,1652000
"BNG",2014,2014-12-29,1956000
"BNG",2015,2015-12-29,2225000
"BNG",2016,2016-12-29,2705000
"MYA",1948,1948-12-29,15130
"MYA",1949,1949-12-29,31646
"MYA",1950,1950-12-29,25592
"MYA",1951,1951-12-29,31979
"MYA",1952,1952-12-29,46293
"MYA",1953,1953-12-29,64732
"MYA",1954,1954-12-29,77403
"MYA",1955,1955-12-29,70300
"MYA",1956,1956-12-29,74780
"MYA",1957,1957-12-29,78681
"MYA",1958,1958-12-29,85131
"MYA",1959,1959-12-29,85852
"MYA",1960,1960-12-29,88998
"MYA",1961,1961-12-29,85535
"MYA",1962,1962-12-29,90545
"MYA",1963,1963-12-29,99937
"MYA",1964,1964-12-29,97349
"MYA",1965,1965-12-29,107747
"MYA",1966,1966-12-29,105019
"MYA",1967,1967-12-29,101124
"MYA",1968,1968-12-29,102458
"MYA",1969,1969-12-29,108004
"MYA",1970,1970-12-29,111832
"MYA",1971,1971-12-29,118652
"MYA",1972,1972-12-29,118268
"MYA",1973,1973-12-29,149174
"MYA",1974,1974-12-29,160364
"MYA",1975,1975-12-29,138049
"MYA",1976,1976-12-29,162341
"MYA",1977,1977-12-29,170974
"MYA",1978,1978-12-29,170000
"MYA",1979,1979-12-29,190000
"MYA",1980,1980-12-29,202000
"MYA",1981,1981-12-29,199000
"MYA",1982,1982-12-29,210000
"MYA",1983,1983-12-29,234000
"MYA",1984,1984-12-29,245000
"MYA",1985,1985-12-29,228253
"MYA",1986,1986-12-29,252560
"MYA",1987,1987-12-29,291600
"MYA",1988,1988-12-29,286000
"MYA",1989,1989-12-29,332590
"MYA",1990,1990-12-29,858000
"MYA",1991,1991-12-29,971000
"MYA",1992,1992-12-29,356150
"MYA",1993,1993-12-29,2675000
"MYA",1994,1994-12-29,1822000
"MYA",1995,1995-12-29,1880000
"MYA",1996,1996-12-29,2012000
"MYA",1997,1997-12-29,2167000
"MYA",1998,1998-12-29,2142000
"MYA",1999,1999-12-29,1995000
"MYA",2000,2000-12-29,1020000
"MYA",2001,2001-12-29,1088000
"MYA",2002,2002-12-29,5632000
"MYA",2003,2003-12-29,6260000
"MYA",2004,2004-12-29,5265000
"MYA",2005,2005-12-29,6944000
"MYA",2006,2006-12-29,7266000
"MYA",2007,2007-12-29,7009000
"MYA",2010,2010-12-29,1762000
"MYA",2011,2011-12-29,2415000
"MYA",2012,2012-12-29,2228000
"MYA",2013,2013-12-29,2400000
"MYA",2014,2014-12-29,2433000
"MYA",2015,2015-12-29,2245000
"MYA",2016,2016-12-29,2264000
"THI",1899,1899-12-30,238
"THI",1901,1901-12-30,254
"THI",1902,1902-12-30,256
"THI",1903,1903-12-30,353
"THI",1904,1904-12-30,570
"THI",1905,1905-12-30,755
"THI",1906,1906-12-30,821
"THI",1907,1907-12-30,1067
"THI",1908,1908-12-30,1094
"THI",1909,1909-12-30,1097
"THI",1910,1910-12-30,1096
"THI",1911,1911-12-30,870
"THI",1912,1912-12-30,874
"THI",1913,1913-12-30,1245
"THI",1914,1914-12-29,6592
"THI",1915,1915-12-29,6697
"THI",1916,1916-12-29,6575
"THI",1917,1917-12-29,6376
"THI",1918,1918-12-30,7248
"THI",1919,1919-12-30,6671
"THI",1920,1920-12-30,7267
"THI",1921,1921-12-30,7577
"THI",1922,1922-12-30,7704
"THI",1923,1923-12-30,7704
"THI",1924,1924-12-30,7704
"THI",1925,1925-12-30,9083
"THI",1926,1926-12-30,8353
"THI",1927,1927-12-30,9113
"THI",1928,1928-12-30,9379
"THI",1929,1929-12-30,9379
"THI",1930,1930-12-30,9432
"THI",1931,1931-12-30,6401
"THI",1932,1932-12-30,5752
"THI",1933,1933-12-30,5499
"THI",1934,1934-12-30,7879
"THI",1935,1935-12-30,10292
"THI",1936,1936-12-30,10662
"THI",1937,1937-12-30,12147
"THI",1938,1938-12-30,12366
"THI",1939,1939-12-30,10943
"THI",1940,1940-12-29,10514
"THI",1941,1941-12-29,21856
"THI",1946,1946-12-29,6996
"THI",1947,1947-12-29,12771
"THI",1948,1948-12-29,21940
"THI",1949,1949-12-29,27929
"THI",1950,1950-12-29,23705
"THI",1951,1951-12-29,21557
"THI",1952,1952-12-29,38243
"THI",1953,1953-12-29,57339
"THI",1954,1954-12-29,44594
"THI",1955,1955-12-29,40958
"THI",1956,1956-12-29,39058
"THI",1957,1957-12-29,75348
"THI",1958,1958-12-29,66493
"THI",1959,1959-12-29,67322
"THI",1960,1960-12-29,65050
"THI",1961,1961-12-29,69678
"THI",1962,1962-12-29,75274
"THI",1963,1963-12-29,78839
"THI",1964,1964-12-29,85298
"THI",1965,1965-12-29,94287
"THI",1966,1966-12-29,103255
"THI",1967,1967-12-29,124106
"THI",1968,1968-12-29,151524
"THI",1969,1969-12-29,189611
"THI",1970,1970-12-29,239019
"THI",1971,1971-12-29,255673
"THI",1972,1972-12-29,275865
"THI",1973,1973-12-29,302522
"THI",1974,1974-12-29,358037
"THI",1975,1975-12-29,512193
"THI",1976,1976-12-29,579588
"THI",1977,1977-12-29,637255
"THI",1978,1978-12-29,769571
"THI",1979,1979-12-29,972476
"THI",1980,1980-12-29,1096779
"THI",1981,1981-12-29,1665821
"THI",1982,1982-12-29,1542992
"THI",1983,1983-12-29,1652304
"THI",1984,1984-12-29,1750223
"THI",1985,1985-12-29,1520000
"THI",1986,1986-12-29,1570000
"THI",1987,1987-12-29,1740000
"THI",1988,1988-12-29,1830000
"THI",1989,1989-12-29,1800000
"THI",1990,1990-12-29,2060000
"THI",1991,1991-12-29,2400000
"THI",1992,1992-12-29,2900000
"THI",1993,1993-12-29,3200000
"THI",1994,1994-12-29,3630000
"THI",1995,1995-12-29,4006000
"THI",1996,1996-12-29,4393000
"THI",1997,1997-12-29,3326000
"THI",1998,1998-12-29,2124000
"THI",1999,1999-12-29,2638000
"THI",2000,2000-12-29,2419000
"THI",2001,2001-12-29,18319000
"THI",2002,2002-12-29,1832000
"THI",2003,2003-12-29,1931000
"THI",2004,2004-12-29,1954000
"THI",2005,2005-12-29,2075000
"THI",2006,2006-12-29,2373000
"THI",2007,2007-12-29,3333000
"THI",2008,2008-12-29,4294000
"THI",2009,2009-12-29,4732000
"THI",2010,2010-12-29,4821000
"THI",2011,2011-12-29,5520000
"THI",2012,2012-12-29,5426000
"THI",2013,2013-12-29,6213000
"THI",2014,2014-12-29,5685000
"THI",2015,2015-12-29,5374000
"THI",2016,2016-12-29,5717000
"CAM",1953,1953-12-29,10867
"CAM",1954,1954-12-29,26016
"CAM",1955,1955-12-29,10064
"CAM",1956,1956-12-29,8026
"CAM",1957,1957-12-29,8477
"CAM",1958,1958-12-29,14355
"CAM",1959,1959-12-29,16820
"CAM",1960,1960-12-29,42686
"CAM",1961,1961-12-29,46000
"CAM",1962,1962-12-29,49600
"CAM",1963,1963-12-29,50400
"CAM",1964,1964-12-29,56114
"CAM",1965,1965-12-29,52714
"CAM",1966,1966-12-29,54143
"CAM",1967,1967-12-29,56914
"CAM",1968,1968-12-29,64686
"CAM",1969,1969-12-29,42672
"CAM",1970,1970-12-29,119481
"CAM",1971,1971-12-29,97036
"CAM",1972,1972-12-29,131100
"CAM",1973,1973-12-29,83802
"CAM",1974,1974-12-29,63020
"CAM",1975,1975-12-29,67008
"CAM",1991,1991-12-29,42730
"CAM",1992,1992-12-29,58000
"CAM",1993,1993-12-29,74000
"CAM",1994,1994-12-29,133000
"CAM",1995,1995-12-29,174000
"CAM",1996,1996-12-29,185000
"CAM",1997,1997-12-29,144000
"CAM",1998,1998-12-29,155000
"CAM",1999,1999-12-29,176000
"CAM",2000,2000-12-29,195000
"CAM",2001,2001-12-29,188000
"CAM",2002,2002-12-29,67000
"CAM",2003,2003-12-29,68000
"CAM",2004,2004-12-29,70000
"CAM",2005,2005-12-29,111000
"CAM",2006,2006-12-29,123000
"CAM",2007,2007-12-29,137000
"CAM",2008,2008-12-29,275000
"CAM",2009,2009-12-29,255000
"CAM",2010,2010-12-29,271000
"CAM",2011,2011-12-29,308000
"CAM",2012,2012-12-29,346000
"CAM",2013,2013-12-29,394000
"CAM",2014,2014-12-29,445000
"CAM",2016,2016-12-29,628000
"LAO",1954,1954-12-29,886
"LAO",1955,1955-12-29,103
"LAO",1956,1956-12-29,140
"LAO",1957,1957-12-29,114
"LAO",1958,1958-12-29,63
"LAO",1959,1959-12-29,100
"LAO",1960,1960-12-29,21388
"LAO",1961,1961-12-29,8000
"LAO",1962,1962-12-29,28500
"LAO",1963,1963-12-29,39300
"LAO",1964,1964-12-29,14500
"LAO",1965,1965-12-29,26600
"LAO",1966,1966-12-29,35000
"LAO",1967,1967-12-29,38000
"LAO",1968,1968-12-29,40000
"LAO",1969,1969-12-29,41250
"LAO",1970,1970-12-29,39529
"LAO",1971,1971-12-29,19272
"LAO",1972,1972-12-29,21660
"LAO",1973,1973-12-29,17150
"LAO",1974,1974-12-29,24343
"LAO",1975,1975-12-29,19000
"LAO",1976,1976-12-29,28000
"LAO",1977,1977-12-29,42000
"LAO",1978,1978-12-29,37900
"LAO",1979,1979-12-29,37875
"LAO",1980,1980-12-29,21000
"LAO",1981,1981-12-29,26000
"LAO",1984,1984-12-29,55000
"LAO",1985,1985-12-29,55000
"LAO",1989,1989-12-29,18940
"LAO",1992,1992-12-29,102170
"LAO",1993,1993-12-29,110000
"LAO",1994,1994-12-29,77000
"LAO",1995,1995-12-29,73000
"LAO",1996,1996-12-29,79000
"LAO",1997,1997-12-29,72000
"LAO",1998,1998-12-29,34000
"LAO",1999,1999-12-29,22000
"LAO",2000,2000-12-29,20000
"LAO",2001,2001-12-29,19000
"LAO",2002,2002-12-29,11000
"LAO",2003,2003-12-29,11000
"LAO",2005,2005-12-29,12000
"LAO",2006,2006-12-29,13000
"LAO",2007,2007-12-29,15000
"LAO",2008,2008-12-29,17000
"LAO",2009,2009-12-29,14000
"LAO",2011,2011-12-29,19000
"LAO",2012,2012-12-29,20000
"LAO",2013,2013-12-29,21000
"LAO",2014,2014-12-29,24000
"DRV",1961,1961-12-29,175000
"DRV",1962,1962-12-29,2e+05
"DRV",1963,1963-12-29,250000
"DRV",1964,1964-12-29,3e+05
"DRV",1965,1965-12-29,375170
"DRV",1966,1966-12-29,3e+05
"DRV",1967,1967-12-29,450000
"DRV",1968,1968-12-29,5e+05
"DRV",1969,1969-12-29,510204
"DRV",1970,1970-12-29,580000
"DRV",1971,1971-12-29,3e+05
"DRV",1972,1972-12-29,325000
"DRV",1973,1973-12-29,290000
"DRV",1984,1984-12-29,1300000
"DRV",1985,1985-12-29,1500000
"DRV",1986,1986-12-29,2406000
"DRV",1988,1988-12-29,2540000
"DRV",1989,1989-12-29,2320000
"DRV",1990,1990-12-29,723000
"DRV",1991,1991-12-29,1870000
"DRV",1992,1992-12-29,720000
"DRV",1993,1993-12-29,358000
"DRV",1994,1994-12-29,992000
"DRV",1995,1995-12-29,910000
"DRV",1996,1996-12-29,970000
"DRV",1997,1997-12-29,1004000
"DRV",1998,1998-12-29,943000
"DRV",1999,1999-12-29,890000
"DRV",2000,2000-12-29,2303000
"DRV",2001,2001-12-29,2351000
"DRV",2002,2002-12-29,2226000
"DRV",2003,2003-12-29,2313000
"DRV",2004,2004-12-29,2781000
"DRV",2005,2005-12-29,3153000
"DRV",2006,2006-12-29,3439000
"DRV",2007,2007-12-29,3709000
"DRV",2008,2008-12-29,2907000
"DRV",2009,2009-12-29,2137000
"DRV",2010,2010-12-29,2573000
"DRV",2011,2011-12-29,2667000
"DRV",2012,2012-12-29,3295000
"DRV",2013,2013-12-29,3800000
"DRV",2014,2014-12-29,4248000
"DRV",2016,2016-12-29,4010000
"RVN",1954,1954-12-29,379321
"RVN",1955,1955-12-29,322631
"RVN",1956,1956-12-29,215926
"RVN",1957,1957-12-29,179972
"RVN",1958,1958-12-29,171914
"RVN",1959,1959-12-29,176371
"RVN",1960,1960-12-29,208657
"RVN",1961,1961-12-29,236629
"RVN",1962,1962-12-29,342657
"RVN",1963,1963-12-29,223133
"RVN",1964,1964-12-29,311433
"RVN",1965,1965-12-29,493900
"RVN",1966,1966-12-29,713450
"RVN",1967,1967-12-29,326441
"RVN",1968,1968-12-29,456356
"RVN",1969,1969-12-29,666101
"RVN",1970,1970-12-29,1118643
"RVN",1971,1971-12-29,563636
"RVN",1972,1972-12-29,450000
"RVN",1973,1973-12-29,580000
"RVN",1974,1974-12-29,539000
"RVN",1975,1975-12-29,559000
"MAL",1957,1957-12-29,52143
"MAL",1958,1958-12-29,54492
"MAL",1959,1959-12-29,46503
"MAL",1960,1960-12-29,42908
"MAL",1961,1961-12-29,36242
"MAL",1962,1962-12-29,36721
"MAL",1963,1963-12-29,50621
"MAL",1964,1964-12-29,70915
"MAL",1965,1965-12-29,98697
"MAL",1966,1966-12-29,124444
"MAL",1967,1967-12-29,119026
"MAL",1968,1968-12-29,123551
"MAL",1969,1969-12-29,119156
"MAL",1970,1970-12-29,123301
"MAL",1971,1971-12-29,190020
"MAL",1972,1972-12-29,274507
"MAL",1973,1973-12-29,369991
"MAL",1974,1974-12-29,458227
"MAL",1975,1975-12-29,547135
"MAL",1976,1976-12-29,479619
"MAL",1977,1977-12-29,616341
"MAL",1978,1978-12-29,764248
"MAL",1979,1979-12-29,1164996
"MAL",1980,1980-12-29,1362169
"MAL",1981,1981-12-29,2037843
"MAL",1982,1982-12-29,2132002
"MAL",1983,1983-12-29,2080113
"MAL",1984,1984-12-29,1196992
"MAL",1985,1985-12-29,1764000
"MAL",1986,1986-12-29,1010000
"MAL",1987,1987-12-29,853310
"MAL",1988,1988-12-29,1612000
"MAL",1989,1989-12-29,1384000
"MAL",1990,1990-12-29,1560000
"MAL",1991,1991-12-29,1740000
"MAL",1992,1992-12-29,2500000
"MAL",1993,1993-12-29,2600000
"MAL",1994,1994-12-29,3142000
"MAL",1995,1995-12-29,3514000
"MAL",1996,1996-12-29,3695000
"MAL",1997,1997-12-29,3377000
"MAL",1998,1998-12-29,1891000
"MAL",1999,1999-12-29,3158000
"MAL",2000,2000-12-29,2579000
"MAL",2001,2001-12-29,3249000
"MAL",2002,2002-12-29,2238000
"MAL",2003,2003-12-29,2882000
"MAL",2004,2004-12-29,2742000
"MAL",2005,2005-12-29,3110000
"MAL",2006,2006-12-29,3206000
"MAL",2007,2007-12-29,4021000
"MAL",2008,2008-12-29,4370000
"MAL",2009,2009-12-29,3883000
"MAL",2010,2010-12-29,3651000
"MAL",2011,2011-12-29,4693000
"MAL",2012,2012-12-29,4440000
"MAL",2013,2013-12-29,5e+06
"MAL",2014,2014-12-29,5031000
"MAL",2015,2015-12-29,4738000
"MAL",2016,2016-12-29,4218000
"PHI",1946,1946-12-29,17313
"PHI",1947,1947-12-29,12488
"PHI",1948,1948-12-29,27562
"PHI",1949,1949-12-29,43519
"PHI",1950,1950-12-29,38508
"PHI",1951,1951-12-29,47262
"PHI",1952,1952-12-29,61915
"PHI",1953,1953-12-29,60316
"PHI",1954,1954-12-29,54463
"PHI",1955,1955-12-29,52575
"PHI",1956,1956-12-29,49877
"PHI",1957,1957-12-29,48592
"PHI",1958,1958-12-29,53805
"PHI",1959,1959-12-29,46493
"PHI",1960,1960-12-29,54788
"PHI",1961,1961-12-29,52338
"PHI",1962,1962-12-29,53531
"PHI",1963,1963-12-29,55660
"PHI",1964,1964-12-29,58082
"PHI",1965,1965-12-29,64838
"PHI",1966,1966-12-29,83116
"PHI",1967,1967-12-29,95390
"PHI",1968,1968-12-29,109061
"PHI",1969,1969-12-29,115394
"PHI",1970,1970-12-29,110249
"PHI",1971,1971-12-29,121429
"PHI",1972,1972-12-29,119320
"PHI",1973,1973-12-29,188120
"PHI",1974,1974-12-29,289035
"PHI",1975,1975-12-29,325611
"PHI",1976,1976-12-29,463959
"PHI",1977,1977-12-29,549792
"PHI",1978,1978-12-29,651660
"PHI",1979,1979-12-29,764476
"PHI",1980,1980-12-29,612230
"PHI",1981,1981-12-29,797883
"PHI",1982,1982-12-29,909822
"PHI",1983,1983-12-29,666777
"PHI",1984,1984-12-29,504003
"PHI",1985,1985-12-29,474020
"PHI",1986,1986-12-29,515060
"PHI",1987,1987-12-29,724910
"PHI",1988,1988-12-29,857550
"PHI",1989,1989-12-29,1280000
"PHI",1990,1990-12-29,978980
"PHI",1991,1991-12-29,968400
"PHI",1992,1992-12-29,1100000
"PHI",1993,1993-12-29,1200000
"PHI",1994,1994-12-29,1117000
"PHI",1995,1995-12-29,1361000
"PHI",1996,1996-12-29,1520000
"PHI",1997,1997-12-29,1422000
"PHI",1998,1998-12-29,1521000
"PHI",1999,1999-12-29,1627000
"PHI",2000,2000-12-29,1357000
"PHI",2001,2001-12-29,1065000
"PHI",2002,2002-12-29,1367000
"PHI",2003,2003-12-29,840000
"PHI",2004,2004-12-29,825000
"PHI",2005,2005-12-29,836000
"PHI",2006,2006-12-29,899000
"PHI",2007,2007-12-29,1130000
"PHI",2008,2008-12-29,1427000
"PHI",2009,2009-12-29,1363000
"PHI",2010,2010-12-29,2024000
"PHI",2011,2011-12-29,1642000
"PHI",2012,2012-12-29,1762000
"PHI",2013,2013-12-29,2205000
"PHI",2014,2014-12-29,2035000
"PHI",2015,2015-12-29,2223000
"PHI",2016,2016-12-29,2538000
"INS",1949,1949-12-29,256429
"INS",1950,1950-12-29,406850
"INS",1951,1951-12-29,288714
"INS",1952,1952-12-29,333946
"INS",1953,1953-12-29,333333
"INS",1954,1954-12-29,307692
"INS",1955,1955-12-29,339721
"INS",1956,1956-12-29,383275
"INS",1957,1957-12-29,499386
"INS",1958,1958-12-29,312676
"INS",1959,1959-12-29,297468
"INS",1960,1960-12-29,386121
"INS",1961,1961-12-29,541880
"INS",1962,1962-12-29,364444
"INS",1963,1963-12-29,290159
"INS",1964,1964-12-29,552290
"INS",1965,1965-12-29,151000
"INS",1966,1966-12-29,91830
"INS",1967,1967-12-29,254118
"INS",1968,1968-12-29,268511
"INS",1969,1969-12-29,245399
"INS",1970,1970-12-29,368953
"INS",1971,1971-12-29,302475
"INS",1972,1972-12-29,455421
"INS",1973,1973-12-29,556626
"INS",1974,1974-12-29,7e+05
"INS",1975,1975-12-29,1195180
"INS",1976,1976-12-29,1404819
"INS",1977,1977-12-29,2183132
"INS",1978,1978-12-29,2049542
"INS",1979,1979-12-29,1653947
"INS",1980,1980-12-29,2073746
"INS",1981,1981-12-29,2844352
"INS",1982,1982-12-29,2870010
"INS",1983,1983-12-29,2527432
"INS",1984,1984-12-29,2419876
"INS",1985,1985-12-29,2321000
"INS",1986,1986-12-29,1640000
"INS",1987,1987-12-29,1350000
"INS",1988,1988-12-29,1402000
"INS",1989,1989-12-29,1593000
"INS",1990,1990-12-29,1450000
"INS",1991,1991-12-29,1500000
"INS",1992,1992-12-29,1800000
"INS",1993,1993-12-29,2031000
"INS",1994,1994-12-29,2486000
"INS",1995,1995-12-29,4403000
"INS",1996,1996-12-29,4797000
"INS",1997,1997-12-29,4812000
"INS",1998,1998-12-29,967000
"INS",1999,1999-12-29,1502000
"INS",2000,2000-12-29,614000
"INS",2001,2001-12-29,860000
"INS",2002,2002-12-29,6112000
"INS",2003,2003-12-29,7229000
"INS",2004,2004-12-29,7730000
"INS",2005,2005-12-29,2869000
"INS",2006,2006-12-29,3645000
"INS",2007,2007-12-29,4329000
"INS",2008,2008-12-29,5108000
"INS",2009,2009-12-29,4821000
"INS",2010,2010-12-29,7182000
"INS",2011,2011-12-29,5826000
"INS",2012,2012-12-29,6524000
"INS",2013,2013-12-29,8366000
"INS",2014,2014-12-29,7076000
"INS",2015,2015-12-29,7587000
"INS",2016,2016-12-29,8171000
"AUL",1920,1920-12-30,12895
"AUL",1921,1921-12-30,11043
"AUL",1922,1922-12-30,30710
"AUL",1923,1923-12-30,21105
"AUL",1924,1924-12-30,24302
"AUL",1925,1925-12-30,25002
"AUL",1926,1926-12-30,26229
"AUL",1927,1927-12-30,40456
"AUL",1928,1928-12-30,23934
"AUL",1929,1929-12-30,22678
"AUL",1930,1930-12-30,17246
"AUL",1931,1931-12-30,10815
"AUL",1932,1932-12-30,8534
"AUL",1933,1933-12-30,9726
"AUL",1934,1934-12-30,12679
"AUL",1935,1935-12-30,15624
"AUL",1936,1936-12-30,29867
"AUL",1937,1937-12-30,36568
"AUL",1938,1938-12-30,55092
"AUL",1939,1939-12-30,67076
"AUL",1940,1940-12-29,179418
"AUL",1941,1941-12-29,550072
"AUL",1942,1942-12-29,1032686
"AUL",1943,1943-12-29,1811765
"AUL",1944,1944-12-29,1755318
"AUL",1945,1945-12-29,1484291
"AUL",1946,1946-12-29,1032619
"AUL",1947,1947-12-29,397825
"AUL",1948,1948-12-29,237440
"AUL",1949,1949-12-29,182751
"AUL",1950,1950-12-29,169340
"AUL",1951,1951-12-29,295232
"AUL",1952,1952-12-29,407711
"AUL",1953,1953-12-29,417039
"AUL",1954,1954-12-29,382379
"AUL",1955,1955-12-29,401241
"AUL",1956,1956-12-29,414808
"AUL",1957,1957-12-29,392374
"AUL",1958,1958-12-29,393208
"AUL",1959,1959-12-29,407003
"AUL",1960,1960-12-29,418895
"AUL",1961,1961-12-29,436189
"AUL",1962,1962-12-29,456385
"AUL",1963,1963-12-29,480812
"AUL",1964,1964-12-29,549866
"AUL",1965,1965-12-29,698889
"AUL",1966,1966-12-29,871263
"AUL",1967,1967-12-29,1014541
"AUL",1968,1968-12-29,1114710
"AUL",1969,1969-12-29,1139156
"AUL",1970,1970-12-29,1185192
"AUL",1971,1971-12-29,1204491
"AUL",1972,1972-12-29,1317515
"AUL",1973,1973-12-29,1772656
"AUL",1974,1974-12-29,2241752
"AUL",1975,1975-12-29,2422694
"AUL",1976,1976-12-29,2751572
"AUL",1977,1977-12-29,2621716
"AUL",1978,1978-12-29,2902930
"AUL",1979,1979-12-29,3101174
"AUL",1980,1980-12-29,3605227
"AUL",1981,1981-12-29,4061221
"AUL",1982,1982-12-29,4032104
"AUL",1983,1983-12-29,5460087
"AUL",1984,1984-12-29,4493023
"AUL",1985,1985-12-29,4670000
"AUL",1986,1986-12-29,4780000
"AUL",1987,1987-12-29,5400000
"AUL",1988,1988-12-29,6320000
"AUL",1989,1989-12-29,6170000
"AUL",1990,1990-12-29,7270000
"AUL",1991,1991-12-29,7570000
"AUL",1992,1992-12-29,7200000
"AUL",1993,1993-12-29,7300000
"AUL",1994,1994-12-29,7300000
"AUL",1995,1995-12-29,8399000
"AUL",1996,1996-12-29,8755000
"AUL",1997,1997-12-29,8625000
"AUL",1998,1998-12-29,7682000
"AUL",1999,1999-12-29,7775000
"AUL",2000,2000-12-29,7384000
"AUL",2001,2001-12-29,6752000
"AUL",2002,2002-12-29,9299000
"AUL",2003,2003-12-29,12212000
"AUL",2004,2004-12-29,14310000
"AUL",2005,2005-12-29,15550000
"AUL",2006,2006-12-29,17208000
"AUL",2007,2007-12-29,20216000
"AUL",2008,2008-12-29,22194000
"AUL",2009,2009-12-29,19515000
"AUL",2010,2010-12-29,23634000
"AUL",2011,2011-12-29,25444000
"AUL",2012,2012-12-29,28269000
"AUL",2013,2013-12-29,25967000
"AUL",2014,2014-12-29,22512000
"AUL",2015,2015-12-29,22764000
"AUL",2016,2016-12-29,24188000
"PNG",1976,1976-12-29,25000
"PNG",1977,1977-12-29,22000
"PNG",1978,1978-12-29,25000
"PNG",1979,1979-12-29,27000
"PNG",1980,1980-12-29,31000
"PNG",1981,1981-12-29,38300
"PNG",1982,1982-12-29,33000
"PNG",1983,1983-12-29,34100
"PNG",1984,1984-12-29,33000
"PNG",1985,1985-12-29,34300
"PNG",1986,1986-12-29,34450
"PNG",1987,1987-12-29,44050
"PNG",1988,1988-12-29,38110
"PNG",1989,1989-12-29,45570
"PNG",1990,1990-12-29,49820
"PNG",1991,1991-12-29,40000
"PNG",1992,1992-12-29,58900
"PNG",1993,1993-12-29,86700
"PNG",1994,1994-12-29,97000
"PNG",1995,1995-12-29,66000
"PNG",1996,1996-12-29,80000
"PNG",1997,1997-12-29,65000
"PNG",1998,1998-12-29,57000
"PNG",1999,1999-12-29,46000
"PNG",2000,2000-12-29,31000
"PNG",2001,2001-12-29,27000
"PNG",2002,2002-12-29,17000
"PNG",2003,2003-12-29,19000
"PNG",2004,2004-12-29,25000
"PNG",2005,2005-12-29,30000
"PNG",2006,2006-12-29,31000
"PNG",2007,2007-12-29,35000
"PNG",2008,2008-12-29,35000
"PNG",2009,2009-12-29,40000
"PNG",2010,2010-12-29,43000
"PNG",2011,2011-12-29,77000
"PNG",2012,2012-12-29,76000
"PNG",2013,2013-12-29,84000
"PNG",2014,2014-12-29,99000
"PNG",2015,2015-12-29,1e+05
"PNG",2016,2016-12-29,83000
"NEW",1920,1920-12-30,2342
"NEW",1921,1921-12-30,3746
"NEW",1922,1922-12-30,5499
"NEW",1923,1923-12-30,4253
"NEW",1924,1924-12-30,3182
"NEW",1925,1925-12-30,4380
"NEW",1926,1926-12-30,4949
"NEW",1927,1927-12-30,4715
"NEW",1928,1928-12-30,224
"NEW",1929,1929-12-30,214
"NEW",1930,1930-12-30,219
"NEW",1931,1931-12-30,209
"NEW",1932,1932-12-30,196
"NEW",1933,1933-12-30,197
"NEW",1934,1934-12-30,3641
"NEW",1935,1935-12-30,3950
"NEW",1936,1936-12-30,5477
"NEW",1937,1937-12-30,7653
"NEW",1938,1938-12-30,11059
"NEW",1939,1939-12-30,7080
"NEW",1940,1940-12-29,9836
"NEW",1941,1941-12-29,120750
"NEW",1942,1942-12-29,224434
"NEW",1943,1943-12-29,408240
"NEW",1944,1944-12-29,495720
"NEW",1945,1945-12-29,429590
"NEW",1946,1946-12-29,153526
"NEW",1947,1947-12-29,37203
"NEW",1948,1948-12-29,38165
"NEW",1949,1949-12-29,31759
"NEW",1950,1950-12-29,27586
"NEW",1951,1951-12-29,44199
"NEW",1952,1952-12-29,64631
"NEW",1953,1953-12-29,76262
"NEW",1954,1954-12-29,69310
"NEW",1955,1955-12-29,66007
"NEW",1956,1956-12-29,69950
"NEW",1957,1957-12-29,67382
"NEW",1958,1958-12-29,69290
"NEW",1959,1959-12-29,74668
"NEW",1960,1960-12-29,77369
"NEW",1961,1961-12-29,73346
"NEW",1962,1962-12-29,73448
"NEW",1963,1963-12-29,76072
"NEW",1964,1964-12-29,92465
"NEW",1965,1965-12-29,106031
"NEW",1966,1966-12-29,116183
"NEW",1967,1967-12-29,117048
"NEW",1968,1968-12-29,92675
"NEW",1969,1969-12-29,95112
"NEW",1970,1970-12-29,103575
"NEW",1971,1971-12-29,134060
"NEW",1972,1972-12-29,152964
"NEW",1973,1973-12-29,188113
"NEW",1974,1974-12-29,224184
"NEW",1975,1975-12-29,227411
"NEW",1976,1976-12-29,209247
"NEW",1977,1977-12-29,235899
"NEW",1978,1978-12-29,298879
"NEW",1979,1979-12-29,345653
"NEW",1980,1980-12-29,399726
"NEW",1981,1981-12-29,380945
"NEW",1982,1982-12-29,475965
"NEW",1983,1983-12-29,442034
"NEW",1984,1984-12-29,400124
"NEW",1985,1985-12-29,469350
"NEW",1986,1986-12-29,561320
"NEW",1987,1987-12-29,807740
"NEW",1988,1988-12-29,897060
"NEW",1989,1989-12-29,818170
"NEW",1990,1990-12-29,826270
"NEW",1991,1991-12-29,785760
"NEW",1992,1992-12-29,607500
"NEW",1993,1993-12-29,681100
"NEW",1994,1994-12-29,733000
"NEW",1995,1995-12-29,1024000
"NEW",1996,1996-12-29,1022000
"NEW",1997,1997-12-29,904000
"NEW",1998,1998-12-29,898000
"NEW",1999,1999-12-29,824000
"NEW",2000,2000-12-29,804000
"NEW",2001,2001-12-29,664000
"NEW",2002,2002-12-29,752000
"NEW",2003,2003-12-29,1171000
"NEW",2004,2004-12-29,1127000
"NEW",2005,2005-12-29,1449000
"NEW",2006,2006-12-29,1544000
"NEW",2007,2007-12-29,1388000
"NEW",2008,2008-12-29,1754000
"NEW",2009,2009-12-29,1358000
"NEW",2010,2010-12-29,1609000
"NEW",2011,2011-12-29,2199000
"NEW",2012,2012-12-29,2207000
"NEW",2013,2013-12-29,2715000
"NEW",2014,2014-12-29,3186000
"NEW",2015,2015-12-29,2418000
"NEW",2016,2016-12-29,2580000
"AFG",1931,1816-07-26,4536
"ALB",1914,1816-07-26,1663
"ALG",1962,1816-07-26,65000
"ANG",1975,1816-07-26,146004
"ARG",1841,1816-07-26,386
"AUH",1817,1816-07-26,6815
"AUL",1920,1816-07-26,12895
"AUS",1920,1816-07-26,5649
"BEL",1830,1816-07-26,2964
"BNG",1973,1816-07-26,41204
"BOL",1873,1816-07-26,169
"BRA",1832,1816-07-26,996
"BUL",1908,1816-07-26,1203
"CAM",1953,1816-07-26,10867
"CAN",1920,1816-07-26,10755
"CEN",1961,1816-07-26,822
"CHA",1961,1816-07-26,1620
"CHL",1853,1816-07-26,311
"CHN",1896,1816-07-26,2994
"COL",1843,1816-07-26,599
"CON",1960,1816-07-26,400
"COS",1920,1816-07-26,743
"CRO",1992,1816-07-26,561000
"CUB",1906,1816-07-26,6161
"CZE",1918,1816-07-26,19847
"DEN",1835,1816-07-26,300
"DOM",1903,1816-07-26,87
"DRC",1961,1816-07-26,10000
"DRV",1961,1816-07-26,175000
"ECU",1885,1816-07-26,177
"EGY",1869,1816-07-26,2103
"ERI",1993,1816-07-26,91000
"EST",1918,1816-07-26,3541
"ETH",1959,1816-07-26,10709
"FIN",1919,1816-07-26,7642
"FRN",1816,1816-07-26,10554
"GDR",1957,1816-07-26,370893
"GFR",1955,1816-07-26,1757856
"GHA",1957,1816-07-26,8051
"GMY",1816,1816-07-26,3516
"GRC",1843,1816-07-26,252
"GUA",1869,1816-07-26,53
"GUI",1960,1816-07-26,3000
"HAI",1863,1816-07-26,163
"HON",1900,1816-07-26,68
"HUN",1919,1816-07-26,9584
"IND",1947,1816-07-26,218680
"INS",1949,1816-07-26,256429
"IRN",1855,1816-07-26,672
"IRQ",1932,1816-07-26,2744
"ISR",1948,1816-07-26,44444
"ITA",1816,1816-07-26,836
"JOR",1946,1816-07-26,6385
"JPN",1868,1816-07-26,907
"KEN",1963,1816-07-26,1960
"KUW",1961,1816-07-26,17000
"KYR",1992,1816-07-26,47060
"LAO",1954,1816-07-26,886
"LBR",1922,1816-07-26,102
"LEB",1946,1816-07-26,5111
"LIB",1959,1816-07-26,3920
"LIT",1918,1816-07-26,6541
"LUX",1920,1816-07-26,125
"MAL",1957,1816-07-26,52143
"MEX",1844,1816-07-26,1617
"MOR",1956,1816-07-26,33143
"MYA",1948,1816-07-26,15130
"NEW",1920,1816-07-26,2342
"NIC",1900,1816-07-26,114
"NIG",1960,1816-07-26,15962
"NOR",1905,1816-07-26,3935
"NTH",1816,1816-07-26,2375
"PAK",1948,1816-07-26,107414
"PAN",1923,1816-07-26,32
"PAR",1876,1816-07-26,26
"PER",1850,1816-07-26,957
"PHI",1946,1816-07-26,17313
"PNG",1976,1816-07-26,25000
"POL",1920,1816-07-26,13545
"POR",1835,1816-07-26,1259
"PRK",1958,1816-07-26,2210054
"QAT",1972,1816-07-26,321000
"ROK",1949,1816-07-26,12245
"ROM",1878,1816-07-26,1689
"RUS",1816,1816-07-26,10582
"RVN",1954,1816-07-26,379321
"RWA",1963,1816-07-26,2600
"SAF",1920,1816-07-26,5609
"SAL",1876,1816-07-26,164
"SAU",1932,1816-07-26,4526
"SEN",1961,1816-07-26,3000
"SIE",1961,1816-07-26,1820
"SOM",1960,1816-07-26,1500
"SPN",1816,1816-07-26,6512
"SUD",1956,1816-07-26,8041
"SYR",1946,1816-07-26,14540
"TAJ",1992,1816-07-26,202800
"TAW",1950,1816-07-26,81259
"TAZ",1961,1816-07-26,11229
"THI",1899,1816-07-26,238
"TUN",1956,1816-07-26,5143
"TUR",1851,1816-07-26,3340
"UAE",1973,1816-07-26,12912
"UGA",1962,1816-07-26,840
"UKG",1816,1816-07-26,16942
"USA",1816,1816-07-26,3823
"UZB",1994,1816-07-26,382000
"VEN",1867,1816-07-26,367
"YAR",1960,1816-07-26,7000
"YPR",1968,1816-07-26,19678
"YUG",1878,1816-07-26,281
"ZAM",1964,1816-07-26,11761
"ZIM",1965,1816-07-26,15435
