"time","actor1","actor2","end_date","outcome","highact","hihost","fatlev"
1816-07-27,"USA","SPN",1816-07-27,"Win A","Raid",4,"None"
1817-09-12,"RUS","TUR",1817-11-01,"Yield B","Fortify border",3,"None"
1818-03-15,"USA","SPN",1818-05-30,"Win A","Raid",4,"None"
1821-03-10,"AUH","ITA",1821-04-08,"Win A","Clash",4,"None"
1821-07-18,"RUS","TUR",1821-08-10,"Statlemate","Seizure",4,"None"
1821-08-27,"FRN","SPN",1822-02-27,"Ongoing","Show of troops",3,"None"
1821-08-27,"FRN","SPN",1822-02-27,"Statlemate","Show of troops",3,"None"
1822-09-21,"FRN","SPN",1823-11-13,"Ongoing","Fortify border",3,"None"
1822-09-21,"FRN","SPN",1823-11-13,"Win A","Begin Interstate War",5,"1,000+"
1823-01-06,"GMY","SPN",1823-01-06,"Win A","Threat to use force",2,"None"
1823-01-06,"AUH","SPN",1823-01-06,"Win A","Threat to use force",2,"None"
1823-01-06,"RUS","SPN",1823-01-06,"Win A","Threat to use force",2,"None"
1825-09-25,"ITA","TUR",1825-09-26,"Statlemate","Clash",4,"26-100"
1826-04-05,"RUS","TUR",1826-10-06,"Yield B","Show of troops",3,"None"
1826-07-06,"FRN","BRA",1826-07-06,"Yield B","Show of Ships",3,"None"
1826-10-30,"UKG","BRA",1826-10-30,"Yield B","Threat to use force",2,"None"
1827-08-16,"UKG","TUR",1828-04-30,"Ongoing","Raid",4,"None"
1827-08-16,"UKG","TUR",1828-04-30,"Win A","Raid",4,"1,000+"
1827-08-16,"FRN","TUR",1828-04-30,"Ongoing","Raid",4,"None"
1827-08-16,"FRN","TUR",1828-04-30,"Win A","Raid",4,"1,000+"
1827-08-16,"RUS","TUR",1828-04-30,"Ongoing","Raid",4,"None"
1827-08-16,"RUS","TUR",1828-04-30,"Win A","Raid",4,"1,000+"
1827-11-01,"RUS","TUR",1829-09-14,"Ongoing","Declaration of War",4,"None"
1827-11-01,"RUS","TUR",1829-09-14,"Ongoing","Begin Interstate War",5,"None"
1827-11-01,"RUS","TUR",1829-09-14,"Win A","Begin Interstate War",5,"1,000+"
1828-07-20,"FRN","TUR",1828-08-28,"Yield B","Occupation of territory",4,"None"
1829-09-24,"GRC","TUR",1829-09-25,"Yield B","Clash",4,"None"
1830-08-15,"NTH","FRN",1830-09-30,"Statlemate","Show of troops",3,"None"
1830-08-28,"GMY","FRN",1830-09-30,"Statlemate","Show of troops",3,"None"
1830-08-28,"RUS","FRN",1830-09-30,"Statlemate","Threat to use force",2,"None"
1831-02-05,"UKG","FRN",1831-02-05,"Yield B","Threat to declare war",2,"None"
1831-05-04,"UKG","POR",1831-05-11,"Statlemate","Show of Ships",3,"None"
1831-07-01,"FRN","POR",1831-07-14,"Win A","Raid",4,"None"
1831-08-02,"NTH","BEL",1832-02-02,"Ongoing","Clash",4,"None"
1831-08-02,"NTH","BEL",1832-02-02,"Statlemate","Clash",4,"None"
1831-08-15,"NTH","UKG",1831-09-30,"Statlemate","Show of Ships",3,"None"
1831-08-15,"NTH","FRN",1831-09-30,"Statlemate","Raid",4,"None"
1831-08-15,"GMY","FRN",1831-09-30,"Statlemate","Threat to use force",2,"None"
1832-09-15,"GMY","BEL",1833-05-21,"Ongoing","Show of troops",3,"None"
1832-09-15,"GMY","BEL",1833-05-21,"Win A","Show of troops",3,"None"
1832-09-15,"GMY","FRN",1833-05-21,"Ongoing","Blockade",4,"None"
1832-09-15,"GMY","FRN",1833-05-21,"Win A","Blockade",4,"None"
1832-10-22,"NTH","UKG",1833-05-21,"Ongoing","Clash",4,"None"
1832-10-22,"NTH","UKG",1833-05-21,"Win A","Clash",4,"None"
1832-10-22,"GMY","UKG",1833-05-21,"Ongoing","Blockade",4,"None"
1832-10-22,"GMY","UKG",1833-05-21,"Win A","Blockade",4,"None"
1832-10-22,"NTH","BEL",1833-05-21,"Ongoing","Clash",4,"None"
1832-10-22,"NTH","BEL",1833-05-21,"Win B","Clash",4,"None"
1832-10-22,"NTH","FRN",1833-05-21,"Ongoing","Clash",4,"None"
1832-10-22,"NTH","FRN",1833-05-21,"Win B","Clash",4,"None"
1833-06-22,"UKG","RUS",1833-07-10,"Yield B","Show of Ships",3,"None"
1833-06-22,"UKG","TUR",1833-07-10,"Yield B","Show of Ships",3,"None"
1833-06-22,"FRN","RUS",1833-07-10,"Yield B","Show of Ships",3,"None"
1833-06-22,"FRN","TUR",1833-07-10,"Yield B","Show of Ships",3,"None"
1833-09-03,"COL","FRN",1833-12-11,"Released","Seizure",4,"None"
1834-02-01,"COL","USA",1834-08-31,"Released","Seizure",4,"None"
1835-11-01,"FRN","USA",1835-12-31,"Yield B","Alert",3,"None"
1836-01-20,"COL","UKG",1837-01-27,"Ongoing","Seizure",4,"None"
1836-01-20,"COL","UKG",1837-01-27,"Released","Seizure",4,"None"
1836-04-04,"USA","MEX",1836-07-31,"Unclear","Occupation of territory",4,"None"
1836-12-01,"MEX","USA",1837-05-31,"Ongoing","Seizure",4,"None"
1836-12-01,"MEX","USA",1837-05-31,"Released","Seizure",4,"None"
1837-12-29,"UKG","USA",1838-01-05,"Ongoing","Raid",4,"None"
1837-12-29,"UKG","USA",1838-01-05,"Statlemate","Raid",4,"None"
1838-03-21,"FRN","MEX",1839-03-09,"Ongoing","Raid",4,"None"
1838-03-21,"FRN","MEX",1839-03-09,"Win A","Raid",4,"101-250"
1838-04-01,"MEX","USA",1838-04-30,"Statlemate","Raid",4,"None"
1838-08-01,"BRA","UKG",1838-08-31,"Yield B","Occupation of territory",4,"None"
1839-01-01,"USA","UKG",1839-03-23,"Compromise","Seizure",4,"None"
1839-03-01,"USA","MEX",1839-03-31,"Released","Seizure",4,"None"
1839-07-15,"UKG","BRA",1842-06-15,"Ongoing","Occupation of territory",4,"None"
1839-07-15,"UKG","BRA",1842-06-15,"Ongoing","Occupation of territory",4,"None"
1839-07-15,"UKG","BRA",1842-06-15,"Ongoing","Occupation of territory",4,"None"
1839-07-15,"UKG","BRA",1842-06-15,"Compromise","Occupation of territory",4,"None"
1840-12-05,"SPN","POR",1841-02-01,"Ongoing","Show of troops",3,"None"
1840-12-05,"SPN","POR",1841-02-01,"Yield B","Show of troops",3,"None"
1842-01-01,"UKG","ARG",1842-03-13,"Statlemate","Threat to use force",2,"None"
1842-01-01,"FRN","ARG",1842-01-31,"Statlemate","Threat to use force",2,"None"
1842-10-18,"USA","MEX",1842-10-26,"Statlemate","Raid",4,"None"
1842-11-01,"UKG","ARG",1843-01-31,"Ongoing","Show of Ships",3,"None"
1842-11-01,"UKG","ARG",1843-01-31,"Statlemate","Show of Ships",3,"None"
1842-11-01,"FRN","ARG",1843-01-31,"Ongoing","Show of Ships",3,"None"
1842-11-01,"FRN","ARG",1843-01-31,"Statlemate","Show of Ships",3,"None"
1843-08-23,"USA","MEX",1848-02-02,"Ongoing","Border violation",3,"None"
1843-08-23,"USA","MEX",1848-02-02,"Ongoing","Border violation",3,"None"
1843-08-23,"USA","MEX",1848-02-02,"Ongoing","Border violation",3,"None"
1843-08-23,"USA","MEX",1848-02-02,"Ongoing","Begin Interstate War",5,"None"
1843-08-23,"USA","MEX",1848-02-02,"Ongoing","Begin Interstate War",5,"None"
1843-08-23,"USA","MEX",1848-02-02,"Win A","Raid",4,"1,000+"
1843-09-21,"CHL","ARG",1844-04-30,"Ongoing","Occupation of territory",4,"None"
1843-09-21,"CHL","ARG",1844-04-30,"Win A","Occupation of territory",4,"None"
1845-04-01,"UKG","ARG",1846-03-26,"Ongoing","Clash",4,"None"
1845-04-01,"UKG","ARG",1846-03-26,"Win A","Clash",4,"None"
1845-04-01,"FRN","ARG",1846-03-26,"Ongoing","Clash",4,"None"
1845-04-01,"FRN","ARG",1846-03-26,"Win A","Clash",4,"None"
1845-06-04,"UKG","BRA",1846-05-16,"Ongoing","Seizure",4,"None"
1845-06-04,"UKG","BRA",1846-05-16,"Statlemate","Seizure",4,"None"
1846-01-01,"UKG","USA",1846-06-08,"Compromise","Show of Ships",3,"None"
1846-01-01,"ARG","PAR",1846-07-01,"Statlemate","Blockade",4,"None"
1846-11-07,"PER","SPN",1847-02-06,"Ongoing","Alert",3,"None"
1846-11-07,"PER","SPN",1847-02-06,"Yield B","Alert",3,"None"
1846-12-07,"CHL","SPN",1847-02-06,"Ongoing","Alert",3,"None"
1846-12-07,"CHL","SPN",1847-02-06,"Yield B","Alert",3,"None"
1848-04-01,"FRN","AUH",1848-08-09,"Statlemate","Raid",4,"None"
1848-04-01,"GMY","DEN",1849-07-10,"Ongoing","Begin Interstate War",5,"None"
1848-04-01,"GMY","DEN",1849-07-10,"Compromise","Begin Interstate War",5,"1,000+"
1848-04-04,"AUH","ITA",1849-03-23,"Ongoing","Begin Interstate War",5,"None"
1848-04-04,"AUH","ITA",1849-03-23,"Win A","Begin Interstate War",5,"1,000+"
1849-05-01,"VEN","NTH",1849-07-31,"Statlemate","Seizure",4,"None"
1849-08-01,"UKG","BRA",1852-06-30,"Ongoing","Raid",4,"None"
1849-08-01,"UKG","BRA",1852-06-30,"Ongoing","Raid",4,"None"
1849-08-01,"UKG","BRA",1852-06-30,"Ongoing","Raid",4,"None"
1849-08-01,"UKG","BRA",1852-06-30,"Win A","Raid",4,"None"
1849-10-06,"UKG","RUS",1849-11-13,"Statlemate","Show of Ships",3,"None"
1849-10-06,"FRN","RUS",1849-11-13,"Statlemate","Show of Ships",3,"None"
1849-11-01,"TUR","RUS",1849-11-13,"Statlemate","Threat to use force",2,"None"
1850-01-17,"UKG","GRC",1850-04-27,"Yield B","Blockade",4,"None"
1850-06-01,"SPN","USA",1850-12-31,"Statlemate","Seizure",4,"None"
1850-09-01,"BRA","PAR",1850-10-14,"Win B","Raid",4,"None"
1850-09-26,"GMY","AUH",1850-11-29,"Compromise","Clash",4,"None"
1850-10-28,"GMY","RUS",1850-11-29,"Compromise","Show of troops",3,"None"
1850-11-01,"USA","MEX",1851-01-25,"Ongoing","Threat to occupy terr.",2,"None"
1850-11-01,"USA","MEX",1851-01-25,"Yield B","Threat to occupy terr.",2,"None"
1850-11-08,"GMY","FRN",1850-11-29,"Compromise","Show of troops",3,"None"
1850-12-01,"ARG","PAR",1851-01-31,"Ongoing","Occupation of territory",4,"None"
1850-12-01,"ARG","PAR",1851-01-31,"Yield B","Occupation of territory",4,"None"
1851-04-01,"BRA","ARG",1852-02-03,"Ongoing","Begin Interstate War",5,"None"
1851-04-01,"BRA","ARG",1852-02-03,"Win A","Begin Interstate War",5,"1,000+"
1852-03-01,"COL","PER",1852-07-18,"Statlemate","Alert",3,"None"
1852-04-01,"FRN","TUR",1852-06-30,"Yield B","Show of Ships",3,"None"
1852-05-01,"USA","PER",1852-06-30,"Yield A","Show of Ships",3,"None"
1852-06-02,"CHL","PER",1852-06-02,"Statlemate","Threat to use force",2,"None"
1852-08-01,"COL","PER",1852-11-30,"Compromise","Threat to use force",2,"None"
1852-10-01,"VEN","CHL",1852-11-30,"Compromise","Show of Ships",3,"None"
1853-01-01,"AUH","TUR",1853-02-25,"Yield B","Show of troops",3,"None"
1853-01-03,"AUH","ITA",1853-03-12,"Statlemate","Raid",4,"None"
1853-02-01,"RUS","TUR",1853-02-25,"Yield B","Show of troops",3,"None"
1853-05-31,"RUS","TUR",1856-03-30,"Ongoing","Begin Interstate War",5,"None"
1853-05-31,"RUS","TUR",1856-03-30,"Ongoing","Begin Interstate War",5,"None"
1853-05-31,"RUS","TUR",1856-03-30,"Ongoing","Begin Interstate War",5,"None"
1853-05-31,"RUS","TUR",1856-03-30,"Win B","Begin Interstate War",5,"1,000+"
1853-06-13,"RUS","UKG",1856-03-30,"Ongoing","Show of Ships",3,"None"
1853-06-13,"RUS","UKG",1856-03-30,"Ongoing","Begin Interstate War",5,"None"
1853-06-13,"RUS","UKG",1856-03-30,"Ongoing","Begin Interstate War",5,"None"
1853-06-13,"RUS","UKG",1856-03-30,"Win B","Begin Interstate War",5,"1,000+"
1853-06-13,"RUS","FRN",1856-03-30,"Ongoing","Show of Ships",3,"None"
1853-06-13,"RUS","FRN",1856-03-30,"Ongoing","Begin Interstate War",5,"None"
1853-06-13,"RUS","FRN",1856-03-30,"Ongoing","Begin Interstate War",5,"None"
1853-06-13,"RUS","FRN",1856-03-30,"Win B","Begin Interstate War",5,"1,000+"
1853-07-02,"USA","AUH",1853-07-02,"Statlemate","Show of Ships",3,"None"
1854-01-01,"GRC","UKG",1854-12-01,"Yield B","Clash",4,"None"
1854-01-01,"GRC","TUR",1854-12-01,"Yield A","Clash",4,"None"
1854-02-28,"SPN","USA",1854-04-08,"Released","Seizure",4,"None"
1854-04-20,"RUS","AUH",1856-03-30,"Ongoing","Show of troops",3,"None"
1854-04-20,"RUS","AUH",1856-03-30,"Ongoing","Show of troops",3,"None"
1854-04-20,"RUS","AUH",1856-03-30,"Win B","Show of troops",3,"1,000+"
1854-04-20,"AUH","RUS",1854-11-22,"Statlemate","Show of troops",3,"None"
1854-05-31,"GRC","FRN",1854-12-01,"Yield B","Clash",4,"None"
1854-07-09,"USA","UKG",1854-10-30,"Statlemate","Raid",4,"None"
1854-12-12,"VEN","NTH",1855-06-13,"Ongoing","Occupation of territory",4,"None"
1854-12-12,"VEN","NTH",1855-06-13,"Win A","Occupation of territory",4,"None"
1855-01-01,"BRA","PAR",1855-03-21,"Compromise","Raid",4,"None"
1855-01-10,"RUS","ITA",1856-03-30,"Ongoing","Begin Interstate War",5,"None"
1855-01-10,"RUS","ITA",1856-03-30,"Win B","Begin Interstate War",5,"1,000+"
1855-03-07,"SPN","USA",1855-03-09,"Statlemate","Raid",4,"None"
1855-10-01,"USA","MEX",1855-10-31,"Statlemate","Raid",4,"None"
1856-03-01,"NTH","VEN",1856-03-31,"Compromise","Show of Ships",3,"None"
1856-05-10,"UKG","USA",1856-05-31,"Statlemate","Raid",4,"None"
1856-06-25,"USA","COL",1856-10-11,"Yield B","Show of Ships",3,"None"
1856-07-01,"UKG","IRN",1857-04-05,"Ongoing","Begin Interstate War",5,"None"
1856-07-01,"UKG","IRN",1857-04-05,"Win A","Begin Interstate War",5,"1,000+"
1856-08-10,"PAR","BRA",1858-02-12,"Ongoing","Blockade",4,"None"
1856-08-10,"PAR","BRA",1858-02-12,"Ongoing","Blockade",4,"None"
1856-08-10,"PAR","BRA",1858-02-12,"Yield B","Blockade",4,"None"
1856-10-01,"UKG","COL",1857-01-31,"Ongoing","Show of Ships",3,"None"
1856-10-01,"UKG","COL",1857-01-31,"Yield B","Show of Ships",3,"None"
1857-08-20,"CHL","BOL",1858-02-20,"Ongoing","Occupation of territory",4,"None"
1857-08-20,"CHL","BOL",1858-02-20,"Win A","Occupation of territory",4,"None"
1857-11-01,"ECU","COL",1857-11-30,"Compromise","Raid",4,"None"
1857-11-29,"POR","FRN",1858-05-29,"Ongoing","Seizure",4,"None"
1857-11-29,"POR","FRN",1858-05-29,"Released","Seizure",4,"None"
1858-01-01,"UKG","USA",1858-06-08,"Yield B","Raid",4,"None"
1858-01-24,"PER","USA",1858-05-31,"Yield B","Seizure",4,"None"
1858-05-01,"PER","ECU",1860-01-25,"Ongoing","Clash",4,"None"
1858-05-01,"PER","ECU",1860-01-25,"Ongoing","Clash",4,"None"
1858-05-01,"PER","ECU",1860-01-25,"Win A","Clash",4,"26-100"
1858-05-01,"UKG","VEN",1858-08-27,"Compromise","Blockade",4,"None"
1858-05-01,"FRN","VEN",1858-08-27,"Compromise","Blockade",4,"None"
1859-01-29,"AUH","ITA",1859-07-12,"Win B","Begin Interstate War",5,"1,000+"
1859-04-01,"PER","SPN",1859-06-30,"Released","Seizure",4,"None"
1859-04-22,"AUH","FRN",1859-07-12,"Win B","Begin Interstate War",5,"1,000+"
1859-05-01,"VEN","UKG",1859-05-31,"Statlemate","Seizure",4,"None"
1859-06-24,"GMY","FRN",1859-07-12,"Yield A","Mobilization",3,"None"
1859-06-24,"GMY","ITA",1859-07-12,"Yield A","Mobilization",3,"None"
1859-10-16,"SPN","MOR",1860-03-25,"Ongoing","Begin Interstate War",5,"None"
1859-10-16,"SPN","MOR",1860-03-25,"Win A","Begin Interstate War",5,"1,000+"
1859-11-21,"USA","MEX",1860-01-04,"Ongoing","Border violation",3,"None"
1859-11-21,"USA","MEX",1860-01-04,"Statlemate","Border violation",3,"None"
1859-11-29,"UKG","PAR",1859-11-30,"Released","Seizure",4,"None"
1860-03-02,"USA","MEX",1860-03-20,"Statlemate","Clash",4,"None"
1860-08-16,"CHL","PER",1860-08-16,"Statlemate","Threat to use force",2,"None"
1860-09-10,"ITA","FRN",1860-09-29,"Win A","Show of Ships",3,"None"
1860-09-17,"FRN","ITA",1861-01-19,"Ongoing","Show of troops",3,"None"
1860-09-17,"FRN","ITA",1861-01-19,"Unclear","Show of troops",3,"None"
1860-11-13,"ITA","FRN",1861-01-19,"Ongoing","Show of Ships",3,"None"
1860-11-13,"ITA","FRN",1861-01-19,"Win A","Show of Ships",3,"None"
1860-12-20,"USA","UKG",1860-12-20,"Statlemate","Threat to use force",2,"None"
1860-12-20,"USA","FRN",1860-12-20,"Statlemate","Threat to use force",2,"None"
1860-12-20,"USA","SPN",1860-12-20,"Statlemate","Threat to use force",2,"None"
1861-03-13,"RUS","JPN",1861-09-21,"Yield A","Occupation of territory",4,"26-100"
1861-05-01,"BOL","CHL",1861-06-30,"Win A","Seizure",4,"None"
1861-08-27,"RUS","UKG",1861-09-21,"Yield B","Occupation of territory",4,"26-100"
1861-10-31,"UKG","MEX",1862-04-08,"Ongoing","Clash",4,"None"
1861-10-31,"UKG","MEX",1862-04-08,"Win B","Clash",4,"1,000+"
1861-10-31,"FRN","MEX",1867-02-05,"Ongoing","Occupation of territory",4,"None"
1861-10-31,"FRN","MEX",1867-02-05,"Ongoing","Begin Interstate War",5,"None"
1861-10-31,"FRN","MEX",1867-02-05,"Ongoing","Begin Interstate War",5,"None"
1861-10-31,"FRN","MEX",1867-02-05,"Ongoing","Begin Interstate War",5,"None"
1861-10-31,"FRN","MEX",1867-02-05,"Ongoing","Begin Interstate War",5,"None"
1861-10-31,"FRN","MEX",1867-02-05,"Ongoing","Begin Interstate War",5,"None"
1861-10-31,"FRN","MEX",1867-02-05,"Win B","Begin Interstate War",5,"1,000+"
1861-10-31,"SPN","MEX",1862-04-08,"Ongoing","Clash",4,"None"
1861-10-31,"SPN","MEX",1862-04-08,"Win B","Clash",4,"1,000+"
1861-11-07,"USA","UKG",1861-12-26,"Released","Seizure",4,"None"
1862-04-01,"BRA","PAR",1862-05-31,"Statlemate","Fortify border",3,"None"
1862-06-01,"BRA","UKG",1863-01-05,"Ongoing","Seizure",4,"None"
1862-06-01,"BRA","UKG",1863-01-05,"Released","Seizure",4,"None"
1862-06-01,"RUS","CHN",1864-10-31,"Ongoing","Clash",4,"None"
1862-06-01,"RUS","CHN",1864-10-31,"Ongoing","Clash",4,"None"
1862-06-01,"RUS","CHN",1864-10-31,"Yield B","Clash",4,"None"
1862-06-19,"COL","ECU",1862-07-31,"Statlemate","Clash",4,"26-100"
1862-08-10,"SPN","PER",1863-02-10,"Ongoing","Show of Ships",3,"None"
1862-08-10,"SPN","PER",1863-02-10,"Statlemate","Show of Ships",3,"None"
1862-08-10,"SPN","CHL",1863-02-10,"Ongoing","Show of Ships",3,"None"
1862-08-10,"SPN","CHL",1863-02-10,"Statlemate","Show of Ships",3,"None"
1863-02-01,"CHL","BOL",1863-12-31,"Statlemate","Seizure",4,"None"
1863-04-06,"UKG","JPN",1863-08-17,"Win A","Seizure",4,"None"
1863-04-17,"GMY","DEN",1864-07-20,"Ongoing","Threat to declare war",2,"None"
1863-04-17,"GMY","DEN",1864-07-20,"Win A","Begin Interstate War",5,"1,000+"
1863-07-20,"USA","JPN",1863-07-20,"Win A","Threat to use force",2,"None"
1863-07-20,"FRN","JPN",1863-07-20,"Win A","Threat to use force",2,"None"
1863-08-01,"COL","ECU",1863-12-06,"Win A","Begin Interstate War",5,"1,000+"
1863-08-01,"PAR","BRA",1870-03-01,"Ongoing","Mobilization",3,"None"
1863-08-01,"PAR","BRA",1870-03-01,"Ongoing","Begin Interstate War",5,"None"
1863-08-01,"PAR","BRA",1870-03-01,"Ongoing","Begin Interstate War",5,"None"
1863-08-01,"PAR","BRA",1870-03-01,"Ongoing","Begin Interstate War",5,"None"
1863-08-01,"PAR","BRA",1870-03-01,"Ongoing","Begin Interstate War",5,"None"
1863-08-01,"PAR","BRA",1870-03-01,"Ongoing","Begin Interstate War",5,"None"
1863-08-01,"PAR","BRA",1870-03-01,"Ongoing","Begin Interstate War",5,"None"
1863-08-01,"PAR","BRA",1870-03-01,"Win B","Begin Interstate War",5,"1,000+"
1863-10-01,"AUH","DEN",1864-07-20,"Ongoing","Threat to declare war",2,"None"
1863-10-01,"AUH","DEN",1864-07-20,"Win A","Begin Interstate War",5,"1,000+"
1864-04-14,"SPN","PER",1865-02-05,"Ongoing","Occupation of territory",4,"None"
1864-04-14,"SPN","PER",1865-02-05,"Compromise","Occupation of territory",4,"None"
1864-04-25,"SPN","CHL",1864-09-27,"Compromise","Occupation of territory",4,"None"
1864-12-06,"USA","SPN",1864-12-06,"Statlemate","Threat to use force",2,"None"
1865-02-01,"SPN","CHL",1866-05-09,"Ongoing","Begin Interstate War",5,"None"
1865-02-01,"SPN","CHL",1866-05-09,"Win B","Begin Interstate War",5,"1,000+"
1865-04-01,"PAR","ARG",1870-03-01,"Ongoing","Begin Interstate War",5,"None"
1865-04-01,"PAR","ARG",1870-03-01,"Ongoing","Begin Interstate War",5,"None"
1865-04-01,"PAR","ARG",1870-03-01,"Ongoing","Begin Interstate War",5,"None"
1865-04-01,"PAR","ARG",1870-03-01,"Ongoing","Begin Interstate War",5,"None"
1865-04-01,"PAR","ARG",1870-03-01,"Ongoing","Begin Interstate War",5,"None"
1865-04-01,"PAR","ARG",1870-03-01,"Win B","Begin Interstate War",5,"1,000+"
1865-04-03,"AUH","GMY",1866-07-26,"Ongoing","Mobilization",3,"None"
1865-04-03,"AUH","GMY",1866-07-26,"Win B","Begin Interstate War",5,"1,000+"
1865-08-01,"USA","FRN",1866-02-12,"Ongoing","Show of troops",3,"None"
1865-08-01,"USA","FRN",1866-02-12,"Yield B","Show of troops",3,"None"
1865-11-01,"SPN","PER",1866-05-09,"Ongoing","Mobilization",3,"None"
1865-11-01,"SPN","PER",1866-05-09,"Statlemate","Begin Interstate War",5,"1,000+"
1865-11-04,"UKG","JPN",1865-11-24,"Yield B","Show of Ships",3,"None"
1865-11-04,"NTH","JPN",1865-11-24,"Yield B","Show of Ships",3,"None"
1865-11-04,"FRN","JPN",1865-11-24,"Yield B","Show of Ships",3,"None"
1866-02-27,"SPN","ECU",1866-02-27,"Statlemate","Declaration of War",4,"1,000+"
1866-03-25,"AUH","ITA",1866-07-26,"Win B","Begin Interstate War",5,"1,000+"
1866-03-27,"USA","SPN",1866-03-31,"Statlemate","Show of Ships",3,"None"
1866-04-11,"SPN","BOL",1866-04-11,"Statlemate","Declaration of War",4,"1,000+"
1866-07-01,"BOL","ARG",1866-07-31,"Statlemate","Show of troops",3,"None"
1866-08-05,"GMY","FRN",1866-08-07,"Statlemate","Threat to use force",2,"None"
1866-10-01,"GRC","TUR",1866-10-31,"Statlemate","Show of troops",3,"None"
1866-11-03,"USA","BRA",1866-11-03,"Yield B","Show of Ships",3,"None"
1868-11-19,"GRC","TUR",1869-02-06,"Ongoing","Clash",4,"None"
1868-11-19,"GRC","TUR",1869-02-06,"Statlemate","Clash",4,"None"
1869-02-01,"VEN","NTH",1869-02-28,"Statlemate","Seizure",4,"None"
1869-11-01,"USA","HAI",1869-11-30,"Statlemate","Show of Ships",3,"None"
1870-06-17,"USA","MEX",1870-06-18,"Yield B","Raid",4,"None"
1870-07-06,"FRN","GMY",1871-02-25,"Ongoing","Begin Interstate War",5,"None"
1870-07-06,"FRN","GMY",1871-02-25,"Win B","Begin Interstate War",5,"1,000+"
1870-07-25,"FRN","CHN",1870-10-05,"Yield B","Mobilization",3,"None"
1870-08-01,"RUS","CHN",1871-07-31,"Ongoing","Clash",4,"None"
1870-08-01,"RUS","CHN",1871-07-31,"Win A","Clash",4,"None"
1870-08-22,"USA","CHN",1870-10-05,"Yield B","Mobilization",3,"None"
1870-08-22,"ITA","CHN",1870-10-05,"Yield B","Mobilization",3,"None"
1871-05-07,"GMY","FRN",1871-05-07,"Yield B","Threat to use force",2,"None"
1871-06-24,"FRN","GMY",1871-06-29,"Statlemate","Show of troops",3,"None"
1871-07-01,"RUS","CHN",1872-01-31,"Ongoing","Occupation of territory",4,"None"
1871-07-01,"RUS","CHN",1872-01-31,"Win A","Occupation of territory",4,"None"
1871-07-12,"RUS","JPN",1872-01-12,"Ongoing","Occupation of territory",4,"None"
1871-07-12,"RUS","JPN",1872-01-12,"Compromise","Occupation of territory",4,"None"
1872-03-22,"BRA","ARG",1872-05-31,"Compromise","Mobilization",3,"None"
1872-06-11,"GMY","HAI",1872-06-12,"Win A","Seizure",4,"None"
1872-08-01,"PER","CHL",1872-11-19,"Statlemate","Show of Ships",3,"None"
1873-03-15,"CHL","ARG",1873-05-22,"Statlemate","Clash",4,"None"
1873-05-06,"USA","MEX",1873-06-16,"Statlemate","Border violation",3,"None"
1873-06-01,"JPN","CHN",1873-06-30,"Statlemate","Threat to use force",2,"None"
1873-10-31,"SPN","USA",1873-11-10,"Yield B","Seizure",4,"None"
1873-11-01,"SPN","UKG",1873-11-10,"Yield B","Seizure",4,"None"
1874-03-24,"ARG","BRA",1874-03-24,"Statlemate","Show of troops",3,"None"
1874-04-17,"JPN","CHN",1874-12-03,"Yield B","Raid",4,"None"
1875-03-01,"JPN","CHN",1875-12-12,"Yield B","Occupation of territory",4,"None"
1875-03-01,"BOL","PER",1875-10-31,"Statlemate","Occupation of territory",4,"None"
1875-04-20,"USA","MEX",1875-07-12,"Statlemate","Border violation",3,"None"
1875-06-19,"ARG","BRA",1875-12-30,"Compromise","Show of troops",3,"None"
1876-02-01,"GUA","SAL",1876-04-25,"Win A","Begin Interstate War",5,"1,000+"
1876-03-01,"ITA","SAL",1876-03-16,"Yield B","Show of Ships",3,"None"
1876-04-27,"CHL","ARG",1876-08-02,"Statlemate","Seizure",4,"None"
1876-05-01,"UKG","RUS",1876-05-31,"Statlemate","Show of Ships",3,"None"
1876-05-06,"UKG","TUR",1876-05-30,"Yield B","Show of Ships",3,"None"
1876-05-13,"GMY","TUR",1876-05-13,"Statlemate","Threat to use force",2,"None"
1876-05-13,"AUH","TUR",1876-05-13,"Statlemate","Threat to use force",2,"None"
1876-05-13,"RUS","TUR",1876-05-13,"Statlemate","Threat to use force",2,"None"
1876-05-16,"USA","MEX",1878-08-20,"Ongoing","Raid",4,"None"
1876-05-16,"USA","MEX",1878-08-20,"Ongoing","Raid",4,"None"
1876-05-16,"USA","MEX",1878-08-20,"Statlemate","Raid",4,"None"
1876-10-31,"RUS","TUR",1878-01-31,"Ongoing","Mobilization",3,"None"
1876-10-31,"RUS","TUR",1878-01-31,"Ongoing","Begin Interstate War",5,"None"
1876-10-31,"RUS","TUR",1878-01-31,"Win A","Begin Interstate War",5,"1,000+"
1877-02-01,"GRC","TUR",1877-05-31,"Statlemate","Show of troops",3,"None"
1877-05-06,"UKG","RUS",1878-06-13,"Ongoing","Show of Ships",3,"None"
1877-05-06,"UKG","RUS",1878-06-13,"Yield B","Show of Ships",3,"None"
1877-07-13,"AUH","ITA",1877-11-30,"Statlemate","Fortify border",3,"None"
1878-01-07,"GRC","TUR",1878-02-26,"Statlemate","Declaration of War",4,"None"
1878-08-01,"TUR","GRC",1878-08-31,"Statlemate","Mobilization",3,"None"
1878-10-15,"CHL","ARG",1878-11-26,"Statlemate","Seizure",4,"None"
1878-11-08,"CHL","BOL",1880-06-22,"Ongoing","Seizure",4,"None"
1878-11-08,"CHL","BOL",1880-06-22,"Ongoing","Begin Interstate War",5,"None"
1878-11-08,"CHL","BOL",1880-06-22,"Win A","Begin Interstate War",5,"1,000+"
1879-02-15,"CHL","PER",1883-10-20,"Ongoing","Begin Interstate War",5,"None"
1879-02-15,"CHL","PER",1883-10-20,"Ongoing","Begin Interstate War",5,"None"
1879-02-15,"CHL","PER",1883-10-20,"Ongoing","Begin Interstate War",5,"None"
1879-02-15,"CHL","PER",1883-10-20,"Ongoing","Begin Interstate War",5,"None"
1879-02-15,"CHL","PER",1883-10-20,"Win A","Begin Interstate War",5,"1,000+"
1879-03-25,"JPN","CHN",1879-09-20,"Win A","Occupation of territory",4,"None"
1879-05-01,"ARG","CHL",1879-06-16,"Compromise","Occupation of territory",4,"None"
1880-02-01,"USA","MEX",1880-02-28,"Compromise","Show of Ships",3,"None"
1880-03-01,"RUS","CHN",1880-07-31,"Compromise","Show of troops",3,"None"
1880-05-01,"ARG","UKG",1880-12-31,"Unclear","Seizure",4,"None"
1880-06-07,"UKG","TUR",1881-02-25,"Ongoing","Show of Ships",3,"None"
1880-06-07,"UKG","TUR",1881-02-25,"Yield B","Show of Ships",3,"None"
1880-06-16,"GRC","TUR",1881-02-25,"Ongoing","Mobilization",3,"None"
1880-06-16,"GRC","TUR",1881-02-25,"Yield B","Mobilization",3,"None"
1880-07-01,"FRN","TUR",1880-11-25,"Yield B","Show of Ships",3,"None"
1880-09-14,"GMY","TUR",1880-11-25,"Yield B","Show of Ships",3,"None"
1880-09-14,"AUH","TUR",1880-11-25,"Yield B","Show of Ships",3,"None"
1880-09-14,"ITA","TUR",1880-11-25,"Yield B","Show of Ships",3,"None"
1880-09-14,"RUS","TUR",1880-11-25,"Yield B","Show of Ships",3,"None"
1881-01-01,"UKG","USA",1881-01-31,"Yield B","Show of Ships",3,"None"
1881-01-01,"UKG","VEN",1881-07-31,"Yield B","Show of Ships",3,"None"
1881-03-01,"TUR","FRN",1881-08-31,"Yield B","Show of troops",3,"None"
1881-07-12,"CHN","FRN",1881-08-31,"Statlemate","Show of troops",3,"None"
1882-02-27,"USA","HAI",1882-02-27,"Compromise","Threat to use force",2,"None"
1882-03-01,"TUR","GRC",1882-04-30,"Statlemate","Clash",4,"None"
1882-04-25,"FRN","CHN",1882-06-17,"Statlemate","Show of troops",3,"None"
1882-07-03,"UKG","EGY",1882-09-15,"Win A","Begin Interstate War",5,"1,000+"
1882-07-03,"FRN","EGY",1882-07-10,"Win A","Alert",3,"None"
1882-07-31,"JPN","CHN",1882-08-28,"Statlemate","Show of troops",3,"None"
1883-01-22,"USA","CHL",1883-03-15,"Statlemate","Threat to use force",2,"None"
1883-01-22,"UKG","CHL",1883-01-22,"Statlemate","Threat to use force",2,"None"
1883-01-22,"FRN","CHL",1883-01-22,"Statlemate","Threat to use force",2,"None"
1883-01-22,"ITA","CHL",1883-01-22,"Statlemate","Threat to use force",2,"None"
1883-04-14,"CHN","FRN",1885-06-09,"Ongoing","Clash",4,"None"
1883-04-14,"CHN","FRN",1885-06-09,"Ongoing","Begin Interstate War",5,"None"
1883-04-14,"CHN","FRN",1885-06-09,"Win A","Begin Interstate War",5,"1,000+"
1883-07-01,"AUH","ROM",1883-07-01,"Yield B","Threat to use force",2,"None"
1883-07-01,"HAI","UKG",1884-05-28,"Ongoing","Raid",4,"None"
1883-07-01,"HAI","UKG",1884-05-28,"Statlemate","Raid",4,"None"
1884-03-01,"CHL","PER",1884-03-04,"Yield B","Alert",3,"None"
1884-03-01,"CHL","BOL",1884-04-04,"Yield B","Blockade",4,"None"
1884-12-04,"JPN","CHN",1885-04-18,"Ongoing","Clash",4,"None"
1884-12-04,"JPN","CHN",1885-04-18,"Statlemate","Clash",4,"26-100"
1885-02-28,"GUA","SAL",1885-04-15,"Win B","Begin Interstate War",5,"1,000+"
1885-03-01,"GUA","MEX",1885-03-31,"Win A","Mobilization",3,"None"
1885-03-10,"GUA","USA",1885-03-31,"Win A","Show of Ships",3,"None"
1885-03-12,"UKG","RUS",1885-05-22,"Compromise","Mobilization",3,"None"
1885-05-25,"GRC","TUR",1886-06-07,"Ongoing","Clash",4,"None"
1885-05-25,"GRC","TUR",1886-06-07,"Yield A","Clash",4,"None"
1885-07-01,"ITA","COL",1886-05-24,"Ongoing","Seizure",4,"None"
1885-07-01,"ITA","COL",1886-05-24,"Released","Seizure",4,"None"
1885-10-01,"USA","JPN",1885-11-30,"Statlemate","Show of Ships",3,"None"
1885-10-01,"UKG","JPN",1885-11-30,"Statlemate","Show of Ships",3,"None"
1885-10-01,"CHN","JPN",1885-11-30,"Statlemate","Show of Ships",3,"None"
1885-11-01,"GMY","FRN",1885-11-30,"Statlemate","Threat to use force",2,"None"
1886-04-26,"UKG","GRC",1886-06-07,"Yield B","Blockade",4,"None"
1886-04-26,"GMY","GRC",1886-06-07,"Yield B","Blockade",4,"None"
1886-04-26,"AUH","GRC",1886-06-07,"Yield B","Blockade",4,"None"
1886-04-26,"ITA","GRC",1886-06-07,"Yield B","Blockade",4,"None"
1886-04-26,"RUS","GRC",1886-06-07,"Yield B","Blockade",4,"None"
1886-06-30,"MEX","USA",1886-08-24,"Released","Seizure",4,"None"
1886-08-10,"PAR","BOL",1886-08-10,"Yield B","Fortify border",3,"None"
1886-10-01,"UKG","VEN",1887-04-30,"Ongoing","Occupation of territory",4,"None"
1886-10-01,"UKG","VEN",1887-04-30,"Win A","Occupation of territory",4,"None"
1887-03-26,"UKG","HAI",1887-04-30,"Yield B","Show of Ships",3,"None"
1887-04-20,"GMY","FRN",1887-04-28,"Released","Seizure",4,"None"
1887-05-22,"RUS","TUR",1887-05-22,"Statlemate","Threat to occupy terr.",2,"None"
1887-12-23,"PAR","BOL",1888-02-13,"Ongoing","Seizure",4,"None"
1887-12-23,"PAR","BOL",1888-02-13,"Yield B","Seizure",4,"None"
1888-02-01,"FRN","UKG",1888-03-31,"Statlemate","Show of Ships",3,"None"
1888-02-01,"FRN","ITA",1888-03-31,"Statlemate","Show of Ships",3,"None"
1888-03-01,"FRN","AUH",1888-03-31,"Statlemate","Show of Ships",3,"None"
1888-07-01,"GRC","TUR",1888-07-31,"Statlemate","Fortify border",3,"None"
1888-10-16,"HAI","USA",1888-12-20,"Released","Seizure",4,"None"
1888-12-18,"GMY","USA",1889-03-16,"Ongoing","Clash",4,"None"
1888-12-18,"GMY","USA",1889-03-16,"Statlemate","Clash",4,"None"
1888-12-18,"GMY","UKG",1889-03-16,"Ongoing","Clash",4,"None"
1888-12-18,"GMY","UKG",1889-03-16,"Statlemate","Clash",4,"None"
1889-09-20,"USA","HAI",1889-09-30,"Statlemate","Show of Ships",3,"None"
1889-12-29,"UKG","POR",1890-01-10,"Ongoing","Show of Ships",3,"None"
1889-12-29,"UKG","POR",1890-01-10,"Compromise","Show of Ships",3,"None"
1890-06-23,"GUA","SAL",1890-08-25,"Statlemate","Clash",4,"26-100"
1890-07-27,"SPN","GUA",1890-08-25,"Statlemate","Show of Ships",3,"None"
1890-10-14,"ITA","UKG",1891-03-24,"Ongoing","Show of troops",3,"None"
1890-10-14,"ITA","UKG",1891-03-24,"Compromise","Show of troops",3,"None"
1891-02-02,"UKG","CHL",1891-06-24,"Statlemate","Show of Ships",3,"None"
1891-02-02,"FRN","CHL",1891-06-24,"Statlemate","Show of Ships",3,"None"
1891-02-21,"USA","HAI",1891-04-22,"Yield A","Show of Ships",3,"None"
1891-07-01,"RUS","CHN",1892-10-31,"Ongoing","Occupation of territory",4,"None"
1891-07-01,"RUS","CHN",1892-10-31,"Yield B","Occupation of territory",4,"None"
1891-08-01,"PER","ECU",1891-08-31,"Statlemate","Border violation",3,"None"
1891-12-01,"USA","CHL",1892-01-25,"Ongoing","Threat to use force",2,"None"
1891-12-01,"USA","CHL",1892-01-25,"Yield B","Threat to use force",2,"None"
1893-02-04,"FRN","THI",1893-10-03,"Win A","Clash",4,"1,000+"
1893-07-01,"FRN","UKG",1893-08-03,"Win A","Show of Ships",3,"None"
1893-09-01,"MEX","USA",1893-09-30,"Statlemate","Clash",4,"None"
1893-09-01,"PER","ECU",1894-01-23,"Ongoing","Seizure",4,"None"
1893-09-01,"PER","ECU",1894-01-23,"Released","Seizure",4,"None"
1893-10-02,"SPN","MOR",1894-01-31,"Ongoing","Raid",4,"None"
1893-10-02,"SPN","MOR",1894-01-31,"Yield B","Raid",4,"None"
1893-12-23,"FRN","UKG",1893-12-23,"Statlemate","Clash",4,"None"
1894-06-05,"JPN","CHN",1895-03-30,"Ongoing","Begin Interstate War",5,"None"
1894-06-05,"JPN","CHN",1895-03-30,"Win A","Begin Interstate War",5,"1,000+"
1895-01-01,"UKG","BRA",1895-07-31,"Yield B","Occupation of territory",4,"None"
1895-01-10,"FRN","DOM",1895-03-11,"Compromise","Show of Ships",3,"None"
1895-02-11,"FRN","USA",1895-03-11,"Compromise","Show of Ships",3,"None"
1895-03-08,"SPN","USA",1895-03-08,"Statlemate","Raid",4,"None"
1895-04-23,"FRN","JPN",1895-04-23,"Yield B","Threat to use force",2,"None"
1895-04-23,"GMY","JPN",1895-04-23,"Yield B","Threat to use force",2,"None"
1895-04-23,"RUS","JPN",1895-07-01,"Yield B","Show of Ships",3,"None"
1895-05-11,"FRN","BRA",1895-05-25,"Statlemate","Border violation",3,"None"
1895-10-15,"UKG","TUR",1895-12-31,"Yield B","Show of Ships",3,"None"
1896-04-03,"COL","USA",1896-04-21,"Released","Seizure",4,"None"
1896-05-18,"UKG","GRC",1896-07-06,"Statlemate","Show of Ships",3,"None"
1896-05-18,"FRN","GRC",1896-07-06,"Statlemate","Show of Ships",3,"None"
1896-05-18,"GMY","GRC",1896-07-06,"Statlemate","Show of Ships",3,"None"
1896-05-18,"AUH","GRC",1896-07-06,"Statlemate","Show of Ships",3,"None"
1896-05-18,"ITA","GRC",1896-07-06,"Statlemate","Show of Ships",3,"None"
1896-05-18,"RUS","GRC",1896-07-06,"Statlemate","Show of Ships",3,"None"
1896-06-01,"FRN","BRA",1896-12-31,"Compromise","Clash",4,"None"
1896-12-01,"FRN","UKG",1898-06-14,"Ongoing","Clash",4,"None"
1896-12-01,"FRN","UKG",1898-06-14,"Ongoing","Clash",4,"None"
1896-12-01,"FRN","UKG",1898-06-14,"Compromise","Clash",4,"None"
1896-12-01,"GRC","TUR",1897-05-19,"Ongoing","Occupation of territory",4,"None"
1896-12-01,"GRC","TUR",1897-05-19,"Win B","Begin Interstate War",5,"1,000+"
1896-12-06,"GMY","HAI",1896-12-06,"Released","Show of Ships",3,"None"
1897-02-15,"UKG","GRC",1897-08-15,"Yield B","Raid",4,"None"
1897-02-15,"UKG","TUR",1897-08-15,"Yield B","Raid",4,"None"
1897-02-15,"FRN","GRC",1897-08-15,"Yield B","Raid",4,"None"
1897-02-15,"FRN","TUR",1897-08-15,"Yield B","Raid",4,"None"
1897-02-15,"GMY","GRC",1897-08-15,"Yield B","Raid",4,"None"
1897-02-15,"GMY","TUR",1897-08-15,"Yield B","Raid",4,"None"
1897-02-15,"AUH","GRC",1897-08-15,"Yield B","Raid",4,"None"
1897-02-15,"AUH","TUR",1897-08-15,"Yield B","Raid",4,"None"
1897-02-15,"ITA","GRC",1897-08-15,"Yield B","Raid",4,"None"
1897-02-15,"ITA","TUR",1897-08-15,"Yield B","Raid",4,"None"
1897-02-15,"RUS","GRC",1897-08-15,"Yield B","Raid",4,"None"
1897-02-15,"RUS","TUR",1897-08-15,"Yield B","Raid",4,"None"
1897-10-01,"CHL","ARG",1898-09-22,"Ongoing","Fortify border",3,"None"
1897-10-01,"CHL","ARG",1898-09-22,"Yield A","Fortify border",3,"None"
1897-10-11,"UKG","POR",1897-10-11,"Yield B","Threat to blockade",2,"None"
1897-11-14,"GMY","CHN",1898-03-06,"Ongoing","Clash",4,"None"
1897-11-14,"GMY","CHN",1898-03-06,"Win A","Clash",4,"None"
1897-12-25,"JPN","RUS",1898-02-05,"Ongoing","Show of Ships",3,"None"
1897-12-25,"JPN","RUS",1898-02-05,"Yield B","Show of Ships",3,"None"
1898-01-03,"USA","SPN",1898-08-12,"Win A","Begin Interstate War",5,"1,000+"
1898-03-24,"RUS","CHN",1898-03-24,"Statlemate","Threat to use force",2,"None"
1898-03-24,"FRN","CHN",1898-04-10,"Win A","Clash",4,"None"
1898-03-25,"UKG","CHN",1898-04-01,"Yield B","Show of Ships",3,"None"
1898-07-14,"ITA","COL",1898-08-14,"Yield B","Show of Ships",3,"None"
1898-09-06,"UKG","TUR",1898-10-05,"Yield B","Raid",4,"None"
1898-09-06,"FRN","TUR",1898-10-05,"Yield B","Threat to use force",2,"None"
1898-09-18,"UKG","FRN",1898-11-04,"Yield B","Show of troops",3,"None"
1898-10-05,"ITA","TUR",1898-10-05,"Yield B","Threat to use force",2,"None"
1898-10-05,"RUS","TUR",1898-10-05,"Yield B","Threat to use force",2,"None"
1899-02-24,"ITA","CHN",1899-04-30,"Statlemate","Show of Ships",3,"None"
1899-04-01,"PER","COL",1899-10-31,"Win A","Occupation of territory",4,"None"
1899-12-28,"UKG","GMY",1900-01-15,"Ongoing","Seizure",4,"None"
1899-12-28,"UKG","GMY",1900-01-15,"Released","Seizure",4,"None"
1900-01-01,"USA","DOM",1900-02-09,"Yield B","Show of Ships",3,"None"
1900-01-01,"FRN","DOM",1900-02-09,"Yield B","Threat to blockade",2,"None"
1900-03-16,"RUS","JPN",1900-04-30,"Yield B","Mobilization",3,"None"
1900-05-01,"ARG","CHL",1902-04-06,"Ongoing","Clash",4,"None"
1900-05-01,"ARG","CHL",1902-04-06,"Ongoing","Clash",4,"None"
1900-05-01,"ARG","CHL",1902-04-06,"Compromise","Clash",4,"None"
1900-05-30,"USA","CHN",1900-08-16,"Win A","Begin Interstate War",5,"1,000+"
1900-05-30,"UKG","CHN",1900-08-16,"Win A","Begin Interstate War",5,"1,000+"
1900-05-30,"FRN","CHN",1900-08-16,"Win A","Begin Interstate War",5,"1,000+"
1900-05-30,"GMY","CHN",1900-08-16,"Win A","Raid",4,"1,000+"
1900-05-30,"AUH","CHN",1900-08-16,"Win A","Raid",4,"1,000+"
1900-05-30,"ITA","CHN",1900-08-16,"Win A","Raid",4,"1,000+"
1900-05-30,"RUS","CHN",1900-08-16,"Win A","Begin Interstate War",5,"1,000+"
1900-05-30,"JPN","CHN",1900-08-16,"Win A","Begin Interstate War",5,"1,000+"
1900-07-30,"RUS","CHN",1900-10-10,"Yield B","Begin Interstate War",5,"1,000+"
1900-09-17,"COL","VEN",1901-11-16,"Ongoing","Clash",4,"None"
1900-09-17,"COL","VEN",1901-11-16,"Statlemate","Clash",4,"None"
1901-01-22,"VEN","UKG",1902-02-28,"Ongoing","Seizure",4,"None"
1901-01-22,"VEN","UKG",1902-02-28,"Statlemate","Seizure",4,"None"
1901-02-01,"HAI","DOM",1901-06-17,"Compromise","Alert",3,"None"
1901-12-01,"PER","ECU",1905-01-29,"Ongoing","Seizure",4,"None"
1901-12-01,"PER","ECU",1905-01-29,"Ongoing","Seizure",4,"None"
1901-12-01,"PER","ECU",1905-01-29,"Ongoing","Seizure",4,"None"
1901-12-01,"PER","ECU",1905-01-29,"Ongoing","Seizure",4,"None"
1901-12-01,"PER","ECU",1905-01-29,"Statlemate","Seizure",4,"26-100"
1902-06-04,"COL","VEN",1902-11-25,"Win B","Clash",4,"None"
1902-06-19,"BRA","BOL",1903-04-30,"Ongoing","Blockade",4,"None"
1902-06-19,"BRA","BOL",1903-04-30,"Win A","Blockade",4,"None"
1902-07-01,"USA","UKG",1903-01-24,"Ongoing","Show of troops",3,"None"
1902-07-01,"USA","UKG",1903-01-24,"Compromise","Show of troops",3,"None"
1902-07-23,"UKG","VEN",1903-02-19,"Ongoing","Raid",4,"None"
1902-07-23,"UKG","VEN",1903-02-19,"Compromise","Raid",4,"None"
1902-09-20,"RUS","TUR",1902-10-02,"Yield B","Show of Ships",3,"None"
1902-10-21,"PER","BRA",1904-07-12,"Ongoing","Clash",4,"None"
1902-10-21,"PER","BRA",1904-07-12,"Ongoing","Clash",4,"None"
1902-10-21,"PER","BRA",1904-07-12,"Compromise","Clash",4,"26-100"
1902-12-07,"GMY","VEN",1903-02-19,"Ongoing","Raid",4,"None"
1902-12-07,"GMY","VEN",1903-02-19,"Compromise","Raid",4,"None"
1902-12-08,"UKG","USA",1903-02-19,"Ongoing","Raid",4,"None"
1902-12-08,"UKG","USA",1903-02-19,"Compromise","Raid",4,"None"
1902-12-08,"GMY","USA",1903-02-19,"Ongoing","Raid",4,"None"
1902-12-08,"GMY","USA",1903-02-19,"Compromise","Raid",4,"None"
1902-12-16,"ITA","USA",1903-02-19,"Ongoing","Blockade",4,"None"
1902-12-16,"ITA","USA",1903-02-19,"Compromise","Blockade",4,"None"
1902-12-16,"ITA","VEN",1903-02-19,"Ongoing","Seizure",4,"None"
1902-12-16,"ITA","VEN",1903-02-19,"Compromise","Seizure",4,"None"
1903-02-04,"USA","BRA",1903-02-04,"Statlemate","Threat to use force",2,"None"
1903-04-18,"RUS","CHN",1904-04-28,"Ongoing","Occupation of territory",4,"None"
1903-04-18,"RUS","CHN",1904-04-28,"Statlemate","Occupation of territory",4,"None"
1903-06-29,"RUS","JPN",1905-09-15,"Ongoing","Show of troops",3,"None"
1903-06-29,"RUS","JPN",1905-09-15,"Ongoing","Begin Interstate War",5,"None"
1903-06-29,"RUS","JPN",1905-09-15,"Win B","Begin Interstate War",5,"1,000+"
1903-10-01,"USA","UKG",1903-10-20,"Yield B","Threat to use force",2,"None"
1903-11-02,"USA","COL",1904-01-25,"Ongoing","Blockade",4,"None"
1903-11-02,"USA","COL",1904-01-25,"Win A","Blockade",4,"None"
1904-05-31,"USA","MOR",1904-06-28,"Released","Show of Ships",3,"None"
1904-06-01,"FRN","MOR",1904-06-28,"Released","Show of Ships",3,"None"
1904-06-12,"UKG","MOR",1904-06-28,"Released","Show of Ships",3,"None"
1904-09-01,"AUH","ITA",1904-10-31,"Statlemate","Mobilization",3,"None"
1904-10-21,"RUS","UKG",1904-11-05,"Yield B","Raid",4,"None"
1905-01-01,"USA","DOM",1905-01-31,"Yield B","Show of Ships",3,"None"
1905-01-11,"UKG","TUR",1905-12-06,"Yield B","Occupation of territory",4,"None"
1905-01-11,"FRN","TUR",1905-12-06,"Yield B","Occupation of territory",4,"None"
1905-01-11,"AUH","TUR",1905-12-06,"Yield B","Occupation of territory",4,"None"
1905-01-11,"ITA","TUR",1905-12-06,"Yield B","Occupation of territory",4,"None"
1905-01-11,"RUS","TUR",1905-12-06,"Yield B","Occupation of territory",4,"None"
1905-03-01,"ARG","CHL",1905-03-31,"Statlemate","Show of Ships",3,"None"
1905-07-01,"USA","CHN",1906-03-06,"Ongoing","Show of Ships",3,"None"
1905-07-01,"USA","CHN",1906-03-06,"Statlemate","Show of Ships",3,"None"
1905-10-01,"FRN","VEN",1905-12-31,"Statlemate","Show of Ships",3,"None"
1906-01-01,"BOL","PAR",1906-01-30,"Compromise","Fortify border",3,"None"
1906-02-01,"TUR","UKG",1906-05-12,"Yield B","Occupation of territory",4,"None"
1906-05-28,"GUA","NIC",1906-06-30,"Win A","Show of Ships",3,"None"
1906-06-01,"BOL","PER",1906-12-31,"Statlemate","Occupation of territory",4,"None"
1906-07-09,"GUA","SAL",1906-07-20,"Win A","Begin Interstate War",5,"1,000+"
1906-07-13,"GUA","HON",1906-07-20,"Win A","Begin Interstate War",5,"1,000+"
1907-01-05,"HON","NIC",1907-11-13,"Win B","Begin Interstate War",5,"1,000+"
1907-03-12,"SAL","NIC",1907-11-13,"Win B","Begin Interstate War",5,"1,000+"
1907-03-25,"FRN","MOR",1908-03-23,"Ongoing","Clash",4,"None"
1907-03-25,"FRN","MOR",1908-03-23,"Win A","Clash",4,"None"
1907-06-30,"HON","GUA",1907-11-13,"Statlemate","Clash",4,"None"
1907-08-05,"TUR","IRN",1908-08-20,"Ongoing","Clash",4,"None"
1907-08-05,"TUR","IRN",1908-08-20,"Statlemate","Clash",4,"None"
1907-08-08,"SPN","MOR",1908-03-23,"Ongoing","Clash",4,"None"
1907-08-08,"SPN","MOR",1908-03-23,"Win A","Clash",4,"None"
1907-10-01,"PER","COL",1907-10-31,"Statlemate","Raid",4,"None"
1907-10-01,"JPN","CHN",1907-11-20,"Statlemate","Threat to use force",2,"None"
1908-04-02,"ITA","TUR",1908-04-20,"Yield B","Show of Ships",3,"None"
1908-04-16,"RUS","IRN",1908-06-17,"Statlemate","Raid",4,"None"
1908-08-01,"NTH","VEN",1908-12-23,"Yield B","Seizure",4,"None"
1908-10-05,"TUR","BUL",1909-04-19,"Ongoing","Raid",4,"None"
1908-10-05,"TUR","BUL",1909-04-19,"Yield B","Raid",4,"None"
1908-10-06,"YUG","AUH",1909-03-31,"Ongoing","Clash",4,"None"
1908-10-06,"YUG","AUH",1909-03-31,"Yield B","Clash",4,"None"
1909-01-03,"USA","NIC",1909-05-25,"Compromise","Raid",4,"None"
1909-03-12,"SAL","NIC",1909-05-25,"Compromise","Raid",4,"None"
1909-03-14,"MEX","NIC",1909-05-25,"Compromise","Raid",4,"None"
1909-03-15,"HON","NIC",1909-05-25,"Compromise","Raid",4,"None"
1909-04-22,"JPN","CHN",1909-09-04,"Yield B","Clash",4,"0-25"
1909-05-09,"SPN","MOR",1910-03-23,"Ongoing","Begin Interstate War",5,"None"
1909-05-09,"SPN","MOR",1910-03-23,"Win A","Begin Interstate War",5,"1,000+"
1909-07-07,"CHL","ARG",1909-07-07,"Statlemate","Show of Ships",3,"None"
1909-07-17,"RUS","IRN",1910-01-17,"Ongoing","Show of troops",3,"None"
1909-07-17,"RUS","IRN",1910-01-17,"Statlemate","Show of troops",3,"None"
1909-08-01,"TUR","GRC",1909-08-31,"Statlemate","Show of Ships",3,"None"
1909-10-01,"GMY","HAI",1910-04-30,"Ongoing","Show of Ships",3,"None"
1909-10-01,"GMY","HAI",1910-04-30,"Yield B","Show of Ships",3,"None"
1910-02-01,"PER","ECU",1910-12-31,"Yield B","Blockade",4,"None"
1910-03-15,"UKG","IRN",1910-10-14,"Yield B","Show of Ships",3,"None"
1910-05-01,"USA","NIC",1910-05-31,"Statlemate","Show of Ships",3,"None"
1910-11-01,"TUR","ITA",1910-12-28,"Released","Seizure",4,"None"
1910-11-19,"BOL","PER",1911-03-30,"Ongoing","Clash",4,"None"
1910-11-19,"BOL","PER",1911-03-30,"Compromise","Clash",4,"0-25"
1911-01-15,"USA","GUA",1911-01-15,"Statlemate","Show of Ships",3,"None"
1911-01-18,"COL","PER",1911-07-19,"Compromise","Clash",4,"0-25"
1911-01-25,"USA","MEX",1912-02-29,"Ongoing","Raid",4,"None"
1911-01-25,"USA","MEX",1912-02-29,"Statlemate","Raid",4,"None"
1911-01-27,"PER","ECU",1911-01-28,"Statlemate","Clash",4,"0-25"
1911-02-01,"PAR","ARG",1911-03-05,"Released","Seizure",4,"None"
1911-04-15,"FRN","MOR",1911-06-30,"Win A","Raid",4,"None"
1911-05-01,"PER","CHL",1911-10-20,"Statlemate","Show of troops",3,"None"
1911-05-23,"SPN","MOR",1911-12-30,"Win A","Raid",4,"None"
1911-07-01,"GMY","FRN",1911-10-11,"Compromise","Show of Ships",3,"None"
1911-07-16,"USA","HAI",1911-08-03,"Statlemate","Show of Ships",3,"None"
1911-07-16,"GMY","HAI",1911-08-03,"Statlemate","Show of Ships",3,"None"
1911-07-18,"GMY","NOR",1911-07-19,"Statlemate","Show of Ships",3,"None"
1911-07-21,"GMY","UKG",1911-07-21,"Compromise","Show of Ships",3,"None"
1911-09-05,"ITA","FRN",1911-09-05,"Statlemate","Show of Ships",3,"None"
1911-09-12,"ITA","TUR",1912-10-18,"Ongoing","Begin Interstate War",5,"None"
1911-09-12,"ITA","TUR",1912-10-18,"Win A","Begin Interstate War",5,"1,000+"
1911-10-02,"AUH","ITA",1911-10-15,"Compromise","Show of Ships",3,"None"
1911-11-02,"RUS","IRN",1912-09-29,"Ongoing","Clash",4,"None"
1911-11-02,"RUS","IRN",1912-09-29,"Win A","Clash",4,"None"
1911-12-24,"ITA","UKG",1911-12-24,"Released","Seizure",4,"None"
1912-01-01,"PAR","ARG",1912-02-18,"Yield A","Raid",4,"None"
1912-01-01,"PER","COL",1912-04-13,"Statlemate","Show of troops",3,"None"
1912-01-16,"ITA","FRN",1912-01-27,"Released","Seizure",4,"None"
1912-04-02,"HAI","DOM",1912-07-01,"Statlemate","Occupation of territory",4,"None"
1912-04-22,"PER","ECU",1913-03-31,"Ongoing","Occupation of territory",4,"None"
1912-04-22,"PER","ECU",1913-03-31,"Yield B","Occupation of territory",4,"None"
1912-06-01,"RUS","CHN",1912-08-26,"Statlemate","Raid",4,"None"
1912-08-01,"RUS","CHN",1913-11-05,"Ongoing","Raid",4,"None"
1912-08-01,"RUS","CHN",1913-11-05,"Yield A","Raid",4,"None"
1912-09-03,"BUL","TUR",1913-04-19,"Ongoing","Begin Interstate War",5,"None"
1912-09-03,"BUL","TUR",1913-04-19,"Win A","Begin Interstate War",5,"1,000+"
1912-09-30,"YUG","TUR",1913-04-19,"Ongoing","Begin Interstate War",5,"None"
1912-09-30,"YUG","TUR",1913-04-19,"Win A","Begin Interstate War",5,"1,000+"
1912-09-30,"GRC","TUR",1913-04-19,"Ongoing","Begin Interstate War",5,"None"
1912-09-30,"GRC","TUR",1913-04-19,"Win A","Begin Interstate War",5,"1,000+"
1912-11-02,"RUS","BUL",1913-03-31,"Ongoing","Show of Ships",3,"None"
1912-11-02,"RUS","BUL",1913-03-31,"Statlemate","Show of Ships",3,"None"
1912-11-21,"AUH","YUG",1912-12-03,"Statlemate","Mobilization",3,"None"
1912-11-21,"AUH","RUS",1912-12-03,"Statlemate","Mobilization",3,"None"
1913-03-31,"RUS","TUR",1913-03-31,"Statlemate","Show of Ships",3,"None"
1913-04-18,"BUL","YUG",1913-08-29,"Win B","Begin Interstate War",5,"1,000+"
1913-04-28,"BUL","GRC",1913-07-30,"Win B","Begin Interstate War",5,"1,000+"
1913-05-02,"AUH","YUG",1913-10-25,"Yield B","Alert",3,"None"
1913-05-10,"UKG","GUA",1913-05-14,"Win A","Show of Ships",3,"None"
1913-06-28,"BUL","ROM",1913-07-30,"Win B","Begin Interstate War",5,"1,000+"
1913-07-15,"MEX","USA",1914-11-23,"Ongoing","Clash",4,"None"
1913-07-15,"MEX","USA",1914-11-23,"Yield B","Clash",4,"2510-500"
1913-07-15,"BUL","TUR",1913-08-29,"Win A","Begin Interstate War",5,"1,000+"
1913-10-14,"GMY","MEX",1913-12-06,"Unclear","Show of Ships",3,"None"
1913-11-20,"UKG","MEX",1914-02-14,"Ongoing","Show of Ships",3,"None"
1913-11-20,"UKG","MEX",1914-02-14,"Unclear","Show of Ships",3,"None"
1913-11-29,"SPN","MEX",1913-12-26,"Unclear","Show of Ships",3,"None"
1913-12-24,"NIC","COL",1914-01-31,"Ongoing","Show of Ships",3,"None"
1913-12-24,"NIC","COL",1914-01-31,"Statlemate","Show of Ships",3,"None"
1914-03-01,"GMY","ARG",1915-02-28,"Ongoing","Raid",4,"None"
1914-03-01,"GMY","ARG",1915-02-28,"Statlemate","Raid",4,"None"
1914-03-25,"USA","DOM",1916-11-29,"Ongoing","Raid",4,"None"
1914-03-25,"USA","DOM",1916-11-29,"Ongoing","Raid",4,"None"
1914-03-25,"USA","DOM",1916-11-29,"Win A","Raid",4,"None"
1914-06-01,"RUS","CHN",1914-12-31,"Yield B","Occupation of territory",4,"None"
1914-07-01,"ROM","BUL",1914-07-31,"Yield B","Clash",4,"None"
1914-07-23,"AUH","YUG",1918-11-03,"Ongoing","Begin Interstate War",5,"None"
1914-07-23,"AUH","YUG",1918-11-03,"Ongoing","Begin Interstate War",5,"None"
1914-07-23,"AUH","YUG",1918-11-03,"Ongoing","Begin Interstate War",5,"None"
1914-07-23,"AUH","YUG",1918-11-03,"Ongoing","Begin Interstate War",5,"None"
1914-07-23,"AUH","YUG",1918-11-03,"Win B","Begin Interstate War",5,"1,000+"
1914-07-26,"AUH","RUS",1918-08-27,"Ongoing","Begin Interstate War",5,"None"
1914-07-26,"AUH","RUS",1918-08-27,"Ongoing","Begin Interstate War",5,"None"
1914-07-26,"AUH","RUS",1918-08-27,"Ongoing","Begin Interstate War",5,"None"
1914-07-26,"AUH","RUS",1918-08-27,"Ongoing","Begin Interstate War",5,"None"
1914-07-26,"AUH","RUS",1918-08-27,"Win A","Begin Interstate War",5,"1,000+"
1914-07-26,"GMY","UKG",1918-11-11,"Ongoing","Begin Interstate War",5,"None"
1914-07-26,"GMY","UKG",1918-11-11,"Ongoing","Begin Interstate War",5,"None"
1914-07-26,"GMY","UKG",1918-11-11,"Ongoing","Begin Interstate War",5,"None"
1914-07-26,"GMY","UKG",1918-11-11,"Ongoing","Begin Interstate War",5,"None"
1914-07-26,"GMY","UKG",1918-11-11,"Win B","Begin Interstate War",5,"1,000+"
1914-07-28,"TUR","UKG",1918-10-30,"Ongoing","Begin Interstate War",5,"None"
1914-07-28,"TUR","UKG",1918-10-30,"Ongoing","Begin Interstate War",5,"None"
1914-07-28,"TUR","UKG",1918-10-30,"Ongoing","Begin Interstate War",5,"None"
1914-07-28,"TUR","UKG",1918-10-30,"Ongoing","Begin Interstate War",5,"None"
1914-07-28,"TUR","UKG",1918-10-30,"Win B","Begin Interstate War",5,"1,000+"
1914-07-29,"GMY","BEL",1918-11-11,"Ongoing","Begin Interstate War",5,"None"
1914-07-29,"GMY","BEL",1918-11-11,"Ongoing","Begin Interstate War",5,"None"
1914-07-29,"GMY","BEL",1918-11-11,"Ongoing","Begin Interstate War",5,"None"
1914-07-29,"GMY","BEL",1918-11-11,"Ongoing","Begin Interstate War",5,"None"
1914-07-29,"GMY","BEL",1918-11-11,"Win A","Begin Interstate War",5,"1,000+"
1914-07-29,"GMY","RUS",1918-08-27,"Ongoing","Begin Interstate War",5,"None"
1914-07-29,"GMY","RUS",1918-08-27,"Ongoing","Begin Interstate War",5,"None"
1914-07-29,"GMY","RUS",1918-08-27,"Ongoing","Begin Interstate War",5,"None"
1914-07-29,"GMY","RUS",1918-08-27,"Ongoing","Begin Interstate War",5,"None"
1914-07-29,"GMY","RUS",1918-08-27,"Win A","Begin Interstate War",5,"1,000+"
1914-07-31,"GMY","FRN",1918-11-11,"Ongoing","Begin Interstate War",5,"None"
1914-07-31,"GMY","FRN",1918-11-11,"Ongoing","Begin Interstate War",5,"None"
1914-07-31,"GMY","FRN",1918-11-11,"Ongoing","Begin Interstate War",5,"None"
1914-07-31,"GMY","FRN",1918-11-11,"Ongoing","Begin Interstate War",5,"None"
1914-07-31,"GMY","FRN",1918-11-11,"Win B","Begin Interstate War",5,"1,000+"
1914-08-01,"AUH","ROM",1914-08-01,"Statlemate","Threat to declare war",2,"None"
1914-08-01,"GMY","YUG",1914-08-06,"Statlemate","Declaration of War",4,"None"
1914-08-01,"UKG","NTH",1914-09-30,"Released","Seizure",4,"None"
1914-08-02,"GRC","BUL",1914-08-02,"Statlemate","Mobilization",3,"None"
1914-08-04,"TUR","FRN",1918-10-30,"Ongoing","Declaration of War",4,"None"
1914-08-04,"TUR","FRN",1918-10-30,"Ongoing","Begin Interstate War",5,"None"
1914-08-04,"TUR","FRN",1918-10-30,"Ongoing","Begin Interstate War",5,"None"
1914-08-04,"TUR","FRN",1918-10-30,"Ongoing","Begin Interstate War",5,"None"
1914-08-04,"TUR","FRN",1918-10-30,"Win B","Begin Interstate War",5,"1,000+"
1914-08-04,"TUR","RUS",1918-09-14,"Ongoing","Begin Interstate War",5,"None"
1914-08-04,"TUR","RUS",1918-09-14,"Ongoing","Begin Interstate War",5,"None"
1914-08-04,"TUR","RUS",1918-09-14,"Ongoing","Begin Interstate War",5,"None"
1914-08-04,"TUR","RUS",1918-09-14,"Ongoing","Begin Interstate War",5,"None"
1914-08-04,"TUR","RUS",1918-09-14,"Win A","Begin Interstate War",5,"1,000+"
1914-08-08,"POR","GMY",1915-02-28,"Ongoing","Clash",4,"None"
1914-08-08,"POR","GMY",1915-02-28,"Statlemate","Clash",4,"26-100"
1914-08-12,"AUH","UKG",1918-11-03,"Ongoing","Clash",4,"None"
1914-08-12,"AUH","UKG",1918-11-03,"Ongoing","Begin Interstate War",5,"None"
1914-08-12,"AUH","UKG",1918-11-03,"Ongoing","Begin Interstate War",5,"None"
1914-08-12,"AUH","UKG",1918-11-03,"Ongoing","Begin Interstate War",5,"None"
1914-08-12,"AUH","UKG",1918-11-03,"Win B","Begin Interstate War",5,"1,000+"
1914-08-12,"AUH","FRN",1918-11-03,"Ongoing","Clash",4,"None"
1914-08-12,"AUH","FRN",1918-11-03,"Ongoing","Begin Interstate War",5,"None"
1914-08-12,"AUH","FRN",1918-11-03,"Ongoing","Begin Interstate War",5,"None"
1914-08-12,"AUH","FRN",1918-11-03,"Ongoing","Begin Interstate War",5,"None"
1914-08-12,"AUH","FRN",1918-11-03,"Win B","Begin Interstate War",5,"1,000+"
1914-08-13,"GRC","TUR",1914-08-18,"Statlemate","Show of Ships",3,"None"
1914-08-15,"GMY","JPN",1915-05-07,"Ongoing","Declaration of War",4,"None"
1914-08-15,"GMY","JPN",1915-05-07,"Win B","Declaration of War",4,"501-999"
1914-08-17,"BUL","YUG",1915-10-14,"Ongoing","Clash",4,"None"
1914-08-17,"BUL","YUG",1915-10-14,"Unclear","Clash",4,"None"
1914-08-20,"AUH","BEL",1914-10-10,"Statlemate","Declaration of War",4,"1,000+"
1914-08-24,"RUS","NTH",1914-08-24,"Statlemate","Raid",4,"None"
1914-08-25,"AUH","ITA",1914-08-25,"Statlemate","Show of troops",3,"None"
1914-08-25,"AUH","JPN",1915-05-07,"Ongoing","Declaration of War",4,"None"
1914-08-25,"AUH","JPN",1915-05-07,"Unclear","Declaration of War",4,"2510-500"
1914-08-25,"ITA","AUH",1915-05-23,"Ongoing","Declaration of War",4,"None"
1914-08-25,"ITA","AUH",1915-05-23,"Unclear","Declaration of War",4,"None"
1914-09-13,"ITA","ALB",1915-03-13,"Ongoing","Occupation of territory",4,"None"
1914-09-13,"ITA","ALB",1915-03-13,"Win A","Occupation of territory",4,"None"
1914-09-26,"JPN","CHN",1915-05-25,"Ongoing","Occupation of territory",4,"None"
1914-09-26,"JPN","CHN",1915-05-25,"Yield B","Occupation of territory",4,"None"
1914-10-05,"GMY","NTH",1918-08-27,"Ongoing","Raid",4,"None"
1914-10-05,"GMY","NTH",1918-08-27,"Ongoing","Raid",4,"None"
1914-10-05,"GMY","NTH",1918-08-27,"Ongoing","Raid",4,"None"
1914-10-05,"GMY","NTH",1918-08-27,"Ongoing","Raid",4,"None"
1914-10-05,"GMY","NTH",1918-08-27,"Unclear","Raid",4,"None"
1914-10-20,"ROM","GMY",1914-11-07,"Released","Seizure",4,"None"
1914-10-20,"ROM","TUR",1914-11-07,"Released","Seizure",4,"None"
1914-11-02,"TUR","YUG",1914-11-02,"Statlemate","Declaration of War",4,"None"
1914-11-15,"TUR","IRN",1917-03-20,"Ongoing","Clash",4,"None"
1914-11-15,"TUR","IRN",1917-03-20,"Ongoing","Clash",4,"None"
1914-11-15,"TUR","IRN",1917-03-20,"Ongoing","Clash",4,"None"
1914-11-15,"TUR","IRN",1917-03-20,"Yield B","Clash",4,"None"
1914-12-11,"TUR","ITA",1915-08-21,"Ongoing","Clash",4,"None"
1914-12-11,"TUR","ITA",1915-08-21,"Statlemate","Declaration of War",4,"None"
1914-12-13,"USA","HAI",1915-09-09,"Ongoing","Raid",4,"None"
1914-12-13,"USA","HAI",1915-09-09,"Yield B","Raid",4,"None"
1914-12-29,"GMY","ITA",1915-11-07,"Ongoing","Raid",4,"None"
1914-12-29,"GMY","ITA",1915-11-07,"Statlemate","Raid",4,"None"
1915-01-12,"ITA","TUR",1915-05-23,"Unclear","Declaration of War",4,"None"
1915-01-27,"GMY","USA",1916-02-04,"Ongoing","Raid",4,"None"
1915-01-27,"GMY","USA",1916-02-04,"Unclear","Raid",4,"None"
1915-02-18,"GMY","DEN",1915-11-11,"Unclear","Raid",4,"None"
1915-02-19,"GMY","NOR",1918-01-11,"Ongoing","Raid",4,"None"
1915-02-19,"GMY","NOR",1918-01-11,"Ongoing","Raid",4,"None"
1915-02-19,"GMY","NOR",1918-01-11,"Ongoing","Raid",4,"None"
1915-02-19,"GMY","NOR",1918-01-11,"Unclear","Raid",4,"None"
1915-03-07,"BUL","GRC",1915-10-12,"Unclear","Clash",4,"None"
1915-05-23,"AUH","ITA",1918-11-03,"Ongoing","Begin Interstate War",5,"None"
1915-05-23,"AUH","ITA",1918-11-03,"Ongoing","Begin Interstate War",5,"None"
1915-05-23,"AUH","ITA",1918-11-03,"Ongoing","Begin Interstate War",5,"None"
1915-05-23,"AUH","ITA",1918-11-03,"Win B","Begin Interstate War",5,"1,000+"
1915-06-02,"USA","MEX",1915-07-31,"Statlemate","Alert",3,"None"
1915-08-19,"GMY","SPN",1918-11-11,"Ongoing","Raid",4,"None"
1915-08-19,"GMY","SPN",1918-11-11,"Ongoing","Raid",4,"None"
1915-08-19,"GMY","SPN",1918-11-11,"Ongoing","Raid",4,"None"
1915-08-19,"GMY","SPN",1918-11-11,"Unclear","Raid",4,"None"
1915-08-21,"BUL","TUR",1915-09-22,"Yield B","Show of troops",3,"None"
1915-09-15,"BUL","ROM",1917-12-09,"Ongoing","Clash",4,"None"
1915-09-15,"BUL","ROM",1917-12-09,"Ongoing","Begin Interstate War",5,"None"
1915-09-15,"BUL","ROM",1917-12-09,"Win B","Begin Interstate War",5,"1,000+"
1915-09-21,"BUL","YUG",1918-09-29,"Ongoing","Begin Interstate War",5,"None"
1915-09-21,"BUL","YUG",1918-09-29,"Ongoing","Begin Interstate War",5,"None"
1915-09-21,"BUL","YUG",1918-09-29,"Ongoing","Begin Interstate War",5,"None"
1915-09-21,"BUL","YUG",1918-09-29,"Win A","Begin Interstate War",5,"1,000+"
1915-10-02,"BUL","RUS",1915-10-14,"Unclear","Clash",4,"None"
1915-10-04,"BUL","RUS",1915-10-19,"Statlemate","Declaration of War",4,"None"
1915-10-05,"GMY","YUG",1918-11-11,"Ongoing","Begin Interstate War",5,"None"
1915-10-05,"GMY","YUG",1918-11-11,"Ongoing","Begin Interstate War",5,"None"
1915-10-05,"GMY","YUG",1918-11-11,"Ongoing","Begin Interstate War",5,"None"
1915-10-05,"GMY","YUG",1918-11-11,"Win B","Begin Interstate War",5,"1,000+"
1915-10-05,"BUL","UKG",1918-09-29,"Ongoing","Begin Interstate War",5,"None"
1915-10-05,"BUL","UKG",1918-09-29,"Ongoing","Begin Interstate War",5,"None"
1915-10-05,"BUL","UKG",1918-09-29,"Ongoing","Begin Interstate War",5,"None"
1915-10-05,"BUL","UKG",1918-09-29,"Win B","Begin Interstate War",5,"1,000+"
1915-10-05,"BUL","FRN",1918-09-29,"Ongoing","Begin Interstate War",5,"None"
1915-10-05,"BUL","FRN",1918-09-29,"Ongoing","Begin Interstate War",5,"None"
1915-10-05,"BUL","FRN",1918-09-29,"Ongoing","Begin Interstate War",5,"None"
1915-10-05,"BUL","FRN",1918-09-29,"Win B","Begin Interstate War",5,"1,000+"
1915-10-13,"BUL","GRC",1917-06-29,"Ongoing","Declaration of War",4,"None"
1915-10-13,"BUL","GRC",1917-06-29,"Ongoing","Declaration of War",4,"None"
1915-10-13,"BUL","GRC",1917-06-29,"Unclear","Declaration of War",4,"None"
1915-10-19,"BUL","ITA",1915-10-19,"Statlemate","Declaration of War",4,"None"
1915-12-15,"AUH","USA",1915-12-15,"Statlemate","Raid",4,"None"
1916-01-04,"ALB","GMY",1918-11-11,"Ongoing","Declaration of War",4,"None"
1916-01-04,"ALB","GMY",1918-11-11,"Ongoing","Declaration of War",4,"None"
1916-01-04,"ALB","GMY",1918-11-11,"Unclear","Declaration of War",4,"None"
1916-01-04,"ALB","AUH",1918-11-03,"Ongoing","Declaration of War",4,"None"
1916-01-04,"ALB","AUH",1918-11-03,"Ongoing","Declaration of War",4,"None"
1916-01-04,"ALB","AUH",1918-11-03,"Unclear","Declaration of War",4,"None"
1916-01-04,"ALB","BUL",1918-09-29,"Ongoing","Declaration of War",4,"None"
1916-01-04,"ALB","BUL",1918-09-29,"Ongoing","Declaration of War",4,"None"
1916-01-04,"ALB","BUL",1918-09-29,"Unclear","Declaration of War",4,"None"
1916-01-04,"ALB","TUR",1918-11-11,"Ongoing","Declaration of War",4,"None"
1916-01-04,"ALB","TUR",1918-11-11,"Ongoing","Declaration of War",4,"None"
1916-01-04,"ALB","TUR",1918-11-11,"Unclear","Declaration of War",4,"None"
1916-01-11,"FRN","GRC",1916-07-11,"Statlemate","Occupation of territory",4,"None"
1916-01-16,"TUR","GRC",1917-06-29,"Ongoing","Declaration of War",4,"None"
1916-01-16,"TUR","GRC",1917-06-29,"Unclear","Declaration of War",4,"None"
1916-02-23,"GMY","POR",1918-11-11,"Ongoing","Declaration of War",4,"None"
1916-02-23,"GMY","POR",1918-11-11,"Ongoing","Begin Interstate War",5,"None"
1916-02-23,"GMY","POR",1918-11-11,"Win B","Begin Interstate War",5,"1,000+"
1916-02-23,"AUH","POR",1916-08-23,"Unclear","Declaration of War",4,"None"
1916-03-02,"GMY","USA",1918-11-11,"Ongoing","Raid",4,"None"
1916-03-02,"GMY","USA",1918-11-11,"Ongoing","Begin Interstate War",5,"None"
1916-03-02,"GMY","USA",1918-11-11,"Win A","Begin Interstate War",5,"1,000+"
1916-03-10,"USA","MEX",1917-02-05,"Ongoing","Clash",4,"None"
1916-03-10,"USA","MEX",1917-02-05,"Win A","Clash",4,"None"
1916-05-03,"UKG","MEX",1916-05-04,"Unclear","Seizure",4,"None"
1916-06-01,"BUL","RUS",1917-12-15,"Ongoing","Begin Interstate War",5,"None"
1916-06-01,"BUL","RUS",1917-12-15,"Win A","Begin Interstate War",5,"1,000+"
1916-06-06,"UKG","GRC",1917-06-27,"Ongoing","Clash",4,"None"
1916-06-06,"UKG","GRC",1917-06-27,"Yield B","Clash",4,"26-100"
1916-06-06,"FRN","GRC",1917-06-27,"Ongoing","Clash",4,"None"
1916-06-06,"FRN","GRC",1917-06-27,"Yield B","Clash",4,"26-100"
1916-08-01,"JPN","CHN",1917-04-13,"Ongoing","Clash",4,"None"
1916-08-01,"JPN","CHN",1917-04-13,"Statlemate","Clash",4,"26-100"
1916-08-11,"BUL","ITA",1918-09-29,"Ongoing","Begin Interstate War",5,"None"
1916-08-11,"BUL","ITA",1918-09-29,"Ongoing","Begin Interstate War",5,"None"
1916-08-11,"BUL","ITA",1918-09-29,"Win B","Begin Interstate War",5,"1,000+"
1916-08-11,"TUR","ITA",1918-10-30,"Ongoing","Begin Interstate War",5,"None"
1916-08-11,"TUR","ITA",1918-10-30,"Ongoing","Begin Interstate War",5,"None"
1916-08-11,"TUR","ITA",1918-10-30,"Win B","Begin Interstate War",5,"1,000+"
1916-08-11,"GMY","ITA",1918-11-11,"Ongoing","Begin Interstate War",5,"None"
1916-08-11,"GMY","ITA",1918-11-11,"Ongoing","Begin Interstate War",5,"None"
1916-08-11,"GMY","ITA",1918-11-11,"Win B","Begin Interstate War",5,"1,000+"
1916-08-14,"ROM","GMY",1916-08-27,"Unclear","Declaration of War",4,"None"
1916-08-17,"TUR","YUG",1918-10-30,"Ongoing","Begin Interstate War",5,"None"
1916-08-17,"TUR","YUG",1918-10-30,"Ongoing","Begin Interstate War",5,"None"
1916-08-17,"TUR","YUG",1918-10-30,"Win B","Begin Interstate War",5,"1,000+"
1916-08-27,"AUH","ROM",1917-12-09,"Ongoing","Begin Interstate War",5,"None"
1916-08-27,"AUH","ROM",1917-12-09,"Win A","Begin Interstate War",5,"1,000+"
1916-08-27,"GMY","ROM",1917-12-09,"Ongoing","Begin Interstate War",5,"None"
1916-08-27,"GMY","ROM",1917-12-09,"Win A","Begin Interstate War",5,"1,000+"
1916-08-30,"TUR","ROM",1917-12-09,"Ongoing","Begin Interstate War",5,"None"
1916-08-30,"TUR","ROM",1917-12-09,"Win A","Begin Interstate War",5,"1,000+"
1916-11-27,"GMY","GRC",1917-06-29,"Ongoing","Declaration of War",4,"None"
1916-11-27,"GMY","GRC",1917-06-29,"Unclear","Declaration of War",4,"None"
1916-11-29,"USA","DOM",1917-05-29,"Ongoing","Occupation of territory",4,"None"
1916-11-29,"USA","DOM",1917-05-29,"Win A","Occupation of territory",4,"None"
1917-01-31,"AUH","USA",1917-01-31,"Statlemate","Threat to use force",2,"None"
1917-02-09,"CHN","GMY",1918-11-11,"Ongoing","Declaration of War",4,"None"
1917-02-09,"CHN","GMY",1918-11-11,"Unclear","Declaration of War",4,"None"
1917-02-19,"GUA","HON",1917-09-03,"Compromise","Occupation of territory",4,"None"
1917-04-04,"CUB","GMY",1918-11-11,"Ongoing","Declaration of War",4,"None"
1917-04-04,"CUB","GMY",1918-11-11,"Unclear","Declaration of War",4,"None"
1917-04-04,"GMY","ARG",1917-06-22,"Unclear","Raid",4,"None"
1917-04-05,"GMY","BRA",1918-11-11,"Ongoing","Raid",4,"None"
1917-04-05,"GMY","BRA",1918-11-11,"Unclear","Raid",4,"None"
1917-06-27,"AUH","GRC",1918-11-03,"Ongoing","Begin Interstate War",5,"None"
1917-06-27,"AUH","GRC",1918-11-03,"Win B","Begin Interstate War",5,"1,000+"
1917-06-27,"GMY","GRC",1918-11-11,"Ongoing","Begin Interstate War",5,"None"
1917-06-27,"GMY","GRC",1918-11-11,"Win B","Begin Interstate War",5,"1,000+"
1917-06-27,"TUR","GRC",1918-10-30,"Ongoing","Begin Interstate War",5,"None"
1917-06-27,"TUR","GRC",1918-10-30,"Win A","Begin Interstate War",5,"1,000+"
1917-06-27,"BUL","GRC",1918-09-29,"Ongoing","Begin Interstate War",5,"None"
1917-06-27,"BUL","GRC",1918-09-29,"Win B","Begin Interstate War",5,"1,000+"
1917-07-22,"THI","GMY",1918-11-11,"Ongoing","Declaration of War",4,"None"
1917-07-22,"THI","GMY",1918-11-11,"Unclear","Declaration of War",4,"None"
1917-07-22,"THI","AUH",1918-11-03,"Ongoing","Declaration of War",4,"None"
1917-07-22,"THI","AUH",1918-11-03,"Unclear","Declaration of War",4,"None"
1917-08-14,"CHN","AUH",1918-11-11,"Ongoing","Declaration of War",4,"None"
1917-08-14,"CHN","AUH",1918-11-11,"Unclear","Declaration of War",4,"None"
1917-11-21,"JPN","RUS",1920-04-01,"Ongoing","Clash",4,"None"
1917-11-21,"JPN","RUS",1920-04-01,"Ongoing","Clash",4,"None"
1917-11-21,"JPN","RUS",1920-04-01,"Ongoing","Clash",4,"None"
1917-11-21,"JPN","RUS",1920-04-01,"Win A","Clash",4,"None"
1917-12-05,"CHN","RUS",1917-12-29,"Win A","Clash",4,"None"
1917-12-07,"AUH","USA",1917-12-07,"Statlemate","Declaration of War",4,"None"
1918-01-02,"ROM","RUS",1918-03-09,"Win A","Raid",4,"None"
1918-01-12,"USA","RUS",1920-04-01,"Ongoing","Clash",4,"None"
1918-01-12,"USA","RUS",1920-04-01,"Ongoing","Clash",4,"None"
1918-01-12,"USA","RUS",1920-04-01,"Win B","Clash",4,"None"
1918-01-12,"UKG","RUS",1920-04-01,"Ongoing","Clash",4,"None"
1918-01-12,"UKG","RUS",1920-04-01,"Ongoing","Clash",4,"None"
1918-01-12,"UKG","RUS",1920-04-01,"Win B","Clash",4,"None"
1918-02-10,"TUR","RUS",1918-02-10,"Statlemate","Raid",4,"None"
1918-02-19,"GMY","RUS",1918-03-06,"Statlemate","Occupation of territory",4,"None"
1918-03-30,"MEX","USA",1918-04-11,"Statlemate","Clash",4,"None"
1918-04-01,"JPN","CHN",1919-07-19,"Ongoing","Clash",4,"None"
1918-04-01,"JPN","CHN",1919-07-19,"Yield B","Clash",4,"26-100"
1918-04-23,"GUA","GMY",1918-11-11,"Unclear","Declaration of War",4,"None"
1918-05-08,"NIC","GMY",1918-11-11,"Unclear","Declaration of War",4,"None"
1918-05-08,"NIC","AUH",1918-11-03,"Unclear","Declaration of War",4,"None"
1918-05-19,"HON","GMY",1918-11-11,"Unclear","Declaration of War",4,"None"
1918-06-28,"FRN","RUS",1920-04-01,"Ongoing","Clash",4,"None"
1918-06-28,"FRN","RUS",1920-04-01,"Ongoing","Clash",4,"None"
1918-06-28,"FRN","RUS",1920-04-01,"Win B","Clash",4,"None"
1918-06-28,"ITA","RUS",1920-04-01,"Ongoing","Clash",4,"None"
1918-06-28,"ITA","RUS",1920-04-01,"Ongoing","Clash",4,"None"
1918-06-28,"ITA","RUS",1920-04-01,"Win B","Clash",4,"None"
1918-07-01,"UKG","RUS",1920-02-15,"Ongoing","Raid",4,"None"
1918-07-01,"UKG","RUS",1920-02-15,"Ongoing","Raid",4,"None"
1918-07-01,"UKG","RUS",1920-02-15,"Win B","Raid",4,"None"
1918-07-02,"NIC","HON",1918-08-30,"Statlemate","Raid",4,"None"
1918-09-15,"FRN","ALB",1918-11-05,"Yield B","Occupation of territory",4,"None"
1918-09-15,"ITA","ALB",1918-11-05,"Yield B","Occupation of territory",4,"None"
1918-09-15,"YUG","ALB",1918-11-05,"Yield B","Occupation of territory",4,"None"
1918-10-24,"AUH","USA",1918-11-03,"Win A","Begin Interstate War",5,"1,000+"
1918-11-01,"BOL","PAR",1918-12-31,"Statlemate","Fortify border",3,"None"
1918-11-01,"ROM","YUG",1918-11-30,"Statlemate","Clash",4,"0-25"
1918-11-03,"IRN","RUS",1918-11-03,"Statlemate","Raid",4,"None"
1918-11-11,"RUS","LIT",1920-07-12,"Ongoing","Occupation of territory",4,"None"
1918-11-11,"RUS","LIT",1920-07-12,"Ongoing","Occupation of territory",4,"None"
1918-11-11,"RUS","LIT",1920-07-12,"Win B","Occupation of territory",4,"None"
1918-11-22,"RUS","EST",1920-01-03,"Ongoing","Begin Interstate War",5,"None"
1918-11-22,"RUS","EST",1920-01-03,"Ongoing","Begin Interstate War",5,"None"
1918-11-22,"RUS","EST",1920-01-03,"Win B","Begin Interstate War",5,"1,000+"
1918-12-12,"RUS","UKG",1920-02-01,"Ongoing","Begin Interstate War",5,"None"
1918-12-12,"RUS","UKG",1920-02-01,"Ongoing","Begin Interstate War",5,"None"
1918-12-12,"RUS","UKG",1920-02-01,"Win B","Begin Interstate War",5,"None"
1918-12-13,"RUS","FIN",1920-04-30,"Ongoing","Mobilization",3,"None"
1918-12-13,"RUS","FIN",1920-04-30,"Ongoing","Begin Interstate War",5,"None"
1918-12-13,"RUS","FIN",1920-04-30,"Win B","Begin Interstate War",5,"1,000+"
1918-12-17,"GRC","RUS",1919-04-06,"Ongoing","Raid",4,"None"
1918-12-17,"GRC","RUS",1919-04-06,"Win B","Raid",4,"None"
1918-12-17,"ROM","RUS",1919-04-06,"Ongoing","Raid",4,"None"
1918-12-17,"ROM","RUS",1919-04-06,"Win B","Raid",4,"None"
1919-01-01,"RUS","POL",1920-11-18,"Ongoing","Begin Interstate War",5,"None"
1919-01-01,"RUS","POL",1920-11-18,"Win A","Begin Interstate War",5,"1,000+"
1919-01-01,"RUS","GMY",1919-04-15,"Statlemate","Begin Interstate War",5,"1,000+"
1919-01-09,"RUS","POL",1920-07-12,"Ongoing","Occupation of territory",4,"None"
1919-01-09,"RUS","POL",1920-07-12,"Win A","Occupation of territory",4,"None"
1919-01-23,"CZE","POL",1919-02-01,"Compromise","Clash",4,"None"
1919-02-01,"RUS","EST",1920-01-03,"Ongoing","Begin Interstate War",5,"None"
1919-02-01,"RUS","EST",1920-01-03,"Win B","Begin Interstate War",5,"1,000+"
1919-03-16,"SPN","GMY",1919-03-16,"Unclear","Raid",4,"None"
1919-03-20,"UKG","HUN",1919-08-04,"Win A","Clash",4,"None"
1919-03-20,"FRN","HUN",1919-08-18,"Win A","Clash",4,"None"
1919-03-20,"ITA","HUN",1919-08-18,"Win A","Clash",4,"None"
1919-03-24,"YUG","HUN",1919-08-18,"Win A","Raid",4,"1,000+"
1919-03-27,"RUS","FRN",1920-02-01,"Ongoing","Begin Interstate War",5,"None"
1919-03-27,"RUS","FRN",1920-02-01,"Win B","Begin Interstate War",5,"1,000+"
1919-03-28,"CZE","HUN",1919-08-18,"Win A","Begin Interstate War",5,"1,000+"
1919-04-01,"RUS","DEN",1919-09-30,"Win B","Seizure",4,"1,000+"
1919-04-04,"POL","LIT",1921-04-09,"Ongoing","Occupation of territory",4,"None"
1919-04-04,"POL","LIT",1921-04-09,"Ongoing","Begin Interstate War",5,"None"
1919-04-04,"POL","LIT",1921-04-09,"Statlemate","Raid",4,"1,000+"
1919-04-10,"ROM","HUN",1919-08-18,"Win A","Begin Interstate War",5,"1,000+"
1919-04-16,"GMY","UKG",1919-12-15,"Win B","Raid",4,"26-100"
1919-04-16,"GMY","FRN",1919-12-15,"Win B","Raid",4,"None"
1919-04-29,"ITA","TUR",1921-03-13,"Ongoing","Raid",4,"None"
1919-04-29,"ITA","TUR",1921-03-13,"Ongoing","Raid",4,"None"
1919-04-29,"ITA","TUR",1921-03-13,"Win B","Raid",4,"None"
1919-05-02,"YUG","AUS",1919-06-09,"Compromise","Clash",4,"None"
1919-05-04,"GRC","TUR",1922-10-11,"Ongoing","Begin Interstate War",5,"None"
1919-05-04,"GRC","TUR",1922-10-11,"Ongoing","Begin Interstate War",5,"None"
1919-05-04,"GRC","TUR",1922-10-11,"Ongoing","Begin Interstate War",5,"None"
1919-05-04,"GRC","TUR",1922-10-11,"Win B","Begin Interstate War",5,"1,000+"
1919-05-26,"FIN","RUS",1920-10-14,"Ongoing","Clash",4,"None"
1919-05-26,"FIN","RUS",1920-10-14,"Compromise","Clash",4,"None"
1919-06-01,"GMY","EST",1919-12-15,"Win B","Begin Interstate War",5,"1,000+"
1919-06-16,"USA","MEX",1920-02-25,"Ongoing","Raid",4,"None"
1919-06-16,"USA","MEX",1920-02-25,"Statlemate","Raid",4,"None"
1919-07-01,"CHN","RUS",1919-10-25,"Yield B","Raid",4,"None"
1919-08-01,"JPN","RUS",1919-10-25,"Released","Seizure",4,"None"
1919-08-20,"JPN","CHN",1919-10-25,"Statlemate","Alert",3,"None"
1919-10-16,"GMY","POL",1919-12-15,"Win B","Raid",4,"26-100"
1919-11-01,"FRN","TUR",1921-10-20,"Ongoing","Begin Interstate War",5,"None"
1919-11-01,"FRN","TUR",1921-10-20,"Ongoing","Begin Interstate War",5,"None"
1919-11-01,"FRN","TUR",1921-10-20,"Yield A","Begin Interstate War",5,"1,000+"
1919-11-25,"JPN","CHN",1919-12-30,"Statlemate","Show of Ships",3,"None"
1920-01-03,"RUS","POL",1920-02-01,"Win B","Begin Interstate War",5,"1,000+"
1920-02-01,"HON","NIC",1920-02-28,"Compromise","Mobilization",3,"None"
1920-02-01,"UKG","RUS",1920-04-06,"Win B","Raid",4,"None"
1920-03-16,"UKG","TUR",1920-08-23,"Statlemate","Occupation of territory",4,"None"
1920-03-16,"FRN","TUR",1920-08-23,"Statlemate","Occupation of territory",4,"None"
1920-03-16,"ITA","TUR",1920-08-23,"Statlemate","Occupation of territory",4,"None"
1920-04-02,"GMY","FRN",1920-07-16,"Win A","Occupation of territory",4,"None"
1920-04-02,"JPN","RUS",1922-10-25,"Ongoing","Raid",4,"None"
1920-04-02,"JPN","RUS",1922-10-25,"Ongoing","Raid",4,"None"
1920-04-02,"JPN","RUS",1922-10-25,"Yield B","Raid",4,"None"
1920-04-09,"GMY","BEL",1920-04-09,"Win A","Show of troops",3,"None"
1920-04-28,"JPN","RUS",1921-09-23,"Ongoing","Occupation of territory",4,"None"
1920-04-28,"JPN","RUS",1921-09-23,"Yield B","Occupation of territory",4,"None"
1920-05-08,"RUS","IRN",1921-02-24,"Ongoing","Raid",4,"None"
1920-05-08,"RUS","IRN",1921-02-24,"Statlemate","Raid",4,"None"
1920-05-18,"RUS","UKG",1921-02-24,"Ongoing","Raid",4,"None"
1920-05-18,"RUS","UKG",1921-02-24,"Statlemate","Raid",4,"None"
1920-06-06,"ITA","ALB",1920-07-28,"Yield A","Raid",4,"None"
1920-06-07,"JPN","CHN",1920-10-31,"Statlemate","Occupation of territory",4,"None"
1920-07-12,"UKG","RUS",1920-08-03,"Statlemate","Threat to use force",2,"None"
1920-07-15,"CHL","BOL",1920-08-22,"Statlemate","Clash",4,"None"
1920-07-25,"CHL","PER",1920-08-22,"Statlemate","Clash",4,"None"
1921-01-06,"USA","CUB",1921-01-06,"Yield B","Threat to use force",2,"None"
1921-02-21,"COS","PAN",1921-09-09,"Yield B","Clash",4,"None"
1921-02-27,"RUS","TUR",1921-05-31,"Compromise","Show of troops",3,"None"
1921-02-28,"USA","PAN",1921-09-09,"Yield B","Clash",4,"None"
1921-03-03,"UKG","GMY",1921-11-05,"Compromise","Occupation of territory",4,"None"
1921-03-03,"BEL","GMY",1921-11-05,"Compromise","Occupation of territory",4,"None"
1921-03-03,"FRN","GMY",1921-11-05,"Compromise","Occupation of territory",4,"None"
1921-03-15,"POL","GMY",1921-10-20,"Compromise","Clash",4,"None"
1921-05-01,"USA","SAL",1921-05-31,"Statlemate","Show of Ships",3,"None"
1921-05-05,"ITA","GMY",1921-05-05,"Compromise","Threat to occupy terr.",2,"None"
1921-06-25,"RUS","EST",1921-11-25,"Statlemate","Threat to use force",2,"None"
1921-07-06,"RUS","CHN",1921-11-05,"Win A","Occupation of territory",4,"None"
1921-08-06,"YUG","ALB",1921-10-18,"Compromise","Clash",4,"None"
1921-08-28,"HUN","AUS",1921-10-13,"Yield B","Clash",4,"None"
1921-09-01,"RUS","CHN",1922-03-31,"Ongoing","Occupation of territory",4,"None"
1921-09-01,"RUS","CHN",1922-03-31,"Win A","Occupation of territory",4,"None"
1921-10-01,"BOL","PAR",1921-12-31,"Statlemate","Fortify border",3,"None"
1922-01-13,"YUG","HUN",1923-01-31,"Ongoing","Mobilization",3,"None"
1922-01-13,"YUG","HUN",1923-01-31,"Statlemate","Mobilization",3,"None"
1922-01-13,"ROM","HUN",1923-01-31,"Ongoing","Mobilization",3,"None"
1922-01-13,"ROM","HUN",1923-01-31,"Statlemate","Mobilization",3,"None"
1922-02-01,"HON","NIC",1922-08-20,"Compromise","Clash",4,"101-250"
1922-04-01,"AFG","RUS",1922-07-29,"Yield B","Show of troops",3,"None"
1922-07-29,"UKG","GRC",1922-07-29,"Yield B","Threat to use force",2,"None"
1922-07-29,"FRN","GRC",1922-07-29,"Yield B","Threat to use force",2,"None"
1922-08-15,"FRN","GMY",1923-07-11,"Ongoing","Occupation of territory",4,"None"
1922-08-15,"FRN","GMY",1923-07-11,"Compromise","Occupation of territory",4,"None"
1922-08-24,"CZE","AUS",1922-09-15,"Statlemate","Show of troops",3,"None"
1922-08-24,"ITA","AUS",1922-09-15,"Statlemate","Threat to use force",2,"None"
1922-08-24,"YUG","AUS",1922-09-15,"Statlemate","Show of troops",3,"None"
1922-09-01,"UKG","AUS",1922-09-15,"Statlemate","Show of Ships",3,"None"
1922-09-01,"UKG","ROM",1922-09-15,"Statlemate","Show of Ships",3,"None"
1922-09-01,"HUN","AUS",1922-09-15,"Statlemate","Show of troops",3,"None"
1922-09-01,"HUN","ROM",1922-09-15,"Statlemate","Show of troops",3,"None"
1922-09-01,"CZE","ROM",1922-09-15,"Statlemate","Show of troops",3,"None"
1922-09-01,"ITA","ROM",1922-09-15,"Statlemate","Show of troops",3,"None"
1922-09-01,"YUG","ROM",1922-09-15,"Statlemate","Show of troops",3,"None"
1922-09-16,"UKG","TUR",1923-07-24,"Ongoing","Occupation of territory",4,"None"
1922-09-16,"UKG","TUR",1923-07-24,"Compromise","Occupation of territory",4,"None"
1922-09-16,"FRN","TUR",1922-10-11,"Compromise","Occupation of territory",4,"None"
1922-09-16,"ITA","TUR",1922-10-11,"Compromise","Occupation of territory",4,"None"
1922-11-01,"RUS","CHN",1923-09-30,"Ongoing","Blockade",4,"None"
1922-11-01,"RUS","CHN",1923-09-30,"Yield B","Blockade",4,"None"
1923-01-01,"ITA","ETH",1923-07-31,"Win A","Occupation of territory",4,"None"
1923-01-11,"LIT","FRN",1923-01-15,"Compromise","Clash",4,"None"
1923-01-11,"BEL","GMY",1923-07-11,"Compromise","Occupation of territory",4,"None"
1923-01-13,"LIT","UKG",1923-01-15,"Compromise","Show of Ships",3,"None"
1923-01-13,"LIT","ITA",1923-01-15,"Compromise","Show of Ships",3,"None"
1923-05-05,"RUS","UKG",1923-06-11,"Released","Seizure",4,"None"
1923-06-18,"YUG","BUL",1923-11-05,"Yield B","Show of troops",3,"None"
1923-08-24,"ITA","YUG",1923-09-24,"Compromise","Show of troops",3,"None"
1923-08-29,"ITA","GRC",1923-09-27,"Yield A","Raid",4,"None"
1923-10-01,"PAR","BOL",1923-12-31,"Statlemate","Fortify border",3,"None"
1924-05-01,"ITA","TUR",1924-11-30,"Statlemate","Alert",3,"None"
1924-08-01,"PAR","BOL",1924-12-31,"Statlemate","Fortify border",3,"None"
1925-02-08,"GRC","TUR",1925-04-30,"Compromise","Show of troops",3,"None"
1925-09-02,"UKG","TUR",1926-03-20,"Ongoing","Show of Ships",3,"None"
1925-09-02,"UKG","TUR",1926-03-20,"Compromise","Show of Ships",3,"None"
1925-10-21,"GRC","BUL",1925-10-29,"Statlemate","Clash",4,"None"
1925-12-01,"FRN","ITA",1926-01-19,"Ongoing","Show of Ships",3,"None"
1925-12-01,"FRN","ITA",1926-01-19,"Statlemate","Show of Ships",3,"None"
1925-12-05,"JPN","CHN",1925-12-23,"Unclear","Show of troops",3,"None"
1925-12-11,"FRN","TUR",1926-03-20,"Ongoing","Show of troops",3,"None"
1925-12-11,"FRN","TUR",1926-03-20,"Compromise","Show of troops",3,"None"
1925-12-18,"RUS","AFG",1926-02-28,"Ongoing","Raid",4,"None"
1925-12-18,"RUS","AFG",1926-02-28,"Yield A","Raid",4,"None"
1926-01-01,"JPN","RUS",1926-01-31,"Statlemate","Threat to use force",2,"None"
1926-02-06,"ITA","AUS",1926-02-06,"Statlemate","Threat to use force",2,"None"
1926-03-12,"JPN","CHN",1926-03-18,"Yield B","Clash",4,"0-25"
1926-03-15,"USA","CHN",1926-03-15,"Yield B","Clash",4,"0-25"
1926-03-15,"UKG","CHN",1926-03-15,"Yield B","Clash",4,"0-25"
1926-03-15,"FRN","CHN",1926-03-15,"Yield B","Clash",4,"0-25"
1926-03-15,"GMY","CHN",1926-03-15,"Yield B","Clash",4,"0-25"
1926-03-15,"ITA","CHN",1926-03-15,"Yield B","Clash",4,"0-25"
1926-03-15,"RUS","CHN",1926-03-15,"Yield B","Clash",4,"0-25"
1926-03-22,"ITA","YUG",1926-03-22,"Statlemate","Clash",4,"None"
1926-05-02,"USA","NIC",1926-09-23,"Yield B","Occupation of territory",4,"None"
1926-07-08,"BUL","ROM",1926-07-23,"Statlemate","Border violation",3,"None"
1926-12-01,"FRN","ITA",1927-01-15,"Ongoing","Show of Ships",3,"None"
1926-12-01,"FRN","ITA",1927-01-15,"Statlemate","Show of Ships",3,"None"
1927-01-05,"USA","CHN",1927-03-28,"Statlemate","Raid",4,"None"
1927-01-05,"UKG","CHN",1927-03-28,"Statlemate","Clash",4,"None"
1927-01-20,"SPN","CHN",1927-03-28,"Statlemate","Show of Ships",3,"None"
1927-01-20,"POR","CHN",1927-03-28,"Statlemate","Show of Ships",3,"None"
1927-01-24,"FRN","CHN",1927-03-28,"Statlemate","Show of Ships",3,"None"
1927-01-24,"JPN","CHN",1927-03-28,"Statlemate","Show of Ships",3,"None"
1927-02-08,"ITA","CHN",1927-03-28,"Statlemate","Show of Ships",3,"None"
1927-02-08,"CHN","RUS",1927-04-30,"Statlemate","Seizure",4,"None"
1927-02-26,"PAR","BOL",1927-02-27,"Released","Seizure",4,"None"
1927-04-02,"JPN","CHN",1927-08-30,"Statlemate","Raid",4,"None"
1927-08-01,"BOL","PAR",1927-09-30,"Statlemate","Show of troops",3,"None"
1927-10-01,"HON","GUA",1928-02-14,"Ongoing","Clash",4,"None"
1927-10-01,"HON","GUA",1928-02-14,"Compromise","Clash",4,"0-25"
1927-10-28,"ITA","UKG",1927-10-31,"Compromise","Show of Ships",3,"None"
1927-10-28,"ITA","FRN",1927-10-31,"Compromise","Show of Ships",3,"None"
1927-10-28,"ITA","SPN",1927-10-31,"Compromise","Show of Ships",3,"None"
1928-04-10,"JPN","CHN",1928-11-18,"Yield B","Clash",4,"101-250"
1928-07-28,"GRC","BUL",1928-07-28,"Statlemate","Raid",4,"0-25"
1928-08-22,"PAR","BOL",1929-05-13,"Ongoing","Clash",4,"None"
1928-08-22,"PAR","BOL",1929-05-13,"Statlemate","Clash",4,"26-100"
1929-03-01,"NIC","HON",1929-07-09,"Statlemate","Raid",4,"0-25"
1929-04-07,"USA","HON",1929-04-07,"Statlemate","Raid",4,"0-25"
1929-05-27,"CHN","RUS",1929-12-03,"Win B","Begin Interstate War",5,"1,000+"
1929-06-16,"BUL","YUG",1929-06-16,"Statlemate","Raid",4,"None"
1930-01-16,"BOL","PAR",1930-01-26,"Statlemate","Clash",4,"0-25"
1930-02-01,"PAR","BRA",1930-05-10,"Compromise","Clash",4,"None"
1931-01-01,"SAU","YAR",1931-01-31,"Statlemate","Clash",4,"None"
1931-02-05,"BUL","GRC",1931-02-05,"Statlemate","Raid",4,"0-25"
1931-06-15,"PAR","BOL",1935-10-31,"Ongoing","Clash",4,"None"
1931-06-15,"PAR","BOL",1935-10-31,"Ongoing","Begin Interstate War",5,"None"
1931-06-15,"PAR","BOL",1935-10-31,"Ongoing","Begin Interstate War",5,"None"
1931-06-15,"PAR","BOL",1935-10-31,"Ongoing","Begin Interstate War",5,"None"
1931-06-15,"PAR","BOL",1935-10-31,"Statlemate","Begin Interstate War",5,"1,000+"
1931-09-01,"ETH","ITA",1931-09-30,"Statlemate","Show of troops",3,"None"
1931-09-18,"JPN","CHN",1933-05-31,"Ongoing","Begin Interstate War",5,"None"
1931-09-18,"JPN","CHN",1933-05-31,"Ongoing","Begin Interstate War",5,"None"
1931-09-18,"JPN","CHN",1933-05-31,"Win A","Begin Interstate War",5,"1,000+"
1931-12-30,"YAR","SAU",1932-04-01,"Ongoing","Raid",4,"None"
1931-12-30,"YAR","SAU",1932-04-01,"Win A","Raid",4,"None"
1932-01-31,"USA","JPN",1932-02-13,"Statlemate","Show of Ships",3,"None"
1932-01-31,"UKG","JPN",1932-02-13,"Statlemate","Show of Ships",3,"None"
1932-02-22,"CAN","SAL",1932-02-25,"Statlemate","Seizure",4,"None"
1932-04-01,"RUS","JPN",1935-03-23,"Ongoing","Clash",4,"None"
1932-04-01,"RUS","JPN",1935-03-23,"Ongoing","Clash",4,"None"
1932-04-01,"RUS","JPN",1935-03-23,"Ongoing","Clash",4,"None"
1932-04-01,"RUS","JPN",1935-03-23,"Statlemate","Clash",4,"None"
1932-09-01,"PER","COL",1933-05-25,"Ongoing","Clash",4,"None"
1932-09-01,"PER","COL",1933-05-25,"Compromise","Clash",4,"101-250"
1932-09-09,"BRA","COL",1933-05-25,"Ongoing","Show of troops",3,"None"
1932-09-09,"BRA","COL",1933-05-25,"Statlemate","Show of troops",3,"None"
1932-09-09,"BRA","PER",1933-05-25,"Ongoing","Show of troops",3,"None"
1932-09-09,"BRA","PER",1933-05-25,"Statlemate","Show of troops",3,"None"
1932-10-08,"ECU","PER",1932-11-12,"Statlemate","Clash",4,"0-25"
1933-04-08,"JPN","CHN",1933-09-13,"Win A","Clash",4,"101-250"
1933-04-11,"RUS","IRN",1933-04-11,"Released","Seizure",4,"None"
1933-07-01,"USA","CUB",1934-01-31,"Ongoing","Blockade",4,"None"
1933-07-01,"USA","CUB",1934-01-31,"Yield B","Blockade",4,"None"
1933-11-15,"SAU","YAR",1934-06-23,"Ongoing","Clash",4,"None"
1933-11-15,"SAU","YAR",1934-06-23,"Win A","Begin Interstate War",5,"1,000+"
1933-12-01,"RUS","CHN",1934-01-31,"Ongoing","Raid",4,"None"
1933-12-01,"RUS","CHN",1934-01-31,"Statlemate","Raid",4,"None"
1934-02-01,"PER","COL",1934-05-19,"Win A","Alert",3,"None"
1934-03-10,"RUS","JPN",1934-06-16,"Statlemate","Seizure",4,"None"
1934-05-01,"SAU","UKG",1934-06-23,"Unclear","Clash",4,"None"
1934-05-01,"SAU","FRN",1934-06-23,"Unclear","Clash",4,"None"
1934-05-01,"SAU","ITA",1934-06-23,"Unclear","Clash",4,"None"
1934-07-16,"TUR","UKG",1934-07-16,"Yield B","Raid",4,"0-25"
1934-07-25,"ITA","GMY",1934-07-31,"Statlemate","Show of troops",3,"None"
1934-07-25,"ITA","YUG",1934-07-31,"Statlemate","Show of troops",3,"None"
1934-11-22,"ETH","ITA",1936-05-05,"Ongoing","Raid",4,"None"
1934-11-22,"ETH","ITA",1936-05-05,"Ongoing","Begin Interstate War",5,"None"
1934-11-22,"ETH","ITA",1936-05-05,"Win B","Begin Interstate War",5,"1,000+"
1934-12-01,"CHN","JPN",1935-02-02,"Ongoing","Raid",4,"None"
1934-12-01,"CHN","JPN",1935-02-02,"Yield A","Raid",4,"26-100"
1934-12-01,"PER","ECU",1936-10-31,"Ongoing","Raid",4,"None"
1934-12-01,"PER","ECU",1936-10-31,"Ongoing","Raid",4,"None"
1934-12-01,"PER","ECU",1936-10-31,"Win A","Raid",4,"None"
1934-12-01,"IRN","IRQ",1935-01-31,"Ongoing","Border violation",3,"None"
1934-12-01,"IRN","IRQ",1935-01-31,"Compromise","Border violation",3,"None"
1934-12-15,"AFG","IRN",1934-12-15,"Statlemate","Raid",4,"None"
1935-05-20,"JPN","CHN",1935-06-27,"Yield B","Clash",4,"0-25"
1935-08-22,"UKG","ITA",1936-05-09,"Ongoing","Show of Ships",3,"None"
1935-08-22,"UKG","ITA",1936-05-09,"Statlemate","Show of Ships",3,"1,000+"
1935-08-23,"TUR","BUL",1935-08-30,"Statlemate","Show of troops",3,"None"
1935-08-28,"GUA","SAL",1935-09-30,"Statlemate","Clash",4,"0-25"
1935-11-01,"JPN","CHN",1935-11-28,"Statlemate","Clash",4,"None"
1935-12-01,"RUS","JPN",1936-03-31,"Ongoing","Clash",4,"None"
1935-12-01,"RUS","JPN",1936-03-31,"Yield A","Clash",4,"None"
1936-02-26,"JPN","RUS",1936-04-30,"Statlemate","Show of troops",3,"None"
1936-03-07,"GMY","BEL",1936-03-07,"Yield B","Show of troops",3,"None"
1936-03-07,"GMY","FRN",1936-03-07,"Yield B","Show of troops",3,"None"
1936-07-10,"CHN","JPN",1936-12-30,"Statlemate","Clash",4,"0-25"
1936-07-28,"GMY","SPN",1939-03-29,"Ongoing","Raid",4,"None"
1936-07-28,"GMY","SPN",1939-03-29,"Ongoing","Raid",4,"None"
1936-07-28,"GMY","SPN",1939-03-29,"Ongoing","Raid",4,"None"
1936-07-28,"GMY","SPN",1939-03-29,"Win A","Raid",4,"1,000+"
1936-07-28,"ITA","SPN",1939-03-29,"Ongoing","Raid",4,"None"
1936-07-28,"ITA","SPN",1939-03-29,"Ongoing","Raid",4,"None"
1936-07-28,"ITA","SPN",1939-03-29,"Ongoing","Raid",4,"None"
1936-07-28,"ITA","SPN",1939-03-29,"Win A","Raid",4,"1,000+"
1936-08-01,"POR","SPN",1939-03-29,"Ongoing","Raid",4,"None"
1936-08-01,"POR","SPN",1939-03-29,"Ongoing","Raid",4,"None"
1936-08-01,"POR","SPN",1939-03-29,"Ongoing","Raid",4,"None"
1936-08-01,"POR","SPN",1939-03-29,"Win A","Raid",4,"1,000+"
1936-10-03,"BOL","PAR",1936-10-09,"Statlemate","Clash",4,"0-25"
1936-11-12,"RUS","GMY",1936-11-12,"Statlemate","Raid",4,"0-25"
1937-04-01,"ECU","PER",1937-12-31,"Statlemate","Border violation",3,"None"
1937-05-31,"JPN","RUS",1937-09-01,"Statlemate","Clash",4,"0-25"
1937-06-07,"TUR","FRN",1937-06-07,"Statlemate","Show of troops",3,"None"
1937-07-07,"JPN","CHN",1945-08-15,"Ongoing","Begin Interstate War",5,"None"
1937-07-07,"JPN","CHN",1945-08-15,"Ongoing","Begin Interstate War",5,"None"
1937-07-07,"JPN","CHN",1945-08-15,"Ongoing","Begin Interstate War",5,"None"
1937-07-07,"JPN","CHN",1945-08-15,"Ongoing","Begin Interstate War",5,"None"
1937-07-07,"JPN","CHN",1945-08-15,"Ongoing","Begin Interstate War",5,"None"
1937-07-07,"JPN","CHN",1945-08-15,"Ongoing","Begin Interstate War",5,"None"
1937-07-07,"JPN","CHN",1945-08-15,"Ongoing","Begin Interstate War",5,"None"
1937-07-07,"JPN","CHN",1945-08-15,"Ongoing","Begin Interstate War",5,"None"
1937-07-07,"JPN","CHN",1945-08-15,"Win B","Begin Interstate War",5,"1,000+"
1937-08-12,"ITA","DEN",1937-08-12,"Statlemate","Raid",4,"None"
1937-08-13,"ITA","FRN",1937-08-13,"Statlemate","Raid",4,"None"
1937-08-14,"ITA","PAN",1937-08-14,"Statlemate","Raid",4,"None"
1937-08-30,"ITA","RUS",1937-08-30,"Statlemate","Raid",4,"None"
1937-08-31,"ITA","UKG",1937-09-02,"Statlemate","Raid",4,"None"
1937-09-01,"RUS","CHN",1938-01-31,"Ongoing","Raid",4,"None"
1937-09-01,"RUS","CHN",1938-01-31,"Statlemate","Raid",4,"None"
1937-12-12,"JPN","USA",1937-12-12,"Statlemate","Raid",4,"None"
1937-12-12,"JPN","UKG",1937-12-12,"Statlemate","Raid",4,"None"
1938-03-10,"LIT","POL",1938-03-20,"Yield B","Clash",4,"0-25"
1938-03-11,"GMY","AUS",1938-03-12,"Yield B","Occupation of territory",4,"None"
1938-03-11,"GMY","CZE",1938-09-30,"Yield B","Raid",4,"None"
1938-04-24,"CZE","POL",1938-10-02,"Yield B","Raid",4,"None"
1938-05-01,"PER","ECU",1938-06-27,"Statlemate","Clash",4,"0-25"
1938-06-01,"BOL","PAR",1938-07-21,"Compromise","Show of troops",3,"None"
1938-06-03,"TUR","FRN",1938-06-28,"Compromise","Show of troops",3,"None"
1938-07-09,"RUS","JPN",1938-08-11,"Win A","Begin Interstate War",5,"1,000+"
1938-08-26,"GMY","UKG",1938-09-30,"Yield B","Raid",4,"None"
1938-09-07,"GMY","BEL",1938-09-30,"Yield B","Raid",4,"None"
1938-09-07,"GMY","FRN",1938-09-30,"Yield B","Raid",4,"None"
1938-09-16,"GMY","RUS",1938-09-30,"Yield B","Raid",4,"None"
1938-09-23,"RUS","POL",1938-12-01,"Yield B","Show of troops",3,"None"
1938-09-24,"YUG","HUN",1938-09-30,"Statlemate","Show of troops",3,"None"
1938-10-13,"HUN","CZE",1938-11-02,"Win A","Clash",4,"None"
1938-12-14,"JPN","UKG",1940-06-20,"Ongoing","Seizure",4,"None"
1938-12-14,"JPN","UKG",1940-06-20,"Ongoing","Seizure",4,"None"
1938-12-14,"JPN","UKG",1940-06-20,"Yield B","Seizure",4,"None"
1938-12-14,"JPN","FRN",1940-06-20,"Ongoing","Blockade",4,"None"
1938-12-14,"JPN","FRN",1940-06-20,"Ongoing","Blockade",4,"None"
1938-12-14,"JPN","FRN",1940-06-20,"Yield B","Blockade",4,"None"
1939-01-05,"ITA","UKG",1939-01-16,"Statlemate","Threat to use force",2,"None"
1939-01-05,"ITA","FRN",1939-01-16,"Statlemate","Threat to use force",2,"None"
1939-03-01,"RUS","EST",1939-10-18,"Yield B","Blockade",4,"None"
1939-03-12,"GMY","CZE",1939-03-16,"Win A","Occupation of territory",4,"None"
1939-03-14,"HUN","CZE",1939-03-17,"Win A","Occupation of territory",4,"None"
1939-03-15,"ROM","HUN",1939-03-23,"Compromise","Show of troops",3,"None"
1939-03-20,"GMY","LIT",1939-03-23,"Yield B","Occupation of territory",4,"None"
1939-03-23,"POL","GMY",1939-09-27,"Win B","Begin Interstate War",5,"1,000+"
1939-03-31,"UKG","GMY",1945-05-07,"Ongoing","Clash",4,"None"
1939-03-31,"UKG","GMY",1945-05-07,"Ongoing","Begin Interstate War",5,"None"
1939-03-31,"UKG","GMY",1945-05-07,"Ongoing","Begin Interstate War",5,"None"
1939-03-31,"UKG","GMY",1945-05-07,"Ongoing","Begin Interstate War",5,"None"
1939-03-31,"UKG","GMY",1945-05-07,"Ongoing","Begin Interstate War",5,"None"
1939-03-31,"UKG","GMY",1945-05-07,"Ongoing","Begin Interstate War",5,"None"
1939-03-31,"UKG","GMY",1945-05-07,"Win A","Begin Interstate War",5,"1,000+"
1939-03-31,"FRN","GMY",1940-06-22,"Ongoing","Declaration of War",4,"None"
1939-03-31,"FRN","GMY",1940-06-22,"Win B","Begin Interstate War",5,"1,000+"
1939-04-07,"ITA","ALB",1939-04-08,"Win B","Occupation of territory",4,"None"
1939-05-22,"RUS","JPN",1939-09-16,"Win A","Begin Interstate War",5,"1,000+"
1939-06-01,"PER","ECU",1942-02-11,"Ongoing","Clash",4,"None"
1939-06-01,"PER","ECU",1942-02-11,"Ongoing","Clash",4,"None"
1939-06-01,"PER","ECU",1942-02-11,"Ongoing","Clash",4,"None"
1939-06-01,"PER","ECU",1942-02-11,"Win A","Clash",4,"501-999"
1939-06-10,"CAN","GMY",1940-10-31,"Ongoing","Declaration of War",4,"None"
1939-06-10,"CAN","GMY",1940-10-31,"Statlemate","Clash",4,"None"
1939-08-08,"ITA","GMY",1940-02-28,"Ongoing","Show of troops",3,"None"
1939-08-08,"ITA","GMY",1940-02-28,"Statlemate","Show of troops",3,"None"
1939-08-25,"BEL","GMY",1939-08-25,"Statlemate","Mobilization",3,"None"
1939-09-01,"RUS","POL",1939-10-01,"Win A","Begin Interstate War",5,"None"
1939-09-03,"NEW","GMY",1945-05-07,"Ongoing","Declaration of War",4,"None"
1939-09-03,"NEW","GMY",1945-05-07,"Ongoing","Clash",4,"None"
1939-09-03,"NEW","GMY",1945-05-07,"Ongoing","Begin Interstate War",5,"None"
1939-09-03,"NEW","GMY",1945-05-07,"Ongoing","Begin Interstate War",5,"None"
1939-09-03,"NEW","GMY",1945-05-07,"Ongoing","Begin Interstate War",5,"None"
1939-09-03,"NEW","GMY",1945-05-07,"Ongoing","Begin Interstate War",5,"None"
1939-09-03,"NEW","GMY",1945-05-07,"Win A","Begin Interstate War",5,"1,000+"
1939-09-03,"AUL","GMY",1945-05-07,"Ongoing","Declaration of War",4,"None"
1939-09-03,"AUL","GMY",1945-05-07,"Ongoing","Clash",4,"None"
1939-09-03,"AUL","GMY",1945-05-07,"Ongoing","Begin Interstate War",5,"None"
1939-09-03,"AUL","GMY",1945-05-07,"Ongoing","Begin Interstate War",5,"None"
1939-09-03,"AUL","GMY",1945-05-07,"Ongoing","Begin Interstate War",5,"None"
1939-09-03,"AUL","GMY",1945-05-07,"Ongoing","Begin Interstate War",5,"None"
1939-09-03,"AUL","GMY",1945-05-07,"Win A","Begin Interstate War",5,"1,000+"
1939-09-06,"SAF","GMY",1945-05-07,"Ongoing","Declaration of War",4,"None"
1939-09-06,"SAF","GMY",1945-05-07,"Ongoing","Mobilization",3,"None"
1939-09-06,"SAF","GMY",1945-05-07,"Ongoing","Begin Interstate War",5,"None"
1939-09-06,"SAF","GMY",1945-05-07,"Ongoing","Begin Interstate War",5,"None"
1939-09-06,"SAF","GMY",1945-05-07,"Ongoing","Begin Interstate War",5,"None"
1939-09-06,"SAF","GMY",1945-05-07,"Ongoing","Begin Interstate War",5,"None"
1939-09-06,"SAF","GMY",1945-05-07,"Win A","Begin Interstate War",5,"1,000+"
1939-09-09,"UKG","RUS",1939-09-29,"Statlemate","Raid",4,"None"
1939-09-09,"FRN","RUS",1939-09-29,"Statlemate","Raid",4,"None"
1939-09-14,"EST","POL",1939-09-19,"Unclear","Clash",4,"None"
1939-10-02,"RUS","AFG",1940-01-15,"Ongoing","Mobilization",3,"None"
1939-10-02,"RUS","AFG",1940-01-15,"Statlemate","Mobilization",3,"None"
1939-10-08,"RUS","FIN",1940-03-12,"Ongoing","Begin Interstate War",5,"None"
1939-10-08,"RUS","FIN",1940-03-12,"Win A","Begin Interstate War",5,"1,000+"
1939-10-24,"GMY","USA",1939-10-24,"Released","Seizure",4,"None"
1939-11-01,"UKG","NTH",1939-11-30,"Released","Seizure",4,"None"
1939-11-04,"GMY","NOR",1940-04-09,"Ongoing","Raid",4,"None"
1939-11-04,"GMY","NOR",1940-04-09,"Unclear","Raid",4,"None"
1939-11-05,"GMY","NTH",1940-05-10,"Ongoing","Raid",4,"None"
1939-11-05,"GMY","NTH",1940-05-10,"Unclear","Raid",4,"0-25"
1939-11-05,"GMY","LUX",1940-05-10,"Ongoing","Occupation of territory",4,"None"
1939-11-05,"GMY","LUX",1940-05-10,"Win A","Occupation of territory",4,"None"
1939-11-06,"GMY","FIN",1940-01-04,"Ongoing","Seizure",4,"None"
1939-11-06,"GMY","FIN",1940-01-04,"Released","Seizure",4,"None"
1939-11-19,"UKG","ITA",1940-06-10,"Ongoing","Declaration of War",4,"None"
1939-11-19,"UKG","ITA",1940-06-10,"Unclear","Declaration of War",4,"None"
1939-12-12,"GMY","EST",1939-12-12,"Released","Seizure",4,"None"
1939-12-14,"UKG","USA",1940-11-03,"Ongoing","Seizure",4,"None"
1939-12-14,"UKG","USA",1940-11-03,"Compromise","Seizure",4,"None"
1939-12-22,"ARG","GMY",1939-12-28,"Statlemate","Seizure",4,"None"
1940-01-10,"UKG","DEN",1940-03-20,"Statlemate","Raid",4,"None"
1940-01-10,"SPN","FRN",1940-01-10,"Statlemate","Raid",4,"None"
1940-01-14,"UKG","RUS",1940-04-02,"Released","Seizure",4,"None"
1940-01-19,"GMY","TUR",1941-02-20,"Ongoing","Clash",4,"None"
1940-01-19,"GMY","TUR",1941-02-20,"Statlemate","Clash",4,"None"
1940-01-21,"UKG","JPN",1940-01-23,"Statlemate","Seizure",4,"None"
1940-02-01,"RUS","LIT",1940-06-15,"Win A","Occupation of territory",4,"None"
1940-02-16,"UKG","NOR",1940-03-25,"Statlemate","Border violation",3,"None"
1940-02-26,"GMY","DEN",1940-04-09,"Win A","Raid",4,"26-100"
1940-03-04,"GMY","YUG",1941-04-06,"Ongoing","Clash",4,"None"
1940-03-04,"GMY","YUG",1941-04-06,"Win A","Clash",4,"None"
1940-04-02,"USA","JPN",1941-12-07,"Ongoing","Raid",4,"None"
1940-04-02,"USA","JPN",1941-12-07,"Unclear","Raid",4,"None"
1940-04-02,"UKG","YUG",1940-04-04,"Released","Seizure",4,"None"
1940-04-09,"NOR","GMY",1940-06-09,"Win B","Begin Interstate War",5,"1,000+"
1940-04-09,"DEN","GMY",1940-04-09,"Win A","Raid",4,"26-100"
1940-04-11,"GMY","HUN",1940-05-17,"Yield B","Show of troops",3,"None"
1940-04-15,"ITA","FRN",1940-06-10,"Unclear","Declaration of War",4,"None"
1940-05-10,"BEL","GMY",1940-05-28,"Win B","Begin Interstate War",5,"1,000+"
1940-05-10,"NTH","GMY",1940-05-14,"Win B","Begin Interstate War",5,"1,000+"
1940-05-21,"ITA","GRC",1940-10-25,"Unclear","Raid",4,"None"
1940-05-23,"RUS","ROM",1941-01-09,"Ongoing","Clash",4,"None"
1940-05-23,"RUS","ROM",1941-01-09,"Yield B","Clash",4,"None"
1940-05-29,"GMY","ARG",1940-05-29,"Statlemate","Raid",4,"None"
1940-06-05,"NEW","JPN",1941-05-01,"Ongoing","Fortify border",3,"None"
1940-06-05,"NEW","JPN",1941-05-01,"Statlemate","Fortify border",3,"None"
1940-06-10,"FRN","ITA",1940-06-25,"Win B","Begin Interstate War",5,"1,000+"
1940-06-10,"UKG","ITA",1943-09-03,"Ongoing","Begin Interstate War",5,"None"
1940-06-10,"UKG","ITA",1943-09-03,"Ongoing","Begin Interstate War",5,"None"
1940-06-10,"UKG","ITA",1943-09-03,"Ongoing","Begin Interstate War",5,"None"
1940-06-10,"UKG","ITA",1943-09-03,"Win A","Begin Interstate War",5,"1,000+"
1940-06-10,"CAN","ITA",1940-06-10,"Statlemate","Declaration of War",4,"None"
1940-06-10,"RUS","EST",1940-06-17,"Win A","Blockade",4,"None"
1940-06-11,"NEW","ITA",1943-09-03,"Ongoing","Begin Interstate War",5,"None"
1940-06-11,"NEW","ITA",1943-09-03,"Ongoing","Begin Interstate War",5,"None"
1940-06-11,"NEW","ITA",1943-09-03,"Ongoing","Begin Interstate War",5,"None"
1940-06-11,"NEW","ITA",1943-09-03,"Win A","Begin Interstate War",5,"1,000+"
1940-06-11,"AUL","ITA",1943-09-03,"Ongoing","Begin Interstate War",5,"None"
1940-06-11,"AUL","ITA",1943-09-03,"Ongoing","Begin Interstate War",5,"None"
1940-06-11,"AUL","ITA",1943-09-03,"Ongoing","Begin Interstate War",5,"None"
1940-06-11,"AUL","ITA",1943-09-03,"Win A","Begin Interstate War",5,"1,000+"
1940-06-11,"SAF","ITA",1943-09-03,"Ongoing","Begin Interstate War",5,"None"
1940-06-11,"SAF","ITA",1943-09-03,"Ongoing","Begin Interstate War",5,"None"
1940-06-11,"SAF","ITA",1943-09-03,"Ongoing","Begin Interstate War",5,"None"
1940-06-11,"SAF","ITA",1943-09-03,"Win A","Begin Interstate War",5,"1,000+"
1940-06-16,"ITA","EGY",1940-10-21,"Unclear","Raid",4,"None"
1940-06-25,"SPN","FRN",1940-07-01,"Unclear","Occupation of territory",4,"0-25"
1940-07-03,"UKG","FRN",1942-11-11,"Ongoing","Begin Interstate War",5,"None"
1940-07-03,"UKG","FRN",1942-11-11,"Ongoing","Begin Interstate War",5,"None"
1940-07-03,"UKG","FRN",1942-11-11,"Win A","Begin Interstate War",5,"1,000+"
1940-07-04,"UKG","FRN",1941-07-07,"Ongoing","Clash",4,"None"
1940-07-04,"UKG","FRN",1941-07-07,"Unclear","Clash",4,"None"
1940-07-14,"ITA","IRN",1940-07-14,"Statlemate","Raid",4,"None"
1940-07-14,"GMY","PAN",1940-12-27,"Statlemate","Raid",4,"None"
1940-07-16,"SPN","UKG",1940-10-22,"Statlemate","Clash",4,"None"
1940-07-25,"GMY","POR",1940-07-25,"Statlemate","Raid",4,"None"
1940-07-26,"UKG","ROM",1940-07-26,"Released","Seizure",4,"None"
1940-07-29,"THI","FRN",1941-01-22,"Ongoing","Raid",4,"None"
1940-07-29,"THI","FRN",1941-01-22,"Win A","Raid",4,"1,000+"
1940-08-01,"HUN","ROM",1940-08-30,"Yield B","Fortify border",3,"None"
1940-08-05,"UKG","ITA",1940-08-05,"Released","Seizure",4,"None"
1940-08-26,"GMY","RUS",1941-06-22,"Ongoing","Clash",4,"None"
1940-08-26,"GMY","RUS",1941-06-22,"Unclear","Raid",4,"None"
1940-08-28,"GMY","ROM",1941-06-22,"Ongoing","Occupation of territory",4,"None"
1940-08-28,"GMY","ROM",1941-06-22,"Yield B","Occupation of territory",4,"None"
1940-09-19,"ITA","PAN",1940-09-19,"Statlemate","Raid",4,"None"
1940-09-22,"JPN","FRN",1940-09-24,"Yield B","Begin Interstate War",5,"1,000+"
1940-09-22,"ITA","TUR",1940-10-20,"Released","Seizure",4,"None"
1940-10-05,"BUL","TUR",1941-02-20,"Ongoing","Clash",4,"None"
1940-10-05,"BUL","TUR",1941-02-20,"Statlemate","Clash",4,"None"
1940-10-10,"ITA","YUG",1940-12-31,"Statlemate","Seizure",4,"None"
1940-10-11,"BUL","GRC",1940-10-11,"Statlemate","Show of troops",3,"None"
1940-10-11,"GMY","BUL",1940-11-04,"Yield B","Fortify border",3,"None"
1940-10-11,"BUL","GMY",1940-11-04,"Yield B","Fortify border",3,"None"
1940-10-23,"TUR","BUL",1940-10-23,"Unclear","Threat to occupy terr.",2,"None"
1940-10-28,"GRC","ITA",1941-04-23,"Ongoing","Begin Interstate War",5,"None"
1940-10-28,"GRC","ITA",1941-04-23,"Win B","Begin Interstate War",5,"1,000+"
1940-11-24,"GMY","HUN",1940-11-24,"Statlemate","Raid",4,"None"
1940-12-03,"UKG","BRA",1940-12-16,"Released","Seizure",4,"None"
1941-01-08,"ROM","RUS",1941-01-08,"Statlemate","Threat to use force",2,"None"
1941-01-31,"UKG","GRC",1941-01-31,"Released","Seizure",4,"None"
1941-02-08,"UKG","BUL",1941-02-08,"Statlemate","Threat to use force",2,"None"
1941-03-01,"BUL","RUS",1941-12-13,"Unclear","Declaration of War",4,"None"
1941-03-20,"GMY","USA",1941-12-11,"Unclear","Declaration of War",4,"101-250"
1941-04-01,"HUN","YUG",1941-04-06,"Win A","Declaration of War",4,"None"
1941-04-01,"BUL","YUG",1941-04-06,"Win A","Declaration of War",4,"None"
1941-04-06,"YUG","HUN",1941-04-17,"Win B","Begin Interstate War",5,"1,000+"
1941-04-06,"GRC","GMY",1941-04-23,"Win B","Begin Interstate War",5,"1,000+"
1941-04-06,"YUG","ITA",1941-04-17,"Win B","Begin Interstate War",5,"1,000+"
1941-04-06,"YUG","GMY",1941-04-17,"Win B","Begin Interstate War",5,"1,000+"
1941-04-30,"UKG","IRQ",1941-05-23,"Win A","Clash",4,"None"
1941-05-05,"ETH","ITA",1941-11-21,"Win A","Begin Interstate War",5,"1,000+"
1941-05-14,"UKG","GMY",1941-05-23,"Win A","Clash",4,"None"
1941-05-19,"GMY","EGY",1941-05-19,"Statlemate","Raid",4,"None"
1941-06-01,"BUL","USA",1941-12-13,"Unclear","Declaration of War",4,"None"
1941-06-01,"BUL","UKG",1941-12-13,"Unclear","Declaration of War",4,"None"
1941-06-08,"AUS","FRN",1941-07-12,"Win A","Begin Interstate War",5,"1,000+"
1941-06-22,"RUS","GMY",1945-05-07,"Ongoing","Begin Interstate War",5,"None"
1941-06-22,"RUS","GMY",1945-05-07,"Ongoing","Begin Interstate War",5,"None"
1941-06-22,"RUS","GMY",1945-05-07,"Ongoing","Begin Interstate War",5,"None"
1941-06-22,"RUS","GMY",1945-05-07,"Ongoing","Begin Interstate War",5,"None"
1941-06-22,"RUS","GMY",1945-05-07,"Win A","Begin Interstate War",5,"1,000+"
1941-06-22,"RUS","ROM",1944-08-23,"Ongoing","Begin Interstate War",5,"None"
1941-06-22,"RUS","ROM",1944-08-23,"Ongoing","Begin Interstate War",5,"None"
1941-06-22,"RUS","ROM",1944-08-23,"Ongoing","Begin Interstate War",5,"None"
1941-06-22,"RUS","ROM",1944-08-23,"Win A","Begin Interstate War",5,"1,000+"
1941-06-25,"RUS","FIN",1944-09-19,"Ongoing","Begin Interstate War",5,"None"
1941-06-25,"RUS","FIN",1944-09-19,"Ongoing","Begin Interstate War",5,"None"
1941-06-25,"RUS","FIN",1944-09-19,"Ongoing","Begin Interstate War",5,"None"
1941-06-25,"RUS","FIN",1944-09-19,"Win A","Begin Interstate War",5,"1,000+"
1941-06-25,"RUS","FIN",1941-06-27,"Statlemate","Raid",4,"None"
1941-06-26,"RUS","SPN",1944-02-20,"Ongoing","Begin Interstate War",5,"None"
1941-06-26,"RUS","SPN",1944-02-20,"Ongoing","Begin Interstate War",5,"None"
1941-06-26,"RUS","SPN",1944-02-20,"Ongoing","Begin Interstate War",5,"None"
1941-06-26,"RUS","SPN",1944-02-20,"Win A","Begin Interstate War",5,"1,000+"
1941-06-27,"RUS","HUN",1945-01-20,"Ongoing","Begin Interstate War",5,"None"
1941-06-27,"RUS","HUN",1945-01-20,"Ongoing","Begin Interstate War",5,"None"
1941-06-27,"RUS","HUN",1945-01-20,"Ongoing","Begin Interstate War",5,"None"
1941-06-27,"RUS","HUN",1945-01-20,"Ongoing","Begin Interstate War",5,"None"
1941-06-27,"RUS","HUN",1945-01-20,"Win A","Begin Interstate War",5,"1,000+"
1941-07-30,"UKG","FIN",1941-12-07,"Statlemate","Declaration of War",4,"None"
1941-08-02,"JPN","THI",1941-12-08,"Win A","Raid",4,"None"
1941-08-19,"RUS","IRN",1941-08-31,"Win A","Raid",4,"None"
1941-09-19,"RUS","BUL",1941-10-07,"Statlemate","Border violation",3,"None"
1941-09-22,"GMY","BUL",1941-10-07,"Yield B","Threat to occupy terr.",2,"None"
1941-10-12,"GMY","POR",1941-12-31,"Statlemate","Raid",4,"None"
1941-12-07,"USA","JPN",1945-08-15,"Ongoing","Begin Interstate War",5,"None"
1941-12-07,"USA","JPN",1945-08-15,"Ongoing","Begin Interstate War",5,"None"
1941-12-07,"USA","JPN",1945-08-15,"Ongoing","Begin Interstate War",5,"None"
1941-12-07,"USA","JPN",1945-08-15,"Ongoing","Begin Interstate War",5,"None"
1941-12-07,"USA","JPN",1945-08-15,"Win A","Begin Interstate War",5,"1,000+"
1941-12-07,"NEW","HUN",1941-12-07,"Statlemate","Declaration of War",4,"None"
1941-12-07,"NEW","FIN",1941-12-07,"Statlemate","Declaration of War",4,"None"
1941-12-07,"CAN","ROM",1941-12-07,"Statlemate","Declaration of War",4,"None"
1941-12-07,"CAN","HUN",1941-12-07,"Statlemate","Declaration of War",4,"None"
1941-12-07,"UKG","ROM",1941-12-07,"Statlemate","Declaration of War",4,"None"
1941-12-07,"UKG","HUN",1941-12-07,"Statlemate","Declaration of War",4,"None"
1941-12-07,"NEW","ROM",1941-12-07,"Statlemate","Declaration of War",4,"None"
1941-12-07,"PAN","JPN",1941-12-07,"Statlemate","Declaration of War",4,"None"
1941-12-08,"CAN","JPN",1945-08-15,"Ongoing","Begin Interstate War",5,"None"
1941-12-08,"CAN","JPN",1945-08-15,"Ongoing","Begin Interstate War",5,"None"
1941-12-08,"CAN","JPN",1945-08-15,"Ongoing","Begin Interstate War",5,"None"
1941-12-08,"CAN","JPN",1945-08-15,"Ongoing","Begin Interstate War",5,"None"
1941-12-08,"CAN","JPN",1945-08-15,"Win A","Begin Interstate War",5,"1,000+"
1941-12-08,"UKG","JPN",1945-08-15,"Ongoing","Begin Interstate War",5,"None"
1941-12-08,"UKG","JPN",1945-08-15,"Ongoing","Begin Interstate War",5,"None"
1941-12-08,"UKG","JPN",1945-08-15,"Ongoing","Begin Interstate War",5,"None"
1941-12-08,"UKG","JPN",1945-08-15,"Ongoing","Begin Interstate War",5,"None"
1941-12-08,"UKG","JPN",1945-08-15,"Win A","Begin Interstate War",5,"1,000+"
1941-12-08,"NEW","JPN",1945-08-15,"Ongoing","Declaration of War",4,"None"
1941-12-08,"NEW","JPN",1945-08-15,"Ongoing","Begin Interstate War",5,"None"
1941-12-08,"NEW","JPN",1945-08-15,"Ongoing","Begin Interstate War",5,"None"
1941-12-08,"NEW","JPN",1945-08-15,"Ongoing","Begin Interstate War",5,"None"
1941-12-08,"NEW","JPN",1945-08-15,"Win A","Begin Interstate War",5,"1,000+"
1941-12-08,"AUL","FIN",1941-12-08,"Statlemate","Declaration of War",4,"None"
1941-12-08,"AUL","HUN",1941-12-08,"Statlemate","Declaration of War",4,"None"
1941-12-08,"USA","HUN",1942-06-05,"Ongoing","Declaration of War",4,"None"
1941-12-08,"USA","HUN",1942-06-05,"Statlemate","Declaration of War",4,"None"
1941-12-08,"AUS","ROM",1941-12-08,"Statlemate","Declaration of War",4,"None"
1941-12-08,"HAI","JPN",1941-12-08,"Statlemate","Declaration of War",4,"None"
1941-12-08,"NIC","JPN",1941-12-08,"Statlemate","Declaration of War",4,"None"
1941-12-08,"COS","JPN",1941-12-08,"Statlemate","Declaration of War",4,"None"
1941-12-08,"DOM","JPN",1941-12-08,"Statlemate","Declaration of War",4,"None"
1941-12-08,"SAL","JPN",1941-12-08,"Statlemate","Declaration of War",4,"None"
1941-12-08,"HON","JPN",1941-12-08,"Statlemate","Declaration of War",4,"None"
1941-12-09,"SAF","JPN",1945-08-15,"Ongoing","Begin Interstate War",5,"None"
1941-12-09,"SAF","JPN",1945-08-15,"Ongoing","Begin Interstate War",5,"None"
1941-12-09,"SAF","JPN",1945-08-15,"Ongoing","Begin Interstate War",5,"None"
1941-12-09,"SAF","JPN",1945-08-15,"Ongoing","Begin Interstate War",5,"None"
1941-12-09,"SAF","JPN",1945-08-15,"Win A","Begin Interstate War",5,"1,000+"
1941-12-09,"AUS","JPN",1945-08-15,"Ongoing","Declaration of War",4,"None"
1941-12-09,"AUS","JPN",1945-08-15,"Ongoing","Begin Interstate War",5,"None"
1941-12-09,"AUS","JPN",1945-08-15,"Ongoing","Begin Interstate War",5,"None"
1941-12-09,"AUS","JPN",1945-08-15,"Ongoing","Begin Interstate War",5,"None"
1941-12-09,"AUS","JPN",1945-08-15,"Win A","Begin Interstate War",5,"1,000+"
1941-12-09,"CUB","JPN",1941-12-09,"Statlemate","Declaration of War",4,"None"
1941-12-09,"GUA","JPN",1941-12-09,"Statlemate","Declaration of War",4,"None"
1941-12-11,"USA","GMY",1945-05-07,"Ongoing","Declaration of War",4,"None"
1941-12-11,"USA","GMY",1945-05-07,"Ongoing","Clash",4,"None"
1941-12-11,"USA","GMY",1945-05-07,"Ongoing","Begin Interstate War",5,"None"
1941-12-11,"USA","GMY",1945-05-07,"Ongoing","Begin Interstate War",5,"None"
1941-12-11,"USA","GMY",1945-05-07,"Win A","Begin Interstate War",5,"1,000+"
1941-12-11,"USA","ITA",1943-09-03,"Ongoing","Declaration of War",4,"None"
1941-12-11,"USA","ITA",1943-09-03,"Ongoing","Raid",4,"None"
1941-12-11,"USA","ITA",1943-09-03,"Win A","Begin Interstate War",5,"1,000+"
1941-12-11,"NIC","GMY",1941-12-11,"Statlemate","Declaration of War",4,"None"
1941-12-11,"NIC","ITA",1941-12-11,"Statlemate","Declaration of War",4,"None"
1941-12-11,"COS","GMY",1941-12-11,"Statlemate","Declaration of War",4,"None"
1941-12-11,"COS","ITA",1941-12-11,"Statlemate","Declaration of War",4,"None"
1941-12-11,"CUB","GMY",1941-12-11,"Statlemate","Declaration of War",4,"None"
1941-12-11,"CUB","ITA",1941-12-11,"Statlemate","Declaration of War",4,"None"
1941-12-11,"DOM","GMY",1941-12-11,"Statlemate","Declaration of War",4,"None"
1941-12-11,"DOM","ITA",1941-12-11,"Statlemate","Declaration of War",4,"None"
1941-12-11,"GUA","GMY",1941-12-11,"Statlemate","Declaration of War",4,"None"
1941-12-11,"GUA","ITA",1941-12-11,"Statlemate","Declaration of War",4,"None"
1941-12-12,"USA","ROM",1942-06-12,"Ongoing","Declaration of War",4,"None"
1941-12-12,"USA","ROM",1942-06-12,"Statlemate","Declaration of War",4,"None"
1941-12-12,"HAI","GMY",1941-12-12,"Statlemate","Declaration of War",4,"None"
1941-12-12,"HAI","ITA",1941-12-12,"Statlemate","Declaration of War",4,"None"
1941-12-12,"SAL","GMY",1941-12-12,"Statlemate","Declaration of War",4,"None"
1941-12-12,"SAL","ITA",1941-12-12,"Statlemate","Declaration of War",4,"None"
1941-12-12,"PAN","GMY",1941-12-12,"Statlemate","Declaration of War",4,"None"
1941-12-12,"PAN","ITA",1941-12-12,"Statlemate","Declaration of War",4,"None"
1941-12-13,"SAF","BUL",1941-12-13,"Statlemate","Declaration of War",4,"None"
1941-12-13,"USA","BUL",1942-06-05,"Ongoing","Declaration of War",4,"None"
1941-12-13,"USA","BUL",1942-06-05,"Statlemate","Declaration of War",4,"None"
1941-12-13,"UKG","BUL",1941-12-28,"Statlemate","Declaration of War",4,"None"
1941-12-13,"HON","GMY",1941-12-13,"Statlemate","Declaration of War",4,"None"
1941-12-13,"HON","ITA",1941-12-13,"Statlemate","Declaration of War",4,"None"
1941-12-17,"AUL","POR",1941-12-17,"Released","Seizure",4,"None"
1941-12-19,"NIC","BUL",1941-12-19,"Statlemate","Declaration of War",4,"None"
1941-12-19,"NIC","ROM",1941-12-19,"Statlemate","Declaration of War",4,"None"
1941-12-19,"NIC","HUN",1941-12-19,"Statlemate","Declaration of War",4,"None"
1941-12-20,"NIC","HUN",1941-12-20,"Unclear","Declaration of War",4,"None"
1941-12-20,"NIC","BUL",1941-12-20,"Unclear","Declaration of War",4,"None"
1941-12-20,"NIC","ROM",1941-12-20,"Unclear","Declaration of War",4,"None"
1941-12-24,"HAI","BUL",1941-12-24,"Statlemate","Declaration of War",4,"None"
1941-12-24,"HAI","ROM",1941-12-24,"Statlemate","Declaration of War",4,"None"
1941-12-24,"HAI","HUN",1941-12-24,"Statlemate","Declaration of War",4,"None"
1941-12-29,"NEW","BUL",1941-12-29,"Statlemate","Declaration of War",4,"None"
1942-01-01,"GMY","PAN",1942-10-30,"Statlemate","Raid",4,"None"
1942-01-06,"AUL","BUL",1942-01-06,"Statlemate","Declaration of War",4,"None"
1942-01-21,"CAN","FIN",1942-01-21,"Statlemate","Declaration of War",4,"None"
1942-01-25,"UKG","THI",1945-04-14,"Ongoing","Begin Interstate War",5,"None"
1942-01-25,"UKG","THI",1945-04-14,"Ongoing","Clash",4,"None"
1942-01-25,"UKG","THI",1945-04-14,"Ongoing","Clash",4,"None"
1942-01-25,"UKG","THI",1945-04-14,"Statlemate","Clash",4,"1,000+"
1942-01-25,"USA","THI",1942-02-05,"Statlemate","Declaration of War",4,"None"
1942-02-04,"UKG","EGY",1942-02-04,"Yield B","Show of troops",3,"None"
1942-02-11,"PER","ECU",1942-08-11,"Yield B","Occupation of territory",4,"None"
1942-02-12,"NEW","THI",1942-02-12,"Statlemate","Declaration of War",4,"None"
1942-02-24,"GMY","VEN",1942-02-24,"Statlemate","Raid",4,"None"
1942-03-02,"AUL","THI",1942-03-02,"Statlemate","Declaration of War",4,"None"
1942-03-16,"GMY","CHL",1942-03-16,"Statlemate","Raid",4,"None"
1942-03-21,"GMY","HON",1942-03-22,"Statlemate","Raid",4,"None"
1942-05-05,"SAF","FRN",1942-11-05,"Win A","Raid",4,"101-250"
1942-05-10,"CHN","THI",1942-05-17,"Statlemate","Begin Interstate War",5,"1,000+"
1942-05-22,"MEX","GMY",1942-05-22,"Statlemate","Declaration of War",4,"None"
1942-05-22,"MEX","ITA",1942-05-22,"Statlemate","Declaration of War",4,"None"
1942-05-22,"MEX","JPN",1942-05-22,"Statlemate","Declaration of War",4,"None"
1942-06-01,"GMY","ARG",1942-06-22,"Statlemate","Raid",4,"None"
1942-08-02,"ROM","HAI",1942-08-02,"Statlemate","Declaration of War",4,"None"
1942-08-13,"ITA","BUL",1942-10-30,"Statlemate","Clash",4,"None"
1942-08-16,"BRA","GMY",1942-08-22,"Statlemate","Declaration of War",4,"None"
1942-08-19,"CAN","GMY",1942-08-19,"Statlemate","Begin Interstate War",5,"1,000+"
1942-08-22,"BRA","ITA",1942-08-22,"Statlemate","Declaration of War",4,"None"
1942-08-22,"BRA","GMY",1943-02-22,"Ongoing","Declaration of War",4,"None"
1942-08-22,"BRA","GMY",1943-02-22,"Statlemate","Declaration of War",4,"None"
1942-08-22,"BRA","ITA",1943-02-22,"Ongoing","Declaration of War",4,"None"
1942-08-22,"BRA","ITA",1943-02-22,"Statlemate","Declaration of War",4,"None"
1942-11-08,"USA","FRN",1942-11-11,"Win A","Begin Interstate War",5,"1,000+"
1942-11-20,"USA","THI",1945-02-07,"Ongoing","Raid",4,"None"
1942-11-20,"USA","THI",1945-02-07,"Ongoing","Raid",4,"None"
1942-11-20,"USA","THI",1945-02-07,"Ongoing","Raid",4,"None"
1942-11-20,"USA","THI",1945-02-07,"Statlemate","Raid",4,"0-25"
1942-12-14,"ETH","GMY",1942-12-14,"Statlemate","Declaration of War",4,"None"
1942-12-14,"ETH","ITA",1942-12-14,"Statlemate","Declaration of War",4,"None"
1942-12-14,"ETH","JPN",1942-12-14,"Statlemate","Declaration of War",4,"None"
1943-01-17,"IRQ","GMY",1943-01-17,"Statlemate","Declaration of War",4,"None"
1943-01-17,"IRQ","JPN",1943-01-17,"Statlemate","Declaration of War",4,"None"
1943-01-17,"IRQ","ITA",1943-01-17,"Statlemate","Declaration of War",4,"None"
1943-01-18,"GMY","EGY",1943-01-18,"Statlemate","Raid",4,"None"
1943-02-01,"PER","ECU",1943-02-28,"Statlemate","Clash",4,"None"
1943-02-07,"GMY","SPN",1943-02-07,"Statlemate","Threat to occupy terr.",2,"None"
1943-03-01,"RUS","CHN",1943-06-30,"Statlemate","Raid",4,"None"
1943-07-04,"BOL","GMY",1943-07-04,"Statlemate","Declaration of War",4,"None"
1943-07-04,"BOL","JPN",1943-07-04,"Statlemate","Declaration of War",4,"None"
1943-07-04,"BOL","ITA",1943-07-04,"Statlemate","Declaration of War",4,"None"
1943-07-10,"CAN","ITA",1943-09-03,"Win A","Begin Interstate War",5,"1,000+"
1943-07-10,"CAN","GMY",1945-05-07,"Ongoing","Begin Interstate War",5,"None"
1943-07-10,"CAN","GMY",1945-05-07,"Ongoing","Begin Interstate War",5,"None"
1943-07-10,"CAN","GMY",1945-05-07,"Win A","Begin Interstate War",5,"1,000+"
1943-08-01,"USA","ROM",1943-08-01,"Statlemate","Raid",4,"2510-500"
1943-09-01,"THI","ITA",1943-09-30,"Released","Seizure",4,"None"
1943-09-08,"USA","ITA",1943-09-09,"Yield B","Threat to use force",2,"None"
1943-09-08,"UKG","ITA",1943-09-09,"Yield B","Threat to use force",2,"None"
1943-09-09,"SAU","GMY",1943-09-09,"Unclear","Declaration of War",4,"None"
1943-09-09,"SAU","JPN",1943-09-09,"Unclear","Declaration of War",4,"None"
1943-09-09,"IRN","GMY",1943-09-09,"Statlemate","Declaration of War",4,"None"
1943-09-09,"GMY","ITA",1945-05-07,"Ongoing","Begin Interstate War",5,"None"
1943-09-09,"GMY","ITA",1945-05-07,"Ongoing","Begin Interstate War",5,"None"
1943-09-09,"GMY","ITA",1945-05-07,"Win B","Begin Interstate War",5,"1,000+"
1943-09-09,"GMY","ITA",1943-10-18,"Unclear","Clash",4,"None"
1943-11-14,"UKG","BUL",1944-04-17,"Ongoing","Raid",4,"None"
1943-11-14,"UKG","BUL",1944-04-17,"Statlemate","Raid",4,"None"
1943-11-14,"USA","BUL",1944-04-17,"Ongoing","Raid",4,"None"
1943-11-14,"USA","BUL",1944-04-17,"Ongoing","Raid",4,"None"
1943-11-26,"COL","GMY",1944-05-26,"Ongoing","Declaration of War",4,"None"
1943-11-26,"COL","GMY",1944-05-26,"Statlemate","Declaration of War",4,"None"
1943-11-27,"GMY","COL",1943-11-28,"Statlemate","Raid",4,"None"
1943-12-11,"GMY","PAN",1943-12-11,"Statlemate","Raid",4,"None"
1943-12-18,"BUL","ITA",1944-05-08,"Ongoing","Begin Interstate War",5,"None"
1943-12-18,"BUL","ITA",1944-05-08,"Win A","Begin Interstate War",5,"1,000+"
1944-01-27,"LBR","GMY",1944-07-27,"Statlemate","Declaration of War",4,"None"
1944-01-27,"LBR","JPN",1944-07-27,"Statlemate","Declaration of War",4,"None"
1944-02-01,"GMY","HUN",1944-03-19,"Statlemate","Raid",4,"None"
1944-03-20,"FIN","GMY",1945-05-07,"Ongoing","Begin Interstate War",5,"None"
1944-03-20,"FIN","GMY",1945-05-07,"Win A","Begin Interstate War",5,"1,000+"
1944-04-05,"USA","ROM",1944-08-19,"Statlemate","Raid",4,"None"
1944-04-05,"UKG","ROM",1944-08-18,"Statlemate","Raid",4,"None"
1944-05-20,"RUS","BUL",1944-09-09,"Statlemate","Declaration of War",4,"None"
1944-07-06,"BRA","GMY",1944-07-06,"Unclear","Declaration of War",4,"None"
1944-07-06,"BRA","JPN",1944-07-06,"Unclear","Declaration of War",4,"None"
1944-07-16,"BRA","GMY",1945-05-07,"Ongoing","Begin Interstate War",5,"None"
1944-07-16,"BRA","GMY",1945-05-07,"Win A","Begin Interstate War",5,"1,000+"
1944-08-24,"ROM","GMY",1945-05-07,"Ongoing","Begin Interstate War",5,"None"
1944-08-24,"ROM","GMY",1945-05-07,"Win A","Begin Interstate War",5,"1,000+"
1944-08-24,"ROM","HUN",1945-01-20,"Ongoing","Begin Interstate War",5,"None"
1944-08-24,"ROM","HUN",1945-01-20,"Statlemate","Begin Interstate War",5,"1,000+"
1944-08-25,"FRN","GMY",1945-05-07,"Ongoing","Begin Interstate War",5,"None"
1944-08-25,"FRN","GMY",1945-05-07,"Win A","Begin Interstate War",5,"1,000+"
1944-08-25,"BUL","GMY",1945-05-07,"Ongoing","Begin Interstate War",5,"None"
1944-08-25,"BUL","GMY",1945-05-07,"Win A","Begin Interstate War",5,"1,000+"
1944-08-26,"GMY","BUL",1945-05-07,"Ongoing","Begin Interstate War",5,"None"
1944-08-26,"GMY","BUL",1945-05-07,"Win B","Begin Interstate War",5,"1,000+"
1944-09-13,"FRN","JPN",1944-09-13,"Statlemate","Fortify border",3,"None"
1944-11-07,"RUS","CHN",1945-08-14,"Ongoing","Clash",4,"None"
1944-11-07,"RUS","CHN",1945-08-14,"Compromise","Clash",4,"None"
1944-12-18,"GMY","HUN",1945-07-05,"Ongoing","Clash",4,"None"
1944-12-18,"GMY","HUN",1945-07-05,"Win B","Clash",4,"None"
1945-02-07,"PAR","GMY",1945-02-07,"Statlemate","Declaration of War",4,"None"
1945-02-07,"PAR","JPN",1945-02-07,"Statlemate","Declaration of War",4,"None"
1945-02-08,"VEN","GMY",1945-02-08,"Unclear","Declaration of War",4,"None"
1945-02-08,"VEN","JPN",1945-02-08,"Unclear","Declaration of War",4,"None"
1945-02-12,"PER","GMY",1945-05-07,"Statlemate","Declaration of War",4,"None"
1945-02-12,"PER","JPN",1945-08-12,"Statlemate","Declaration of War",4,"None"
1945-02-23,"TUR","GMY",1945-02-23,"Statlemate","Declaration of War",4,"None"
1945-02-23,"TUR","JPN",1945-02-23,"Statlemate","Declaration of War",4,"None"
1945-02-24,"EGY","GMY",1945-02-24,"Statlemate","Declaration of War",4,"None"
1945-02-24,"EGY","JPN",1945-02-24,"Statlemate","Declaration of War",4,"None"
1945-03-01,"SAU","JPN",1945-03-01,"Statlemate","Declaration of War",4,"None"
1945-03-01,"IRN","JPN",1945-03-01,"Statlemate","Declaration of War",4,"None"
1945-03-27,"ARG","GMY",1945-05-07,"Statlemate","Declaration of War",4,"None"
1945-03-27,"ARG","JPN",1945-08-14,"Statlemate","Declaration of War",4,"None"
1945-04-11,"CHL","JPN",1945-08-14,"Statlemate","Declaration of War",4,"None"
1945-05-17,"MEX","JPN",1945-09-15,"Win A","Raid",4,"None"
1945-06-06,"BRA","JPN",1945-06-06,"Statlemate","Declaration of War",4,"None"
1945-06-06,"BRA","JPN",1945-08-14,"Statlemate","Declaration of War",4,"None"
1945-08-08,"RUS","JPN",1945-09-15,"Win A","Begin Interstate War",5,"1,000+"
1945-10-06,"RUS","CHN",1946-05-03,"Ongoing","Occupation of territory",4,"None"
1945-10-06,"RUS","CHN",1946-05-03,"Unclear","Occupation of territory",4,"None"
1945-11-18,"RUS","IRN",1946-05-09,"Ongoing","Show of troops",3,"None"
1945-11-18,"RUS","IRN",1946-05-09,"Yield A","Show of troops",3,"None"
1945-12-04,"RUS","TUR",1946-10-04,"Ongoing","Mobilization",3,"None"
1945-12-04,"RUS","TUR",1946-10-04,"Statlemate","Mobilization",3,"None"
1946-03-01,"GRC","ALB",1947-04-16,"Ongoing","Raid",4,"None"
1946-03-01,"GRC","ALB",1947-04-16,"Statlemate","Raid",4,"None"
1946-04-01,"FRN","THI",1946-12-07,"Statlemate","Clash",4,"101-250"
1946-04-15,"RUS","USA",1946-10-04,"Statlemate","Show of troops",3,"None"
1946-05-15,"ALB","UKG",1946-11-13,"Statlemate","Raid",4,"26-100"
1946-08-02,"UKG","IRN",1946-08-03,"Statlemate","Show of Ships",3,"None"
1946-08-03,"UKG","RUS",1946-08-03,"Statlemate","Show of Ships",3,"None"
1946-08-09,"USA","YUG",1946-08-31,"Statlemate","Raid",4,"0-25"
1946-10-05,"UKG","YUG",1946-10-05,"Statlemate","Raid",4,"None"
1947-05-12,"RUS","CHN",1948-02-28,"Ongoing","Clash",4,"None"
1947-05-12,"RUS","CHN",1948-02-28,"Statlemate","Clash",4,"None"
1947-09-22,"IND","PAK",1947-11-10,"Win A","Show of troops",3,"None"
1947-09-26,"IND","PAK",1948-12-31,"Ongoing","Begin Interstate War",5,"None"
1947-09-26,"IND","PAK",1948-12-31,"Win A","Begin Interstate War",5,"1,000+"
1948-01-17,"UKG","CHL",1948-03-06,"Statlemate","Raid",4,"None"
1948-03-04,"NOR","ARG",1948-03-04,"Statlemate","Show of Ships",3,"None"
1948-03-21,"RUS","USA",1949-07-25,"Ongoing","Raid",4,"None"
1948-03-21,"RUS","USA",1949-07-25,"Statlemate","Raid",4,"None"
1948-03-21,"RUS","UKG",1949-07-25,"Ongoing","Raid",4,"None"
1948-03-21,"RUS","UKG",1949-07-25,"Statlemate","Raid",4,"None"
1948-03-21,"RUS","FRN",1949-07-25,"Ongoing","Raid",4,"None"
1948-03-21,"RUS","FRN",1949-07-25,"Statlemate","Raid",4,"None"
1948-04-19,"NIC","COS",1948-05-31,"Statlemate","Border violation",3,"None"
1948-05-14,"IRQ","ISR",1948-10-22,"Win B","Begin Interstate War",5,"1,000+"
1948-05-14,"EGY","ISR",1949-01-07,"Ongoing","Begin Interstate War",5,"None"
1948-05-14,"EGY","ISR",1949-01-07,"Win B","Begin Interstate War",5,"1,000+"
1948-05-14,"SYR","ISR",1948-10-31,"Win B","Begin Interstate War",5,"1,000+"
1948-05-14,"LEB","ISR",1948-10-31,"Win B","Begin Interstate War",5,"1,000+"
1948-05-14,"JOR","ISR",1949-03-10,"Ongoing","Begin Interstate War",5,"None"
1948-05-14,"JOR","ISR",1949-03-10,"Win B","Begin Interstate War",5,"1,000+"
1948-06-01,"EGY","JOR",1948-06-30,"Unclear","Clash",4,"None"
1948-07-21,"FRN","THI",1948-10-21,"Statlemate","Raid",4,"None"
1948-08-01,"GRC","ALB",1948-08-13,"Statlemate","Raid",4,"26-100"
1948-12-11,"NIC","COS",1949-03-09,"Ongoing","Clash",4,"None"
1948-12-11,"NIC","COS",1949-03-09,"Statlemate","Clash",4,"None"
1949-01-07,"ISR","UKG",1949-04-04,"Statlemate","Raid",4,"0-25"
1949-01-08,"ISR","JOR",1949-04-04,"Statlemate","Raid",4,"0-25"
1949-03-01,"AFG","PAK",1949-06-30,"Statlemate","Raid",4,"None"
1949-03-01,"YUG","ALB",1949-11-24,"Statlemate","Raid",4,"26-100"
1949-04-06,"ISR","SYR",1949-04-13,"Statlemate","Border violation",3,"None"
1949-04-14,"PAK","IND",1949-07-19,"Statlemate","Raid",4,"None"
1949-04-26,"SYR","JOR",1949-08-14,"Statlemate","Show of troops",3,"None"
1949-05-05,"PRK","ROK",1949-08-10,"Statlemate","Clash",4,"None"
1949-05-19,"SYR","LEB",1949-08-14,"Statlemate","Raid",4,"None"
1949-06-15,"IRQ","JOR",1949-08-14,"Statlemate","Show of troops",3,"None"
1949-07-01,"UKG","YAR",1949-09-09,"Win A","Raid",4,"None"
1949-08-08,"GRC","ALB",1949-08-13,"Statlemate","Raid",4,"26-100"
1949-08-13,"RUS","YUG",1951-11-24,"Ongoing","Raid",4,"None"
1949-08-13,"RUS","YUG",1951-11-24,"Ongoing","Raid",4,"None"
1949-08-13,"RUS","YUG",1951-11-24,"Statlemate","Raid",4,"26-100"
1949-08-23,"HUN","YUG",1951-11-24,"Ongoing","Raid",4,"None"
1949-08-23,"HUN","YUG",1951-11-24,"Ongoing","Raid",4,"None"
1949-08-23,"HUN","YUG",1951-11-24,"Statlemate","Raid",4,"26-100"
1949-09-25,"DOM","HAI",1950-01-31,"Ongoing","Border violation",3,"None"
1949-09-25,"DOM","HAI",1950-01-31,"Statlemate","Border violation",3,"None"
1949-10-01,"TAW","CHN",1950-08-07,"Ongoing","Raid",4,"None"
1949-10-01,"TAW","CHN",1950-08-07,"Statlemate","Raid",4,"0-25"
1949-10-01,"CHN","USA",1950-01-24,"Ongoing","Seizure",4,"None"
1949-10-01,"CHN","USA",1950-01-24,"Released","Seizure",4,"None"
1949-10-02,"TAW","USA",1950-02-27,"Ongoing","Seizure",4,"None"
1949-10-02,"TAW","USA",1950-02-27,"Released","Seizure",4,"None"
1949-10-18,"TAW","UKG",1949-11-16,"Released","Seizure",4,"None"
1949-12-14,"FRN","CHN",1949-12-14,"Statlemate","Border violation",3,"None"
1949-12-23,"EGY","ISR",1950-01-07,"Ongoing","Clash",4,"None"
1949-12-23,"EGY","ISR",1950-01-07,"Statlemate","Clash",4,"None"
1950-01-01,"TAW","MYA",1953-05-23,"Ongoing","Clash",4,"None"
1950-01-01,"TAW","MYA",1953-05-23,"Ongoing","Clash",4,"None"
1950-01-01,"TAW","MYA",1953-05-23,"Ongoing","Clash",4,"None"
1950-01-01,"TAW","MYA",1953-05-23,"Statlemate","Clash",4,"2510-500"
1950-01-28,"ROM","YUG",1951-11-24,"Ongoing","Raid",4,"None"
1950-01-28,"ROM","YUG",1951-11-24,"Statlemate","Raid",4,"26-100"
1950-02-16,"SYR","ISR",1950-09-04,"Statlemate","Raid",4,"0-25"
1950-02-23,"IND","PAK",1950-06-13,"Statlemate","Clash",4,"26-100"
1950-04-19,"GRC","BUL",1950-04-19,"Statlemate","Border violation",3,"None"
1950-04-20,"ISR","JOR",1956-10-26,"Ongoing","Raid",4,"None"
1950-04-20,"ISR","JOR",1956-10-26,"Ongoing","Raid",4,"None"
1950-04-20,"ISR","JOR",1956-10-26,"Ongoing","Raid",4,"None"
1950-04-20,"ISR","JOR",1956-10-26,"Ongoing","Raid",4,"None"
1950-04-20,"ISR","JOR",1956-10-26,"Ongoing","Raid",4,"None"
1950-04-20,"ISR","JOR",1956-10-26,"Ongoing","Raid",4,"None"
1950-04-20,"ISR","JOR",1956-10-26,"Statlemate","Raid",4,"101-250"
1950-05-03,"RUS","UKG",1950-09-27,"Statlemate","Seizure",4,"None"
1950-06-05,"TAW","UKG",1950-07-15,"Statlemate","Raid",4,"None"
1950-06-17,"AFG","PAK",1950-10-05,"Statlemate","Clash",4,"101-250"
1950-06-24,"PRK","ROK",1953-07-27,"Ongoing","Begin Interstate War",5,"None"
1950-06-24,"PRK","ROK",1953-07-27,"Ongoing","Begin Interstate War",5,"None"
1950-06-24,"PRK","ROK",1953-07-27,"Ongoing","Begin Interstate War",5,"None"
1950-06-24,"PRK","ROK",1953-07-27,"Statlemate","Begin Interstate War",5,"1,000+"
1950-06-27,"PRK","USA",1953-07-27,"Ongoing","Begin Interstate War",5,"None"
1950-06-27,"PRK","USA",1953-07-27,"Ongoing","Begin Interstate War",5,"None"
1950-06-27,"PRK","USA",1953-07-27,"Ongoing","Begin Interstate War",5,"None"
1950-06-27,"PRK","USA",1953-07-27,"Statlemate","Begin Interstate War",5,"1,000+"
1950-06-27,"USA","CHN",1950-08-07,"Statlemate","Raid",4,"0-25"
1950-06-28,"PRK","UKG",1953-07-27,"Ongoing","Begin Interstate War",5,"None"
1950-06-28,"PRK","UKG",1953-07-27,"Ongoing","Begin Interstate War",5,"None"
1950-06-28,"PRK","UKG",1953-07-27,"Ongoing","Begin Interstate War",5,"None"
1950-06-28,"PRK","UKG",1953-07-27,"Statlemate","Begin Interstate War",5,"1,000+"
1950-06-29,"PRK","CAN",1953-07-27,"Ongoing","Mobilization",3,"None"
1950-06-29,"PRK","CAN",1953-07-27,"Ongoing","Begin Interstate War",5,"None"
1950-06-29,"PRK","CAN",1953-07-27,"Ongoing","Begin Interstate War",5,"None"
1950-06-29,"PRK","CAN",1953-07-27,"Statlemate","Begin Interstate War",5,"1,000+"
1950-06-29,"PRK","NEW",1953-07-27,"Ongoing","Begin Interstate War",5,"None"
1950-06-29,"PRK","NEW",1953-07-27,"Ongoing","Begin Interstate War",5,"None"
1950-06-29,"PRK","NEW",1953-07-27,"Ongoing","Begin Interstate War",5,"None"
1950-06-29,"PRK","NEW",1953-07-27,"Statlemate","Begin Interstate War",5,"1,000+"
1950-07-01,"PRK","AUL",1953-07-27,"Ongoing","Begin Interstate War",5,"None"
1950-07-01,"PRK","AUL",1953-07-27,"Ongoing","Begin Interstate War",5,"None"
1950-07-01,"PRK","AUL",1953-07-27,"Ongoing","Begin Interstate War",5,"None"
1950-07-01,"PRK","AUL",1953-07-27,"Statlemate","Begin Interstate War",5,"1,000+"
1950-07-06,"BUL","YUG",1951-11-24,"Ongoing","Raid",4,"None"
1950-07-06,"BUL","YUG",1951-11-24,"Statlemate","Raid",4,"26-100"
1950-07-12,"SYR","ISR",1950-07-12,"Yield B","Seizure",4,"None"
1950-08-17,"UKG","CHN",1950-08-24,"Statlemate","Clash",4,"None"
1950-09-16,"PRK","PHI",1953-07-27,"Ongoing","Begin Interstate War",5,"None"
1950-09-16,"PRK","PHI",1953-07-27,"Ongoing","Begin Interstate War",5,"None"
1950-09-16,"PRK","PHI",1953-07-27,"Ongoing","Begin Interstate War",5,"None"
1950-09-16,"PRK","PHI",1953-07-27,"Statlemate","Begin Interstate War",5,"1,000+"
1950-09-30,"CHN","USA",1953-07-27,"Ongoing","Begin Interstate War",5,"None"
1950-09-30,"CHN","USA",1953-07-27,"Ongoing","Begin Interstate War",5,"None"
1950-09-30,"CHN","USA",1953-07-27,"Ongoing","Begin Interstate War",5,"None"
1950-09-30,"CHN","USA",1953-07-27,"Statlemate","Begin Interstate War",5,"1,000+"
1950-09-30,"CHN","CAN",1953-07-27,"Ongoing","Mobilization",3,"None"
1950-09-30,"CHN","CAN",1953-07-27,"Ongoing","Begin Interstate War",5,"None"
1950-09-30,"CHN","CAN",1953-07-27,"Ongoing","Begin Interstate War",5,"None"
1950-09-30,"CHN","CAN",1953-07-27,"Statlemate","Begin Interstate War",5,"1,000+"
1950-09-30,"CHN","UKG",1953-07-27,"Ongoing","Begin Interstate War",5,"None"
1950-09-30,"CHN","UKG",1953-07-27,"Ongoing","Begin Interstate War",5,"None"
1950-09-30,"CHN","UKG",1953-07-27,"Ongoing","Begin Interstate War",5,"None"
1950-09-30,"CHN","UKG",1953-07-27,"Statlemate","Begin Interstate War",5,"1,000+"
1950-09-30,"CHN","ROK",1953-07-27,"Ongoing","Begin Interstate War",5,"None"
1950-09-30,"CHN","ROK",1953-07-27,"Ongoing","Begin Interstate War",5,"None"
1950-09-30,"CHN","ROK",1953-07-27,"Ongoing","Begin Interstate War",5,"None"
1950-09-30,"CHN","ROK",1953-07-27,"Statlemate","Begin Interstate War",5,"1,000+"
1950-09-30,"CHN","PHI",1953-07-27,"Ongoing","Mobilization",3,"None"
1950-09-30,"CHN","PHI",1953-07-27,"Ongoing","Begin Interstate War",5,"None"
1950-09-30,"CHN","PHI",1953-07-27,"Ongoing","Begin Interstate War",5,"None"
1950-09-30,"CHN","PHI",1953-07-27,"Statlemate","Begin Interstate War",5,"1,000+"
1950-09-30,"CHN","AUL",1953-07-27,"Ongoing","Begin Interstate War",5,"None"
1950-09-30,"CHN","AUL",1953-07-27,"Ongoing","Begin Interstate War",5,"None"
1950-09-30,"CHN","AUL",1953-07-27,"Ongoing","Begin Interstate War",5,"None"
1950-09-30,"CHN","AUL",1953-07-27,"Statlemate","Begin Interstate War",5,"1,000+"
1950-09-30,"CHN","NEW",1953-07-27,"Ongoing","Mobilization",3,"None"
1950-09-30,"CHN","NEW",1953-07-27,"Ongoing","Begin Interstate War",5,"None"
1950-09-30,"CHN","NEW",1953-07-27,"Ongoing","Begin Interstate War",5,"None"
1950-09-30,"CHN","NEW",1953-07-27,"Statlemate","Begin Interstate War",5,"1,000+"
1950-10-09,"SYR","ISR",1952-07-13,"Ongoing","Raid",4,"None"
1950-10-09,"SYR","ISR",1952-07-13,"Ongoing","Raid",4,"None"
1950-10-09,"SYR","ISR",1952-07-13,"Statlemate","Raid",4,"26-100"
1950-10-18,"CHN","TUR",1953-07-27,"Ongoing","Begin Interstate War",5,"None"
1950-10-18,"CHN","TUR",1953-07-27,"Ongoing","Begin Interstate War",5,"None"
1950-10-18,"CHN","TUR",1953-07-27,"Ongoing","Begin Interstate War",5,"None"
1950-10-18,"CHN","TUR",1953-07-27,"Statlemate","Begin Interstate War",5,"1,000+"
1950-10-18,"PRK","TUR",1953-07-27,"Ongoing","Begin Interstate War",5,"None"
1950-10-18,"PRK","TUR",1953-07-27,"Ongoing","Begin Interstate War",5,"None"
1950-10-18,"PRK","TUR",1953-07-27,"Ongoing","Begin Interstate War",5,"None"
1950-10-18,"PRK","TUR",1953-07-27,"Statlemate","Begin Interstate War",5,"1,000+"
1950-10-21,"PER","ECU",1950-10-21,"Statlemate","Mobilization",3,"None"
1950-11-06,"ISR","EGY",1951-04-07,"Ongoing","Raid",4,"None"
1950-11-06,"ISR","EGY",1951-04-07,"Yield B","Raid",4,"None"
1950-11-07,"CHN","THI",1953-07-27,"Ongoing","Raid",4,"None"
1950-11-07,"CHN","THI",1953-07-27,"Ongoing","Begin Interstate War",5,"None"
1950-11-07,"CHN","THI",1953-07-27,"Ongoing","Begin Interstate War",5,"None"
1950-11-07,"CHN","THI",1953-07-27,"Statlemate","Begin Interstate War",5,"1,000+"
1950-11-07,"PRK","THI",1953-07-27,"Ongoing","Raid",4,"None"
1950-11-07,"PRK","THI",1953-07-27,"Ongoing","Begin Interstate War",5,"None"
1950-11-07,"PRK","THI",1953-07-27,"Ongoing","Begin Interstate War",5,"None"
1950-11-07,"PRK","THI",1953-07-27,"Statlemate","Begin Interstate War",5,"1,000+"
1950-11-16,"CHN","IND",1950-11-20,"Statlemate","Fortify border",3,"None"
1950-11-23,"FRN","CHN",1950-11-23,"Statlemate","Clash",4,"0-25"
1950-12-05,"CHN","NTH",1953-07-27,"Ongoing","Begin Interstate War",5,"None"
1950-12-05,"CHN","NTH",1953-07-27,"Ongoing","Begin Interstate War",5,"None"
1950-12-05,"CHN","NTH",1953-07-27,"Ongoing","Begin Interstate War",5,"None"
1950-12-05,"CHN","NTH",1953-07-27,"Statlemate","Begin Interstate War",5,"1,000+"
1950-12-05,"PRK","NTH",1953-07-27,"Ongoing","Begin Interstate War",5,"None"
1950-12-05,"PRK","NTH",1953-07-27,"Ongoing","Begin Interstate War",5,"None"
1950-12-05,"PRK","NTH",1953-07-27,"Ongoing","Begin Interstate War",5,"None"
1950-12-05,"PRK","NTH",1953-07-27,"Statlemate","Begin Interstate War",5,"1,000+"
1950-12-09,"CHN","GRC",1953-07-27,"Ongoing","Begin Interstate War",5,"None"
1950-12-09,"CHN","GRC",1953-07-27,"Ongoing","Begin Interstate War",5,"None"
1950-12-09,"CHN","GRC",1953-07-27,"Ongoing","Begin Interstate War",5,"None"
1950-12-09,"CHN","GRC",1953-07-27,"Statlemate","Begin Interstate War",5,"1,000+"
1950-12-09,"PRK","GRC",1953-07-27,"Ongoing","Begin Interstate War",5,"None"
1950-12-09,"PRK","GRC",1953-07-27,"Ongoing","Begin Interstate War",5,"None"
1950-12-09,"PRK","GRC",1953-07-27,"Ongoing","Begin Interstate War",5,"None"
1950-12-09,"PRK","GRC",1953-07-27,"Statlemate","Begin Interstate War",5,"1,000+"
1951-01-01,"CHN","FRN",1953-07-27,"Ongoing","Begin Interstate War",5,"None"
1951-01-01,"CHN","FRN",1953-07-27,"Ongoing","Begin Interstate War",5,"None"
1951-01-01,"CHN","FRN",1953-07-27,"Statlemate","Begin Interstate War",5,"1,000+"
1951-01-01,"PRK","FRN",1953-07-27,"Ongoing","Begin Interstate War",5,"None"
1951-01-01,"PRK","FRN",1953-07-27,"Ongoing","Begin Interstate War",5,"None"
1951-01-01,"PRK","FRN",1953-07-27,"Statlemate","Begin Interstate War",5,"1,000+"
1951-01-20,"CHN","BEL",1953-07-27,"Ongoing","Begin Interstate War",5,"None"
1951-01-20,"CHN","BEL",1953-07-27,"Ongoing","Begin Interstate War",5,"None"
1951-01-20,"CHN","BEL",1953-07-27,"Statlemate","Begin Interstate War",5,"1,000+"
1951-01-20,"PRK","BEL",1953-07-27,"Ongoing","Begin Interstate War",5,"None"
1951-01-20,"PRK","BEL",1953-07-27,"Ongoing","Begin Interstate War",5,"None"
1951-01-20,"PRK","BEL",1953-07-27,"Statlemate","Begin Interstate War",5,"1,000+"
1951-02-13,"CHN","UKG",1951-06-08,"Statlemate","Raid",4,"None"
1951-02-16,"CHN","USA",1952-10-16,"Ongoing","Clash",4,"None"
1951-02-16,"CHN","USA",1952-10-16,"Statlemate","Clash",4,"0-25"
1951-02-16,"CHN","TAW",1952-10-16,"Ongoing","Clash",4,"None"
1951-02-16,"CHN","TAW",1952-10-16,"Statlemate","Clash",4,"0-25"
1951-03-13,"IND","PAK",1951-08-14,"Statlemate","Clash",4,"0-25"
1951-03-18,"TAW","UKG",1951-05-22,"Statlemate","Seizure",4,"None"
1951-04-16,"HUN","USA",1951-11-24,"Statlemate","Raid",4,"26-100"
1951-04-16,"BUL","USA",1951-11-24,"Statlemate","Raid",4,"26-100"
1951-04-16,"ROM","USA",1951-11-24,"Statlemate","Raid",4,"26-100"
1951-04-16,"RUS","USA",1951-11-24,"Statlemate","Show of troops",3,"None"
1951-04-22,"CHN","LUX",1953-04-21,"Ongoing","Raid",4,"None"
1951-04-22,"CHN","LUX",1953-04-21,"Ongoing","Raid",4,"None"
1951-04-22,"CHN","LUX",1953-04-21,"Statlemate","Raid",4,"1,000+"
1951-04-22,"PRK","LUX",1953-04-21,"Ongoing","Raid",4,"None"
1951-04-22,"PRK","LUX",1953-04-21,"Ongoing","Raid",4,"None"
1951-04-22,"PRK","LUX",1953-04-21,"Statlemate","Raid",4,"1,000+"
1951-05-01,"CHN","ETH",1953-07-27,"Ongoing","Begin Interstate War",5,"None"
1951-05-01,"CHN","ETH",1953-07-27,"Ongoing","Begin Interstate War",5,"None"
1951-05-01,"CHN","ETH",1953-07-27,"Statlemate","Begin Interstate War",5,"1,000+"
1951-05-01,"PRK","ETH",1953-07-27,"Ongoing","Begin Interstate War",5,"None"
1951-05-01,"PRK","ETH",1953-07-27,"Ongoing","Begin Interstate War",5,"None"
1951-05-01,"PRK","ETH",1953-07-27,"Statlemate","Begin Interstate War",5,"1,000+"
1951-05-08,"AFG","PAK",1951-05-08,"Statlemate","Raid",4,"None"
1951-05-17,"UKG","IRN",1951-09-08,"Yield A","Show of Ships",3,"None"
1951-06-06,"CHN","COL",1953-07-27,"Ongoing","Begin Interstate War",5,"None"
1951-06-06,"CHN","COL",1953-07-27,"Ongoing","Begin Interstate War",5,"None"
1951-06-06,"CHN","COL",1953-07-27,"Statlemate","Begin Interstate War",5,"1,000+"
1951-06-06,"PRK","COL",1953-07-27,"Ongoing","Begin Interstate War",5,"None"
1951-06-06,"PRK","COL",1953-07-27,"Ongoing","Begin Interstate War",5,"None"
1951-06-06,"PRK","COL",1953-07-27,"Statlemate","Begin Interstate War",5,"1,000+"
1951-06-06,"UKG","RUS",1951-09-08,"Yield A","Show of troops",3,"None"
1951-08-02,"IRN","RUS",1951-08-02,"Statlemate","Raid",4,"None"
1951-08-11,"PER","ECU",1951-08-15,"Statlemate","Clash",4,"0-25"
1951-08-16,"INS","NTH",1951-12-14,"Statlemate","Seizure",4,"None"
1951-09-19,"ISR","EGY",1952-07-02,"Ongoing","Raid",4,"None"
1951-09-19,"ISR","EGY",1952-07-02,"Yield B","Raid",4,"101-250"
1951-10-13,"UKG","EGY",1952-01-26,"Ongoing","Clash",4,"None"
1951-10-13,"UKG","EGY",1952-01-26,"Win A","Clash",4,"26-100"
1951-11-19,"PRK","SAF",1953-07-23,"Ongoing","Raid",4,"None"
1951-11-19,"PRK","SAF",1953-07-23,"Ongoing","Raid",4,"None"
1951-11-19,"PRK","SAF",1953-07-23,"Statlemate","Raid",4,"1,000+"
1951-12-16,"SYR","ISR",1952-06-29,"Ongoing","Raid",4,"None"
1951-12-16,"SYR","ISR",1952-06-29,"Statlemate","Raid",4,"0-25"
1951-12-20,"EGY","ISR",1951-12-20,"Statlemate","Border violation",3,"None"
1951-12-28,"SYR","ISR",1951-12-28,"Statlemate","Raid",4,"None"
1952-01-01,"CHN","SAF",1953-07-23,"Ongoing","Raid",4,"None"
1952-01-01,"CHN","SAF",1953-07-23,"Statlemate","Raid",4,"1,000+"
1952-01-09,"ISR","SYR",1952-04-25,"Released","Seizure",4,"None"
1952-02-15,"THI","FRN",1952-03-07,"Statlemate","Alert",3,"None"
1952-05-01,"TUR","BUL",1952-05-01,"Statlemate","Clash",4,"None"
1952-06-08,"ITA","ALB",1952-06-14,"Statlemate","Border violation",3,"None"
1952-06-30,"HUN","YUG",1952-10-26,"Statlemate","Raid",4,"0-25"
1952-07-01,"ARG","CHL",1952-09-30,"Yield B","Occupation of territory",4,"None"
1952-07-15,"RUS","YUG",1952-10-26,"Statlemate","Raid",4,"0-25"
1952-07-23,"YUG","ALB",1952-07-31,"Unclear","Raid",4,"0-25"
1952-07-26,"BUL","GRC",1952-08-13,"Win A","Raid",4,"0-25"
1952-08-01,"ECU","USA",1952-10-30,"Released","Seizure",4,"None"
1952-09-15,"BUL","YUG",1952-10-26,"Statlemate","Raid",4,"0-25"
1952-09-25,"CHN","UKG",1952-10-03,"Statlemate","Clash",4,"None"
1952-10-01,"ROM","YUG",1952-10-26,"Statlemate","Raid",4,"0-25"
1952-10-04,"IND","PAK",1952-11-02,"Statlemate","Raid",4,"None"
1952-12-24,"EGY","ISR",1954-03-26,"Ongoing","Seizure",4,"None"
1952-12-24,"EGY","ISR",1954-03-26,"Ongoing","Seizure",4,"None"
1952-12-24,"EGY","ISR",1954-03-26,"Statlemate","Seizure",4,"None"
1953-01-24,"ISR","EGY",1956-10-06,"Ongoing","Raid",4,"None"
1953-01-24,"ISR","EGY",1956-10-06,"Ongoing","Raid",4,"None"
1953-01-24,"ISR","EGY",1956-10-06,"Ongoing","Raid",4,"None"
1953-01-24,"ISR","EGY",1956-10-06,"Statlemate","Raid",4,"101-250"
1953-02-01,"SYR","ISR",1958-01-22,"Ongoing","Raid",4,"None"
1953-02-01,"SYR","ISR",1958-01-22,"Ongoing","Raid",4,"None"
1953-02-01,"SYR","ISR",1958-01-22,"Ongoing","Raid",4,"None"
1953-02-01,"SYR","ISR",1958-01-22,"Ongoing","Raid",4,"None"
1953-02-01,"SYR","ISR",1958-01-22,"Ongoing","Raid",4,"None"
1953-02-01,"SYR","ISR",1958-01-22,"Statlemate","Raid",4,"26-100"
1953-02-03,"ROK","JPN",1954-02-27,"Ongoing","Raid",4,"None"
1953-02-03,"ROK","JPN",1954-02-27,"Statlemate","Raid",4,"None"
1953-02-11,"USA","CHN",1956-01-19,"Ongoing","Show of Ships",3,"None"
1953-02-11,"USA","CHN",1956-01-19,"Ongoing","Show of Ships",3,"None"
1953-02-11,"USA","CHN",1956-01-19,"Ongoing","Show of Ships",3,"None"
1953-02-11,"USA","CHN",1956-01-19,"Statlemate","Show of Ships",3,"26-100"
1953-02-11,"TAW","CHN",1956-01-19,"Ongoing","Raid",4,"None"
1953-02-11,"TAW","CHN",1956-01-19,"Ongoing","Begin Interstate War",5,"None"
1953-02-11,"TAW","CHN",1956-01-19,"Ongoing","Begin Interstate War",5,"None"
1953-02-11,"TAW","CHN",1956-01-19,"Win B","Raid",4,"1,000+"
1953-02-13,"ROK","CHN",1953-02-13,"Statlemate","Clash",4,"26-100"
1953-02-22,"SYR","ISR",1953-10-28,"Statlemate","Raid",4,"None"
1953-02-27,"ECU","PER",1953-07-13,"Statlemate","Border violation",3,"None"
1953-03-10,"USA","CZE",1953-03-31,"Statlemate","Raid",4,"0-25"
1953-03-12,"USA","RUS",1953-03-31,"Statlemate","Raid",4,"0-25"
1953-03-12,"UKG","CZE",1953-03-31,"Statlemate","Raid",4,"0-25"
1953-03-12,"UKG","RUS",1953-03-31,"Statlemate","Raid",4,"0-25"
1953-05-11,"INS","NTH",1953-09-23,"Statlemate","Clash",4,"26-100"
1953-05-24,"TAW","UKG",1953-11-25,"Statlemate","Seizure",4,"None"
1953-06-24,"TAW","RUS",1953-06-24,"Released","Seizure",4,"None"
1953-08-01,"USA","CHN",1953-09-02,"Statlemate","Border violation",3,"None"
1953-08-28,"YUG","ITA",1953-12-20,"Statlemate","Show of troops",3,"None"
1953-09-09,"CHN","UKG",1953-09-09,"Statlemate","Raid",4,"None"
1953-09-10,"TAW","CZE",1953-09-10,"Released","Seizure",4,"None"
1953-09-20,"TAW","MYA",1953-10-29,"Yield A","Clash",4,"101-250"
1953-10-16,"MYA","THI",1953-10-28,"Statlemate","Raid",4,"None"
1953-10-17,"RUS","JPN",1954-06-20,"Ongoing","Seizure",4,"None"
1953-10-17,"RUS","JPN",1954-06-20,"Statlemate","Seizure",4,"None"
1953-11-01,"THI","CAM",1954-05-31,"Ongoing","Occupation of territory",4,"None"
1953-11-01,"THI","CAM",1954-05-31,"Win A","Occupation of territory",4,"None"
1953-12-14,"CHN","JPN",1954-07-04,"Ongoing","Raid",4,"None"
1953-12-14,"CHN","JPN",1954-07-04,"Statlemate","Raid",4,"None"
1954-01-13,"PRK","ROK",1956-11-10,"Ongoing","Clash",4,"None"
1954-01-13,"PRK","ROK",1956-11-10,"Ongoing","Clash",4,"None"
1954-01-13,"PRK","ROK",1956-11-10,"Statlemate","Clash",4,"26-100"
1954-01-24,"PER","ECU",1954-10-31,"Statlemate","Seizure",4,"None"
1954-02-01,"PRK","USA",1956-11-10,"Ongoing","Raid",4,"None"
1954-02-01,"PRK","USA",1956-11-10,"Ongoing","Raid",4,"None"
1954-02-01,"PRK","USA",1956-11-10,"Statlemate","Raid",4,"26-100"
1954-02-04,"ROK","RUS",1954-08-08,"Statlemate","Show of Ships",3,"None"
1954-02-28,"SYR","ISR",1954-02-28,"Statlemate","Raid",4,"None"
1954-03-28,"THI","MYA",1954-04-05,"Statlemate","Raid",4,"None"
1954-04-01,"NIC","COS",1955-02-24,"Ongoing","Clash",4,"None"
1954-04-01,"NIC","COS",1955-02-24,"Compromise","Clash",4,"None"
1954-04-06,"SYR","ISR",1955-02-25,"Ongoing","Clash",4,"None"
1954-04-06,"SYR","ISR",1955-02-25,"Statlemate","Clash",4,"0-25"
1954-05-02,"TAW","RUS",1954-11-20,"Released","Seizure",4,"None"
1954-05-21,"YUG","ITA",1954-05-22,"Released","Raid",4,"None"
1954-06-29,"IND","CHN",1954-09-19,"Statlemate","Border violation",3,"None"
1954-07-23,"USA","CHN",1954-07-27,"Statlemate","Clash",4,"None"
1954-07-23,"CHN","UKG",1954-07-23,"Statlemate","Raid",4,"None"
1954-07-30,"ROK","JPN",1954-07-30,"Statlemate","Occupation of territory",4,"None"
1954-08-01,"NIC","USA",1954-08-01,"Compromise","Blockade",4,"None"
1954-08-04,"USA","RUS",1954-08-08,"Statlemate","Show of Ships",3,"None"
1954-08-07,"POR","IND",1955-06-08,"Ongoing","Alert",3,"None"
1954-08-07,"POR","IND",1955-06-08,"Statlemate","Alert",3,"None"
1954-08-15,"SYR","ISR",1954-12-28,"Released","Seizure",4,"None"
1954-08-24,"TAW","CHN",1955-11-27,"Ongoing","Raid",4,"None"
1954-08-24,"TAW","CHN",1955-11-27,"Statlemate","Raid",4,"None"
1954-09-15,"RUS","FIN",1954-09-15,"Statlemate","Border violation",3,"None"
1954-10-12,"TAW","POL",1954-11-20,"Released","Seizure",4,"None"
1955-01-07,"PRK","TAW",1955-11-07,"Statlemate","Raid",4,"26-100"
1955-01-19,"TAW","UKG",1955-01-19,"Statlemate","Raid",4,"None"
1955-01-29,"PER","USA",1955-02-28,"Released","Seizure",4,"None"
1955-02-01,"CHN","PAK",1955-02-01,"Released","Seizure",4,"None"
1955-03-03,"THI","MYA",1955-03-29,"Statlemate","Raid",4,"None"
1955-03-15,"ALB","ITA",1955-04-09,"Released","Seizure",4,"None"
1955-03-24,"RUS","JPN",1957-11-19,"Ongoing","Seizure",4,"None"
1955-03-24,"RUS","JPN",1957-11-19,"Ongoing","Seizure",4,"None"
1955-03-24,"RUS","JPN",1957-11-19,"Statlemate","Seizure",4,"None"
1955-03-26,"SYR","TUR",1955-03-30,"Statlemate","Border violation",3,"None"
1955-03-29,"PAK","AFG",1955-05-04,"Statlemate","Mobilization",3,"None"
1955-03-29,"ECU","USA",1955-04-30,"Released","Seizure",4,"None"
1955-03-29,"ISR","SYR",1955-03-31,"Statlemate","Raid",4,"None"
1955-05-07,"PAK","IND",1955-07-12,"Statlemate","Clash",4,"0-25"
1955-05-11,"CHN","USA",1955-05-11,"Statlemate","Clash",4,"None"
1955-06-25,"IND","CHN",1955-11-05,"Statlemate","Border violation",3,"None"
1955-07-27,"BUL","ISR",1955-07-27,"Statlemate","Raid",4,"None"
1955-08-03,"ROK","JPN",1955-12-03,"Statlemate","Seizure",4,"None"
1955-08-04,"ARG","CHL",1955-09-30,"Yield B","Occupation of territory",4,"None"
1955-08-04,"ISR","SYR",1955-08-04,"Released","Seizure",4,"None"
1955-09-01,"EGY","ISR",1956-11-06,"Ongoing","Raid",4,"None"
1955-09-01,"EGY","ISR",1956-11-06,"Win B","Begin Interstate War",5,"1,000+"
1955-10-14,"SYR","ISR",1958-02-01,"Ongoing","Raid",4,"None"
1955-10-14,"SYR","ISR",1958-02-01,"Ongoing","Raid",4,"None"
1955-10-14,"SYR","ISR",1958-02-01,"Ongoing","Raid",4,"None"
1955-10-14,"SYR","ISR",1958-02-01,"Statlemate","Raid",4,"0-25"
1955-11-03,"TUR","SYR",1956-12-10,"Ongoing","Clash",4,"None"
1955-11-03,"TUR","SYR",1956-12-10,"Statlemate","Clash",4,"0-25"
1955-11-28,"UKG","SAU",1956-02-13,"Ongoing","Border violation",3,"None"
1955-11-28,"UKG","SAU",1956-02-13,"Statlemate","Border violation",3,"None"
1955-12-25,"CHN","ROK",1955-12-25,"Statlemate","Clash",4,"None"
1956-01-30,"NOR","RUS",1956-02-07,"Statlemate","Seizure",4,"None"
1956-02-01,"RVN","CAM",1956-02-28,"Statlemate","Raid",4,"None"
1956-02-17,"PAK","IND",1956-03-26,"Statlemate","Clash",4,"0-25"
1956-03-18,"PAK","IND",1956-03-26,"Statlemate","Clash",4,"26-100"
1956-05-19,"AFG","PAK",1956-05-19,"Statlemate","Raid",4,"0-25"
1956-06-03,"UKG","YAR",1958-09-06,"Ongoing","Raid",4,"None"
1956-06-03,"UKG","YAR",1958-09-06,"Ongoing","Raid",4,"None"
1956-06-03,"UKG","YAR",1958-09-06,"Win A","Raid",4,"None"
1956-06-07,"CHN","IND",1956-10-03,"Statlemate","Show of troops",3,"None"
1956-07-22,"TAW","CHN",1956-08-08,"Statlemate","Seizure",4,"None"
1956-07-30,"CHN","MYA",1956-12-12,"Compromise","Clash",4,"None"
1956-07-31,"EGY","UKG",1956-11-06,"Win A","Begin Interstate War",5,"1,000+"
1956-08-02,"EGY","FRN",1956-11-06,"Win A","Begin Interstate War",5,"1,000+"
1956-08-22,"CHN","USA",1956-08-23,"Statlemate","Raid",4,"None"
1956-08-30,"CHN","RVN",1956-10-04,"Statlemate","Raid",4,"None"
1956-09-23,"TAW","GFR",1956-09-23,"Statlemate","Raid",4,"None"
1956-10-04,"TAW","PHI",1956-10-04,"Statlemate","Show of Ships",3,"None"
1956-10-12,"ISR","UKG",1956-10-26,"Statlemate","Clash",4,"101-250"
1956-10-17,"RUS","POL",1956-10-21,"Win A","Raid",4,"None"
1956-10-20,"RUS","HUN",1956-11-14,"Win A","Begin Interstate War",5,"1,000+"
1956-11-05,"RUS","UKG",1956-11-06,"Win A","Threat to use force",2,"None"
1956-11-05,"RUS","FRN",1956-11-06,"Win A","Threat to use force",2,"None"
1956-11-05,"RUS","ISR",1956-11-06,"Statlemate","Threat to use force",2,"None"
1956-11-06,"RUS","USA",1956-11-06,"Win A","Alert",3,"None"
1957-01-01,"JOR","ISR",1959-01-22,"Ongoing","Clash",4,"None"
1957-01-01,"JOR","ISR",1959-01-22,"Ongoing","Clash",4,"None"
1957-01-01,"JOR","ISR",1959-01-22,"Statlemate","Clash",4,"26-100"
1957-01-12,"SAU","ISR",1957-11-07,"Statlemate","Raid",4,"None"
1957-03-19,"PAK","IND",1957-03-19,"Statlemate","Border violation",3,"None"
1957-04-03,"ISR","EGY",1961-04-28,"Ongoing","Raid",4,"None"
1957-04-03,"ISR","EGY",1961-04-28,"Ongoing","Raid",4,"None"
1957-04-03,"ISR","EGY",1961-04-28,"Ongoing","Raid",4,"None"
1957-04-03,"ISR","EGY",1961-04-28,"Ongoing","Raid",4,"None"
1957-04-03,"ISR","EGY",1961-04-28,"Statlemate","Raid",4,"101-250"
1957-04-13,"SYR","JOR",1957-11-19,"Statlemate","Clash",4,"26-100"
1957-04-17,"SYR","IRQ",1957-05-26,"Statlemate","Clash",4,"26-100"
1957-04-19,"NIC","HON",1957-06-23,"Compromise","Clash",4,"None"
1957-04-25,"RUS","USA",1957-11-19,"Statlemate","Show of Ships",3,"None"
1957-04-25,"SYR","USA",1957-11-19,"Statlemate","Show of Ships",3,"None"
1957-05-03,"COS","NIC",1957-06-23,"Statlemate","Show of troops",3,"None"
1957-05-31,"FRN","TUN",1958-06-17,"Ongoing","Clash",4,"None"
1957-05-31,"FRN","TUN",1958-06-17,"Compromise","Clash",4,"26-100"
1957-06-12,"USA","CHN",1957-06-13,"Statlemate","Clash",4,"None"
1957-06-12,"TAW","CHN",1957-06-13,"Statlemate","Clash",4,"None"
1957-07-29,"USA","CZE",1957-07-29,"Statlemate","Border violation",3,"None"
1957-09-13,"RUS","TUR",1957-11-19,"Statlemate","Show of Ships",3,"None"
1957-09-13,"RUS","JOR",1957-11-19,"Statlemate","Show of Ships",3,"None"
1957-09-20,"IND","MYA",1957-09-20,"Statlemate","Show of troops",3,"None"
1957-10-13,"EGY","USA",1957-11-19,"Statlemate","Show of Ships",3,"None"
1957-10-13,"EGY","TUR",1957-11-19,"Statlemate","Clash",4,"26-100"
1957-10-13,"SYR","TUR",1957-11-19,"Statlemate","Clash",4,"26-100"
1957-10-13,"EGY","JOR",1957-11-19,"Statlemate","Show of troops",3,"None"
1957-11-07,"INS","NTH",1959-02-27,"Ongoing","Seizure",4,"None"
1957-11-07,"INS","NTH",1959-02-27,"Ongoing","Seizure",4,"None"
1957-11-07,"INS","NTH",1959-02-27,"Statlemate","Seizure",4,"None"
1957-11-23,"MOR","SPN",1958-02-24,"Ongoing","Raid",4,"None"
1957-11-23,"MOR","SPN",1958-02-24,"Win B","Raid",4,"2510-500"
1958-01-01,"ROK","JPN",1964-01-29,"Ongoing","Raid",4,"None"
1958-01-01,"ROK","JPN",1964-01-29,"Ongoing","Raid",4,"None"
1958-01-01,"ROK","JPN",1964-01-29,"Ongoing","Raid",4,"None"
1958-01-01,"ROK","JPN",1964-01-29,"Ongoing","Raid",4,"None"
1958-01-01,"ROK","JPN",1964-01-29,"Ongoing","Raid",4,"None"
1958-01-01,"ROK","JPN",1964-01-29,"Ongoing","Raid",4,"None"
1958-01-01,"ROK","JPN",1964-01-29,"Statlemate","Raid",4,"None"
1958-01-01,"ALB","UKG",1958-01-04,"Released","Seizure",4,"None"
1958-01-07,"ALB","USA",1958-01-10,"Released","Seizure",4,"None"
1958-02-01,"EGY","SUD",1958-02-25,"Statlemate","Seizure",4,"None"
1958-02-01,"EGY","ISR",1960-06-09,"Ongoing","Alert",3,"None"
1958-02-01,"EGY","ISR",1960-06-09,"Ongoing","Alert",3,"None"
1958-02-01,"EGY","ISR",1960-06-09,"Statlemate","Alert",3,"0-25"
1958-02-10,"MOR","FRN",1958-02-24,"Win B","Raid",4,"2510-500"
1958-03-05,"JOR","SYR",1958-03-05,"Statlemate","Raid",4,"None"
1958-03-05,"TUR","SYR",1958-04-13,"Statlemate","Clash",4,"None"
1958-03-07,"PRK","USA",1961-10-17,"Ongoing","Raid",4,"None"
1958-03-07,"PRK","USA",1961-10-17,"Ongoing","Raid",4,"None"
1958-03-07,"PRK","USA",1961-10-17,"Ongoing","Raid",4,"None"
1958-03-07,"PRK","USA",1961-10-17,"Statlemate","Raid",4,"26-100"
1958-03-07,"PRK","ROK",1961-10-17,"Ongoing","Raid",4,"None"
1958-03-07,"PRK","ROK",1961-10-17,"Ongoing","Raid",4,"None"
1958-03-07,"PRK","ROK",1961-10-17,"Ongoing","Raid",4,"None"
1958-03-07,"PRK","ROK",1961-10-17,"Statlemate","Raid",4,"26-100"
1958-03-11,"PAK","IND",1959-08-02,"Ongoing","Clash",4,"None"
1958-03-11,"PAK","IND",1959-08-02,"Statlemate","Clash",4,"26-100"
1958-04-01,"CHL","ARG",1958-08-19,"Statlemate","Raid",4,"None"
1958-05-07,"CHN","JPN",1958-05-07,"Statlemate","Seizure",4,"None"
1958-05-14,"USA","EGY",1958-10-24,"Unclear","Show of Ships",3,"None"
1958-05-17,"USA","RUS",1958-10-24,"Unclear","Show of Ships",3,"None"
1958-05-30,"RVN","CAM",1958-07-01,"Statlemate","Raid",4,"None"
1958-06-02,"BEL","GDR",1958-06-30,"Released","Seizure",4,"None"
1958-06-04,"RUS","JPN",1958-10-05,"Statlemate","Seizure",4,"None"
1958-06-08,"USA","GDR",1958-07-19,"Released","Seizure",4,"None"
1958-06-27,"RUS","USA",1958-07-07,"Released","Raid",4,"None"
1958-07-02,"CHN","IND",1958-11-01,"Statlemate","Occupation of territory",4,"None"
1958-07-14,"UKG","RUS",1958-10-24,"Unclear","Alert",3,"None"
1958-07-14,"UKG","EGY",1958-10-24,"Unclear","Alert",3,"None"
1958-07-15,"USA","IRQ",1958-10-24,"Unclear","Show of Ships",3,"None"
1958-07-15,"UKG","IRQ",1958-10-24,"Unclear","Alert",3,"None"
1958-07-15,"TUR","IRQ",1958-07-31,"Statlemate","Alert",3,"None"
1958-07-17,"UKG","IRQ",1958-10-22,"Statlemate","Show of troops",3,"None"
1958-07-17,"UKG","EGY",1958-10-22,"Statlemate","Show of troops",3,"None"
1958-07-22,"CHN","USA",1958-12-19,"Statlemate","Clash",4,"None"
1958-07-22,"CHN","TAW",1958-12-19,"Statlemate","Begin Interstate War",5,"1,000+"
1958-08-05,"THI","CAM",1959-02-09,"Ongoing","Seizure",4,"None"
1958-08-05,"THI","CAM",1959-02-09,"Statlemate","Seizure",4,"None"
1958-08-27,"CHN","UKG",1958-08-27,"Statlemate","Border violation",3,"None"
1958-09-08,"RUS","USA",1958-09-08,"Statlemate","Show of Ships",3,"None"
1958-09-08,"RUS","TAW",1958-09-08,"Statlemate","Clash",4,"None"
1958-09-14,"ISR","EGY",1958-09-18,"Released","Seizure",4,"None"
1958-11-03,"ARG","CHL",1958-11-03,"Statlemate","Border violation",3,"None"
1958-11-07,"RUS","USA",1959-06-23,"Ongoing","Seizure",4,"None"
1958-11-07,"RUS","USA",1959-06-23,"Statlemate","Seizure",4,"None"
1958-11-07,"RUS","UKG",1959-06-23,"Ongoing","Seizure",4,"None"
1958-11-07,"RUS","UKG",1959-06-23,"Statlemate","Seizure",4,"None"
1958-11-07,"RUS","FRN",1959-06-23,"Ongoing","Seizure",4,"None"
1958-11-07,"RUS","FRN",1959-06-23,"Statlemate","Seizure",4,"None"
1958-11-07,"RUS","USA",1958-11-07,"Statlemate","Raid",4,"None"
1958-11-10,"EGY","ISR",1961-09-01,"Ongoing","Raid",4,"None"
1958-11-10,"EGY","ISR",1961-09-01,"Ongoing","Raid",4,"None"
1958-11-10,"EGY","ISR",1961-09-01,"Ongoing","Raid",4,"None"
1958-11-10,"EGY","ISR",1961-09-01,"Statlemate","Raid",4,"26-100"
1958-12-05,"DRV","LAO",1960-01-05,"Ongoing","Clash",4,"None"
1958-12-05,"DRV","LAO",1960-01-05,"Ongoing","Clash",4,"None"
1958-12-05,"DRV","LAO",1960-01-05,"Statlemate","Clash",4,"None"
1958-12-29,"GUA","USA",1958-12-29,"Statlemate","Raid",4,"0-25"
1958-12-29,"GUA","MEX",1959-01-29,"Ongoing","Raid",4,"None"
1958-12-29,"GUA","MEX",1959-01-29,"Statlemate","Raid",4,"0-25"
1959-01-27,"RUS","JPN",1959-08-24,"Statlemate","Seizure",4,"None"
1959-02-09,"FRN","TUN",1959-08-15,"Statlemate","Clash",4,"0-25"
1959-02-14,"ROK","JPN",1959-02-14,"Statlemate","Alert",3,"None"
1959-02-28,"RVN","CHN",1959-02-28,"Statlemate","Seizure",4,"None"
1959-02-28,"PHI","RUS",1959-03-06,"Released","Seizure",4,"None"
1959-03-10,"IRQ","EGY",1959-03-15,"Statlemate","Raid",4,"None"
1959-03-16,"RUS","IRN",1959-06-18,"Statlemate","Border violation",3,"None"
1959-03-20,"CHN","TAW",1959-05-11,"Released","Seizure",4,"None"
1959-03-28,"BRA","RUS",1959-03-28,"Statlemate","Threat to use force",2,"None"
1959-04-10,"IND","PAK",1959-04-12,"Released","Raid",4,"None"
1959-04-23,"JOR","EGY",1959-04-24,"Statlemate","Raid",4,"None"
1959-05-21,"CHN","MYA",1959-09-07,"Statlemate","Raid",4,"None"
1959-05-24,"ISR","EGY",1959-08-20,"Released","Seizure",4,"None"
1959-06-07,"TUR","EGY",1959-08-04,"Statlemate","Raid",4,"None"
1959-06-13,"MYA","THI",1959-06-13,"Statlemate","Raid",4,"None"
1959-06-20,"RVN","CAM",1959-06-20,"Statlemate","Clash",4,"0-25"
1959-06-23,"IND","CHN",1961-10-31,"Ongoing","Clash",4,"None"
1959-06-23,"IND","CHN",1961-10-31,"Ongoing","Clash",4,"None"
1959-06-23,"IND","CHN",1961-10-31,"Statlemate","Clash",4,"None"
1959-06-23,"CUB","DOM",1959-07-24,"Statlemate","Show of Ships",3,"None"
1959-07-01,"VEN","DOM",1959-07-24,"Statlemate","Threat to use force",2,"None"
1959-08-15,"ISR","JOR",1961-08-20,"Ongoing","Clash",4,"None"
1959-08-15,"ISR","JOR",1961-08-20,"Ongoing","Clash",4,"None"
1959-08-15,"ISR","JOR",1961-08-20,"Statlemate","Clash",4,"26-100"
1959-08-16,"CHL","ARG",1959-09-29,"Statlemate","Show of troops",3,"None"
1959-08-29,"PAK","MYA",1959-08-29,"Statlemate","Raid",4,"None"
1959-09-22,"IRN","IRQ",1960-01-21,"Ongoing","Raid",4,"None"
1959-09-22,"IRN","IRQ",1960-01-21,"Statlemate","Raid",4,"0-25"
1959-10-01,"EGY","IRQ",1959-10-01,"Statlemate","Show of troops",3,"None"
1959-10-07,"EGY","ISR",1960-08-22,"Ongoing","Raid",4,"None"
1959-10-07,"EGY","ISR",1960-08-22,"Statlemate","Raid",4,"None"
1959-12-15,"EGY","JOR",1959-12-15,"Statlemate","Clash",4,"None"
1959-12-26,"PAR","ARG",1959-12-28,"Statlemate","Clash",4,"0-25"
1959-12-28,"ROK","RUS",1959-12-30,"Statlemate","Raid",4,"0-25"
1960-01-10,"CHN","ROK",1960-01-10,"Statlemate","Raid",4,"None"
1960-03-01,"FRN","TUN",1960-05-28,"Statlemate","Clash",4,"26-100"
1960-03-19,"CAM","RVN",1960-03-19,"Statlemate","Threat to use force",2,"None"
1960-03-24,"ARG","CHL",1960-03-24,"Statlemate","Border violation",3,"None"
1960-04-15,"INS","NTH",1962-08-15,"Ongoing","Raid",4,"None"
1960-04-15,"INS","NTH",1962-08-15,"Ongoing","Raid",4,"None"
1960-04-15,"INS","NTH",1962-08-15,"Yield B","Raid",4,"26-100"
1960-04-22,"CUB","USA",1961-04-26,"Ongoing","Raid",4,"None"
1960-04-22,"CUB","USA",1961-04-26,"Statlemate","Raid",4,"None"
1960-05-01,"USA","RUS",1960-07-18,"Released","Raid",4,"None"
1960-05-01,"NOR","RUS",1960-05-30,"Released","Raid",4,"None"
1960-05-08,"TUR","RUS",1960-05-30,"Released","Raid",4,"None"
1960-05-08,"JPN","RUS",1960-05-08,"Released","Raid",4,"None"
1960-05-08,"PAK","RUS",1960-05-30,"Released","Raid",4,"None"
1960-05-27,"USA","CHN",1960-05-27,"Statlemate","Show of planes",3,"None"
1960-07-05,"BEL","DRC",1960-09-02,"Yield A","Raid",4,"None"
1960-07-06,"EGY","ISR",1960-07-13,"Released","Seizure",4,"None"
1960-07-09,"RUS","USA",1961-04-26,"Ongoing","Show of troops",3,"None"
1960-07-09,"RUS","USA",1961-04-26,"Statlemate","Show of troops",3,"None"
1960-07-16,"RUS","JPN",1960-09-07,"Statlemate","Seizure",4,"None"
1960-07-31,"RUS","BEL",1960-07-31,"Yield B","Threat to use force",2,"None"
1960-08-14,"ETH","SOM",1961-09-14,"Ongoing","Raid",4,"None"
1960-08-14,"ETH","SOM",1961-09-14,"Statlemate","Raid",4,"None"
1960-08-25,"LAO","THI",1960-10-19,"Statlemate","Raid",4,"None"
1960-09-23,"AFG","PAK",1960-10-31,"Statlemate","Clash",4,"None"
1960-09-25,"AUS","ITA",1960-09-25,"Statlemate","Border violation",3,"None"
1960-09-25,"AUS","HUN",1960-09-25,"Statlemate","Border violation",3,"None"
1960-09-26,"JOR","EGY",1960-09-30,"Statlemate","Raid",4,"None"
1960-09-28,"FRN","MOR",1960-09-28,"Statlemate","Raid",4,"None"
1960-10-08,"USA","AUS",1960-10-08,"Statlemate","Border violation",3,"None"
1960-11-08,"DRV","RVN",1960-11-08,"Statlemate","Clash",4,"101-250"
1960-11-21,"DRC","GHA",1960-11-22,"Statlemate","Border violation",3,"None"
1960-12-15,"PAK","IND",1961-04-13,"Ongoing","Border violation",3,"None"
1960-12-15,"PAK","IND",1961-04-13,"Statlemate","Border violation",3,"None"
1960-12-16,"RUS","LAO",1961-04-20,"Ongoing","Border violation",4,"None"
1960-12-16,"RUS","LAO",1961-04-20,"Statlemate","Border violation",4,"None"
1960-12-27,"LAO","DRV",1961-01-06,"Ongoing","Border violation",3,"None"
1960-12-27,"LAO","DRV",1961-01-06,"Statlemate","Border violation",3,"None"
1960-12-29,"DRV","LAO",1961-04-20,"Ongoing","Raid",4,"None"
1960-12-29,"DRV","LAO",1961-04-20,"Statlemate","Raid",4,"None"
1961-01-01,"DRV","USA",1961-04-20,"Statlemate","Raid",4,"None"
1961-01-01,"RUS","JPN",1961-09-30,"Released","Seizure",4,"None"
1961-01-19,"MOR","SPN",1961-01-19,"Statlemate","Border violation",3,"None"
1961-02-12,"EGY","ISR",1961-08-15,"Statlemate","Raid",4,"None"
1961-03-31,"DEN","UKG",1961-03-31,"Released","Seizure",4,"None"
1961-04-02,"RUS","USA",1961-04-20,"Statlemate","Alert",3,"None"
1961-04-02,"CHN","USA",1961-04-20,"Statlemate","Alert",3,"None"
1961-04-02,"CHN","LAO",1961-04-20,"Statlemate","Threat to use force",2,"None"
1961-04-04,"RVN","CHN",1961-04-04,"Statlemate","Seizure",4,"None"
1961-04-20,"RUS","THI",1961-04-20,"Statlemate","Border violation",4,"None"
1961-04-20,"CHN","THI",1961-04-20,"Statlemate","Threat to use force",2,"None"
1961-04-20,"DRV","THI",1961-04-20,"Statlemate","Raid",4,"None"
1961-05-02,"USA","DOM",1961-11-25,"Yield B","Show of Ships",3,"None"
1961-05-19,"AFG","PAK",1961-09-03,"Statlemate","Clash",4,"101-250"
1961-06-11,"RUS","JPN",1962-04-27,"Ongoing","Seizure",4,"None"
1961-06-11,"RUS","JPN",1962-04-27,"Ongoing","Seizure",4,"None"
1961-06-11,"JPN","RUS",1962-04-27,"Ongoing","Seizure",4,"None"
1961-06-11,"JPN","RUS",1962-04-27,"Ongoing","Seizure",4,"None"
1961-06-11,"RUS","JPN",1962-04-27,"Statlemate","Seizure",4,"None"
1961-06-11,"JPN","RUS",1962-04-27,"Statlemate","Seizure",4,"None"
1961-06-18,"CAM","THI",1961-12-28,"Statlemate","Alert",3,"None"
1961-06-25,"IRQ","KUW",1962-02-28,"Ongoing","Raid",4,"None"
1961-06-25,"IRQ","KUW",1962-02-28,"Statlemate","Raid",4,"None"
1961-06-26,"IRQ","UKG",1962-02-28,"Ongoing","Raid",4,"None"
1961-06-26,"IRQ","UKG",1962-02-28,"Statlemate","Raid",4,"None"
1961-06-29,"IRQ","IRN",1961-06-29,"Statlemate","Raid",4,"None"
1961-07-01,"IRQ","SAU",1962-02-28,"Ongoing","Raid",4,"None"
1961-07-01,"IRQ","SAU",1962-02-28,"Statlemate","Raid",4,"None"
1961-07-19,"TUN","FRN",1961-09-05,"Compromise","Clash",4,"101-250"
1961-07-25,"USA","RUS",1961-10-28,"Statlemate","Blockade",4,"None"
1961-08-13,"USA","GDR",1961-10-28,"Statlemate","Blockade",4,"None"
1961-08-13,"UKG","GDR",1961-10-28,"Statlemate","Blockade",4,"None"
1961-08-13,"UKG","RUS",1961-10-28,"Statlemate","Blockade",4,"None"
1961-08-13,"FRN","GDR",1961-10-28,"Statlemate","Blockade",4,"None"
1961-08-13,"FRN","RUS",1961-10-28,"Statlemate","Blockade",4,"None"
1961-08-13,"GFR","GDR",1961-10-28,"Statlemate","Clash",4,"None"
1961-08-13,"GFR","RUS",1961-10-28,"Statlemate","Blockade",4,"None"
1961-08-17,"IND","POR",1961-12-19,"Win A","Raid",4,"26-100"
1961-09-10,"IRQ","TUN",1962-02-28,"Ongoing","Raid",4,"None"
1961-09-10,"IRQ","TUN",1962-02-28,"Statlemate","Raid",4,"None"
1961-09-10,"IRQ","SUD",1962-02-28,"Ongoing","Raid",4,"None"
1961-09-10,"IRQ","SUD",1962-02-28,"Statlemate","Raid",4,"None"
1961-09-10,"IRQ","EGY",1962-02-28,"Ongoing","Raid",4,"None"
1961-09-10,"IRQ","EGY",1962-02-28,"Statlemate","Raid",4,"None"
1961-09-10,"IRQ","JOR",1962-02-28,"Ongoing","Raid",4,"None"
1961-09-10,"IRQ","JOR",1962-02-28,"Statlemate","Raid",4,"None"
1961-09-27,"SYR","ISR",1966-11-27,"Ongoing","Raid",4,"None"
1961-09-27,"SYR","ISR",1966-11-27,"Ongoing","Raid",4,"None"
1961-09-27,"SYR","ISR",1966-11-27,"Ongoing","Raid",4,"None"
1961-09-27,"SYR","ISR",1966-11-27,"Ongoing","Raid",4,"None"
1961-09-27,"SYR","ISR",1966-11-27,"Ongoing","Raid",4,"None"
1961-09-27,"SYR","ISR",1966-11-27,"Statlemate","Raid",4,"26-100"
1961-10-15,"SYR","ISR",1963-09-08,"Ongoing","Raid",4,"None"
1961-10-15,"SYR","ISR",1963-09-08,"Ongoing","Raid",4,"None"
1961-10-15,"SYR","ISR",1963-09-08,"Statlemate","Raid",4,"26-100"
1961-10-18,"USA","POL",1961-10-28,"Statlemate","Mobilization",3,"None"
1961-10-18,"USA","CZE",1961-10-28,"Statlemate","Mobilization",3,"None"
1961-10-18,"UKG","POL",1961-10-28,"Statlemate","Show of troops",3,"None"
1961-10-18,"UKG","CZE",1961-10-28,"Statlemate","Show of troops",3,"None"
1961-10-18,"FRN","POL",1961-10-28,"Statlemate","Show of troops",3,"None"
1961-10-18,"FRN","CZE",1961-10-28,"Statlemate","Show of troops",3,"None"
1961-10-18,"GFR","POL",1961-10-28,"Statlemate","Show of troops",3,"None"
1961-10-18,"GFR","CZE",1961-10-28,"Statlemate","Show of troops",3,"None"
1961-11-02,"IND","CHN",1962-12-26,"Ongoing","Border violation",3,"None"
1961-11-02,"IND","CHN",1962-12-26,"Statlemate","Begin Interstate War",5,"1,000+"
1961-11-03,"SPN","MOR",1961-11-03,"Statlemate","Raid",4,"None"
1961-11-19,"GDR","GFR",1962-08-14,"Ongoing","Clash",4,"None"
1961-11-19,"GDR","GFR",1962-08-14,"Statlemate","Clash",4,"0-25"
1961-12-01,"POR","SEN",1961-12-31,"Statlemate","Border violation",3,"None"
1961-12-01,"USA","DRV",1962-02-26,"Ongoing","Show of troops",3,"None"
1961-12-01,"USA","DRV",1962-02-26,"Statlemate","Show of troops",3,"None"
1962-01-06,"CHN","LAO",1964-07-31,"Ongoing","Raid",4,"None"
1962-01-06,"CHN","LAO",1964-07-31,"Ongoing","Raid",4,"None"
1962-01-06,"CHN","LAO",1964-07-31,"Compromise","Raid",4,"1,000+"
1962-01-06,"DRV","LAO",1973-04-17,"Ongoing","Raid",4,"None"
1962-01-06,"DRV","LAO",1973-04-17,"Ongoing","Raid",4,"None"
1962-01-06,"DRV","LAO",1973-04-17,"Ongoing","Raid",4,"None"
1962-01-06,"DRV","LAO",1973-04-17,"Ongoing","Raid",4,"None"
1962-01-06,"DRV","LAO",1973-04-17,"Ongoing","Raid",4,"None"
1962-01-06,"DRV","LAO",1973-04-17,"Ongoing","Begin Interstate War",5,"None"
1962-01-06,"DRV","LAO",1973-04-17,"Ongoing","Begin Interstate War",5,"None"
1962-01-06,"DRV","LAO",1973-04-17,"Ongoing","Begin Interstate War",5,"None"
1962-01-06,"DRV","LAO",1973-04-17,"Ongoing","Begin Interstate War",5,"None"
1962-01-06,"DRV","LAO",1973-04-17,"Ongoing","Begin Interstate War",5,"None"
1962-01-06,"DRV","LAO",1973-04-17,"Ongoing","Begin Interstate War",5,"None"
1962-01-06,"DRV","LAO",1973-04-17,"Win A","Begin Interstate War",5,"1,000+"
1962-01-06,"IND","PAK",1962-04-27,"Statlemate","Show of troops",3,"None"
1962-01-07,"CHN","TAW",1962-12-19,"Statlemate","Raid",4,"None"
1962-01-28,"USA","CUB",1962-12-12,"Yield B","Raid",4,"None"
1962-01-28,"USA","RUS",1962-12-12,"Yield B","Raid",4,"None"
1962-02-02,"RUS","LAO",1962-02-24,"Compromise","Raid",4,"None"
1962-02-14,"RUS","USA",1962-08-14,"Statlemate","Show of planes",3,"None"
1962-02-24,"RUS","THI",1962-02-24,"Compromise","Show of planes",3,"None"
1962-02-25,"CHN","USA",1962-12-19,"Statlemate","Raid",4,"None"
1962-02-26,"USA","RUS",1962-02-26,"Statlemate","Show of troops",3,"None"
1962-02-26,"USA","CHN",1962-02-26,"Statlemate","Show of troops",3,"None"
1962-03-11,"POR","GUI",1962-03-11,"Statlemate","Border violation",3,"None"
1962-03-30,"TUR","SYR",1962-03-30,"Statlemate","Clash",4,"0-25"
1962-05-01,"IND","CHN",1962-10-05,"Statlemate","Clash",4,"None"
1962-05-03,"CHN","THI",1964-07-31,"Ongoing","Raid",4,"None"
1962-05-03,"CHN","THI",1964-07-31,"Ongoing","Raid",4,"None"
1962-05-03,"CHN","THI",1964-07-31,"Compromise","Raid",4,"None"
1962-05-05,"RUS","UKG",1962-11-24,"Compromise","Show of planes",3,"None"
1962-05-05,"RUS","AUL",1962-11-24,"Compromise","Show of planes",3,"None"
1962-05-05,"RUS","NEW",1962-11-24,"Compromise","Show of planes",3,"None"
1962-05-12,"RUS","USA",1962-05-24,"Compromise","Show of planes",3,"None"
1962-05-12,"CHN","USA",1964-07-31,"Ongoing","Show of Ships",3,"None"
1962-05-12,"CHN","USA",1964-07-31,"Ongoing","Show of Ships",3,"None"
1962-05-12,"CHN","USA",1964-07-31,"Compromise","Show of Ships",3,"None"
1962-05-15,"PAR","ARG",1962-05-15,"Statlemate","Clash",4,"0-25"
1962-05-20,"CHN","UKG",1962-07-20,"Compromise","Raid",4,"None"
1962-05-20,"CHN","AUL",1962-11-20,"Compromise","Show of troops",3,"None"
1962-05-20,"CHN","NEW",1962-11-20,"Compromise","Show of troops",3,"None"
1962-06-02,"PRK","USA",1964-01-15,"Ongoing","Clash",4,"None"
1962-06-02,"PRK","USA",1964-01-15,"Ongoing","Clash",4,"None"
1962-06-02,"PRK","USA",1964-01-15,"Statlemate","Clash",4,"0-25"
1962-06-02,"PRK","ROK",1964-01-15,"Ongoing","Clash",4,"None"
1962-06-02,"PRK","ROK",1964-01-15,"Ongoing","Clash",4,"None"
1962-06-02,"PRK","ROK",1964-01-15,"Statlemate","Clash",4,"0-25"
1962-06-14,"JOR","ISR",1962-07-04,"Statlemate","Clash",4,"0-25"
1962-06-15,"THI","CAM",1962-11-17,"Statlemate","Clash",4,"0-25"
1962-06-21,"RUS","JPN",1962-09-08,"Statlemate","Seizure",4,"None"
1962-07-02,"MOR","ALG",1962-10-19,"Statlemate","Clash",4,"101-250"
1962-07-09,"IRQ","TUR",1962-08-19,"Statlemate","Raid",4,"0-25"
1962-08-14,"NIC","HON",1962-08-14,"Statlemate","Clash",4,"0-25"
1962-08-17,"RUS","TUR",1962-08-17,"Statlemate","Raid",4,"None"
1962-09-18,"PAK","IND",1962-11-04,"Statlemate","Clash",4,"0-25"
1962-10-01,"SAU","EGY",1963-12-22,"Ongoing","Clash",4,"None"
1962-10-01,"SAU","EGY",1963-12-22,"Statlemate","Clash",4,"None"
1962-10-05,"SAU","YAR",1963-12-22,"Ongoing","Clash",4,"None"
1962-10-05,"SAU","YAR",1963-12-22,"Statlemate","Clash",4,"None"
1962-10-21,"JOR","EGY",1962-12-22,"Statlemate","Clash",4,"None"
1962-10-21,"JOR","YAR",1962-12-22,"Statlemate","Clash",4,"None"
1962-10-22,"YAR","UKG",1965-06-30,"Ongoing","Raid",4,"None"
1962-10-22,"YAR","UKG",1965-06-30,"Ongoing","Raid",4,"None"
1962-10-22,"YAR","UKG",1965-06-30,"Ongoing","Raid",4,"None"
1962-10-22,"YAR","UKG",1965-06-30,"Statlemate","Raid",4,"None"
1962-10-29,"PER","USA",1962-11-01,"Released","Seizure",4,"None"
1962-11-11,"USA","EGY",1962-12-15,"Statlemate","Clash",4,"None"
1962-11-11,"USA","YAR",1962-12-15,"Statlemate","Clash",4,"None"
1962-11-20,"RVN","CAM",1962-11-20,"Statlemate","Border violation",3,"None"
1963-01-29,"YAR","UKG",1963-02-27,"Win A","Raid",4,"0-25"
1963-02-05,"SYR","LEB",1963-02-05,"Statlemate","Border violation",3,"None"
1963-02-06,"CHN","TAW",1966-01-09,"Ongoing","Clash",4,"None"
1963-02-06,"CHN","TAW",1966-01-09,"Ongoing","Clash",4,"None"
1963-02-06,"CHN","TAW",1966-01-09,"Ongoing","Clash",4,"None"
1963-02-06,"CHN","TAW",1966-01-09,"Statlemate","Clash",4,"None"
1963-02-11,"INS","MAL",1965-11-14,"Ongoing","Clash",4,"None"
1963-02-11,"INS","MAL",1965-11-14,"Ongoing","Clash",4,"None"
1963-02-11,"INS","MAL",1965-11-14,"Statlemate","Clash",4,"2510-500"
1963-02-13,"INS","UKG",1965-11-14,"Ongoing","Clash",4,"None"
1963-02-13,"INS","UKG",1965-11-14,"Ongoing","Clash",4,"None"
1963-02-13,"INS","UKG",1965-11-14,"Statlemate","Clash",4,"2510-500"
1963-03-15,"RUS","USA",1963-03-15,"Statlemate","Border violation",3,"None"
1963-04-01,"FRN","BRA",1963-04-30,"Statlemate","Alert",3,"None"
1963-04-02,"RUS","USA",1963-04-02,"Statlemate","Raid",4,"None"
1963-04-02,"RUS","GFR",1963-04-02,"Statlemate","Raid",4,"None"
1963-04-22,"CAM","RVN",1963-10-22,"Statlemate","Seizure",4,"None"
1963-04-26,"HAI","DOM",1963-06-03,"Statlemate","Raid",4,"None"
1963-04-28,"HAI","USA",1963-06-03,"Statlemate","Raid",4,"None"
1963-04-28,"HAI","CAN",1963-06-03,"Statlemate","Raid",4,"None"
1963-04-28,"HAI","UKG",1963-06-03,"Statlemate","Raid",4,"None"
1963-05-28,"ECU","USA",1963-06-14,"Released","Seizure",4,"None"
1963-07-01,"PAK","IND",1963-08-31,"Compromise","Occupation of territory",4,"None"
1963-07-23,"EGY","ISR",1963-07-23,"Statlemate","Clash",4,"None"
1963-07-25,"THI","CAM",1963-11-22,"Statlemate","Alert",3,"None"
1963-08-19,"SYR","LEB",1963-11-08,"Compromise","Raid",4,"0-25"
1963-08-25,"JOR","ISR",1965-09-05,"Ongoing","Clash",4,"None"
1963-08-25,"JOR","ISR",1965-09-05,"Statlemate","Clash",4,"None"
1963-08-25,"JOR","ISR",1965-09-05,"Statlemate","Clash",4,"0-25"
1963-09-01,"INS","AUL",1965-11-14,"Ongoing","Raid",4,"None"
1963-09-01,"INS","AUL",1965-11-14,"Ongoing","Raid",4,"None"
1963-09-01,"INS","AUL",1965-11-14,"Statlemate","Raid",4,"2510-500"
1963-09-17,"ARG","CHL",1963-09-17,"Statlemate","Show of Ships",3,"None"
1963-09-30,"MOR","ALG",1963-11-04,"Statlemate","Clash",4,"101-250"
1963-10-04,"CZE","GFR",1963-10-04,"Statlemate","Raid",4,"None"
1963-10-16,"PAK","IND",1963-10-16,"Statlemate","Threat to use force",2,"None"
1963-11-16,"SOM","ETH",1964-04-19,"Ongoing","Raid",4,"None"
1963-11-16,"SOM","ETH",1964-04-19,"Statlemate","Raid",4,"101-250"
1963-11-17,"INS","JPN",1963-11-17,"Statlemate","Seizure",4,"None"
1963-11-21,"RUS","IRN",1963-11-21,"Statlemate","Raid",4,"None"
1963-12-25,"TUR","GRC",1964-08-10,"Ongoing","Clash",4,"None"
1963-12-25,"TUR","GRC",1964-08-10,"Statlemate","Clash",4,"26-100"
1963-12-29,"SOM","KEN",1964-03-30,"Ongoing","Clash",4,"None"
1963-12-29,"SOM","KEN",1964-03-30,"Statlemate","Clash",4,"None"
1964-01-28,"USA","RUS",1964-03-27,"Released","Raid",4,"0-25"
1964-02-16,"THI","LAO",1964-03-16,"Statlemate","Raid",4,"None"
1964-02-23,"USA","DRV",1973-01-27,"Ongoing","Raid",4,"None"
1964-02-23,"USA","DRV",1973-01-27,"Ongoing","Begin Interstate War",5,"None"
1964-02-23,"USA","DRV",1973-01-27,"Ongoing","Begin Interstate War",5,"None"
1964-02-23,"USA","DRV",1973-01-27,"Ongoing","Begin Interstate War",5,"None"
1964-02-23,"USA","DRV",1973-01-27,"Ongoing","Begin Interstate War",5,"None"
1964-02-23,"USA","DRV",1973-01-27,"Ongoing","Begin Interstate War",5,"None"
1964-02-23,"USA","DRV",1973-01-27,"Ongoing","Begin Interstate War",5,"None"
1964-02-23,"USA","DRV",1973-01-27,"Ongoing","Begin Interstate War",5,"None"
1964-02-23,"USA","DRV",1973-01-27,"Ongoing","Begin Interstate War",5,"None"
1964-02-23,"USA","DRV",1973-01-27,"Win B","Begin Interstate War",5,"1,000+"
1964-02-25,"USA","RUS",1965-04-18,"Ongoing","Show of troops",3,"None"
1964-02-25,"USA","RUS",1965-04-18,"Win B","Show of troops",3,"None"
1964-03-19,"USA","CAM",1964-04-25,"Statlemate","Raid",4,"None"
1964-03-19,"RVN","CAM",1965-04-28,"Ongoing","Raid",4,"None"
1964-03-19,"RVN","CAM",1965-04-28,"Statlemate","Raid",4,"None"
1964-03-30,"INS","MAL",1964-03-30,"Statlemate","Raid",4,"None"
1964-04-07,"IND","CHN",1966-11-28,"Ongoing","Raid",4,"None"
1964-04-07,"IND","CHN",1966-11-28,"Ongoing","Raid",4,"None"
1964-04-07,"IND","CHN",1966-11-28,"Statlemate","Raid",4,"101-250"
1964-04-14,"CAM","THI",1966-10-01,"Ongoing","Clash",4,"None"
1964-04-14,"CAM","THI",1966-10-01,"Ongoing","Clash",4,"None"
1964-04-14,"CAM","THI",1966-10-01,"Yield B","Clash",4,"101-250"
1964-04-22,"EGY","ISR",1965-03-03,"Ongoing","Seizure",4,"None"
1964-04-22,"EGY","ISR",1965-03-03,"Statlemate","Seizure",4,"None"
1964-07-06,"USA","CHN",1971-12-31,"Ongoing","Clash",4,"None"
1964-07-06,"USA","CHN",1971-12-31,"Ongoing","Clash",4,"None"
1964-07-06,"USA","CHN",1971-12-31,"Ongoing","Clash",4,"None"
1964-07-06,"USA","CHN",1971-12-31,"Ongoing","Clash",4,"None"
1964-07-06,"USA","CHN",1971-12-31,"Ongoing","Clash",4,"None"
1964-07-06,"USA","CHN",1971-12-31,"Ongoing","Clash",4,"None"
1964-07-06,"USA","CHN",1971-12-31,"Ongoing","Clash",4,"None"
1964-07-06,"USA","CHN",1971-12-31,"Win B","Clash",4,"None"
1964-07-06,"RVN","CHN",1971-12-31,"Ongoing","Threat to use force",2,"None"
1964-07-06,"RVN","CHN",1971-12-31,"Ongoing","Threat to use force",2,"None"
1964-07-06,"RVN","CHN",1971-12-31,"Ongoing","Threat to use force",2,"None"
1964-07-06,"RVN","CHN",1971-12-31,"Ongoing","Threat to use force",2,"None"
1964-07-06,"RVN","CHN",1971-12-31,"Ongoing","Threat to use force",2,"None"
1964-07-06,"RVN","CHN",1971-12-31,"Ongoing","Threat to use force",2,"None"
1964-07-06,"RVN","CHN",1971-12-31,"Ongoing","Threat to use force",2,"None"
1964-07-06,"RVN","CHN",1971-12-31,"Statlemate","Threat to use force",2,"None"
1964-07-07,"RVN","RUS",1965-04-18,"Ongoing","Threat to use force",2,"None"
1964-07-07,"RVN","RUS",1965-04-18,"Statlemate","Threat to use force",2,"None"
1964-07-17,"RUS","USA",1964-07-17,"Statlemate","Raid",4,"None"
1964-07-25,"ARG","CHL",1964-07-29,"Statlemate","Clash",4,"None"
1964-07-30,"RVN","DRV",1975-04-30,"Ongoing","Raid",4,"None"
1964-07-30,"RVN","DRV",1975-04-30,"Ongoing","Begin Interstate War",5,"None"
1964-07-30,"RVN","DRV",1975-04-30,"Ongoing","Begin Interstate War",5,"None"
1964-07-30,"RVN","DRV",1975-04-30,"Ongoing","Begin Interstate War",5,"None"
1964-07-30,"RVN","DRV",1975-04-30,"Ongoing","Begin Interstate War",5,"None"
1964-07-30,"RVN","DRV",1975-04-30,"Ongoing","Begin Interstate War",5,"None"
1964-07-30,"RVN","DRV",1975-04-30,"Ongoing","Begin Interstate War",5,"None"
1964-07-30,"RVN","DRV",1975-04-30,"Ongoing","Begin Interstate War",5,"None"
1964-07-30,"RVN","DRV",1975-04-30,"Ongoing","Begin Interstate War",5,"None"
1964-07-30,"RVN","DRV",1975-04-30,"Ongoing","Begin Interstate War",5,"None"
1964-07-30,"RVN","DRV",1975-04-30,"Ongoing","Begin Interstate War",5,"None"
1964-07-30,"RVN","DRV",1975-04-30,"Win B","Begin Interstate War",5,"1,000+"
1964-08-01,"AUL","CHN",1971-12-31,"Ongoing","Threat to use force",2,"None"
1964-08-01,"AUL","CHN",1971-12-31,"Ongoing","Threat to use force",2,"None"
1964-08-01,"AUL","CHN",1971-12-31,"Ongoing","Threat to use force",2,"None"
1964-08-01,"AUL","CHN",1971-12-31,"Ongoing","Threat to use force",2,"None"
1964-08-01,"AUL","CHN",1971-12-31,"Ongoing","Threat to use force",2,"None"
1964-08-01,"AUL","CHN",1971-12-31,"Ongoing","Threat to use force",2,"None"
1964-08-01,"AUL","CHN",1971-12-31,"Ongoing","Threat to use force",2,"None"
1964-08-01,"AUL","CHN",1971-12-31,"Statlemate","Threat to use force",2,"None"
1964-08-01,"PAK","IND",1966-01-25,"Ongoing","Clash",4,"None"
1964-08-01,"PAK","IND",1966-01-25,"Ongoing","Begin Interstate War",5,"None"
1964-08-01,"PAK","IND",1966-01-25,"Win B","Clash",4,"1,000+"
1964-08-08,"AUL","RUS",1965-04-18,"Ongoing","Threat to use force",2,"None"
1964-08-08,"AUL","RUS",1965-04-18,"Statlemate","Threat to use force",2,"None"
1964-08-08,"AUL","DRV",1972-03-12,"Ongoing","Raid",4,"None"
1964-08-08,"AUL","DRV",1972-03-12,"Ongoing","Begin Interstate War",5,"None"
1964-08-08,"AUL","DRV",1972-03-12,"Ongoing","Begin Interstate War",5,"None"
1964-08-08,"AUL","DRV",1972-03-12,"Ongoing","Begin Interstate War",5,"None"
1964-08-08,"AUL","DRV",1972-03-12,"Ongoing","Begin Interstate War",5,"None"
1964-08-08,"AUL","DRV",1972-03-12,"Ongoing","Begin Interstate War",5,"None"
1964-08-08,"AUL","DRV",1972-03-12,"Ongoing","Begin Interstate War",5,"None"
1964-08-08,"AUL","DRV",1972-03-12,"Ongoing","Begin Interstate War",5,"None"
1964-08-08,"AUL","DRV",1972-03-12,"Win B","Begin Interstate War",5,"1,000+"
1964-08-09,"USA","PRK",1969-10-19,"Ongoing","Clash",4,"None"
1964-08-09,"USA","PRK",1969-10-19,"Ongoing","Clash",4,"None"
1964-08-09,"USA","PRK",1969-10-19,"Ongoing","Clash",4,"None"
1964-08-09,"USA","PRK",1969-10-19,"Ongoing","Clash",4,"None"
1964-08-09,"USA","PRK",1969-10-19,"Ongoing","Clash",4,"None"
1964-08-09,"USA","PRK",1969-10-19,"Statlemate","Clash",4,"2510-500"
1964-08-09,"ROK","PRK",1971-09-20,"Ongoing","Clash",4,"None"
1964-08-09,"ROK","PRK",1971-09-20,"Ongoing","Clash",4,"None"
1964-08-09,"ROK","PRK",1971-09-20,"Ongoing","Clash",4,"None"
1964-08-09,"ROK","PRK",1971-09-20,"Ongoing","Clash",4,"None"
1964-08-09,"ROK","PRK",1971-09-20,"Ongoing","Clash",4,"None"
1964-08-09,"ROK","PRK",1971-09-20,"Ongoing","Clash",4,"None"
1964-08-09,"ROK","PRK",1971-09-20,"Ongoing","Clash",4,"None"
1964-08-09,"ROK","PRK",1971-09-20,"Statlemate","Clash",4,"2510-500"
1964-09-01,"SAU","EGY",1964-09-01,"Statlemate","Threat to use force",2,"None"
1964-09-11,"RUS","GFR",1964-09-16,"Statlemate","Border violation",3,"None"
1964-10-15,"RUS","CHN",1965-04-15,"Ongoing","Border violation",3,"None"
1964-10-15,"RUS","CHN",1965-04-15,"Statlemate","Border violation",3,"None"
1964-12-19,"EGY","USA",1964-12-19,"Statlemate","Raid",4,"None"
1965-01-01,"DRC","CON",1965-01-31,"Statlemate","Show of troops",3,"None"
1965-01-01,"PAK","IND",1965-06-30,"Statlemate","Clash",4,"2510-500"
1965-01-08,"ROK","RUS",1965-04-18,"Statlemate","Threat to use force",2,"None"
1965-01-08,"ROK","DRV",1973-01-27,"Ongoing","Begin Interstate War",5,"None"
1965-01-08,"ROK","DRV",1973-01-27,"Ongoing","Begin Interstate War",5,"None"
1965-01-08,"ROK","DRV",1973-01-27,"Ongoing","Begin Interstate War",5,"None"
1965-01-08,"ROK","DRV",1973-01-27,"Ongoing","Begin Interstate War",5,"None"
1965-01-08,"ROK","DRV",1973-01-27,"Ongoing","Begin Interstate War",5,"None"
1965-01-08,"ROK","DRV",1973-01-27,"Ongoing","Begin Interstate War",5,"None"
1965-01-08,"ROK","DRV",1973-01-27,"Ongoing","Begin Interstate War",5,"None"
1965-01-08,"ROK","DRV",1973-01-27,"Ongoing","Begin Interstate War",5,"None"
1965-01-08,"ROK","DRV",1973-01-27,"Win B","Begin Interstate War",5,"1,000+"
1965-01-11,"INS","JPN",1965-01-14,"Statlemate","Seizure",4,"None"
1965-02-15,"DRC","UGA",1965-03-17,"Statlemate","Clash",4,"None"
1965-03-05,"INS","MAL",1965-03-05,"Statlemate","Seizure",4,"None"
1965-04-06,"EGY","SAU",1965-08-24,"Compromise","Raid",4,"None"
1965-04-09,"USA","CHN",1967-11-23,"Ongoing","Clash",4,"None"
1965-04-09,"USA","CHN",1967-11-23,"Ongoing","Clash",4,"None"
1965-04-09,"USA","CHN",1967-11-23,"Statlemate","Clash",4,"None"
1965-04-28,"PRK","USA",1965-05-02,"Statlemate","Raid",4,"None"
1965-05-15,"KEN","UGA",1965-05-26,"Released","Seizure",4,"None"
1965-05-24,"NEW","RUS",1965-06-18,"Statlemate","Threat to use force",2,"None"
1965-05-24,"NEW","CHN",1971-06-30,"Ongoing","Threat to use force",2,"None"
1965-05-24,"NEW","CHN",1971-06-30,"Ongoing","Threat to use force",2,"None"
1965-05-24,"NEW","CHN",1971-06-30,"Ongoing","Threat to use force",2,"None"
1965-05-24,"NEW","CHN",1971-06-30,"Ongoing","Threat to use force",2,"None"
1965-05-24,"NEW","CHN",1971-06-30,"Ongoing","Threat to use force",2,"None"
1965-05-24,"NEW","CHN",1971-06-30,"Ongoing","Threat to use force",2,"None"
1965-05-24,"NEW","CHN",1971-06-30,"Statlemate","Threat to use force",2,"None"
1965-05-24,"NEW","DRV",1971-06-30,"Ongoing","Raid",4,"None"
1965-05-24,"NEW","DRV",1971-06-30,"Ongoing","Raid",4,"None"
1965-05-24,"NEW","DRV",1971-06-30,"Ongoing","Raid",4,"None"
1965-05-24,"NEW","DRV",1971-06-30,"Ongoing","Raid",4,"None"
1965-05-24,"NEW","DRV",1971-06-30,"Ongoing","Raid",4,"None"
1965-05-24,"NEW","DRV",1971-06-30,"Ongoing","Raid",4,"None"
1965-05-24,"NEW","DRV",1971-06-30,"Win B","Raid",4,"1,000+"
1965-05-27,"SYR","TUR",1965-05-27,"Statlemate","Clash",4,"0-25"
1965-05-28,"RUS","UKG",1965-05-28,"Statlemate","Border violation",3,"None"
1965-06-12,"SOM","ETH",1965-06-12,"Statlemate","Clash",4,"None"
1965-07-08,"ROK","CHN",1971-01-31,"Ongoing","Threat to use force",2,"None"
1965-07-08,"ROK","CHN",1971-01-31,"Ongoing","Threat to use force",2,"None"
1965-07-08,"ROK","CHN",1971-01-31,"Ongoing","Threat to use force",2,"None"
1965-07-08,"ROK","CHN",1971-01-31,"Ongoing","Threat to use force",2,"None"
1965-07-08,"ROK","CHN",1971-01-31,"Ongoing","Threat to use force",2,"None"
1965-07-08,"ROK","CHN",1971-01-31,"Ongoing","Threat to use force",2,"None"
1965-07-08,"ROK","CHN",1971-01-31,"Statlemate","Threat to use force",2,"None"
1965-07-28,"IRQ","TUR",1965-07-28,"Statlemate","Raid",4,"None"
1965-08-04,"YAR","SAU",1965-08-24,"Compromise","Mobilization",3,"None"
1965-10-28,"ISR","LEB",1965-10-28,"Statlemate","Raid",4,"None"
1965-11-06,"CHL","ARG",1965-12-11,"Compromise","Clash",4,"0-25"
1965-11-11,"ZIM","ZAM",1966-08-23,"Ongoing","Show of troops",3,"None"
1965-11-11,"ZIM","ZAM",1966-08-23,"Statlemate","Show of troops",3,"None"
1965-12-01,"RUS","CHN",1966-01-15,"Ongoing","Show of troops",3,"None"
1965-12-01,"RUS","CHN",1966-01-15,"Statlemate","Show of troops",3,"None"
1965-12-03,"ZIM","UKG",1966-08-23,"Ongoing","Show of planes",3,"None"
1965-12-03,"ZIM","UKG",1966-08-23,"Statlemate","Show of planes",3,"None"
1965-12-18,"IRQ","IRN",1966-01-12,"Ongoing","Raid",4,"None"
1965-12-18,"IRQ","IRN",1966-01-12,"Statlemate","Raid",4,"0-25"
1965-12-26,"CAM","USA",1966-08-02,"Ongoing","Raid",4,"None"
1965-12-26,"CAM","USA",1966-08-02,"Statlemate","Raid",4,"None"
1965-12-26,"CAM","THI",1966-02-18,"Ongoing","Border violation",3,"None"
1965-12-26,"CAM","THI",1966-02-18,"Statlemate","Border violation",3,"None"
1965-12-26,"CAM","RVN",1966-02-18,"Ongoing","Border violation",3,"None"
1965-12-26,"CAM","RVN",1966-02-18,"Statlemate","Border violation",3,"None"
1965-12-31,"CHN","USA",1966-05-31,"Ongoing","Raid",4,"None"
1965-12-31,"CHN","USA",1966-05-31,"Statlemate","Raid",4,"None"
1965-12-31,"CHN","THI",1966-02-18,"Ongoing","Threat to use force",2,"None"
1965-12-31,"CHN","THI",1966-02-18,"Statlemate","Threat to use force",2,"None"
1965-12-31,"CHN","RVN",1966-02-18,"Ongoing","Threat to use force",2,"None"
1965-12-31,"CHN","RVN",1966-02-18,"Statlemate","Threat to use force",2,"None"
1966-01-22,"CHN","ROK",1966-01-22,"Statlemate","Seizure",4,"None"
1966-02-18,"EGY","ISR",1966-11-29,"Statlemate","Raid",4,"None"
1966-02-24,"JOR","SYR",1966-12-29,"Statlemate","Raid",4,"0-25"
1966-03-10,"UKG","POR",1966-04-14,"Yield B","Show of planes",3,"None"
1966-03-14,"ROK","JPN",1966-03-14,"Statlemate","Seizure",4,"None"
1966-03-16,"GUI","GHA",1966-03-16,"Yield A","Clash",4,"0-25"
1966-03-31,"SOM","ETH",1966-06-24,"Statlemate","Clash",4,"0-25"
1966-04-01,"PAK","IND",1966-08-31,"Statlemate","Fortify border",3,"None"
1966-04-25,"INS","UKG",1966-04-25,"Statlemate","Raid",4,"None"
1966-05-01,"EGY","SAU",1967-05-14,"Ongoing","Raid",4,"None"
1966-05-01,"EGY","SAU",1967-05-14,"Statlemate","Raid",4,"None"
1966-05-01,"YAR","SAU",1967-05-14,"Ongoing","Threat to use force",2,"None"
1966-05-01,"YAR","SAU",1967-05-14,"Statlemate","Threat to use force",2,"None"
1966-05-18,"POR","ZAM",1969-08-07,"Ongoing","Raid",4,"None"
1966-05-18,"POR","ZAM",1969-08-07,"Ongoing","Raid",4,"None"
1966-05-18,"POR","ZAM",1969-08-07,"Ongoing","Raid",4,"None"
1966-05-18,"POR","ZAM",1969-08-07,"Statlemate","Raid",4,"None"
1966-05-23,"IRQ","IRN",1966-05-23,"Statlemate","Raid",4,"None"
1966-07-15,"RUS","USA",1966-07-15,"Statlemate","Raid",4,"None"
1966-07-22,"CHN","NTH",1966-12-30,"Released","Seizure",4,"None"
1966-08-08,"CHA","SUD",1966-09-17,"Compromise","Raid",4,"None"
1966-09-17,"SYR","ISR",1966-11-27,"Statlemate","Raid",4,"None"
1966-09-24,"EGY","ISR",1966-11-27,"Statlemate","Raid",4,"None"
1966-10-01,"PHI","CHN",1971-12-31,"Ongoing","Threat to use force",2,"None"
1966-10-01,"PHI","CHN",1971-12-31,"Ongoing","Threat to use force",2,"None"
1966-10-01,"PHI","CHN",1971-12-31,"Ongoing","Threat to use force",2,"None"
1966-10-01,"PHI","CHN",1971-12-31,"Ongoing","Threat to use force",2,"None"
1966-10-01,"PHI","CHN",1971-12-31,"Ongoing","Threat to use force",2,"None"
1966-10-01,"PHI","CHN",1971-12-31,"Statlemate","Threat to use force",2,"None"
1966-10-01,"PHI","DRV",1969-12-13,"Ongoing","Begin Interstate War",5,"None"
1966-10-01,"PHI","DRV",1969-12-13,"Ongoing","Begin Interstate War",5,"None"
1966-10-01,"PHI","DRV",1969-12-13,"Ongoing","Begin Interstate War",5,"None"
1966-10-01,"PHI","DRV",1969-12-13,"Win B","Begin Interstate War",5,"1,000+"
1966-10-02,"CHN","RUS",1968-06-07,"Ongoing","Raid",4,"None"
1966-10-02,"CHN","RUS",1968-06-07,"Ongoing","Raid",4,"None"
1966-10-02,"CHN","RUS",1968-06-07,"Statlemate","Raid",4,"0-25"
1966-10-10,"JOR","ISR",1966-10-10,"Statlemate","Raid",4,"None"
1966-10-14,"ZAM","ZIM",1966-11-04,"Statlemate","Raid",4,"None"
1966-10-17,"DRC","ZIM",1966-10-17,"Statlemate","Threat to use force",2,"None"
1966-10-17,"SOM","ZIM",1966-10-17,"Statlemate","Threat to use force",2,"None"
1966-10-17,"CHN","TAW",1966-10-17,"Statlemate","Raid",4,"0-25"
1966-10-29,"GHA","GUI",1966-11-04,"Released","Seizure",4,"None"
1966-12-16,"SYR","ISR",1967-06-10,"Ongoing","Threat to declare war",2,"None"
1966-12-16,"SYR","ISR",1967-06-10,"Win B","Begin Interstate War",5,"1,000+"
1966-12-31,"YAR","UKG",1967-04-22,"Ongoing","Raid",4,"None"
1966-12-31,"YAR","UKG",1967-04-22,"Statlemate","Raid",4,"None"
1967-01-09,"ECU","USA",1967-02-28,"Released","Seizure",4,"None"
1967-01-15,"SAU","ISR",1967-01-15,"Statlemate","Show of Ships",3,"None"
1967-02-05,"USA","CAM",1967-02-24,"Statlemate","Raid",4,"None"
1967-02-05,"RVN","CAM",1967-02-24,"Statlemate","Raid",4,"None"
1967-02-24,"ROK","CAM",1967-02-24,"Statlemate","Raid",4,"None"
1967-03-01,"SOM","KEN",1967-08-18,"Statlemate","Clash",4,"26-100"
1967-03-01,"SOM","ETH",1967-08-18,"Statlemate","Clash",4,"26-100"
1967-03-02,"USA","RUS",1967-03-22,"Statlemate","Seizure",4,"None"
1967-04-20,"IRQ","KUW",1967-04-30,"Statlemate","Border violation",3,"None"
1967-04-28,"USA","RUS",1967-04-28,"Statlemate","Show of planes",3,"None"
1967-04-30,"UKG","RUS",1967-04-30,"Statlemate","Seizure",4,"None"
1967-05-08,"CUB","VEN",1967-05-08,"Statlemate","Clash",4,"0-25"
1967-05-10,"RUS","USA",1967-05-17,"Statlemate","Raid",4,"None"
1967-05-10,"RUS","ROK",1967-05-17,"Statlemate","Raid",4,"None"
1967-05-10,"RUS","JPN",1967-05-17,"Statlemate","Raid",4,"None"
1967-05-14,"EGY","ISR",1967-06-10,"Win B","Begin Interstate War",5,"1,000+"
1967-05-17,"IRQ","ISR",1967-06-10,"Win B","Begin Interstate War",5,"1,000+"
1967-05-17,"JOR","ISR",1967-06-10,"Win B","Begin Interstate War",5,"1,000+"
1967-05-17,"SAU","ISR",1967-06-10,"Win B","Raid",4,"1,000+"
1967-05-17,"KUW","ISR",1967-06-10,"Win B","Mobilization",3,"1,000+"
1967-05-18,"CHN","IND",1967-10-10,"Statlemate","Clash",4,"0-25"
1967-05-23,"RUS","ISR",1967-06-19,"Statlemate","Threat to use force",2,"None"
1967-06-10,"RUS","USA",1967-06-19,"Statlemate","Show of Ships",3,"None"
1967-06-15,"SYR","ISR",1967-11-27,"Statlemate","Clash",4,"None"
1967-06-22,"THI","CAM",1967-07-20,"Statlemate","Occupation of territory",4,"None"
1967-06-26,"ISR","EGY",1970-08-07,"Ongoing","Clash",4,"None"
1967-06-26,"ISR","EGY",1970-08-07,"Ongoing","Clash",4,"None"
1967-06-26,"ISR","EGY",1970-08-07,"Ongoing","Begin Interstate War",5,"None"
1967-06-26,"ISR","EGY",1970-08-07,"Statlemate","Begin Interstate War",5,"1,000+"
1967-07-02,"ETH","SUD",1967-07-03,"Statlemate","Occupation of territory",4,"None"
1967-07-15,"ISR","JOR",1970-08-07,"Ongoing","Clash",4,"None"
1967-07-15,"ISR","JOR",1970-08-07,"Ongoing","Clash",4,"None"
1967-07-15,"ISR","JOR",1970-08-07,"Ongoing","Clash",4,"None"
1967-07-15,"ISR","JOR",1970-08-07,"Statlemate","Clash",4,"101-250"
1967-07-17,"CHN","IND",1967-07-22,"Released","Seizure",4,"None"
1967-08-10,"CHN","RUS",1967-08-17,"Released","Seizure",4,"None"
1967-08-18,"CHL","ARG",1968-05-07,"Ongoing","Raid",4,"None"
1967-08-18,"CHL","ARG",1968-05-07,"Statlemate","Raid",4,"None"
1967-09-01,"THI","DRV",1973-04-17,"Ongoing","Begin Interstate War",5,"None"
1967-09-08,"TAW","CHN",1967-09-08,"Statlemate","Raid",4,"None"
1967-09-21,"THI","CHN",1971-12-31,"Ongoing","Threat to use force",2,"None"
1967-09-21,"THI","CHN",1971-12-31,"Ongoing","Threat to use force",2,"None"
1967-09-21,"THI","CHN",1971-12-31,"Ongoing","Threat to use force",2,"None"
1967-09-21,"THI","CHN",1971-12-31,"Ongoing","Threat to use force",2,"None"
1967-09-21,"THI","CHN",1971-12-31,"Statlemate","Threat to use force",2,"None"
1967-09-21,"THI","DRV",1973-04-17,"Ongoing","Begin Interstate War",5,"None"
1967-09-21,"THI","DRV",1973-04-17,"Ongoing","Begin Interstate War",5,"None"
1967-09-21,"THI","DRV",1973-04-17,"Ongoing","Begin Interstate War",5,"None"
1967-09-21,"THI","DRV",1973-04-17,"Ongoing","Begin Interstate War",5,"None"
1967-09-21,"THI","DRV",1973-04-17,"Ongoing","Begin Interstate War",5,"None"
1967-09-21,"THI","DRV",1973-04-17,"Win B","Begin Interstate War",5,"1,000+"
1967-10-09,"IND","PAK",1967-10-10,"Statlemate","Clash",4,"0-25"
1967-10-12,"GDR","GFR",1967-10-12,"Statlemate","Raid",4,"None"
1967-11-16,"TUR","GRC",1967-12-01,"Compromise","Show of planes",3,"None"
1968-01-18,"USA","CAM",1969-04-28,"Ongoing","Clash",4,"None"
1968-01-18,"USA","CAM",1969-04-28,"Statlemate","Clash",4,"None"
1968-01-18,"RVN","CHN",1968-01-31,"Statlemate","Clash",4,"None"
1968-01-23,"PRK","USA",1968-12-22,"Released","Seizure",4,"None"
1968-02-13,"USA","EGY",1968-02-13,"Statlemate","Show of planes",3,"None"
1968-04-04,"MAL","PHI",1968-12-13,"Statlemate","Alert",3,"None"
1968-04-06,"SAF","ZAM",1968-07-27,"Statlemate","Threat to use force",2,"None"
1968-04-23,"RUS","CZE",1968-11-12,"Win A","Occupation of territory",4,"None"
1968-05-01,"PHI","CAM",1968-07-09,"Released","Seizure",4,"None"
1968-05-04,"BRA","RUS",1968-05-18,"Released","Seizure",4,"None"
1968-05-10,"POL","CZE",1968-11-12,"Win A","Occupation of territory",4,"None"
1968-05-12,"ISR","LEB",1968-06-15,"Statlemate","Raid",4,"None"
1968-05-14,"SUD","UGA",1968-05-18,"Statlemate","Raid",4,"None"
1968-06-01,"CAM","THI",1968-08-31,"Statlemate","Clash",4,"None"
1968-06-17,"VEN","RUS",1968-06-17,"Statlemate","Seizure",4,"None"
1968-06-22,"ARG","RUS",1968-06-22,"Statlemate","Seizure",4,"None"
1968-06-30,"CHN","UKG",1968-11-17,"Released","Seizure",4,"None"
1968-07-16,"GDR","CZE",1968-11-12,"Win A","Occupation of territory",4,"None"
1968-07-16,"HUN","CZE",1968-11-12,"Win A","Occupation of territory",4,"None"
1968-07-16,"BUL","CZE",1968-11-12,"Win A","Occupation of territory",4,"None"
1968-07-23,"ALG","ISR",1968-09-01,"Released","Seizure",4,"None"
1968-08-01,"CHN","RUS",1968-09-28,"Statlemate","Border violation",3,"None"
1968-09-03,"SYR","ISR",1971-10-17,"Ongoing","Clash",4,"None"
1968-09-03,"SYR","ISR",1971-10-17,"Ongoing","Clash",4,"None"
1968-09-03,"SYR","ISR",1971-10-17,"Ongoing","Clash",4,"None"
1968-09-03,"SYR","ISR",1971-10-17,"Statlemate","Clash",4,"None"
1968-09-28,"RUS","JPN",1968-11-08,"Statlemate","Seizure",4,"None"
1968-10-10,"GHA","RUS",1969-02-28,"Ongoing","Seizure",4,"None"
1968-10-10,"GHA","RUS",1969-02-28,"Released","Seizure",4,"None"
1968-11-20,"VEN","CUB",1968-12-19,"Released","Seizure",4,"None"
1969-01-01,"CHN","MYA",1969-11-07,"Statlemate","Clash",4,"None"
1969-01-01,"CEN","CHA",1969-02-03,"Compromise","Blockade",4,"None"
1969-02-04,"THI","CAM",1969-02-04,"Statlemate","Clash",4,"None"
1969-02-14,"PER","USA",1969-05-17,"Released","Seizure",4,"None"
1969-03-01,"PAK","IND",1969-03-30,"Statlemate","Clash",4,"0-25"
1969-03-02,"CHN","RUS",1969-10-20,"Statlemate","Clash",4,"101-250"
1969-03-23,"ZIM","ZAM",1969-03-26,"Statlemate","Show of planes",3,"None"
1969-03-23,"CHN","IND",1969-04-23,"Statlemate","Threat to use force",2,"None"
1969-03-28,"DRV","CAM",1970-03-18,"Ongoing","Raid",4,"None"
1969-03-28,"DRV","CAM",1970-03-18,"Statlemate","Raid",4,"None"
1969-04-06,"IRQ","IRN",1969-06-13,"Statlemate","Raid",4,"None"
1969-04-18,"RUS","USA",1969-04-27,"Statlemate","Show of Ships",3,"None"
1969-05-01,"SYR","LEB",1969-11-13,"Compromise","Clash",4,"None"
1969-05-01,"POR","DRC",1969-08-15,"Released","Seizure",4,"None"
1969-05-05,"THI","LAO",1969-05-05,"Statlemate","Show of troops",3,"None"
1969-06-09,"CON","POR",1969-07-31,"Released","Seizure",4,"None"
1969-06-24,"SAL","HON",1969-08-02,"Win A","Begin Interstate War",5,"1,000+"
1969-06-26,"UKG","SPN",1969-11-30,"Statlemate","Alert",3,"None"
1969-07-10,"DRC","CON",1970-06-16,"Ongoing","Raid",4,"None"
1969-07-10,"DRC","CON",1970-06-16,"Compromise","Raid",4,"None"
1969-08-09,"RUS","JPN",1969-09-03,"Statlemate","Raid",4,"None"
1969-08-12,"PAK","IND",1970-03-17,"Ongoing","Raid",4,"None"
1969-08-12,"PAK","IND",1970-03-17,"Statlemate","Raid",4,"None"
1969-09-14,"IRN","IRQ",1969-09-14,"Statlemate","Clash",4,"26-100"
1969-09-19,"USA","CHN",1969-10-04,"Statlemate","Raid",4,"None"
1969-11-05,"YAR","SAU",1970-01-13,"Ongoing","Raid",4,"None"
1969-11-05,"YAR","SAU",1970-01-13,"Statlemate","Raid",4,"None"
1969-11-25,"POR","SEN",1971-04-30,"Ongoing","Raid",4,"None"
1969-11-25,"POR","SEN",1971-04-30,"Ongoing","Raid",4,"None"
1969-11-25,"POR","SEN",1971-04-30,"Statlemate","Raid",4,"None"
1969-11-26,"YPR","SAU",1969-12-12,"Statlemate","Raid",4,"0-25"
1969-12-20,"PAK","IND",1969-12-21,"Statlemate","Clash",4,"None"
1970-01-20,"IRQ","IRN",1970-02-05,"Statlemate","Seizure",4,"None"
1970-02-11,"POR","GUI",1970-04-14,"Statlemate","Raid",4,"None"
1970-02-25,"THI","LAO",1970-03-21,"Statlemate","Alert",3,"None"
1970-03-13,"CAM","CHN",1971-12-31,"Ongoing","Threat to use force",2,"None"
1970-03-13,"CAM","CHN",1971-12-31,"Statlemate","Threat to use force",2,"None"
1970-03-13,"CAM","DRV",1975-04-17,"Ongoing","Raid",4,"None"
1970-03-13,"CAM","DRV",1975-04-17,"Ongoing","Raid",4,"None"
1970-03-13,"CAM","DRV",1975-04-17,"Ongoing","Raid",4,"None"
1970-03-13,"CAM","DRV",1975-04-17,"Ongoing","Raid",4,"None"
1970-03-13,"CAM","DRV",1975-04-17,"Ongoing","Raid",4,"None"
1970-03-13,"CAM","DRV",1975-04-17,"Win B","Raid",4,"None"
1970-03-23,"THI","CAM",1970-06-01,"Yield A","Occupation of territory",4,"None"
1970-04-18,"ISR","RUS",1970-07-30,"Statlemate","Clash",4,"1,000+"
1970-06-11,"IRQ","USA",1970-09-26,"Statlemate","Fortify border",3,"101-250"
1970-06-11,"SYR","USA",1970-09-26,"Statlemate","Show of Ships",3,"None"
1970-06-11,"SYR","JOR",1970-09-26,"Win B","Raid",4,"101-250"
1970-06-11,"SYR","ISR",1970-09-26,"Win B","Mobilization",3,"None"
1970-08-02,"IRQ","JOR",1970-09-26,"Win B","Fortify border",3,"None"
1970-08-08,"EGY","ISR",1971-10-17,"Ongoing","Raid",4,"None"
1970-08-08,"EGY","ISR",1971-10-17,"Statlemate","Raid",4,"None"
1970-08-15,"ISR","ALG",1970-10-14,"Released","Seizure",4,"None"
1970-09-18,"RUS","USA",1970-09-26,"Statlemate","Show of planes",3,"None"
1970-09-18,"RUS","UKG",1970-09-26,"Statlemate","Show of planes",3,"None"
1970-10-21,"USA","RUS",1970-11-10,"Released","Seizure",4,"None"
1970-11-15,"GUA","SAL",1970-11-16,"Statlemate","Raid",4,"None"
1971-01-11,"ECU","USA",1971-01-16,"Released","Seizure",4,"None"
1971-01-27,"UGA","TAZ",1971-12-25,"Statlemate","Clash",4,"101-250"
1971-01-29,"GDR","GFR",1971-01-29,"Statlemate","Raid",4,"None"
1971-02-09,"USA","CHN",1971-03-09,"Statlemate","Border violation",3,"None"
1971-02-24,"USA","CUB",1971-12-28,"Released","Seizure",4,"None"
1971-03-03,"POR","ZAM",1971-04-12,"Released","Seizure",4,"None"
1971-04-07,"PAK","IND",1971-12-16,"Win B","Begin Interstate War",5,"1,000+"
1971-04-14,"IRN","IRQ",1971-05-31,"Statlemate","Clash",4,"0-25"
1971-04-20,"UGA","SUD",1971-04-20,"Statlemate","Threat to use force",2,"None"
1971-04-29,"DRC","ZAM",1971-10-05,"Compromise","Raid",4,"0-25"
1971-07-04,"BUL","YUG",1971-07-04,"Statlemate","Show of planes",3,"None"
1971-07-07,"UGA","RWA",1971-08-16,"Compromise","Show of troops",3,"None"
1971-07-20,"SYR","JOR",1971-08-13,"Statlemate","Clash",4,"None"
1971-08-02,"HUN","ROM",1971-08-08,"Yield B","Show of troops",3,"None"
1971-08-02,"CZE","ROM",1971-08-08,"Yield B","Show of troops",3,"None"
1971-08-02,"RUS","ROM",1971-08-08,"Yield B","Show of troops",3,"None"
1971-10-18,"SYR","ISR",1973-10-24,"Ongoing","Mobilization",3,"None"
1971-10-18,"SYR","ISR",1973-10-24,"Ongoing","Mobilization",3,"None"
1971-10-18,"SYR","ISR",1973-10-24,"Win B","Begin Interstate War",5,"1,000+"
1971-10-25,"YAR","YPR",1972-10-28,"Ongoing","Raid",4,"None"
1971-10-25,"YAR","YPR",1972-10-28,"Compromise","Raid",4,"None"
1971-11-06,"RUS","ISR",1971-11-06,"Statlemate","Border violation",3,"None"
1971-11-17,"EGY","ISR",1973-10-24,"Ongoing","Mobilization",3,"None"
1971-11-17,"EGY","ISR",1973-10-24,"Ongoing","Mobilization",3,"None"
1971-11-17,"EGY","ISR",1973-10-24,"Win B","Begin Interstate War",5,"1,000+"
1971-11-30,"IRN","IRQ",1972-06-03,"Ongoing","Clash",4,"None"
1971-11-30,"IRN","IRQ",1972-06-03,"Statlemate","Clash",4,"0-25"
1971-12-10,"IND","CHN",1971-12-10,"Statlemate","Border violation",3,"None"
1971-12-15,"SUD","UGA",1971-12-16,"Statlemate","Border violation",3,"None"
1972-01-01,"MOR","SPN",1972-06-30,"Statlemate","Seizure",4,"None"
1972-01-17,"USA","RUS",1972-01-22,"Statlemate","Seizure",4,"None"
1972-01-27,"UKG","GUA",1972-04-20,"Statlemate","Alert",3,"None"
1972-04-14,"POR","TAZ",1972-04-14,"Statlemate","Seizure",4,"None"
1972-05-05,"PAK","IND",1972-05-05,"Compromise","Clash",4,"101-250"
1972-05-26,"POR","SEN",1972-05-26,"Statlemate","Clash",4,"0-25"
1972-08-22,"USA","CHN",1972-08-22,"Statlemate","Raid",4,"None"
1972-09-18,"UGA","TAZ",1973-03-28,"Ongoing","Raid",4,"None"
1972-09-18,"UGA","TAZ",1973-03-28,"Statlemate","Raid",4,"26-100"
1972-09-20,"LIB","SUD",1972-09-22,"Released","Raid",4,"None"
1972-09-22,"LIB","TAZ",1972-11-28,"Statlemate","Raid",4,"26-100"
1972-11-12,"ECU","USA",1972-11-22,"Released","Seizure",4,"None"
1972-12-21,"IRQ","KUW",1973-04-08,"Ongoing","Clash",4,"None"
1972-12-21,"IRQ","KUW",1973-04-08,"Yield A","Clash",4,"0-25"
1972-12-24,"POR","ZAM",1973-06-14,"Ongoing","Raid",4,"None"
1972-12-24,"POR","ZAM",1973-06-14,"Released","Raid",4,"None"
1973-01-01,"MOR","SPN",1974-01-02,"Ongoing","Clash",4,"None"
1973-01-01,"MOR","SPN",1974-01-02,"Compromise","Clash",4,"None"
1973-01-02,"IRQ","IRN",1975-03-13,"Ongoing","Raid",4,"None"
1973-01-02,"IRQ","IRN",1975-03-13,"Ongoing","Raid",4,"None"
1973-01-02,"IRQ","IRN",1975-03-13,"Compromise","Raid",4,"101-250"
1973-01-09,"ZIM","ZAM",1973-06-14,"Statlemate","Raid",4,"26-100"
1973-01-19,"ZAM","SAF",1973-05-20,"Statlemate","Raid",4,"None"
1973-01-20,"POR","GUI",1973-01-20,"Statlemate","Border violation",3,"None"
1973-01-28,"SAF","ZAM",1973-06-14,"Statlemate","Clash",4,"26-100"
1973-01-29,"UGA","ZAM",1973-01-29,"Statlemate","Alert",3,"None"
1973-02-10,"PAK","IRQ",1973-02-10,"Statlemate","Seizure",4,"None"
1973-02-13,"UGA","KEN",1973-02-13,"Statlemate","Raid",4,"None"
1973-02-21,"ISR","LIB",1973-02-21,"Statlemate","Raid",4,"None"
1973-03-21,"LIB","USA",1973-03-21,"Statlemate","Raid",4,"None"
1973-03-28,"IRQ","SAU",1973-04-08,"Yield A","Clash",4,"0-25"
1973-04-01,"SOM","ETH",1973-05-23,"Statlemate","Fortify border",3,"None"
1973-04-12,"IND","CHN",1973-04-12,"Statlemate","Show of troops",3,"None"
1973-10-06,"JOR","ISR",1973-10-24,"Win B","Begin Interstate War",5,"1,000+"
1973-10-09,"USA","RUS",1973-10-31,"Statlemate","Alert",3,"None"
1973-10-09,"ISR","RUS",1973-10-31,"Statlemate","Alert",3,"None"
1973-10-10,"IRQ","ISR",1973-10-24,"Win B","Begin Interstate War",5,"1,000+"
1973-10-10,"SAU","ISR",1973-10-24,"Win B","Begin Interstate War",5,"1,000+"
1973-10-25,"EGY","ISR",1975-07-25,"Ongoing","Clash",4,"None"
1973-10-25,"EGY","ISR",1975-07-25,"Ongoing","Clash",4,"None"
1973-10-25,"EGY","ISR",1975-07-25,"Statlemate","Clash",4,"None"
1973-11-07,"SYR","ISR",1974-05-31,"Ongoing","Raid",4,"None"
1973-11-07,"SYR","ISR",1974-05-31,"Win B","Raid",4,"None"
1974-01-15,"RVN","CHN",1974-01-20,"Win A","Clash",4,"None"
1974-01-31,"RVN","CHN",1974-02-04,"Statlemate","Show of troops",3,"None"
1974-01-31,"RVN","TAW",1974-02-04,"Statlemate","Show of troops",3,"None"
1974-01-31,"RVN","PHI",1974-02-04,"Statlemate","Show of troops",3,"None"
1974-02-15,"PRK","ROK",1974-07-20,"Statlemate","Raid",4,"0-25"
1974-02-23,"CUB","USA",1974-02-24,"Released","Seizure",4,"None"
1974-03-14,"CHN","RUS",1974-09-14,"Released","Seizure",4,"None"
1974-03-29,"TUR","GRC",1974-05-29,"Statlemate","Alert",3,"None"
1974-04-12,"ISR","LEB",1975-12-05,"Ongoing","Raid",4,"None"
1974-04-12,"ISR","LEB",1975-12-05,"Statlemate","Raid",4,"None"
1974-04-15,"ISR","EGY",1974-12-18,"Statlemate","Raid",4,"None"
1974-05-26,"SOM","ETH",1974-05-28,"Statlemate","Clash",4,"0-25"
1974-06-08,"SYR","ISR",1975-10-20,"Ongoing","Seizure",4,"None"
1974-06-08,"SYR","ISR",1975-10-20,"Statlemate","Seizure",4,"None"
1974-07-14,"UGA","TAZ",1975-09-07,"Ongoing","Clash",4,"None"
1974-07-14,"UGA","TAZ",1975-09-07,"Statlemate","Clash",4,"None"
1974-07-14,"UGA","ZAM",1975-09-07,"Ongoing","Clash",4,"None"
1974-07-14,"UGA","ZAM",1975-09-07,"Statlemate","Clash",4,"None"
1974-07-14,"UGA","SUD",1974-07-14,"Statlemate","Clash",4,"None"
1974-07-20,"TUR","GRC",1974-08-16,"Win A","Begin Interstate War",5,"1,000+"
1974-08-02,"RUS","ISR",1974-08-28,"Statlemate","Border violation",3,"None"
1974-09-13,"GRC","TUR",1974-10-31,"Statlemate","Fortify border",3,"None"
1974-09-24,"SAF","ZAM",1974-10-05,"Statlemate","Raid",4,"None"
1974-10-01,"ZIM","ZAM",1974-11-20,"Statlemate","Raid",4,"None"
1974-11-07,"UGA","UKG",1975-02-28,"Ongoing","Alert",3,"None"
1974-11-07,"UGA","UKG",1975-02-28,"Unclear","Alert",3,"None"
1974-11-20,"SAF","ZAM",1974-11-20,"Statlemate","Clash",4,"None"
1974-12-01,"CHN","RUS",1974-12-31,"Statlemate","Clash",4,"None"
1975-01-08,"GRC","TUR",1975-01-08,"Statlemate","Threat to use force",2,"None"
1975-02-08,"SPN","MOR",1975-04-07,"Statlemate","Raid",4,"None"
1975-02-15,"ROK","PRK",1975-11-20,"Statlemate","Raid",4,"0-25"
1975-03-07,"IRQ","KUW",1975-06-05,"Compromise","Raid",4,"None"
1975-04-18,"DRV","CAM",1979-01-07,"Ongoing","Raid",4,"None"
1975-04-18,"DRV","CAM",1979-01-07,"Ongoing","Raid",4,"None"
1975-04-18,"DRV","CAM",1979-01-07,"Ongoing","Begin Interstate War",5,"None"
1975-04-18,"DRV","CAM",1979-01-07,"Ongoing","Begin Interstate War",5,"None"
1975-04-18,"DRV","CAM",1979-01-07,"Win A","Begin Interstate War",5,"1,000+"
1975-04-24,"MYA","THI",1975-04-24,"Statlemate","Raid",4,"None"
1975-05-12,"CAM","USA",1975-05-15,"Released","Raid",4,"None"
1975-05-18,"USA","PRK",1975-11-20,"Statlemate","Clash",4,"0-25"
1975-05-29,"CAM","THI",1976-02-20,"Ongoing","Clash",4,"None"
1975-05-29,"CAM","THI",1976-02-20,"Statlemate","Clash",4,"26-100"
1975-07-07,"THI","LAO",1975-11-16,"Compromise","Clash",4,"None"
1975-08-01,"SAF","CUB",1988-08-30,"Ongoing","Begin Interstate War",5,"None"
1975-08-01,"SAF","CUB",1988-08-30,"Ongoing","Begin Interstate War",5,"None"
1975-08-01,"SAF","CUB",1988-08-30,"Ongoing","Clash",4,"None"
1975-08-01,"SAF","CUB",1988-08-30,"Ongoing","Clash",4,"None"
1975-08-01,"SAF","CUB",1988-08-30,"Ongoing","Clash",4,"None"
1975-08-01,"SAF","CUB",1988-08-30,"Ongoing","Clash",4,"None"
1975-08-01,"SAF","CUB",1988-08-30,"Ongoing","Clash",4,"None"
1975-08-01,"SAF","CUB",1988-08-30,"Ongoing","Clash",4,"None"
1975-08-01,"SAF","CUB",1988-08-30,"Ongoing","Clash",4,"None"
1975-08-01,"SAF","CUB",1988-08-30,"Ongoing","Clash",4,"None"
1975-08-01,"SAF","CUB",1988-08-30,"Ongoing","Clash",4,"None"
1975-08-01,"SAF","CUB",1988-08-30,"Ongoing","Clash",4,"None"
1975-08-01,"SAF","CUB",1988-08-30,"Ongoing","Begin Interstate War",5,"None"
1975-08-01,"SAF","CUB",1988-08-30,"Win B","Begin Interstate War",5,"1,000+"
1975-08-01,"INS","POR",1976-07-27,"Ongoing","Clash",4,"None"
1975-08-01,"INS","POR",1976-07-27,"Released","Clash",4,"None"
1975-08-04,"EGY","LIB",1975-10-12,"Statlemate","Raid",4,"None"
1975-10-01,"GUA","UKG",1975-11-29,"Compromise","Show of planes",3,"None"
1975-10-15,"EGY","ISR",1976-03-06,"Ongoing","Threat to use force",2,"None"
1975-10-15,"EGY","ISR",1976-03-06,"Statlemate","Threat to use force",2,"None"
1975-10-20,"CHN","IND",1975-10-20,"Statlemate","Clash",4,"0-25"
1975-10-27,"ALG","SPN",1975-10-27,"Statlemate","Show of troops",3,"None"
1975-10-27,"ALG","MOR",1975-10-27,"Statlemate","Show of troops",3,"None"
1975-11-11,"SAF","ANG",1988-08-30,"Ongoing","Begin Interstate War",5,"None"
1975-11-11,"SAF","ANG",1988-08-30,"Ongoing","Begin Interstate War",5,"None"
1975-11-11,"SAF","ANG",1988-08-30,"Ongoing","Clash",4,"None"
1975-11-11,"SAF","ANG",1988-08-30,"Ongoing","Clash",4,"None"
1975-11-11,"SAF","ANG",1988-08-30,"Ongoing","Clash",4,"None"
1975-11-11,"SAF","ANG",1988-08-30,"Ongoing","Clash",4,"None"
1975-11-11,"SAF","ANG",1988-08-30,"Ongoing","Clash",4,"None"
1975-11-11,"SAF","ANG",1988-08-30,"Ongoing","Clash",4,"None"
1975-11-11,"SAF","ANG",1988-08-30,"Ongoing","Clash",4,"None"
1975-11-11,"SAF","ANG",1988-08-30,"Ongoing","Clash",4,"None"
1975-11-11,"SAF","ANG",1988-08-30,"Ongoing","Clash",4,"None"
1975-11-11,"SAF","ANG",1988-08-30,"Ongoing","Clash",4,"None"
1975-11-11,"SAF","ANG",1988-08-30,"Ongoing","Begin Interstate War",5,"None"
1975-11-11,"SAF","ANG",1988-08-30,"Win B","Begin Interstate War",5,"1,000+"
1975-11-26,"ISR","SYR",1977-09-23,"Ongoing","Raid",4,"None"
1975-11-26,"ISR","SYR",1977-09-23,"Ongoing","Raid",4,"None"
1975-11-26,"ISR","SYR",1977-09-23,"Statlemate","Raid",4,"None"
1975-12-14,"SOM","ETH",1976-01-04,"Ongoing","Clash",4,"None"
1975-12-14,"SOM","ETH",1976-01-04,"Statlemate","Clash",4,"0-25"
1975-12-24,"DRC","CUB",1978-01-20,"Ongoing","Begin Interstate War",5,"None"
1975-12-24,"DRC","CUB",1978-01-20,"Ongoing","Begin Interstate War",5,"None"
1975-12-24,"DRC","CUB",1978-01-20,"Ongoing","Clash",4,"None"
1975-12-24,"DRC","CUB",1978-01-20,"Win B","Clash",4,"1,000+"
1975-12-24,"DRC","ANG",1978-01-20,"Ongoing","Begin Interstate War",5,"None"
1975-12-24,"DRC","ANG",1978-01-20,"Ongoing","Begin Interstate War",5,"None"
1975-12-24,"DRC","ANG",1978-01-20,"Ongoing","Seizure",4,"None"
1975-12-24,"DRC","ANG",1978-01-20,"Win B","Seizure",4,"1,000+"
1976-01-07,"USA","CUB",1976-01-07,"Statlemate","Seizure",4,"None"
1976-01-28,"ZAM","CUB",1976-09-30,"Statlemate","Clash",4,"None"
1976-01-28,"ZAM","ANG",1976-09-30,"Statlemate","Clash",4,"None"
1976-02-01,"YUG","ALB",1976-02-28,"Statlemate","Raid",4,"None"
1976-02-03,"SOM","FRN",1976-02-03,"Statlemate","Clash",4,"0-25"
1976-02-04,"ARG","UKG",1976-02-11,"Statlemate","Raid",4,"None"
1976-02-18,"UGA","KEN",1976-08-27,"Statlemate","Clash",4,"None"
1976-04-05,"SYR","UKG",1976-04-05,"Statlemate","Raid",4,"None"
1976-04-12,"SAU","ISR",1976-04-13,"Released","Seizure",4,"None"
1976-04-19,"BNG","IND",1976-04-21,"Statlemate","Clash",4,"0-25"
1976-06-03,"TUR","GRC",1976-09-01,"Statlemate","Alert",3,"None"
1976-06-06,"IRQ","SYR",1976-11-25,"Compromise","Show of troops",3,"None"
1976-06-10,"ZAM","ZIM",1977-08-31,"Ongoing","Declaration of War",4,"None"
1976-06-10,"ZAM","ZIM",1977-08-31,"Statlemate","Declaration of War",4,"None"
1976-06-19,"PRK","ROK",1976-08-31,"Statlemate","Clash",4,"0-25"
1976-07-05,"ISR","UGA",1976-07-05,"Unclear","Clash",4,"26-100"
1976-07-13,"HON","SAL",1976-08-12,"Compromise","Clash",4,"None"
1976-08-01,"CHN","ROK",1976-08-01,"Statlemate","Seizure",4,"None"
1976-08-02,"THI","CAM",1987-06-30,"Ongoing","Clash",4,"None"
1976-08-02,"THI","CAM",1987-06-30,"Ongoing","Clash",4,"None"
1976-08-02,"THI","CAM",1987-06-30,"Ongoing","Clash",4,"None"
1976-08-02,"THI","CAM",1987-06-30,"Ongoing","Clash",4,"None"
1976-08-02,"THI","CAM",1987-06-30,"Ongoing","Clash",4,"None"
1976-08-02,"THI","CAM",1987-06-30,"Ongoing","Clash",4,"None"
1976-08-02,"THI","CAM",1987-06-30,"Ongoing","Clash",4,"None"
1976-08-02,"THI","CAM",1987-06-30,"Ongoing","Clash",4,"None"
1976-08-02,"THI","CAM",1987-06-30,"Ongoing","Clash",4,"None"
1976-08-02,"THI","CAM",1987-06-30,"Ongoing","Clash",4,"None"
1976-08-02,"THI","CAM",1987-06-30,"Ongoing","Clash",4,"None"
1976-08-02,"THI","CAM",1987-06-30,"Statlemate","Clash",4,"501-999"
1976-08-18,"PRK","USA",1976-08-31,"Statlemate","Clash",4,"0-25"
1976-08-31,"ISR","USA",1976-09-06,"Compromise","Clash",4,"None"
1976-09-06,"RUS","JPN",1976-11-30,"Statlemate","Seizure",4,"None"
1976-09-09,"LIB","CHA",1977-03-09,"Ongoing","Occupation of territory",4,"None"
1976-09-09,"LIB","CHA",1977-03-09,"Statlemate","Occupation of territory",4,"None"
1976-09-11,"CHL","PER",1976-09-11,"Statlemate","Clash",4,"None"
1976-10-15,"USA","PRK",1976-10-15,"Statlemate","Border violation",3,"None"
1976-11-25,"IRN","YPR",1976-11-25,"Statlemate","Raid",4,"None"
1977-01-01,"ETH","SUD",1977-04-14,"Statlemate","Border violation",3,"None"
1977-01-08,"CHL","PER",1977-01-25,"Statlemate","Show of troops",3,"None"
1977-02-04,"TAZ","KEN",1977-02-14,"Released","Seizure",4,"None"
1977-02-22,"SOM","ETH",1978-03-14,"Ongoing","Begin Interstate War",5,"None"
1977-02-22,"SOM","ETH",1978-03-14,"Win B","Begin Interstate War",5,"1,000+"
1977-02-24,"UGA","TAZ",1977-05-11,"Statlemate","Clash",4,"0-25"
1977-03-08,"CUB","DRC",1977-05-26,"Unclear","Clash",4,"2510-500"
1977-03-08,"ANG","DRC",1977-05-26,"Unclear","Clash",4,"2510-500"
1977-04-09,"USA","RUS",1977-04-10,"Released","Seizure",4,"None"
1977-04-09,"DRC","ZAM",1977-04-11,"Statlemate","Raid",4,"None"
1977-04-15,"CUB","FRN",1977-05-26,"Unclear","Clash",4,"2510-500"
1977-04-15,"ANG","FRN",1977-05-26,"Unclear","Clash",4,"2510-500"
1977-04-16,"CUB","MOR",1977-05-22,"Unclear","Clash",4,"2510-500"
1977-04-16,"ANG","MOR",1977-05-22,"Unclear","Clash",4,"2510-500"
1977-04-17,"GUA","UKG",1977-07-19,"Statlemate","Show of Ships",3,"None"
1977-04-26,"SAF","DRC",1977-04-26,"Statlemate","Clash",4,"None"
1977-04-28,"CUB","EGY",1977-05-25,"Unclear","Clash",4,"2510-500"
1977-04-28,"UGA","FRN",1977-05-26,"Unclear","Clash",4,"2510-500"
1977-04-28,"UGA","DRC",1977-05-26,"Unclear","Clash",4,"2510-500"
1977-04-28,"UGA","MOR",1977-05-22,"Unclear","Clash",4,"2510-500"
1977-04-28,"UGA","EGY",1977-05-25,"Unclear","Clash",4,"2510-500"
1977-04-28,"ANG","EGY",1977-05-25,"Unclear","Clash",4,"2510-500"
1977-04-28,"PRK","ROK",1978-05-19,"Ongoing","Raid",4,"None"
1977-04-28,"PRK","ROK",1978-05-19,"Unclear","Raid",4,"0-25"
1977-04-30,"CUB","USA",1977-05-01,"Released","Seizure",4,"None"
1977-05-01,"CAM","LAO",1977-10-02,"Statlemate","Clash",4,"None"
1977-05-01,"CON","FRN",1977-05-26,"Unclear","Clash",4,"2510-500"
1977-05-01,"CON","DRC",1977-05-26,"Unclear","Clash",4,"2510-500"
1977-05-01,"CON","MOR",1977-05-22,"Unclear","Clash",4,"2510-500"
1977-05-01,"CON","EGY",1977-05-25,"Unclear","Clash",4,"2510-500"
1977-05-11,"ZIM","ZAM",1979-12-21,"Ongoing","Declaration of War",4,"None"
1977-05-11,"ZIM","ZAM",1979-12-21,"Ongoing","Declaration of War",4,"None"
1977-05-11,"ZIM","ZAM",1979-12-21,"Statlemate","Declaration of War",4,"None"
1977-05-13,"CUB","CEN",1977-05-25,"Unclear","Clash",4,"2510-500"
1977-05-13,"CON","CEN",1977-05-26,"Unclear","Clash",4,"2510-500"
1977-05-13,"UGA","CEN",1977-05-25,"Unclear","Clash",4,"2510-500"
1977-05-13,"ANG","CEN",1977-05-25,"Unclear","Clash",4,"2510-500"
1977-05-20,"LIB","TUN",1977-05-27,"Statlemate","Show of Ships",3,"None"
1977-06-21,"ECU","PER",1978-01-18,"Ongoing","Raid",4,"None"
1977-06-21,"ECU","PER",1978-01-18,"Statlemate","Raid",4,"0-25"
1977-06-23,"SOM","KEN",1977-06-26,"Statlemate","Clash",4,"None"
1977-06-25,"DRV","THI",1977-06-25,"Statlemate","Raid",4,"None"
1977-06-27,"THI","MYA",1977-06-28,"Statlemate","Border violation",3,"None"
1977-07-02,"LIB","CHA",1980-12-17,"Ongoing","Clash",4,"None"
1977-07-02,"LIB","CHA",1980-12-17,"Ongoing","Clash",4,"None"
1977-07-02,"LIB","CHA",1980-12-17,"Ongoing","Clash",4,"None"
1977-07-02,"LIB","CHA",1980-12-17,"Win A","Clash",4,"None"
1977-07-04,"CHN","RUS",1977-08-05,"Statlemate","Clash",4,"None"
1977-07-06,"SAF","ZAM",1977-11-02,"Statlemate","Clash",4,"0-25"
1977-07-12,"EGY","LIB",1977-09-10,"Statlemate","Clash",4,"101-250"
1977-07-13,"PRK","USA",1978-03-17,"Ongoing","Raid",4,"None"
1977-07-13,"PRK","USA",1978-03-17,"Unclear","Raid",4,"0-25"
1977-07-14,"CHL","ARG",1978-02-10,"Ongoing","Show of planes",3,"None"
1977-07-14,"CHL","ARG",1978-02-10,"Statlemate","Show of planes",3,"None"
1977-07-28,"SOM","CUB",1978-03-14,"Ongoing","Mobilization",3,"None"
1977-07-28,"SOM","CUB",1978-03-14,"Win B","Begin Interstate War",5,"1,000+"
1977-08-07,"SAF","TAZ",1977-08-07,"Statlemate","Clash",4,"0-25"
1977-08-07,"ZIM","TAZ",1979-08-07,"Ongoing","Threat to use force",2,"None"
1977-08-07,"ZIM","TAZ",1979-08-07,"Ongoing","Threat to use force",2,"None"
1977-08-07,"ZIM","TAZ",1979-08-07,"Statlemate","Threat to use force",2,"None"
1977-08-31,"PER","CHL",1977-08-31,"Statlemate","Show of troops",3,"None"
1977-09-07,"RUS","JPN",1977-09-07,"Statlemate","Border violation",3,"None"
1977-09-20,"LEB","ISR",1978-06-13,"Ongoing","Clash",4,"None"
1977-09-20,"LEB","ISR",1978-06-13,"Unclear","Clash",4,"101-250"
1977-09-21,"ARG","RUS",1977-10-01,"Released","Seizure",4,"None"
1977-10-13,"NIC","COS",1977-10-15,"Statlemate","Raid",4,"None"
1977-11-12,"ROK","JPN",1977-11-13,"Released","Seizure",4,"None"
1977-11-14,"ISR","EGY",1977-11-19,"Statlemate","Alert",3,"None"
1978-02-01,"FRN","ANG",1978-02-01,"Statlemate","Border violation",3,"None"
1978-02-01,"ANG","FRN",1978-02-01,"Statlemate","Border violation",3,"None"
1978-02-15,"KEN","EGY",1978-02-17,"Released","Seizure",4,"None"
1978-03-11,"RUS","CHN",1978-05-09,"Statlemate","Raid",4,"None"
1978-03-17,"BOL","CHL",1978-03-17,"Statlemate","Show of troops",3,"None"
1978-04-14,"ETH","SOM",1979-02-07,"Ongoing","Raid",4,"None"
1978-04-14,"ETH","SOM",1979-02-07,"Statlemate","Raid",4,"None"
1978-04-15,"LIB","FRN",1980-03-08,"Ongoing","Clash",4,"None"
1978-04-15,"LIB","FRN",1980-03-08,"Ongoing","Clash",4,"None"
1978-04-15,"LIB","FRN",1980-03-08,"Win A","Clash",4,"None"
1978-04-18,"CHN","DRV",1979-03-16,"Ongoing","Mobilization",3,"None"
1978-04-18,"CHN","DRV",1979-03-16,"Statlemate","Begin Interstate War",5,"1,000+"
1978-05-20,"RUS","JPN",1979-10-02,"Ongoing","Show of Ships",3,"None"
1978-05-20,"RUS","JPN",1979-10-02,"Statlemate","Show of Ships",3,"None"
1978-06-21,"IRN","RUS",1978-06-21,"Statlemate","Raid",4,"0-25"
1978-06-29,"RUS","NOR",1978-10-12,"Statlemate","Show of Ships",3,"None"
1978-07-01,"ISR","SYR",1978-07-11,"Statlemate","Clash",4,"None"
1978-07-02,"YPR","YAR",1979-03-17,"Ongoing","Clash",4,"None"
1978-07-02,"YPR","YAR",1979-03-17,"Compromise","Clash",4,"None"
1978-07-30,"LIB","ITA",1978-07-30,"Statlemate","Seizure",4,"None"
1978-08-06,"EGY","LIB",1978-08-08,"Statlemate","Alert",3,"None"
1978-08-18,"ARG","CHL",1979-01-09,"Ongoing","Mobilization",3,"None"
1978-08-18,"ARG","CHL",1979-01-09,"Statlemate","Mobilization",3,"None"
1978-08-23,"SAF","ZAM",1978-08-26,"Statlemate","Raid",4,"None"
1978-09-12,"NIC","COS",1978-12-27,"Statlemate","Raid",4,"0-25"
1978-10-09,"UGA","TAZ",1979-06-03,"Ongoing","Begin Interstate War",5,"None"
1978-10-09,"UGA","TAZ",1979-06-03,"Win B","Begin Interstate War",5,"1,000+"
1978-11-01,"TUR","GRC",1978-11-01,"Statlemate","Raid",4,"None"
1978-11-19,"RUS","USA",1979-01-02,"Ongoing","Show of Ships",3,"None"
1978-11-19,"RUS","USA",1979-01-02,"Yield B","Show of Ships",3,"None"
1978-12-07,"CHN","RUS",1979-02-07,"Ongoing","Show of Ships",3,"None"
1978-12-07,"CHN","RUS",1979-02-07,"Statlemate","Show of Ships",3,"1,000+"
1978-12-14,"LAO","THI",1979-01-24,"Ongoing","Raid",4,"None"
1978-12-14,"LAO","THI",1979-01-24,"Statlemate","Raid",4,"None"
1979-01-27,"RUS","CHN",1980-02-14,"Ongoing","Clash",4,"None"
1979-01-27,"RUS","CHN",1980-02-14,"Statlemate","Clash",4,"0-25"
1979-02-01,"LIB","TAZ",1979-06-03,"Win A","Begin Interstate War",5,"1,000+"
1979-02-06,"MOR","SPN",1979-02-18,"Released","Seizure",4,"None"
1979-02-09,"LIB","SUD",1979-05-13,"Statlemate","Show of troops",3,"None"
1979-02-09,"LIB","EGY",1979-05-13,"Statlemate","Show of troops",3,"None"
1979-02-26,"ZIM","ANG",1979-02-26,"Statlemate","Raid",4,"None"
1979-02-27,"IND","CHN",1979-02-27,"Statlemate","Alert",3,"None"
1979-02-27,"IRQ","IRN",1979-06-19,"Statlemate","Raid",4,"None"
1979-02-27,"ETH","SUD",1979-03-01,"Statlemate","Occupation of territory",4,"None"
1979-03-01,"PRK","ROK",1980-12-06,"Ongoing","Raid",4,"None"
1979-03-01,"PRK","ROK",1980-12-06,"Statlemate","Raid",4,"0-25"
1979-03-02,"CHN","LAO",1979-03-15,"Statlemate","Border violation",3,"None"
1979-03-10,"PRK","USA",1980-03-27,"Ongoing","Show of planes",3,"None"
1979-03-10,"PRK","USA",1980-03-27,"Statlemate","Show of planes",3,"0-25"
1979-03-18,"IRN","AFG",1979-06-26,"Statlemate","Raid",4,"None"
1979-03-26,"AFG","PAK",1982-04-14,"Ongoing","Raid",4,"None"
1979-03-26,"AFG","PAK",1982-04-14,"Ongoing","Raid",4,"None"
1979-03-26,"AFG","PAK",1982-04-14,"Ongoing","Raid",4,"None"
1979-03-26,"AFG","PAK",1982-04-14,"Statlemate","Raid",4,"None"
1979-06-10,"ALG","MOR",1979-10-10,"Statlemate","Clash",4,"None"
1979-06-27,"SYR","ISR",1980-02-28,"Ongoing","Raid",4,"None"
1979-06-27,"SYR","ISR",1980-02-28,"Statlemate","Raid",4,"0-25"
1979-07-03,"ISR","EGY",1979-07-03,"Compromise","Show of planes",3,"None"
1979-08-09,"RUS","USA",1979-08-10,"Released","Seizure",4,"None"
1979-08-13,"USA","LIB",1979-08-13,"Statlemate","Show of Ships",3,"None"
1979-08-28,"CAN","USA",1979-08-31,"Statlemate","Raid",4,"None"
1979-08-31,"RUS","USA",1979-11-20,"Statlemate","Show of troops",3,"None"
1979-09-04,"CUB","USA",1979-11-20,"Statlemate","Show of troops",3,"None"
1979-10-24,"IRQ","IRN",1988-07-31,"Ongoing","Raid",4,"None"
1979-10-24,"IRQ","IRN",1988-07-31,"Ongoing","Begin Interstate War",5,"None"
1979-10-24,"IRQ","IRN",1988-07-31,"Ongoing","Begin Interstate War",5,"None"
1979-10-24,"IRQ","IRN",1988-07-31,"Ongoing","Begin Interstate War",5,"None"
1979-10-24,"IRQ","IRN",1988-07-31,"Ongoing","Begin Interstate War",5,"None"
1979-10-24,"IRQ","IRN",1988-07-31,"Ongoing","Begin Interstate War",5,"None"
1979-10-24,"IRQ","IRN",1988-07-31,"Ongoing","Begin Interstate War",5,"None"
1979-10-24,"IRQ","IRN",1988-07-31,"Ongoing","Begin Interstate War",5,"None"
1979-10-24,"IRQ","IRN",1988-07-31,"Ongoing","Begin Interstate War",5,"None"
1979-10-24,"IRQ","IRN",1988-07-31,"Win B","Begin Interstate War",5,"1,000+"
1979-11-01,"HON","NIC",1979-12-31,"Statlemate","Clash",4,"None"
1979-11-04,"IRN","USA",1981-01-21,"Ongoing","Raid",4,"None"
1979-11-04,"IRN","USA",1981-01-21,"Ongoing","Raid",4,"None"
1979-11-04,"IRN","USA",1981-01-21,"Released","Raid",4,"None"
1979-11-14,"PER","USA",1979-11-14,"Statlemate","Seizure",4,"None"
1979-11-15,"PHI","MAL",1979-11-19,"Statlemate","Show of Ships",3,"None"
1980-01-19,"RUS","IRN",1980-03-04,"Statlemate","Show of troops",3,"None"
1980-01-19,"AFG","IRN",1980-03-04,"Statlemate","Show of planes",3,"None"
1980-01-27,"FRN","LIB",1980-01-30,"Statlemate","Show of Ships",3,"None"
1980-01-27,"TUN","LIB",1980-01-30,"Statlemate","Threat to use force",2,"None"
1980-02-03,"SAU","YAR",1980-02-15,"Statlemate","Clash",4,"0-25"
1980-02-04,"DRC","CON",1980-02-04,"Yield B","Show of troops",3,"None"
1980-02-07,"COL","NIC",1980-02-07,"Statlemate","Show of Ships",3,"None"
1980-02-24,"ETH","SOM",1981-06-13,"Ongoing","Clash",4,"None"
1980-02-24,"ETH","SOM",1981-06-13,"Statlemate","Clash",4,"101-250"
1980-03-01,"AFG","RUS",1982-04-14,"Ongoing","Raid",4,"None"
1980-03-01,"AFG","RUS",1982-04-14,"Ongoing","Raid",4,"None"
1980-03-01,"AFG","RUS",1982-04-14,"Statlemate","Raid",4,"None"
1980-03-13,"USA","RUS",1980-03-19,"Statlemate","Show of Ships",3,"None"
1980-03-13,"CAN","RUS",1980-03-19,"Statlemate","Show of Ships",3,"None"
1980-03-13,"UKG","RUS",1980-03-19,"Statlemate","Show of Ships",3,"None"
1980-03-13,"NTH","RUS",1980-03-19,"Statlemate","Show of Ships",3,"None"
1980-03-13,"GFR","RUS",1980-03-19,"Statlemate","Show of Ships",3,"None"
1980-03-13,"ITA","RUS",1980-03-19,"Statlemate","Show of Ships",3,"None"
1980-03-13,"NOR","RUS",1980-03-19,"Statlemate","Show of Ships",3,"None"
1980-03-14,"EGY","LIB",1980-12-08,"Statlemate","Fortify border",3,"None"
1980-05-06,"YUG","RUS",1980-05-06,"Statlemate","Threat to use force",2,"None"
1980-06-02,"MAL","PHI",1980-11-02,"Yield B","Show of troops",3,"None"
1980-06-15,"LAO","THI",1980-06-15,"Statlemate","Raid",4,"None"
1980-06-30,"THI","DRV",1987-06-30,"Ongoing","Clash",4,"None"
1980-06-30,"THI","DRV",1987-06-30,"Ongoing","Clash",4,"None"
1980-06-30,"THI","DRV",1987-06-30,"Ongoing","Clash",4,"None"
1980-06-30,"THI","DRV",1987-06-30,"Ongoing","Clash",4,"None"
1980-06-30,"THI","DRV",1987-06-30,"Ongoing","Clash",4,"None"
1980-06-30,"THI","DRV",1987-06-30,"Ongoing","Clash",4,"None"
1980-06-30,"THI","DRV",1987-06-30,"Ongoing","Clash",4,"None"
1980-06-30,"THI","DRV",1987-06-30,"Statlemate","Clash",4,"501-999"
1980-07-13,"MOR","CUB",1980-07-13,"Statlemate","Raid",4,"None"
1980-07-15,"MOR","ALG",1980-07-15,"Statlemate","Show of planes",3,"None"
1980-08-11,"DRC","ZAM",1981-02-11,"Ongoing","Occupation of territory",4,"None"
1980-08-11,"DRC","ZAM",1981-02-11,"Statlemate","Occupation of territory",4,"None"
1980-08-24,"SYR","ISR",1981-07-25,"Ongoing","Clash",4,"None"
1980-08-24,"SYR","ISR",1981-07-25,"Statlemate","Clash",4,"0-25"
1980-08-24,"LEB","ISR",1981-07-25,"Ongoing","Clash",4,"None"
1980-08-24,"LEB","ISR",1981-07-25,"Statlemate","Clash",4,"0-25"
1980-09-07,"CHL","ARG",1981-02-09,"Ongoing","Seizure",4,"None"
1980-09-07,"CHL","ARG",1981-02-09,"Statlemate","Seizure",4,"None"
1980-09-23,"INS","DRV",1980-09-23,"Statlemate","Show of Ships",3,"None"
1980-10-05,"RUS","CHN",1980-10-29,"Statlemate","Clash",4,"0-25"
1980-10-25,"ECU","USA",1981-01-20,"Ongoing","Seizure",4,"None"
1980-10-25,"ECU","USA",1981-01-20,"Released","Seizure",4,"None"
1980-11-13,"IRN","KUW",1980-11-16,"Statlemate","Raid",4,"None"
1980-11-20,"MYA","THI",1980-11-20,"Statlemate","Raid",4,"None"
1980-11-23,"IND","BNG",1980-11-23,"Statlemate","Raid",4,"None"
1980-11-26,"SYR","JOR",1981-01-08,"Ongoing","Show of troops",3,"None"
1980-11-26,"SYR","JOR",1981-01-08,"Statlemate","Show of troops",3,"None"
1980-12-03,"TUN","LIB",1980-12-03,"Statlemate","Alert",3,"None"
1980-12-09,"SYR","ISR",1981-01-08,"Ongoing","Show of troops",3,"None"
1980-12-09,"SYR","ISR",1981-01-08,"Statlemate","Show of troops",3,"None"
1980-12-13,"FRN","LIB",1981-11-15,"Ongoing","Show of troops",3,"None"
1980-12-13,"FRN","LIB",1981-11-15,"Statlemate","Show of troops",3,"None"
1981-01-23,"PER","ECU",1981-03-06,"Statlemate","Raid",4,"26-100"
1981-03-21,"TUR","GRC",1982-03-28,"Ongoing","Show of planes",3,"None"
1981-03-21,"TUR","GRC",1982-03-28,"Statlemate","Show of planes",3,"None"
1981-04-25,"CHL","ARG",1982-02-23,"Ongoing","Raid",4,"None"
1981-04-25,"CHL","ARG",1982-02-23,"Statlemate","Raid",4,"None"
1981-04-30,"NIC","HON",1985-06-06,"Ongoing","Border violation",3,"None"
1981-04-30,"NIC","HON",1985-06-06,"Ongoing","Border violation",3,"None"
1981-04-30,"NIC","HON",1985-06-06,"Ongoing","Border violation",3,"None"
1981-04-30,"NIC","HON",1985-06-06,"Ongoing","Border violation",3,"None"
1981-04-30,"NIC","HON",1985-06-06,"Statlemate","Border violation",3,"None"
1981-05-05,"DRV","CHN",1981-08-17,"Statlemate","Clash",4,"2510-500"
1981-05-12,"USA","RUS",1981-05-14,"Released","Seizure",4,"None"
1981-06-07,"ISR","IRQ",1981-06-07,"Win A","Border violation",3,"None"
1981-07-07,"PRK","ROK",1982-07-13,"Ongoing","Clash",4,"None"
1981-07-07,"PRK","ROK",1982-07-13,"Statlemate","Clash",4,"None"
1981-07-07,"PAK","IND",1981-11-03,"Statlemate","Clash",4,"26-100"
1981-07-17,"CUB","USA",1981-07-30,"Statlemate","Show of planes",3,"None"
1981-08-14,"USA","PRK",1982-01-09,"Ongoing","Border violation",3,"None"
1981-08-14,"USA","PRK",1982-01-09,"Statlemate","Border violation",3,"None"
1981-08-18,"USA","LIB",1981-08-21,"Statlemate","Raid",4,"None"
1981-08-20,"EGY","LIB",1981-08-21,"Statlemate","Raid",4,"None"
1981-08-31,"NOR","DEN",1981-08-31,"Statlemate","Show of Ships",3,"None"
1981-08-31,"DEN","NOR",1981-08-31,"Statlemate","Show of Ships",3,"None"
1981-09-10,"LIB","SUD",1981-12-06,"Statlemate","Raid",4,"None"
1981-09-21,"IRN","TUR",1981-09-21,"Statlemate","Clash",4,"0-25"
1981-09-24,"IND","BNG",1981-09-24,"Statlemate","Raid",4,"0-25"
1981-10-01,"IRN","KUW",1981-10-01,"Statlemate","Raid",4,"None"
1981-10-29,"CHA","LIB",1981-11-15,"Statlemate","Show of troops",3,"None"
1981-11-09,"ISR","SAU",1981-11-09,"Statlemate","Border violation",3,"None"
1981-11-09,"LIB","USA",1981-12-06,"Statlemate","Show of planes",3,"None"
1981-11-09,"LIB","SOM",1981-12-06,"Statlemate","Show of planes",3,"None"
1981-11-09,"LIB","EGY",1981-12-06,"Statlemate","Show of planes",3,"None"
1981-12-28,"ISR","IRQ",1982-01-03,"Ongoing","Border violation",3,"None"
1981-12-28,"ISR","IRQ",1982-01-03,"Statlemate","Border violation",3,"None"
1982-01-15,"PHI","JPN",1982-01-15,"Statlemate","Raid",4,"None"
1982-02-03,"USA","LIB",1982-02-03,"Statlemate","Show of planes",3,"None"
1982-02-22,"SYR","JOR",1982-02-24,"Statlemate","Raid",4,"None"
1982-02-24,"RUS","ITA",1982-02-24,"Statlemate","Border violation",3,"None"
1982-02-28,"DRC","ZAM",1982-09-16,"Compromise","Clash",4,"0-25"
1982-03-01,"ARG","UKG",1982-06-14,"Win B","Begin Interstate War",5,"1,000+"
1982-03-03,"LIB","USA",1982-03-03,"Statlemate","Threat to use force",2,"None"
1982-03-08,"DRV","CHN",1982-03-08,"Statlemate","Raid",4,"None"
1982-03-17,"USA","NIC",1982-03-17,"Statlemate","Border violation",3,"None"
1982-04-03,"RUS","JPN",1982-04-03,"Statlemate","Border violation",3,"None"
1982-04-11,"ISR","LEB",1985-06-05,"Ongoing","Raid",4,"None"
1982-04-11,"ISR","LEB",1985-06-05,"Ongoing","Raid",4,"None"
1982-04-11,"ISR","LEB",1985-06-05,"Ongoing","Raid",4,"None"
1982-04-11,"ISR","LEB",1985-06-05,"Yield B","Raid",4,"1,000+"
1982-04-13,"SYR","IRQ",1982-04-13,"Statlemate","Show of planes",3,"None"
1982-04-24,"ROK","JPN",1982-07-13,"Statlemate","Seizure",4,"None"
1982-04-30,"VEN","UKG",1982-04-30,"Statlemate","Show of planes",3,"None"
1982-05-26,"INS","PNG",1982-06-26,"Statlemate","Raid",4,"None"
1982-06-05,"ISR","SYR",1982-06-10,"Win A","Begin Interstate War",5,"1,000+"
1982-06-16,"LAO","THI",1982-06-17,"Statlemate","Raid",4,"None"
1982-06-23,"RUS","JPN",1983-01-24,"Ongoing","Occupation of territory",4,"None"
1982-06-23,"RUS","JPN",1983-01-24,"Statlemate","Occupation of territory",4,"None"
1982-06-30,"ETH","SOM",1984-05-26,"Ongoing","Raid",4,"None"
1982-06-30,"ETH","SOM",1984-05-26,"Ongoing","Raid",4,"None"
1982-06-30,"ETH","SOM",1984-05-26,"Statlemate","Raid",4,"501-999"
1982-07-13,"VEN","COL",1982-07-24,"Statlemate","Raid",4,"None"
1982-08-02,"GUA","MEX",1983-01-26,"Ongoing","Raid",4,"None"
1982-08-02,"GUA","MEX",1983-01-26,"Statlemate","Raid",4,"None"
1982-08-12,"UKG","ARG",1982-08-12,"Yield B","Show of Ships",3,"None"
1982-09-08,"IND","PAK",1982-09-08,"Statlemate","Alert",3,"None"
1982-09-30,"RUS","USA",1983-01-24,"Ongoing","Occupation of territory",4,"None"
1982-09-30,"RUS","USA",1983-01-24,"Statlemate","Occupation of territory",4,"None"
1982-10-04,"SYR","ISR",1984-06-14,"Ongoing","Raid",4,"None"
1982-10-04,"SYR","ISR",1984-06-14,"Ongoing","Raid",4,"None"
1982-10-04,"SYR","ISR",1984-06-14,"Statlemate","Raid",4,"None"
1982-12-01,"TUR","GRC",1984-03-10,"Ongoing","Raid",4,"None"
1982-12-01,"TUR","GRC",1984-03-10,"Ongoing","Raid",4,"None"
1982-12-01,"TUR","GRC",1984-03-10,"Statlemate","Raid",4,"None"
1982-12-03,"USA","YPR",1982-12-07,"Statlemate","Show of troops",3,"None"
1982-12-16,"RUS","USA",1982-12-16,"Statlemate","Show of planes",3,"None"
1982-12-29,"MYA","THI",1983-01-13,"Ongoing","Seizure",4,"None"
1982-12-29,"MYA","THI",1983-01-13,"Statlemate","Seizure",4,"None"
1983-01-20,"EGY","ISR",1983-01-21,"Yield A","Show of troops",3,"None"
1983-02-01,"USA","PRK",1983-02-10,"Statlemate","Raid",4,"None"
1983-02-01,"ROK","PRK",1983-08-05,"Statlemate","Raid",4,"None"
1983-02-01,"THI","MYA",1983-02-01,"Statlemate","Show of troops",3,"None"
1983-02-16,"LIB","SUD",1983-02-20,"Yield A","Show of planes",3,"None"
1983-02-17,"LIB","USA",1983-02-20,"Yield B","Show of planes",3,"None"
1983-02-18,"LIB","EGY",1983-02-20,"Yield A","Show of planes",3,"None"
1983-02-26,"USA","IRN",1983-07-26,"Statlemate","Raid",4,"None"
1983-02-27,"LIB","CHA",1984-12-21,"Ongoing","Raid",4,"None"
1983-02-27,"LIB","CHA",1984-12-21,"Statlemate","Raid",4,"None"
1983-03-01,"NIC","USA",1985-06-06,"Ongoing","Border violation",3,"None"
1983-03-01,"NIC","USA",1985-06-06,"Ongoing","Border violation",3,"None"
1983-03-01,"NIC","USA",1985-06-06,"Statlemate","Border violation",3,"None"
1983-04-10,"DRV","CHN",1983-04-24,"Statlemate","Raid",4,"26-100"
1983-04-16,"BRA","LIB",1983-04-30,"Released","Seizure",4,"None"
1983-04-19,"USA","CUB",1983-04-19,"Statlemate","Border violation",3,"None"
1983-04-27,"RUS","NOR",1983-05-08,"Statlemate","Seizure",4,"None"
1983-04-29,"CHA","NIG",1983-07-11,"Statlemate","Clash",4,"2510-500"
1983-04-30,"RUS","IRN",1983-04-30,"Statlemate","Raid",4,"None"
1983-05-20,"USA","GRC",1984-03-10,"Ongoing","Show of planes",3,"None"
1983-05-20,"USA","GRC",1984-03-10,"Statlemate","Show of planes",3,"None"
1983-07-03,"LIB","DRC",1984-10-13,"Ongoing","Raid",4,"None"
1983-07-03,"LIB","DRC",1984-10-13,"Statlemate","Raid",4,"None"
1983-08-01,"USA","LIB",1983-08-10,"Statlemate","Show of planes",3,"None"
1983-08-02,"LIB","USA",1983-08-24,"Statlemate","Raid",4,"None"
1983-08-09,"ARG","UKG",1983-08-09,"Statlemate","Show of planes",3,"None"
1983-08-09,"LIB","FRN",1984-10-20,"Ongoing","Raid",4,"None"
1983-08-09,"LIB","FRN",1984-10-20,"Statlemate","Raid",4,"None"
1983-08-10,"SUD","LIB",1983-08-10,"Statlemate","Show of planes",3,"None"
1983-08-16,"EGY","ISR",1985-07-05,"Ongoing","Seizure",4,"None"
1983-08-16,"EGY","ISR",1985-07-05,"Ongoing","Seizure",4,"None"
1983-08-16,"EGY","ISR",1985-07-05,"Released","Seizure",4,"None"
1983-08-18,"ARG","CHL",1983-08-18,"Compromise","Show of planes",3,"None"
1983-09-01,"RUS","ROK",1983-09-01,"Statlemate","Raid",4,"None"
1983-09-03,"SYR","USA",1984-04-01,"Ongoing","Clash",4,"None"
1983-09-03,"SYR","USA",1984-04-01,"Statlemate","Clash",4,"None"
1983-09-04,"MAL","CHN",1984-03-04,"Ongoing","Show of troops",3,"None"
1983-09-04,"MAL","CHN",1984-03-04,"Statlemate","Show of troops",3,"None"
1983-09-04,"MAL","DRV",1984-03-04,"Ongoing","Show of troops",3,"None"
1983-09-04,"MAL","DRV",1984-03-04,"Statlemate","Show of troops",3,"None"
1983-09-18,"AFG","PAK",1987-04-30,"Ongoing","Raid",4,"None"
1983-09-18,"AFG","PAK",1987-04-30,"Ongoing","Raid",4,"None"
1983-09-18,"AFG","PAK",1987-04-30,"Ongoing","Raid",4,"None"
1983-09-18,"AFG","PAK",1987-04-30,"Ongoing","Raid",4,"None"
1983-09-18,"AFG","PAK",1987-04-30,"Statlemate","Raid",4,"None"
1983-09-28,"NIC","COS",1984-09-03,"Ongoing","Clash",4,"None"
1983-09-28,"NIC","COS",1984-09-03,"Statlemate","Clash",4,"None"
1983-10-09,"IRN","AFG",1983-10-10,"Statlemate","Show of planes",3,"None"
1983-10-20,"PAK","IND",1984-01-31,"Ongoing","Clash",4,"None"
1983-10-20,"PAK","IND",1984-01-31,"Statlemate","Clash",4,"0-25"
1983-10-25,"USA","CUB",1983-11-01,"Win A","Threat to use force",2,"None"
1983-11-19,"ETH","SUD",1983-11-21,"Statlemate","Alert",3,"None"
1983-11-24,"RUS","USA",1984-05-20,"Ongoing","Show of planes",3,"None"
1983-11-24,"RUS","USA",1984-05-20,"Statlemate","Show of planes",3,"None"
1983-12-09,"IND","BNG",1984-06-10,"Ongoing","Raid",4,"None"
1983-12-09,"IND","BNG",1984-06-10,"Compromise","Raid",4,"0-25"
1983-12-28,"SAU","YAR",1984-01-16,"Ongoing","Clash",4,"None"
1983-12-28,"SAU","YAR",1984-01-16,"Statlemate","Clash",4,"None"
1983-12-30,"LAO","THI",1986-06-14,"Ongoing","Clash",4,"None"
1983-12-30,"LAO","THI",1986-06-14,"Ongoing","Clash",4,"None"
1983-12-30,"LAO","THI",1986-06-14,"Ongoing","Clash",4,"None"
1983-12-30,"LAO","THI",1986-06-14,"Statlemate","Clash",4,"26-100"
1984-01-14,"DRV","CHN",1984-07-12,"Statlemate","Raid",4,"None"
1984-01-15,"PER","ECU",1984-01-15,"Statlemate","Clash",4,"0-25"
1984-02-19,"USA","IRN",1984-04-30,"Statlemate","Show of Ships",3,"None"
1984-03-07,"FRN","SPN",1984-03-07,"Statlemate","Raid",4,"None"
1984-03-08,"LIB","SUD",1984-03-31,"Yield A","Raid",4,"None"
1984-03-08,"LIB","EGY",1984-03-19,"Yield A","Raid",4,"None"
1984-03-08,"IRQ","UKG",1984-03-08,"Statlemate","Raid",4,"None"
1984-03-12,"MYA","THI",1984-09-20,"Statlemate","Raid",4,"0-25"
1984-03-19,"LIB","USA",1984-03-19,"Yield B","Raid",4,"None"
1984-03-27,"INS","PNG",1984-11-09,"Compromise","Raid",4,"None"
1984-04-20,"CZE","GFR",1984-05-20,"Statlemate","Raid",4,"None"
1984-04-26,"IRN","SAU",1984-07-05,"Statlemate","Raid",4,"None"
1984-04-30,"GUA","MEX",1984-04-30,"Statlemate","Raid",4,"None"
1984-05-09,"IRN","SAU",1984-07-23,"Statlemate","Raid",4,"None"
1984-05-14,"IRN","KUW",1984-07-23,"Statlemate","Raid",4,"None"
1984-05-29,"IRN","QAT",1984-06-01,"Statlemate","Raid",4,"None"
1984-05-29,"IRN","UAE",1984-06-01,"Statlemate","Raid",4,"None"
1984-06-03,"IRQ","TUR",1984-06-03,"Statlemate","Raid",4,"None"
1984-06-15,"MOR","ALG",1984-06-15,"Statlemate","Clash",4,"0-25"
1984-06-25,"PAK","IND",1984-08-30,"Statlemate","Clash",4,"26-100"
1984-07-10,"IRN","UKG",1984-10-24,"Statlemate","Raid",4,"None"
1984-08-13,"AFG","RUS",1985-03-01,"Ongoing","Show of troops",3,"None"
1984-08-13,"AFG","RUS",1985-03-01,"Statlemate","Show of troops",3,"None"
1984-08-22,"FRN","LIB",1984-08-22,"Statlemate","Seizure",4,"None"
1984-09-12,"RUS","USA",1984-09-19,"Released","Seizure",4,"None"
1984-10-17,"TUR","GRC",1985-03-13,"Ongoing","Threat to use force",2,"None"
1984-10-17,"TUR","GRC",1985-03-13,"Statlemate","Threat to use force",2,"None"
1984-10-19,"ARG","CHL",1984-10-19,"Statlemate","Raid",4,"None"
1984-11-12,"RUS","JPN",1984-11-23,"Statlemate","Show of planes",3,"None"
1984-11-13,"PRK","ROK",1985-04-29,"Ongoing","Clash",4,"None"
1984-11-13,"PRK","ROK",1985-04-29,"Statlemate","Clash",4,"None"
1984-12-20,"ETH","SOM",1985-01-02,"Ongoing","Clash",4,"None"
1984-12-20,"ETH","SOM",1985-01-02,"Statlemate","Clash",4,"101-250"
1985-01-09,"CHN","DRV",1986-02-06,"Ongoing","Clash",4,"None"
1985-01-09,"CHN","DRV",1986-02-06,"Statlemate","Clash",4,"None"
1985-01-17,"PAK","IND",1985-10-07,"Statlemate","Raid",4,"26-100"
1985-02-01,"PRK","USA",1985-02-06,"Statlemate","Clash",4,"None"
1985-02-19,"IRQ","KUW",1985-02-19,"Statlemate","Raid",4,"None"
1985-02-20,"IRN","KUW",1985-02-20,"Statlemate","Raid",4,"None"
1985-02-21,"IRN","SAU",1985-02-21,"Statlemate","Raid",4,"None"
1985-03-19,"IRN","UKG",1985-03-19,"Statlemate","Raid",4,"None"
1985-03-22,"ROK","CHN",1985-03-27,"Released","Raid",4,"None"
1985-03-24,"USA","RUS",1985-09-07,"Statlemate","Raid",4,"0-25"
1985-05-07,"MYA","THI",1985-11-05,"Statlemate","Clash",4,"None"
1985-05-31,"NIC","COS",1985-06-05,"Statlemate","Clash",4,"0-25"
1985-06-06,"USA","GDR",1985-09-07,"Statlemate","Border violation",4,"0-25"
1985-06-06,"UKG","GDR",1985-09-07,"Statlemate","Border violation",4,"0-25"
1985-06-13,"SYR","ISR",1986-08-07,"Ongoing","Raid",4,"None"
1985-06-13,"SYR","ISR",1986-08-07,"Statlemate","Raid",4,"0-25"
1985-07-10,"HON","SAL",1985-07-11,"Statlemate","Border violation",3,"None"
1985-07-10,"IRQ","TUR",1985-07-13,"Statlemate","Raid",4,"None"
1985-08-20,"LIB","TUN",1985-08-22,"Statlemate","Alert",3,"None"
1985-08-28,"LIB","EGY",1985-12-02,"Statlemate","Alert",3,"None"
1985-09-17,"ETH","SOM",1985-10-22,"Statlemate","Clash",4,"26-100"
1985-09-24,"LIB","USA",1985-09-30,"Statlemate","Show of Ships",3,"None"
1985-09-29,"CZE","USA",1985-09-29,"Statlemate","Raid",4,"None"
1985-09-29,"CZE","GFR",1985-09-29,"Statlemate","Raid",4,"None"
1985-09-30,"MAL","PHI",1985-09-30,"Statlemate","Raid",4,"None"
1985-10-01,"ISR","TUN",1985-10-01,"Statlemate","Raid",4,"None"
1985-10-18,"IRN","FRN",1985-10-18,"Statlemate","Show of Ships",3,"None"
1985-11-16,"IRN","USA",1986-03-14,"Ongoing","Show of Ships",3,"None"
1985-11-16,"IRN","USA",1986-03-14,"Yield B","Show of Ships",3,"None"
1985-11-16,"IRN","UKG",1986-01-14,"Ongoing","Show of Ships",3,"None"
1985-11-16,"IRN","UKG",1986-01-14,"Yield B","Show of Ships",3,"None"
1985-11-16,"IRN","SAU",1986-03-16,"Ongoing","Show of Ships",3,"None"
1985-11-16,"IRN","SAU",1986-03-16,"Yield A","Show of Ships",3,"None"
1985-11-16,"IRN","KUW",1986-03-16,"Ongoing","Alert",3,"None"
1985-11-16,"IRN","KUW",1986-03-16,"Yield A","Alert",3,"None"
1985-12-01,"IND","CHN",1987-06-04,"Ongoing","Clash",4,"None"
1985-12-01,"IND","CHN",1987-06-04,"Ongoing","Clash",4,"None"
1985-12-01,"IND","CHN",1987-06-04,"Statlemate","Clash",4,"None"
1986-01-07,"NIC","HON",1988-03-31,"Ongoing","Clash",4,"None"
1986-01-07,"NIC","HON",1988-03-31,"Ongoing","Clash",4,"None"
1986-01-07,"NIC","HON",1988-03-31,"Statlemate","Clash",4,"None"
1986-01-07,"RUS","USA",1986-01-07,"Statlemate","Show of Ships",3,"None"
1986-01-13,"IRN","USA",1986-01-14,"Statlemate","Raid",4,"None"
1986-01-13,"LIB","USA",1986-04-15,"Yield B","Raid",4,"None"
1986-01-31,"DOM","HAI",1986-02-01,"Statlemate","Show of troops",3,"None"
1986-02-01,"NIC","USA",1988-03-31,"Ongoing","Clash",4,"None"
1986-02-01,"NIC","USA",1988-03-31,"Ongoing","Clash",4,"None"
1986-02-01,"NIC","USA",1988-03-31,"Statlemate","Clash",4,"None"
1986-02-04,"ISR","LIB",1986-02-04,"Released","Raid",4,"None"
1986-02-10,"LIB","CHA",1987-09-11,"Ongoing","Clash",4,"None"
1986-02-10,"LIB","CHA",1987-09-11,"Win B","Begin Interstate War",5,"1,000+"
1986-02-15,"LIB","FRN",1987-09-11,"Ongoing","Raid",4,"None"
1986-02-15,"LIB","FRN",1987-09-11,"Statlemate","Raid",4,"None"
1986-02-27,"IND","BNG",1986-04-22,"Statlemate","Raid",4,"0-25"
1986-03-02,"IRN","TUR",1986-03-02,"Statlemate","Raid",4,"None"
1986-03-13,"USA","RUS",1986-03-13,"Statlemate","Show of Ships",3,"None"
1986-03-20,"SPN","UKG",1986-03-21,"Statlemate","Show of Ships",3,"None"
1986-04-06,"IRN","SAU",1986-05-01,"Statlemate","Raid",4,"None"
1986-04-16,"NIC","COS",1986-04-16,"Statlemate","Clash",4,"None"
1986-05-19,"SAF","ZIM",1986-05-19,"Statlemate","Raid",4,"None"
1986-05-19,"SAF","ZAM",1986-05-19,"Statlemate","Border violation",3,"None"
1986-05-28,"ARG","TAW",1986-05-28,"Statlemate","Raid",4,"None"
1986-06-27,"TUR","GRC",1987-07-31,"Ongoing","Raid",4,"None"
1986-06-27,"TUR","GRC",1987-07-31,"Unclear","Raid",4,"0-25"
1986-07-12,"CHN","RUS",1986-07-12,"Statlemate","Clash",4,"0-25"
1986-07-20,"TUR","BUL",1986-07-23,"Released","Seizure",4,"None"
1986-08-11,"PRK","ROK",1986-08-21,"Statlemate","Clash",4,"None"
1986-08-27,"IRN","TUR",1986-08-27,"Statlemate","Threat to use force",2,"None"
1986-08-29,"IRN","SAU",1986-08-29,"Statlemate","Threat to blockade",2,"None"
1986-08-29,"IRN","KUW",1986-08-29,"Statlemate","Threat to blockade",2,"None"
1986-08-29,"IRN","QAT",1986-08-29,"Statlemate","Threat to blockade",2,"None"
1986-08-29,"IRN","UAE",1986-08-29,"Statlemate","Threat to blockade",2,"None"
1986-09-03,"IRN","RUS",1986-09-03,"Statlemate","Raid",4,"None"
1986-09-18,"CZE","GFR",1986-09-22,"Statlemate","Raid",4,"0-25"
1986-09-23,"IRN","UKG",1986-11-26,"Statlemate","Raid",4,"None"
1986-10-01,"CHN","DRV",1987-03-15,"Ongoing","Raid",4,"None"
1986-10-01,"CHN","DRV",1987-03-15,"Statlemate","Begin Interstate War",5,"1,000+"
1986-10-14,"IND","PAK",1986-11-15,"Statlemate","Raid",4,"None"
1986-10-22,"IRN","KUW",1986-10-22,"Statlemate","Raid",4,"None"
1986-10-26,"ROK","CHN",1987-04-26,"Ongoing","Seizure",4,"None"
1986-10-26,"ROK","CHN",1987-04-26,"Released","Seizure",4,"None"
1986-12-05,"ETH","SUD",1986-12-05,"Statlemate","Raid",4,"None"
1987-01-15,"DRC","CON",1987-01-15,"Statlemate","Clash",4,"None"
1987-01-27,"USA","IRN",1988-07-03,"Ongoing","Raid",4,"None"
1987-01-27,"USA","IRN",1988-07-03,"Statlemate","Raid",4,"None"
1987-03-17,"CAN","FRN",1987-03-17,"Statlemate","Threat to use force",2,"None"
1987-04-09,"SAF","ZAM",1987-04-25,"Statlemate","Raid",4,"None"
1987-04-12,"MYA","THI",1987-05-04,"Statlemate","Raid",4,"None"
1987-04-15,"CHN","DRV",1987-06-06,"Statlemate","Show of Ships",3,"None"
1987-04-21,"RUS","IRN",1987-11-02,"Statlemate","Raid",4,"None"
1987-05-01,"USA","CUB",1987-05-01,"Statlemate","Show of planes",3,"None"
1987-05-11,"IRN","KUW",1988-05-20,"Ongoing","Raid",4,"None"
1987-05-11,"IRN","KUW",1988-05-20,"Statlemate","Raid",4,"None"
1987-05-17,"IRQ","USA",1987-05-18,"Statlemate","Raid",4,"26-100"
1987-05-20,"THI","LAO",1988-02-19,"Ongoing","Raid",4,"None"
1987-05-20,"THI","LAO",1988-02-19,"Compromise","Raid",4,"101-250"
1987-05-22,"IRN","QAT",1987-05-22,"Statlemate","Raid",4,"None"
1987-06-01,"IND","BNG",1987-06-25,"Statlemate","Raid",4,"0-25"
1987-06-01,"IRN","TUR",1988-03-27,"Ongoing","Raid",4,"None"
1987-06-01,"IRN","TUR",1988-03-27,"Statlemate","Raid",4,"0-25"
1987-06-03,"DRC","UGA",1987-06-03,"Statlemate","Clash",4,"0-25"
1987-06-08,"TAW","CHN",1987-09-30,"Statlemate","Raid",4,"None"
1987-06-15,"POL","GFR",1987-06-15,"Statlemate","Raid",4,"None"
1987-06-30,"IRN","FRN",1988-01-20,"Ongoing","Raid",4,"None"
1987-06-30,"IRN","FRN",1988-01-20,"Statlemate","Raid",4,"None"
1987-07-24,"ETH","SUD",1987-08-12,"Statlemate","Clash",4,"None"
1987-07-28,"SYR","IRQ",1987-07-28,"Statlemate","Raid",4,"None"
1987-08-02,"IRN","SAU",1988-04-24,"Ongoing","Raid",4,"None"
1987-08-02,"IRN","SAU",1988-04-24,"Statlemate","Raid",4,"None"
1987-08-13,"COL","VEN",1987-09-05,"Statlemate","Raid",4,"None"
1987-08-21,"IRQ","TUR",1987-09-23,"Statlemate","Raid",4,"None"
1987-09-02,"NIC","COS",1987-09-02,"Statlemate","Clash",4,"None"
1987-09-13,"RUS","NOR",1987-09-13,"Statlemate","Show of planes",3,"None"
1987-09-24,"USA","PAN",1988-04-08,"Ongoing","Seizure",4,"None"
1987-09-24,"USA","PAN",1988-04-08,"Statlemate","Seizure",4,"None"
1987-10-05,"DRV","CHN",1987-10-05,"Statlemate","Raid",4,"0-25"
1987-10-20,"UGA","KEN",1987-12-28,"Compromise","Clash",4,"26-100"
1987-11-29,"DOM","HAI",1987-12-30,"Statlemate","Alert",3,"None"
1988-02-12,"IRQ","USA",1988-02-12,"Statlemate","Raid",4,"None"
1988-02-14,"SAF","ZIM",1988-02-14,"Statlemate","Threat to use force",2,"None"
1988-02-20,"CHN","DRV",1988-03-16,"Win A","Clash",4,"None"
1988-04-14,"CAN","FRN",1988-05-06,"Released","Raid",4,"None"
1988-04-19,"IRN","UAE",1988-04-19,"Statlemate","Raid",4,"None"
1988-04-29,"TAW","CHN",1988-12-09,"Statlemate","Raid",4,"None"
1988-05-04,"MAL","PHI",1988-08-18,"Released","Seizure",4,"None"
1988-05-14,"IRQ","UKG",1988-05-14,"Statlemate","Raid",4,"None"
1988-07-02,"IRN","USA",1988-07-02,"Statlemate","Raid",4,"None"
1988-08-08,"MYA","THI",1988-10-11,"Statlemate","Seizure",4,"None"
1988-08-16,"COL","VEN",1988-08-16,"Statlemate","Clash",4,"None"
1988-09-09,"PAN","COS",1988-10-11,"Statlemate","Raid",4,"None"
1988-09-29,"HON","NIC",1988-09-29,"Statlemate","Border violation",3,"None"
1988-10-07,"ETH","SUD",1988-10-07,"Statlemate","Border violation",3,"None"
1988-10-22,"INS","PNG",1988-11-04,"Statlemate","Raid",4,"None"
1988-11-14,"PNG","JPN",1988-11-14,"Unclear","Seizure",4,"None"
1988-12-30,"USA","LIB",1989-01-04,"Ongoing","Raid",4,"None"
1988-12-30,"USA","LIB",1989-01-04,"Statlemate","Raid",4,"None"
1989-01-12,"PAN","USA",1989-12-22,"Win A","Raid",4,"101-250"
1989-01-12,"TUR","GRC",1989-01-12,"Statlemate","Alert",3,"None"
1989-01-23,"DRV","THI",1989-07-22,"Statlemate","Raid",4,"None"
1989-01-28,"PRK","ROK",1989-01-28,"Statlemate","Seizure",4,"None"
1989-02-11,"PAK","AFG",1989-04-07,"Statlemate","Raid",4,"None"
1989-02-17,"IRQ","IRN",1989-03-13,"Statlemate","Raid",4,"0-25"
1989-03-12,"UGA","KEN",1989-03-12,"Statlemate","Clash",4,"26-100"
1989-04-09,"HON","NIC",1989-09-30,"Statlemate","Raid",4,"0-25"
1989-05-21,"MYA","THI",1989-05-21,"Statlemate","Raid",4,"None"
1989-05-23,"SAL","HON",1989-05-29,"Statlemate","Raid",4,"0-25"
1989-06-03,"EGY","ISR",1989-06-03,"Statlemate","Raid",4,"None"
1989-09-20,"SOM","KEN",1989-09-20,"Statlemate","Raid",4,"None"
1989-10-21,"SYR","TUR",1989-10-21,"Statlemate","Raid",4,"None"
1989-10-25,"IRN","IRQ",1989-10-25,"Statlemate","Clash",4,"None"
1989-11-15,"SUD","UGA",1990-02-03,"Ongoing","Raid",4,"None"
1989-11-15,"SUD","UGA",1990-02-03,"Compromise","Raid",4,"0-25"
1989-11-30,"FRN","LEB",1990-02-12,"Ongoing","Show of troops",3,"None"
1989-11-30,"FRN","LEB",1990-02-12,"Statlemate","Show of troops",3,"None"
1989-12-11,"CAN","USA",1989-12-11,"Statlemate","Show of Ships",3,"None"
1990-01-31,"USA","CUB",1990-05-31,"Statlemate","Raid",4,"None"
1990-02-08,"MYA","THI",1990-02-21,"Statlemate","Clash",4,"0-25"
1990-02-11,"IND","PAK",1990-12-22,"Compromise","Clash",4,"0-25"
1990-02-21,"DRC","ZAM",1990-02-21,"Statlemate","Raid",4,"None"
1990-04-02,"IRQ","ISR",1991-02-28,"Ongoing","Raid",4,"None"
1990-04-02,"IRQ","ISR",1991-02-28,"Statlemate","Raid",4,"None"
1990-05-04,"ISR","JOR",1991-03-03,"Ongoing","Fortify border",3,"None"
1990-05-04,"ISR","JOR",1991-03-03,"Statlemate","Fortify border",3,"None"
1990-05-28,"IRQ","KUW",1990-08-03,"Win A","Raid",4,"1,000+"
1990-06-25,"INS","PNG",1990-10-29,"Compromise","Raid",4,"None"
1990-07-16,"IRQ","UAE",1991-03-03,"Ongoing","Raid",4,"None"
1990-07-16,"IRQ","UAE",1991-03-03,"Win B","Raid",4,"None"
1990-07-24,"IRQ","USA",1991-03-03,"Ongoing","Fortify border",3,"None"
1990-07-24,"IRQ","USA",1991-03-03,"Win B","Begin Interstate War",5,"1,000+"
1990-08-03,"IRQ","SAU",1991-03-03,"Ongoing","Fortify border",3,"None"
1990-08-03,"IRQ","SAU",1991-03-03,"Win B","Begin Interstate War",5,"1,000+"
1990-08-08,"IRQ","FRN",1991-03-03,"Ongoing","Fortify border",3,"None"
1990-08-08,"IRQ","FRN",1991-03-03,"Win B","Begin Interstate War",5,"1,000+"
1990-08-09,"JOR","USA",1991-03-03,"Ongoing","Threat to use force",2,"None"
1990-08-09,"JOR","USA",1991-03-03,"Statlemate","Threat to use force",2,"None"
1990-08-09,"IRQ","UKG",1991-03-03,"Ongoing","Fortify border",3,"None"
1990-08-09,"IRQ","UKG",1991-03-03,"Win B","Begin Interstate War",5,"1,000+"
1990-08-09,"JOR","UKG",1991-03-03,"Ongoing","Threat to use force",2,"None"
1990-08-09,"JOR","UKG",1991-03-03,"Statlemate","Threat to use force",2,"None"
1990-08-09,"JOR","FRN",1991-03-03,"Ongoing","Threat to use force",2,"None"
1990-08-09,"JOR","FRN",1991-03-03,"Statlemate","Threat to use force",2,"None"
1990-08-10,"IRQ","CAN",1991-03-03,"Ongoing","Fortify border",3,"None"
1990-08-10,"IRQ","CAN",1991-03-03,"Win B","Begin Interstate War",5,"1,000+"
1990-08-11,"IRQ","MOR",1991-03-03,"Ongoing","Show of troops",3,"None"
1990-08-11,"IRQ","MOR",1991-03-03,"Win B","Show of troops",3,"None"
1990-08-11,"IRQ","TUR",1991-03-03,"Ongoing","Show of troops",3,"None"
1990-08-11,"IRQ","TUR",1991-03-03,"Win B","Show of troops",3,"None"
1990-08-11,"IRQ","EGY",1991-03-03,"Ongoing","Fortify border",3,"None"
1990-08-11,"IRQ","EGY",1991-03-03,"Win B","Begin Interstate War",5,"1,000+"
1990-08-14,"IRQ","SYR",1991-03-03,"Ongoing","Fortify border",3,"None"
1990-08-14,"IRQ","SYR",1991-03-03,"Win B","Begin Interstate War",5,"1,000+"
1990-08-21,"IRQ","NTH",1991-03-03,"Ongoing","Show of Ships",3,"None"
1990-08-21,"IRQ","NTH",1991-03-03,"Win B","Show of Ships",3,"None"
1990-08-21,"IRQ","BEL",1991-03-03,"Ongoing","Show of Ships",3,"None"
1990-08-21,"IRQ","BEL",1991-03-03,"Win B","Show of Ships",3,"None"
1990-08-21,"IRQ","SPN",1991-03-03,"Ongoing","Show of Ships",3,"None"
1990-08-21,"IRQ","SPN",1991-03-03,"Win B","Show of Ships",3,"None"
1990-08-21,"IRQ","ITA",1991-03-03,"Ongoing","Fortify border",3,"None"
1990-08-21,"IRQ","ITA",1991-03-03,"Win B","Begin Interstate War",5,"1,000+"
1990-08-21,"IRQ","GRC",1991-03-03,"Ongoing","Show of Ships",3,"None"
1990-08-21,"IRQ","GRC",1991-03-03,"Win B","Show of Ships",3,"None"
1990-09-01,"IRQ","PAK",1991-03-03,"Ongoing","Show of troops",3,"None"
1990-09-01,"IRQ","PAK",1991-03-03,"Win B","Show of troops",3,"None"
1990-09-01,"IRQ","BNG",1991-03-03,"Ongoing","Show of troops",3,"None"
1990-09-01,"IRQ","BNG",1991-03-03,"Win B","Show of troops",3,"None"
1990-09-09,"IRQ","AUL",1991-03-03,"Ongoing","Raid",4,"None"
1990-09-09,"IRQ","AUL",1991-03-03,"Win B","Raid",4,"None"
1990-09-18,"IRQ","ARG",1991-03-03,"Ongoing","Show of Ships",3,"None"
1990-09-18,"IRQ","ARG",1991-03-03,"Win B","Show of Ships",3,"1,000+"
1990-10-02,"FRN","PRK",1990-10-02,"Statlemate","Raid",4,"None"
1990-12-01,"IRQ","SEN",1991-03-03,"Ongoing","Show of troops",3,"None"
1990-12-01,"IRQ","SEN",1991-03-03,"Win B","Show of troops",3,"None"
1990-12-01,"IRQ","SIE",1991-03-03,"Ongoing","Show of troops",3,"None"
1990-12-01,"IRQ","SIE",1991-03-03,"Win B","Show of troops",3,"None"
1991-01-06,"IRQ","GMY",1991-03-03,"Win B","Show of planes",3,"None"
1991-01-22,"IRQ","QAT",1991-03-03,"Win B","Raid",4,"None"
1991-01-24,"IRQ","JPN",1991-01-24,"Statlemate","Threat to use force",2,"None"
1991-01-27,"UGA","RWA",1991-12-28,"Statlemate","Clash",4,"None"
1991-02-01,"EGY","SUD",1991-03-03,"Statlemate","Show of troops",3,"None"
1991-02-02,"HON","NIC",1991-02-02,"Statlemate","Raid",4,"None"
1991-02-04,"ROK","PRK",1991-03-30,"Statlemate","Alert",3,"None"
1991-02-09,"TAW","CHN",1991-03-03,"Statlemate","Alert",3,"None"
1991-03-15,"USA","IRQ",1991-12-31,"Unclear","Raid",4,"None"
1991-03-31,"SIE","LBR",1991-04-30,"Statlemate","Occupation of territory",4,"None"
1991-04-09,"UKG","IRQ",1991-10-10,"Unclear","Raid",4,"None"
1991-04-09,"FRN","IRQ",1991-10-10,"Unclear","Raid",4,"None"
1991-05-01,"IND","PAK",1991-09-02,"Statlemate","Clash",4,"None"
1991-05-21,"IRN","USA",1991-05-21,"Statlemate","Raid",4,"None"
1991-06-27,"YUG","AUS",1991-08-02,"Statlemate","Border violation",3,"None"
1991-07-29,"USA","CAN",1991-07-29,"Released","Seizure",4,"None"
1991-08-05,"TUR","IRQ",1991-10-27,"Statlemate","Raid",4,"None"
1991-08-07,"IRQ","KUW",1991-08-29,"Statlemate","Raid",4,"None"
1991-08-22,"YUG","HUN",1991-09-19,"Statlemate","Border violation",3,"None"
1991-10-04,"ISR","IRQ",1991-10-04,"Statlemate","Border violation",3,"None"
1991-10-06,"PER","ECU",1991-10-13,"Statlemate","Border violation",3,"None"
1991-10-27,"BEL","DRC",1991-11-05,"Compromise","Show of troops",3,"None"
1991-10-27,"FRN","DRC",1991-11-05,"Compromise","Show of troops",3,"None"
1991-12-21,"MYA","BNG",1991-12-21,"Statlemate","Raid",4,"0-25"
1992-02-01,"MYA","THI",1992-12-25,"Compromise","Raid",4,"None"
1992-04-05,"IRN","IRQ",1992-09-08,"Statlemate","Raid",4,"None"
1992-04-11,"CRO","YUG",1993-02-20,"Ongoing","Clash",4,"None"
1992-04-11,"CRO","YUG",1993-02-20,"Statlemate","Clash",4,"2510-500"
1992-04-15,"IRN","UAE",1992-04-18,"Statlemate","Show of troops",3,"None"
1992-04-24,"PER","USA",1992-04-24,"Statlemate","Raid",4,"None"
1992-05-22,"PRK","ROK",1992-05-22,"Statlemate","Clash",4,"0-25"
1992-05-31,"IND","PNG",1992-05-31,"Statlemate","Raid",4,"None"
1992-07-16,"USA","YUG",1996-10-02,"Ongoing","Blockade",4,"None"
1992-07-16,"USA","YUG",1996-10-02,"Ongoing","Blockade",4,"None"
1992-07-16,"USA","YUG",1996-10-02,"Ongoing","Blockade",4,"None"
1992-07-16,"USA","YUG",1996-10-02,"Ongoing","Blockade",4,"None"
1992-07-16,"USA","YUG",1996-10-02,"Win A","Blockade",4,"None"
1992-07-16,"CAN","YUG",1992-07-16,"Statlemate","Show of troops",3,"None"
1992-07-16,"UKG","YUG",1996-10-02,"Ongoing","Blockade",4,"None"
1992-07-16,"UKG","YUG",1996-10-02,"Ongoing","Blockade",4,"None"
1992-07-16,"UKG","YUG",1996-10-02,"Ongoing","Blockade",4,"None"
1992-07-16,"UKG","YUG",1996-10-02,"Ongoing","Blockade",4,"None"
1992-07-16,"UKG","YUG",1996-10-02,"Win A","Blockade",4,"None"
1992-07-16,"NTH","YUG",1996-10-02,"Ongoing","Blockade",4,"None"
1992-07-16,"NTH","YUG",1996-10-02,"Ongoing","Blockade",4,"None"
1992-07-16,"NTH","YUG",1996-10-02,"Ongoing","Blockade",4,"None"
1992-07-16,"NTH","YUG",1996-10-02,"Ongoing","Blockade",4,"None"
1992-07-16,"NTH","YUG",1996-10-02,"Win A","Blockade",4,"None"
1992-07-16,"BEL","YUG",1996-10-02,"Ongoing","Blockade",4,"None"
1992-07-16,"BEL","YUG",1996-10-02,"Ongoing","Blockade",4,"None"
1992-07-16,"BEL","YUG",1996-10-02,"Ongoing","Blockade",4,"None"
1992-07-16,"BEL","YUG",1996-10-02,"Ongoing","Blockade",4,"None"
1992-07-16,"BEL","YUG",1996-10-02,"Win A","Blockade",4,"None"
1992-07-16,"FRN","YUG",1996-10-02,"Ongoing","Blockade",4,"None"
1992-07-16,"FRN","YUG",1996-10-02,"Ongoing","Blockade",4,"None"
1992-07-16,"FRN","YUG",1996-10-02,"Ongoing","Blockade",4,"None"
1992-07-16,"FRN","YUG",1996-10-02,"Ongoing","Blockade",4,"None"
1992-07-16,"FRN","YUG",1996-10-02,"Win A","Blockade",4,"None"
1992-07-16,"SPN","YUG",1996-10-02,"Ongoing","Blockade",4,"None"
1992-07-16,"SPN","YUG",1996-10-02,"Ongoing","Blockade",4,"None"
1992-07-16,"SPN","YUG",1996-10-02,"Ongoing","Blockade",4,"None"
1992-07-16,"SPN","YUG",1996-10-02,"Ongoing","Blockade",4,"None"
1992-07-16,"SPN","YUG",1996-10-02,"Win A","Blockade",4,"None"
1992-07-16,"POR","YUG",1992-07-16,"Unclear","Show of troops",3,"None"
1992-07-16,"GMY","YUG",1996-10-02,"Ongoing","Blockade",4,"None"
1992-07-16,"GMY","YUG",1996-10-02,"Ongoing","Blockade",4,"None"
1992-07-16,"GMY","YUG",1996-10-02,"Ongoing","Blockade",4,"None"
1992-07-16,"GMY","YUG",1996-10-02,"Ongoing","Blockade",4,"None"
1992-07-16,"GMY","YUG",1996-10-02,"Win A","Blockade",4,"None"
1992-07-16,"ITA","YUG",1996-10-02,"Ongoing","Blockade",4,"None"
1992-07-16,"ITA","YUG",1996-10-02,"Ongoing","Blockade",4,"None"
1992-07-16,"ITA","YUG",1996-10-02,"Ongoing","Blockade",4,"None"
1992-07-16,"ITA","YUG",1996-10-02,"Ongoing","Blockade",4,"None"
1992-07-16,"ITA","YUG",1996-10-02,"Win A","Blockade",4,"None"
1992-07-16,"GRC","YUG",1996-10-02,"Ongoing","Blockade",4,"None"
1992-07-16,"GRC","YUG",1996-10-02,"Ongoing","Blockade",4,"None"
1992-07-16,"GRC","YUG",1996-10-02,"Ongoing","Blockade",4,"None"
1992-07-16,"GRC","YUG",1996-10-02,"Ongoing","Blockade",4,"None"
1992-07-16,"GRC","YUG",1996-10-02,"Win A","Blockade",4,"None"
1992-07-16,"DEN","YUG",1992-07-16,"Unclear","Show of troops",3,"None"
1992-07-16,"TUR","YUG",1992-07-16,"Unclear","Show of troops",3,"None"
1992-07-26,"USA","IRQ",1993-12-23,"Ongoing","Clash",4,"None"
1992-07-26,"USA","IRQ",1993-12-23,"Statlemate","Clash",4,"None"
1992-07-27,"RUS","EST",1992-08-02,"Statlemate","Clash",4,"None"
1992-08-02,"KUW","IRQ",1993-01-17,"Ongoing","Clash",4,"None"
1992-08-02,"KUW","IRQ",1993-01-17,"Statlemate","Clash",4,"None"
1992-08-26,"UKG","IRQ",1993-01-18,"Ongoing","Clash",4,"None"
1992-08-26,"UKG","IRQ",1993-01-18,"Statlemate","Clash",4,"None"
1992-08-26,"FRN","IRQ",1993-01-21,"Ongoing","Clash",4,"None"
1992-08-26,"FRN","IRQ",1993-01-21,"Statlemate","Clash",4,"None"
1992-09-30,"SAU","QAT",1992-10-23,"Compromise","Occupation of territory",4,"None"
1992-10-07,"IRQ","KUW",1994-01-02,"Ongoing","Clash",4,"None"
1992-10-07,"IRQ","KUW",1994-01-02,"Ongoing","Clash",4,"None"
1992-10-07,"IRQ","KUW",1994-01-02,"Statlemate","Clash",4,"0-25"
1993-01-01,"PRK","CHN",1993-04-30,"Statlemate","Clash",4,"0-25"
1993-01-01,"CHN","TAW",1993-01-31,"Statlemate","Fortify border",3,"None"
1993-01-06,"RUS","IRQ",1993-01-14,"Unclear","Threat to use force",2,"None"
1993-01-11,"IRQ","USA",1993-01-20,"Statlemate","Threat to use force",2,"None"
1993-01-12,"IRQ","UKG",1993-01-13,"Statlemate","Threat to use force",2,"None"
1993-01-12,"IRQ","FRN",1993-01-13,"Statlemate","Threat to use force",2,"None"
1993-01-24,"YUG","CRO",1993-02-20,"Statlemate","Raid",4,"0-25"
1993-01-26,"HON","SAL",1993-02-20,"Win A","Fortify border",3,"None"
1993-01-26,"FRN","CRO",1993-01-31,"Unclear","Show of troops",3,"None"
1993-01-30,"ROM","YUG",1993-02-08,"Statlemate","Blockade",4,"None"
1993-01-30,"DRC","BEL",1993-01-30,"Yield B","Threat to use force",2,"None"
1993-03-01,"PRK","ROK",1999-09-03,"Ongoing","Clash",4,"None"
1993-03-01,"PRK","ROK",1999-09-03,"Ongoing","Clash",4,"None"
1993-03-01,"PRK","ROK",1999-09-03,"Ongoing","Clash",4,"None"
1993-03-01,"PRK","ROK",1999-09-03,"Ongoing","Clash",4,"None"
1993-03-01,"PRK","ROK",1999-09-03,"Ongoing","Clash",4,"None"
1993-03-01,"PRK","ROK",1999-09-03,"Ongoing","Clash",4,"None"
1993-03-01,"PRK","ROK",1999-09-03,"Statlemate","Clash",4,"26-100"
1993-03-03,"USA","PRK",1993-03-24,"Statlemate","Alert",3,"None"
1993-03-03,"ROK","PRK",1993-03-24,"Statlemate","Alert",3,"None"
1993-03-03,"RUS","AFG",1994-02-21,"Ongoing","Clash",4,"None"
1993-03-03,"RUS","AFG",1994-02-21,"Statlemate","Clash",4,"26-100"
1993-03-03,"TAJ","AFG",1994-02-21,"Ongoing","Clash",4,"None"
1993-03-03,"TAJ","AFG",1994-02-21,"Statlemate","Clash",4,"26-100"
1993-03-03,"KYR","AFG",1993-10-07,"Statlemate","Fortify border",3,"None"
1993-03-03,"UZB","AFG",1993-10-07,"Statlemate","Fortify border",3,"None"
1993-03-10,"SUD","EGY",1993-03-31,"Statlemate","Seizure",4,"None"
1993-03-11,"EGY","IRN",1993-03-11,"Statlemate","Threat to use force",2,"None"
1993-03-13,"IRN","IRQ",1993-07-25,"Statlemate","Raid",4,"None"
1993-03-31,"DRC","CON",1993-04-07,"Released","Seizure",4,"None"
1993-04-06,"ISR","LEB",2006-09-08,"Ongoing","Clash",4,"None"
1993-04-06,"ISR","LEB",2006-09-08,"Ongoing","Clash",4,"None"
1993-04-06,"ISR","LEB",2006-09-08,"Ongoing","Clash",4,"None"
1993-04-06,"ISR","LEB",2006-09-08,"Ongoing","Clash",4,"None"
1993-04-06,"ISR","LEB",2006-09-08,"Ongoing","Clash",4,"None"
1993-04-06,"ISR","LEB",2006-09-08,"Ongoing","Clash",4,"None"
1993-04-06,"ISR","LEB",2006-09-08,"Ongoing","Clash",4,"None"
1993-04-06,"ISR","LEB",2006-09-08,"Ongoing","Clash",4,"None"
1993-04-06,"ISR","LEB",2006-09-08,"Ongoing","Clash",4,"None"
1993-04-06,"ISR","LEB",2006-09-08,"Ongoing","Clash",4,"None"
1993-04-06,"ISR","LEB",2006-09-08,"Ongoing","Clash",4,"None"
1993-04-06,"ISR","LEB",2006-09-08,"Ongoing","Clash",4,"None"
1993-04-06,"ISR","LEB",2006-09-08,"Ongoing","Clash",4,"None"
1993-04-06,"ISR","LEB",2006-09-08,"Compromise","Begin Interstate War",5,"101-250"
1993-06-09,"CHN","RUS",1993-06-12,"Released","Clash",4,"None"
1993-06-20,"RUS","POL",1993-06-20,"Statlemate","Show of Ships",3,"None"
1993-06-26,"USA","IRQ",1993-06-28,"Statlemate","Raid",4,"None"
1993-07-01,"SAU","IRQ",1993-07-04,"Unclear","Raid",4,"None"
1993-07-01,"ALB","YUG",1994-08-14,"Ongoing","Raid",4,"None"
1993-07-01,"ALB","YUG",1994-08-14,"Statlemate","Raid",4,"0-25"
1993-07-12,"ISR","SYR",2001-07-01,"Ongoing","Clash",4,"None"
1993-07-12,"ISR","SYR",2001-07-01,"Ongoing","Clash",4,"None"
1993-07-12,"ISR","SYR",2001-07-01,"Ongoing","Clash",4,"None"
1993-07-12,"ISR","SYR",2001-07-01,"Ongoing","Clash",4,"None"
1993-07-12,"ISR","SYR",2001-07-01,"Ongoing","Clash",4,"None"
1993-07-12,"ISR","SYR",2001-07-01,"Ongoing","Clash",4,"None"
1993-07-12,"ISR","SYR",2001-07-01,"Ongoing","Clash",4,"None"
1993-07-12,"ISR","SYR",2001-07-01,"Ongoing","Clash",4,"None"
1993-07-12,"ISR","SYR",2001-07-01,"Statlemate","Clash",4,"0-25"
1993-08-01,"CHN","DRV",1993-08-01,"Statlemate","Show of troops",3,"None"
1993-09-07,"RUS","TUR",1993-09-07,"Unclear","Raid",4,"None"
1993-09-17,"PAK","IND",1999-07-17,"Ongoing","Clash",4,"None"
1993-09-17,"PAK","IND",1999-07-17,"Ongoing","Clash",4,"None"
1993-09-17,"PAK","IND",1999-07-17,"Ongoing","Clash",4,"None"
1993-09-17,"PAK","IND",1999-07-17,"Ongoing","Clash",4,"None"
1993-09-17,"PAK","IND",1999-07-17,"Ongoing","Clash",4,"None"
1993-09-17,"PAK","IND",1999-07-17,"Ongoing","Clash",4,"None"
1993-09-17,"PAK","IND",1999-07-17,"Win B","Begin Interstate War",5,"1,000+"
1993-10-18,"USA","HAI",1994-09-17,"Ongoing","Blockade",4,"None"
1993-10-18,"USA","HAI",1994-09-17,"Win A","Blockade",4,"None"
1993-10-18,"CAN","HAI",1994-09-29,"Ongoing","Blockade",4,"None"
1993-10-18,"CAN","HAI",1994-09-29,"Win A","Blockade",4,"None"
1993-10-18,"ARG","HAI",1994-09-29,"Ongoing","Blockade",4,"None"
1993-10-18,"ARG","HAI",1994-09-29,"Win A","Blockade",4,"None"
1993-10-18,"FRN","HAI",1994-09-29,"Ongoing","Blockade",4,"None"
1993-10-18,"FRN","HAI",1994-09-29,"Win A","Blockade",4,"None"
1993-10-20,"UKG","HAI",1994-09-29,"Ongoing","Blockade",4,"None"
1993-10-20,"UKG","HAI",1994-09-29,"Win A","Blockade",4,"None"
1993-10-20,"NTH","HAI",1994-09-29,"Ongoing","Blockade",4,"None"
1993-10-20,"NTH","HAI",1994-09-29,"Win A","Blockade",4,"None"
1993-11-05,"PRK","USA",1999-09-03,"Ongoing","Fortify border",3,"None"
1993-11-05,"PRK","USA",1999-09-03,"Ongoing","Fortify border",3,"None"
1993-11-05,"PRK","USA",1999-09-03,"Ongoing","Fortify border",3,"None"
1993-11-05,"PRK","USA",1999-09-03,"Ongoing","Fortify border",3,"None"
1993-11-05,"PRK","USA",1999-09-03,"Ongoing","Fortify border",3,"None"
1993-11-05,"PRK","USA",1999-09-03,"Ongoing","Fortify border",3,"None"
1993-11-05,"PRK","USA",1999-09-03,"Statlemate","Fortify border",3,"0-25"
1993-11-08,"TUR","YUG",1993-11-08,"Statlemate","Threat to use force",2,"None"
1993-11-26,"RUS","JPN",1995-09-30,"Ongoing","Raid",4,"None"
1993-11-26,"RUS","JPN",1995-09-30,"Ongoing","Raid",4,"None"
1993-11-26,"RUS","JPN",1995-09-30,"Statlemate","Raid",4,"None"
1994-01-01,"THI","CAM",1996-09-23,"Ongoing","Clash",4,"None"
1994-01-01,"THI","CAM",1996-09-23,"Ongoing","Clash",4,"None"
1994-01-01,"THI","CAM",1996-09-23,"Statlemate","Clash",4,"26-100"
1994-01-07,"VEN","COL",1994-01-09,"Released","Seizure",4,"None"
1994-02-14,"LIB","CHA",1994-05-31,"Statlemate","Show of troops",3,"None"
1994-02-17,"HUN","YUG",1994-02-17,"Statlemate","Alert",3,"None"
1994-03-08,"ETH","SUD",1996-07-31,"Ongoing","Clash",4,"None"
1994-03-08,"ETH","SUD",1996-07-31,"Ongoing","Clash",4,"None"
1994-03-08,"ETH","SUD",1996-07-31,"Statlemate","Clash",4,"None"
1994-03-26,"PRK","JPN",1999-09-03,"Ongoing","Alert",3,"None"
1994-03-26,"PRK","JPN",1999-09-03,"Ongoing","Alert",3,"None"
1994-03-26,"PRK","JPN",1999-09-03,"Ongoing","Alert",3,"None"
1994-03-26,"PRK","JPN",1999-09-03,"Ongoing","Alert",3,"None"
1994-03-26,"PRK","JPN",1999-09-03,"Ongoing","Alert",3,"None"
1994-03-26,"PRK","JPN",1999-09-03,"Statlemate","Alert",3,"None"
1994-04-01,"NIC","COL",1994-04-30,"Unclear","Seizure",4,"None"
1994-04-10,"GRC","ALB",1994-09-08,"Statlemate","Clash",4,"0-25"
1994-04-14,"DRC","ZAM",1994-09-30,"Yield A","Occupation of territory",4,"None"
1994-04-16,"TAW","PHI",1994-04-28,"Statlemate","Show of troops",3,"None"
1994-04-16,"TAW","DRV",1994-04-28,"Statlemate","Show of troops",3,"None"
1994-04-23,"YUG","USA",1994-05-05,"Statlemate","Fortify border",3,"None"
1994-05-01,"CHN","DRV",1994-08-31,"Statlemate","Seizure",4,"None"
1994-05-20,"SUD","EGY",1994-05-31,"Statlemate","Seizure",4,"None"
1994-05-29,"DOM","HAI",1994-09-29,"Win A","Blockade",4,"None"
1994-06-01,"CHN","TAW",1994-11-14,"Statlemate","Border violation",4,"None"
1994-06-01,"CHN","RUS",1994-06-30,"Statlemate","Raid",4,"None"
1994-06-08,"TUR","GRC",1995-06-08,"Ongoing","Raid",4,"None"
1994-06-08,"TUR","GRC",1995-06-08,"Statlemate","Raid",4,"None"
1994-06-10,"PRK","CAN",1994-06-17,"Statlemate","Show of troops",3,"None"
1994-06-10,"PRK","AUL",1994-06-17,"Statlemate","Show of troops",3,"None"
1994-08-02,"USA","IRQ",1995-10-09,"Ongoing","Fortify border",3,"None"
1994-08-02,"USA","IRQ",1995-10-09,"Statlemate","Fortify border",3,"None"
1994-08-02,"KUW","IRQ",1995-10-09,"Ongoing","Fortify border",3,"None"
1994-08-02,"KUW","IRQ",1995-10-09,"Statlemate","Fortify border",3,"None"
1994-08-23,"CHN","USA",1994-10-31,"Statlemate","Show of troops",3,"None"
1994-08-23,"CHN","ROK",1994-10-31,"Statlemate","Show of troops",3,"None"
1994-10-07,"UKG","IRQ",1994-10-20,"Statlemate","Fortify border",3,"None"
1994-10-09,"FRN","IRQ",1994-10-20,"Statlemate","Fortify border",3,"None"
1994-10-15,"UAE","IRQ",1994-10-20,"Statlemate","Fortify border",3,"None"
1994-10-23,"DRC","ANG",1994-11-30,"Unclear","Fortify border",3,"None"
1994-11-01,"SUD","ERI",1994-12-31,"Statlemate","Fortify border",3,"None"
1994-11-06,"IRN","IRQ",1994-11-06,"Statlemate","Raid",4,"None"
1994-12-31,"RUS","AFG",1995-05-31,"Ongoing","Raid",4,"None"
1994-12-31,"RUS","AFG",1995-05-31,"Statlemate","Raid",4,"None"
1995-01-01,"CHN","PHI",1995-05-13,"Statlemate","Seizure",4,"None"
1995-01-09,"ECU","PER",1995-05-09,"Statlemate","Clash",4,"2510-500"
1995-01-10,"TAW","CHN",1995-09-16,"Statlemate","Raid",4,"None"
1995-02-08,"THI","MYA",1995-03-01,"Statlemate","Raid",4,"None"
1995-03-01,"KEN","UGA",1995-03-31,"Statlemate","Border violation",3,"None"
1995-03-03,"COS","NIC",1995-03-31,"Released","Seizure",4,"None"
1995-03-07,"CAN","SPN",1995-04-16,"Win A","Raid",4,"None"
1995-03-10,"YUG","ALB",1995-03-15,"Statlemate","Show of troops",3,"None"
1995-03-20,"TUR","IRQ",1995-07-10,"Statlemate","Occupation of territory",4,"None"
1995-03-25,"TAW","DRV",1995-03-25,"Statlemate","Show of troops",3,"None"
1995-03-29,"RUS","LIT",1995-03-29,"Statlemate","Show of Ships",3,"None"
1995-04-01,"PRK","CHN",1995-04-01,"Statlemate","Raid",4,"None"
1995-04-08,"NIC","HON",1995-06-13,"Statlemate","Clash",4,"None"
1995-05-07,"YUG","CRO",1995-10-17,"Win A","Mobilization",3,"None"
1995-05-13,"ANG","CON",1995-05-13,"Statlemate","Clash",4,"0-25"
1995-05-31,"DRV","THI",1995-05-31,"Statlemate","Clash",4,"0-25"
1995-06-27,"EGY","SUD",1995-07-17,"Statlemate","Clash",4,"0-25"
1995-06-27,"QAT","SAU",1995-06-28,"Statlemate","Alert",3,"None"
1995-07-01,"CHN","TAW",1996-03-25,"Ongoing","Show of Ships",3,"None"
1995-07-01,"CHN","TAW",1996-03-25,"Statlemate","Show of Ships",3,"None"
1995-07-26,"NIG","CHA",1995-07-31,"Statlemate","Occupation of territory",4,"None"
1995-08-12,"HUN","CRO",1995-11-30,"Statlemate","Fortify border",3,"None"
1995-08-12,"HUN","YUG",1995-11-30,"Statlemate","Fortify border",3,"None"
1995-08-21,"CHN","JPN",1995-08-21,"Statlemate","Show of troops",3,"None"
1995-09-05,"IRN","AFG",1995-09-05,"Statlemate","Fortify border",3,"None"
1995-09-20,"PER","ECU",1996-07-31,"Ongoing","Clash",4,"None"
1995-09-20,"PER","ECU",1996-07-31,"Statlemate","Clash",4,"None"
1995-10-01,"VEN","COL",1995-10-01,"Compromise","Seizure",4,"None"
1995-11-01,"KEN","UGA",1995-11-30,"Unclear","Fortify border",3,"None"
1995-12-19,"CHN","USA",1996-03-28,"Ongoing","Fortify border",3,"None"
1995-12-19,"CHN","USA",1996-03-28,"Statlemate","Fortify border",3,"None"
1995-12-22,"HON","NIC",1995-12-22,"Statlemate","Threat to use force",2,"None"
1995-12-28,"TUR","GRC",1996-07-09,"Ongoing","Clash",4,"None"
1995-12-28,"TUR","GRC",1996-07-09,"Statlemate","Clash",4,"None"
1996-01-03,"MYA","THI",1996-01-08,"Win A","Fortify border",3,"None"
1996-01-24,"DRV","CAM",1996-01-30,"Win A","Occupation of territory",4,"None"
1996-02-15,"ROK","JPN",1996-02-15,"Statlemate","Show of troops",3,"None"
1996-02-24,"CUB","USA",1996-02-24,"Statlemate","Raid",4,"None"
1996-03-01,"EGY","SUD",1996-03-31,"Statlemate","Raid",4,"None"
1996-03-06,"UKG","CHL",1996-03-31,"Released","Seizure",4,"None"
1996-05-20,"IND","BNG",1996-05-22,"Statlemate","Alert",3,"None"
1996-06-01,"SYR","USA",1996-06-30,"Statlemate","Threat to use force",2,"None"
1996-06-01,"SYR","TUR",1996-06-30,"Statlemate","Fortify border",3,"None"
1996-06-25,"BNG","IND",1996-06-25,"Statlemate","Clash",4,"None"
1996-06-26,"TUR","IRN",1996-06-26,"Statlemate","Raid",4,"None"
1996-07-01,"CHN","JPN",1996-07-01,"Statlemate","Show of troops",3,"None"
1996-07-13,"TUR","RUS",1996-07-13,"Statlemate","Raid",4,"None"
1996-07-21,"ERI","SUD",1999-01-31,"Ongoing","Clash",4,"None"
1996-07-21,"ERI","SUD",1999-01-31,"Ongoing","Clash",4,"None"
1996-07-21,"ERI","SUD",1999-01-31,"Ongoing","Clash",4,"None"
1996-07-21,"ERI","SUD",1999-01-31,"Compromise","Clash",4,"None"
1996-07-27,"IRN","IRQ",1997-01-31,"Ongoing","Raid",4,"None"
1996-07-27,"IRN","IRQ",1997-01-31,"Statlemate","Raid",4,"None"
1996-08-17,"TUR","GRC",2001-04-26,"Ongoing","Border violation",3,"None"
1996-08-17,"TUR","GRC",2001-04-26,"Ongoing","Border violation",3,"None"
1996-08-17,"TUR","GRC",2001-04-26,"Ongoing","Border violation",3,"None"
1996-08-17,"TUR","GRC",2001-04-26,"Ongoing","Border violation",3,"None"
1996-08-17,"TUR","GRC",2001-04-26,"Ongoing","Border violation",3,"None"
1996-08-17,"TUR","GRC",2001-04-26,"Statlemate","Border violation",3,"0-25"
1996-08-30,"USA","IRQ",1996-11-04,"Yield B","Raid",4,"None"
1996-09-02,"INS","CHN",1996-09-30,"Statlemate","Show of troops",3,"None"
1996-09-04,"JPN","TAW",1996-09-06,"Statlemate","Show of troops",3,"None"
1996-09-04,"KUW","IRQ",1996-09-06,"Yield B","Alert",3,"None"
1996-09-05,"TUR","IRQ",1999-02-17,"Ongoing","Raid",4,"None"
1996-09-05,"TUR","IRQ",1999-02-17,"Ongoing","Raid",4,"None"
1996-09-05,"TUR","IRQ",1999-02-17,"Ongoing","Raid",4,"None"
1996-09-05,"TUR","IRQ",1999-02-17,"Statlemate","Raid",4,"None"
1996-09-22,"DRC","RWA",1997-05-17,"Ongoing","Clash",4,"None"
1996-09-22,"DRC","RWA",1997-05-17,"Statlemate","Clash",4,"2510-500"
1996-10-01,"KUW","IRQ",1997-09-25,"Ongoing","Clash",4,"None"
1996-10-01,"KUW","IRQ",1997-09-25,"Statlemate","Clash",4,"None"
1996-10-12,"RUS","JPN",1996-10-31,"Yield B","Seizure",4,"None"
1996-11-02,"UKG","IRQ",1996-11-02,"Yield B","Raid",4,"None"
1996-11-17,"DRC","UGA",1996-12-10,"Statlemate","Raid",4,"None"
1996-12-01,"PHI","CHN",1997-09-23,"Ongoing","Seizure",4,"None"
1996-12-01,"PHI","CHN",1997-09-23,"Statlemate","Seizure",4,"None"
1997-01-01,"ETH","SUD",1997-01-13,"Statlemate","Raid",4,"None"
1997-01-09,"NIC","HON",1997-08-31,"Statlemate","Raid",4,"None"
1997-02-06,"VEN","COL",1997-02-06,"Compromise","Raid",4,"None"
1997-02-16,"KEN","UGA",1997-02-28,"Statlemate","Fortify border",3,"None"
1997-02-26,"RUS","POL",1997-03-21,"Released","Seizure",4,"None"
1997-03-03,"YUG","ALB",1997-03-31,"Statlemate","Fortify border",3,"None"
1997-03-17,"TUR","GRC",1997-04-03,"Statlemate","Border violation",3,"None"
1997-04-01,"PRK","JPN",1997-04-30,"Statlemate","Show of troops",3,"None"
1997-05-08,"ANG","DRC",1997-05-31,"Statlemate","Fortify border",3,"None"
1997-05-13,"ECU","PER",1997-10-19,"Statlemate","Raid",4,"None"
1997-05-20,"SYR","TUR",1997-05-31,"Statlemate","Fortify border",3,"None"
1997-05-20,"IRN","TUR",1997-05-31,"Statlemate","Fortify border",3,"None"
1997-05-25,"RUS","AFG",1997-05-31,"Statlemate","Alert",3,"None"
1997-05-25,"TAJ","AFG",1997-05-31,"Statlemate","Alert",3,"None"
1997-05-25,"KYR","AFG",1997-05-31,"Statlemate","Alert",3,"None"
1997-05-25,"UZB","AFG",1997-05-31,"Statlemate","Fortify border",3,"None"
1997-05-25,"CAN","USA",1997-05-28,"Released","Seizure",4,"None"
1997-05-27,"GUI","SIE",1998-03-10,"Ongoing","Occupation of territory",4,"None"
1997-05-27,"GUI","SIE",1998-03-10,"Win A","Occupation of territory",4,"None"
1997-05-27,"GHA","SIE",1997-06-05,"Statlemate","Occupation of territory",4,"None"
1997-05-27,"NIG","SIE",1998-03-02,"Ongoing","Clash",4,"None"
1997-05-27,"NIG","SIE",1998-03-02,"Win A","Clash",4,"None"
1997-06-27,"CRO","YUG",1997-06-29,"Statlemate","Alert",3,"None"
1997-08-15,"THI","CAM",1998-05-02,"Ongoing","Clash",4,"None"
1997-08-15,"THI","CAM",1998-05-02,"Statlemate","Clash",4,"0-25"
1997-08-15,"USA","RUS",1997-08-31,"Statlemate","Seizure",4,"None"
1997-09-17,"GRC","ALB",1997-09-17,"Compromise","Raid",4,"None"
1997-09-29,"IRN","IRQ",1998-04-30,"Ongoing","Raid",4,"None"
1997-09-29,"IRN","IRQ",1998-04-30,"Statlemate","Raid",4,"None"
1997-10-03,"USA","IRN",1997-10-03,"Yield B","Show of troops",3,"None"
1997-10-07,"USA","IRQ",2003-05-02,"Ongoing","Clash",4,"None"
1997-10-07,"USA","IRQ",2003-05-02,"Ongoing","Clash",4,"None"
1997-10-07,"USA","IRQ",2003-05-02,"Ongoing","Clash",4,"None"
1997-10-07,"USA","IRQ",2003-05-02,"Ongoing","Clash",4,"None"
1997-10-07,"USA","IRQ",2003-05-02,"Ongoing","Clash",4,"None"
1997-10-07,"USA","IRQ",2003-05-02,"Ongoing","Clash",4,"None"
1997-10-07,"USA","IRQ",2003-05-02,"Win A","Begin Interstate War",5,"1,000+"
1997-10-08,"DRC","CON",1997-10-08,"Statlemate","Raid",4,"None"
1997-10-10,"GRC","TUR",1998-07-29,"Ongoing","Clash",4,"None"
1997-10-10,"GRC","TUR",1998-07-29,"Statlemate","Clash",4,"None"
1997-10-11,"ANG","CON",1997-10-15,"Win A","Clash",4,"None"
1997-10-25,"PRK","CHN",1997-10-25,"Unclear","Clash",4,"None"
1997-11-04,"KUW","IRQ",1999-10-22,"Ongoing","Fortify border",3,"None"
1997-11-04,"KUW","IRQ",1999-10-22,"Ongoing","Fortify border",3,"None"
1997-11-04,"KUW","IRQ",1999-10-22,"Statlemate","Fortify border",3,"None"
1997-11-14,"UKG","IRQ",2003-05-02,"Ongoing","Clash",4,"None"
1997-11-14,"UKG","IRQ",2003-05-02,"Ongoing","Clash",4,"None"
1997-11-14,"UKG","IRQ",2003-05-02,"Ongoing","Clash",4,"None"
1997-11-14,"UKG","IRQ",2003-05-02,"Ongoing","Clash",4,"None"
1997-11-14,"UKG","IRQ",2003-05-02,"Ongoing","Clash",4,"None"
1997-11-14,"UKG","IRQ",2003-05-02,"Ongoing","Clash",4,"None"
1997-11-14,"UKG","IRQ",2003-05-02,"Win A","Begin Interstate War",5,"1,000+"
1997-12-07,"SUD","UGA",1997-12-09,"Statlemate","Border violation",3,"None"
1998-02-01,"ALB","YUG",1999-06-10,"Ongoing","Clash",4,"None"
1998-02-01,"ALB","YUG",1999-06-10,"Win A","Clash",4,"None"
1998-02-01,"NIG","LBR",1998-02-28,"Unclear","Border violation",3,"None"
1998-05-03,"USA","YUG",1999-06-10,"Ongoing","Raid",4,"None"
1998-05-03,"USA","YUG",1999-06-10,"Win A","Begin Interstate War",5,"1,000+"
1998-05-03,"UKG","YUG",1999-06-10,"Ongoing","Raid",4,"None"
1998-05-03,"UKG","YUG",1999-06-10,"Win A","Raid",4,"501-999"
1998-05-06,"ERI","ETH",2000-06-18,"Ongoing","Begin Interstate War",5,"None"
1998-05-06,"ERI","ETH",2000-06-18,"Ongoing","Begin Interstate War",5,"None"
1998-05-06,"ERI","ETH",2000-06-18,"Compromise","Begin Interstate War",5,"1,000+"
1998-06-11,"CAN","YUG",1999-06-10,"Ongoing","Raid",4,"None"
1998-06-11,"CAN","YUG",1999-06-10,"Win A","Raid",4,"501-999"
1998-06-11,"NTH","YUG",1999-06-10,"Ongoing","Raid",4,"None"
1998-06-11,"NTH","YUG",1999-06-10,"Win A","Raid",4,"501-999"
1998-06-11,"BEL","YUG",1999-06-10,"Ongoing","Raid",4,"None"
1998-06-11,"BEL","YUG",1999-06-10,"Win A","Raid",4,"501-999"
1998-06-11,"LUX","YUG",1999-03-20,"Ongoing","Alert",3,"None"
1998-06-11,"LUX","YUG",1999-03-20,"Win A","Alert",3,"None"
1998-06-11,"FRN","YUG",1999-06-10,"Ongoing","Raid",4,"None"
1998-06-11,"FRN","YUG",1999-06-10,"Win A","Raid",4,"501-999"
1998-06-11,"SPN","YUG",1999-06-10,"Ongoing","Raid",4,"None"
1998-06-11,"SPN","YUG",1999-06-10,"Win A","Raid",4,"None"
1998-06-11,"POR","YUG",1999-06-10,"Ongoing","Raid",4,"None"
1998-06-11,"POR","YUG",1999-06-10,"Win A","Raid",4,"None"
1998-06-11,"GMY","YUG",1999-06-10,"Ongoing","Raid",4,"None"
1998-06-11,"GMY","YUG",1999-06-10,"Win A","Raid",4,"None"
1998-06-11,"ITA","YUG",1999-06-10,"Ongoing","Raid",4,"None"
1998-06-11,"ITA","YUG",1999-06-10,"Win A","Raid",4,"None"
1998-06-11,"GRC","YUG",1999-06-10,"Ongoing","Alert",3,"None"
1998-06-11,"GRC","YUG",1999-06-10,"Win A","Alert",3,"None"
1998-06-11,"NOR","YUG",1999-06-10,"Ongoing","Raid",4,"None"
1998-06-11,"NOR","YUG",1999-06-10,"Win A","Raid",4,"None"
1998-06-11,"DEN","YUG",1999-06-10,"Ongoing","Raid",4,"None"
1998-06-11,"DEN","YUG",1999-06-10,"Win A","Raid",4,"None"
1998-06-11,"TUR","YUG",1999-06-10,"Ongoing","Raid",4,"None"
1998-06-11,"TUR","YUG",1999-06-10,"Win A","Raid",4,"None"
1998-07-01,"ECU","PER",1998-08-01,"Compromise","Occupation of territory",4,"None"
1998-07-12,"NOR","RUS",1998-07-17,"Unclear","Clash",4,"None"
1998-07-16,"NIC","COS",1998-08-31,"Statlemate","Fortify border",3,"None"
1998-08-01,"PHI","CHN",2000-02-28,"Ongoing","Seizure",4,"None"
1998-08-01,"PHI","CHN",2000-02-28,"Ongoing","Seizure",4,"None"
1998-08-01,"PHI","CHN",2000-02-28,"Compromise","Seizure",4,"None"
1998-08-01,"PHI","DRV",1998-08-31,"Statlemate","Show of troops",3,"None"
1998-08-01,"ANG","UGA",2001-09-30,"Statlemate","Begin Interstate War",5,"1,000+"
1998-08-01,"ANG","UGA",2001-09-30,"Statlemate","Begin Interstate War",5,"1,000+"
1998-08-01,"ANG","UGA",2001-09-30,"Statlemate","Begin Interstate War",5,"1,000+"
1998-08-01,"ANG","UGA",2001-09-30,"Statlemate","Begin Interstate War",5,"1,000+"
1998-08-02,"DRC","RWA",2001-06-30,"Ongoing","Begin Interstate War",5,"None"
1998-08-02,"DRC","RWA",2001-06-30,"Ongoing","Begin Interstate War",5,"None"
1998-08-02,"DRC","RWA",2001-06-30,"Ongoing","Begin Interstate War",5,"None"
1998-08-02,"DRC","RWA",2001-06-30,"Statlemate","Begin Interstate War",5,"1,000+"
1998-08-07,"DRC","UGA",2001-06-30,"Ongoing","Begin Interstate War",5,"None"
1998-08-07,"DRC","UGA",2001-06-30,"Ongoing","Begin Interstate War",5,"None"
1998-08-07,"DRC","UGA",2001-06-30,"Ongoing","Begin Interstate War",5,"None"
1998-08-07,"DRC","UGA",2001-06-30,"Statlemate","Begin Interstate War",5,"1,000+"
1998-08-08,"AFG","IRN",1998-10-08,"Statlemate","Clash",4,"None"
1998-08-11,"RUS","AFG",1998-08-31,"Statlemate","Fortify border",3,"None"
1998-08-11,"TAJ","AFG",1998-08-31,"Statlemate","Fortify border",3,"None"
1998-08-17,"RUS","YUG",1998-08-26,"Unclear","Show of troops",3,"None"
1998-08-17,"LIT","YUG",1998-08-26,"Unclear","Show of troops",3,"None"
1998-08-19,"ANG","RWA",2001-09-30,"Statlemate","Begin Interstate War",5,"1,000+"
1998-08-19,"ANG","RWA",2001-09-30,"Statlemate","Begin Interstate War",5,"1,000+"
1998-08-19,"ANG","RWA",2001-09-30,"Statlemate","Begin Interstate War",5,"1,000+"
1998-08-19,"ANG","RWA",2001-09-30,"Statlemate","Begin Interstate War",5,"1,000+"
1998-08-20,"USA","SUD",1998-08-20,"Statlemate","Raid",4,"None"
1998-08-20,"USA","AFG",1998-08-20,"Statlemate","Raid",4,"26-100"
1998-08-23,"ZIM","UGA",2001-06-30,"Ongoing","Begin Interstate War",5,"None"
1998-08-23,"ZIM","UGA",2001-06-30,"Ongoing","Begin Interstate War",5,"None"
1998-08-23,"ZIM","UGA",2001-06-30,"Ongoing","Begin Interstate War",5,"None"
1998-08-23,"ZIM","UGA",2001-06-30,"Statlemate","Begin Interstate War",5,"1,000+"
1998-08-23,"ZIM","RWA",2001-06-30,"Ongoing","Begin Interstate War",5,"None"
1998-08-23,"ZIM","RWA",2001-06-30,"Ongoing","Begin Interstate War",5,"None"
1998-08-23,"ZIM","RWA",2001-06-30,"Ongoing","Begin Interstate War",5,"None"
1998-08-23,"ZIM","RWA",2001-06-30,"Statlemate","Begin Interstate War",5,"1,000+"
1998-08-31,"UZB","AFG",1998-08-31,"Statlemate","Fortify border",3,"None"
1998-09-01,"USA","LBR",1998-11-30,"Unclear","Show of troops",3,"None"
1998-09-01,"DRV","CHN",1998-09-30,"Statlemate","Show of troops",3,"None"
1998-09-28,"SUD","UGA",1999-04-30,"Ongoing","Raid",4,"None"
1998-09-28,"SUD","UGA",1999-04-30,"Statlemate","Raid",4,"None"
1998-09-29,"CHA","UGA",1999-04-30,"Ongoing","Join interstate war",5,"None"
1998-09-29,"CHA","UGA",1999-04-30,"Statlemate","Join interstate war",5,"Missing (knon fatalities"
1998-09-29,"CHA","RWA",1999-04-30,"Ongoing","Mobilization",5,"None"
1998-09-29,"CHA","RWA",1999-04-30,"Statlemate","Mobilization",5,"Missing (knon fatalities"
1998-10-01,"TUR","SYR",1998-10-31,"Win A","Show of troops",3,"None"
1998-12-17,"ISR","IRQ",1998-12-20,"Statlemate","Mobilization",3,"None"
1999-01-11,"KUW","IRQ",1999-01-14,"Statlemate","Alert",3,"None"
1999-01-12,"MYA","THI",1999-01-12,"Statlemate","Clash",4,"0-25"
1999-01-16,"ETH","KEN",1999-01-16,"Compromise","Clash",4,"0-25"
1999-01-21,"IRQ","KUW",1999-01-21,"Statlemate","Show of troops",3,"None"
1999-02-10,"CHN","TAW",2000-04-30,"Ongoing","Border violation",3,"None"
1999-02-10,"CHN","TAW",2000-04-30,"Statlemate","Border violation",3,"None"
1999-02-15,"JPN","ROK",1999-02-19,"Released","Seizure",4,"None"
1999-02-15,"TUR","IRQ",1999-02-15,"Statlemate","Threat to use force",2,"None"
1999-02-15,"SAU","IRQ",2001-08-24,"Ongoing","Clash",4,"None"
1999-02-15,"SAU","IRQ",2001-08-24,"Ongoing","Clash",4,"None"
1999-02-15,"SAU","IRQ",2001-08-24,"Statlemate","Clash",4,"0-25"
1999-03-09,"POL","YUG",1999-03-20,"Win A","Show of troops",3,"None"
1999-03-09,"HUN","YUG",1999-03-20,"Win A","Show of troops",3,"None"
1999-03-12,"TUR","GRC",1999-05-06,"Statlemate","Border violation",3,"None"
1999-03-21,"PRK","JPN",1999-03-24,"Statlemate","Border violation",3,"None"
1999-04-08,"RUS","USA",1999-04-19,"Statlemate","Alert",3,"None"
1999-04-08,"RUS","CAN",1999-04-19,"Statlemate","Alert",3,"None"
1999-04-08,"RUS","UKG",1999-04-19,"Statlemate","Alert",3,"None"
1999-04-08,"RUS","NTH",1999-04-19,"Statlemate","Alert",3,"None"
1999-04-08,"RUS","BEL",1999-04-19,"Statlemate","Alert",3,"None"
1999-04-08,"RUS","FRN",1999-04-19,"Statlemate","Alert",3,"None"
1999-04-08,"RUS","SPN",1999-04-19,"Statlemate","Alert",3,"None"
1999-04-08,"RUS","POR",1999-04-19,"Statlemate","Alert",3,"None"
1999-04-08,"RUS","GMY",1999-04-19,"Statlemate","Alert",3,"None"
1999-04-08,"RUS","ITA",1999-04-19,"Statlemate","Alert",3,"None"
1999-04-08,"RUS","NOR",1999-04-19,"Statlemate","Alert",3,"None"
1999-04-08,"RUS","DEN",1999-04-19,"Statlemate","Alert",3,"None"
1999-04-08,"RUS","TUR",1999-04-19,"Statlemate","Alert",3,"None"
1999-04-09,"SIE","LBR",1999-10-30,"Unclear","Fortify border",3,"None"
1999-04-09,"NIG","LBR",1999-04-09,"Unclear","Show of Ships",3,"None"
1999-04-15,"RUS","TUR",1999-04-30,"Statlemate","Show of troops",3,"None"
1999-05-14,"CHN","JPN",1999-07-15,"Statlemate","Show of troops",3,"None"
1999-05-16,"IRN","AFG",1999-05-16,"Statlemate","Raid",4,"None"
1999-06-10,"IRN","IRQ",1999-06-10,"Statlemate","Raid",4,"None"
1999-06-11,"UKG","RUS",1999-06-11,"Yield A","Alert",3,"None"
1999-06-16,"USA","PRK",1999-07-18,"Statlemate","Show of troops",3,"None"
1999-06-24,"NOR","RUS",1999-06-24,"Statlemate","Show of troops",3,"None"
1999-07-18,"ROK","PRK",1999-07-18,"Statlemate","Show of troops",3,"None"
1999-07-18,"IND","PAK",2000-10-28,"Ongoing","Clash",4,"None"
1999-07-18,"IND","PAK",2000-10-28,"Statlemate","Clash",4,"None"
1999-07-18,"TUR","IRN",1999-07-18,"Statlemate","Raid",4,"None"
1999-07-30,"CHN","USA",2000-03-31,"Ongoing","Show of troops",3,"None"
1999-07-30,"CHN","USA",2000-03-31,"Statlemate","Show of troops",3,"None"
1999-08-13,"GUI","LBR",1999-08-16,"Compromise","Alert",3,"None"
1999-08-13,"JPN","PRK",1999-08-16,"Released","Alert",3,"None"
1999-08-14,"UGA","RWA",1999-08-18,"Statlemate","Clash",4,"None"
1999-08-15,"UZB","TAJ",1999-10-03,"Statlemate","Raid",4,"None"
1999-09-12,"AUL","INS",1999-09-26,"Statlemate","Alert",3,"None"
1999-09-24,"RUS","AFG",2001-03-29,"Ongoing","Clash",4,"None"
1999-09-24,"RUS","AFG",2001-03-29,"Ongoing","Clash",4,"None"
1999-09-24,"RUS","AFG",2001-03-29,"Statlemate","Clash",4,"0-25"
1999-09-29,"TUR","IRQ",1999-09-29,"Statlemate","Occupation of territory",4,"None"
1999-10-22,"NTH","IRQ",1999-10-22,"Statlemate","Show of troops",3,"None"
1999-10-22,"FRN","IRQ",1999-10-22,"Statlemate","Show of troops",3,"None"
1999-10-22,"GMY","IRQ",1999-10-22,"Statlemate","Show of troops",3,"None"
1999-10-22,"ITA","IRQ",1999-10-22,"Statlemate","Show of troops",3,"None"
1999-10-22,"GRC","IRQ",1999-10-22,"Statlemate","Show of troops",3,"None"
1999-10-22,"EGY","IRQ",1999-10-22,"Statlemate","Show of troops",3,"None"
1999-10-22,"JOR","IRQ",1999-10-22,"Statlemate","Show of troops",3,"None"
1999-10-22,"UAE","IRQ",1999-10-22,"Statlemate","Show of troops",3,"None"
1999-10-29,"UZB","KYR",1999-10-31,"Statlemate","Occupation of territory",4,"None"
1999-10-30,"DRV","PHI",1999-10-30,"Statlemate","Raid",4,"None"
1999-12-01,"NIC","HON",2000-07-31,"Ongoing","Occupation of territory",4,"None"
1999-12-01,"NIC","HON",2000-07-31,"Statlemate","Occupation of territory",4,"None"
2000-02-02,"USA","RUS",2000-04-30,"Released","Seizure",4,"None"
2000-02-09,"GRC","TUR",2000-10-21,"Statlemate","Border violation",3,"None"
2000-02-19,"HON","NIC",2000-02-25,"Compromise","Clash",4,"None"
2000-02-21,"USA","YUG",2000-11-28,"Yield A","Show of troops",3,"None"
2000-02-21,"CAN","YUG",2000-11-28,"Yield A","Threat to use force",2,"None"
2000-02-21,"UKG","YUG",2000-11-28,"Yield A","Threat to use force",2,"None"
2000-02-21,"NTH","YUG",2000-11-28,"Yield A","Show of troops",3,"None"
2000-02-21,"BEL","YUG",2000-11-28,"Yield A","Threat to use force",2,"None"
2000-02-21,"LUX","YUG",2000-11-28,"Yield A","Threat to use force",2,"None"
2000-02-21,"FRN","YUG",2000-11-28,"Yield A","Threat to use force",2,"None"
2000-02-21,"SPN","YUG",2000-11-28,"Yield A","Threat to use force",2,"None"
2000-02-21,"POR","YUG",2000-11-28,"Yield A","Threat to use force",2,"None"
2000-02-21,"GMY","YUG",2000-11-28,"Yield A","Threat to use force",2,"None"
2000-02-21,"POL","YUG",2000-11-28,"Yield A","Show of troops",3,"None"
2000-02-21,"HUN","YUG",2000-11-28,"Yield A","Threat to use force",2,"None"
2000-02-21,"ITA","YUG",2000-11-28,"Yield A","Show of troops",3,"None"
2000-02-21,"GRC","YUG",2000-11-28,"Yield B","Threat to use force",2,"None"
2000-02-21,"NOR","YUG",2000-11-28,"Yield B","Threat to use force",2,"None"
2000-02-21,"DEN","YUG",2000-11-28,"Yield B","Threat to use force",2,"None"
2000-02-21,"TUR","YUG",2000-11-28,"Yield B","Threat to use force",2,"None"
2000-03-23,"PRK","USA",2000-03-23,"Statlemate","Threat to use force",2,"None"
2000-03-23,"PRK","ROK",2000-03-23,"Statlemate","Threat to use force",2,"None"
2000-03-27,"ARG","YUG",2000-11-28,"Yield A","Show of troops",3,"None"
2000-03-27,"ROM","YUG",2000-11-28,"Yield B","Show of troops",3,"None"
2000-04-21,"RUS","JPN",2000-04-21,"Statlemate","Raid",4,"None"
2000-05-05,"UGA","RWA",2000-06-11,"Statlemate","Clash",4,"None"
2000-05-30,"UZB","AFG",2000-06-06,"Statlemate","Clash",4,"0-25"
2000-06-18,"TUR","RUS",2000-09-13,"Statlemate","Clash",4,"0-25"
2000-07-01,"LIB","GUI",2001-05-25,"Ongoing","Raid",4,"None"
2000-07-01,"LIB","GUI",2001-05-25,"Compromise","Raid",4,"0-25"
2000-07-25,"TUR","IRQ",2001-01-31,"Ongoing","Raid",4,"None"
2000-07-25,"TUR","IRQ",2001-01-31,"Statlemate","Raid",4,"None"
2000-07-31,"YUG","CAN",2000-10-06,"Released","Seizure",4,"None"
2000-07-31,"YUG","UKG",2000-10-06,"Released","Seizure",4,"None"
2000-08-05,"YUG","CRO",2000-09-30,"Statlemate","Seizure",4,"None"
2000-08-08,"ALB","YUG",2000-08-08,"Statlemate","Fortify border",3,"None"
2000-08-10,"KUW","IRQ",2000-08-10,"Statlemate","Fortify border",3,"None"
2000-09-26,"YUG","USA",2000-09-30,"Statlemate","Seizure",4,"None"
2000-10-13,"VEN","COL",2000-11-23,"Statlemate","Raid",4,"None"
2000-10-17,"RUS","USA",2000-11-09,"Statlemate","Show of troops",3,"None"
2000-10-21,"USA","VEN",2000-10-21,"Statlemate","Border violation",3,"None"
2000-11-01,"RUS","USA",2000-12-31,"Statlemate","Alert",3,"None"
2000-11-01,"RUS","CAN",2000-12-31,"Statlemate","Alert",3,"None"
2000-11-24,"YUG","USA",2000-11-27,"Yield B","Show of troops",3,"None"
2000-11-24,"YUG","CAN",2000-11-27,"Yield B","Show of troops",3,"None"
2000-11-24,"YUG","ARG",2000-11-27,"Yield B","Show of troops",3,"None"
2000-11-24,"YUG","UKG",2000-11-27,"Yield B","Show of troops",3,"None"
2000-11-24,"YUG","NTH",2000-11-27,"Yield B","Show of troops",3,"None"
2000-11-24,"YUG","BEL",2000-11-27,"Yield B","Show of troops",3,"None"
2000-11-24,"YUG","LUX",2000-11-27,"Yield B","Show of troops",3,"None"
2000-11-24,"YUG","FRN",2000-11-27,"Yield B","Show of troops",3,"None"
2000-11-24,"YUG","SPN",2000-11-27,"Yield B","Show of troops",3,"None"
2000-11-24,"YUG","POR",2000-11-27,"Yield B","Show of troops",3,"None"
2000-11-24,"YUG","GMY",2000-11-27,"Yield B","Show of troops",3,"None"
2000-11-24,"YUG","POL",2000-11-27,"Yield B","Show of troops",3,"None"
2000-11-24,"YUG","AUS",2000-11-27,"Yield B","Show of troops",3,"None"
2000-11-24,"YUG","HUN",2000-11-27,"Yield B","Show of troops",3,"None"
2000-11-24,"YUG","ITA",2000-11-27,"Yield B","Show of troops",3,"None"
2000-11-24,"YUG","GRC",2000-11-27,"Yield A","Show of troops",3,"None"
2000-11-24,"YUG","BUL",2000-11-27,"Yield A","Show of troops",3,"None"
2000-11-24,"YUG","RUS",2000-11-27,"Yield A","Show of troops",3,"None"
2000-11-24,"YUG","EST",2000-11-27,"Yield A","Show of troops",3,"None"
2000-11-24,"YUG","LIT",2000-11-27,"Yield A","Show of troops",3,"None"
2000-11-24,"YUG","FIN",2000-11-27,"Yield A","Show of troops",3,"None"
2000-11-24,"YUG","NOR",2000-11-27,"Yield A","Show of troops",3,"None"
2000-11-24,"YUG","DEN",2000-11-27,"Yield A","Show of troops",3,"None"
2000-11-24,"YUG","MOR",2000-11-27,"Yield A","Show of troops",3,"None"
2000-11-24,"YUG","TUR",2000-11-27,"Yield A","Show of troops",3,"None"
2000-11-24,"YUG","JOR",2000-11-27,"Yield A","Show of troops",3,"None"
2000-11-24,"YUG","UAE",2000-11-27,"Yield A","Show of troops",3,"None"
2001-01-07,"ANG","ZAM",2001-11-21,"Unclear","Raid",4,"0-25"
2001-01-26,"GUI","SIE",2001-06-04,"Statlemate","Raid",4,"None"
2001-01-31,"GRC","TUR",2001-01-31,"Statlemate","Show of troops",3,"None"
2001-02-01,"HON","NIC",2001-03-31,"Compromise","Fortify border",3,"None"
2001-02-10,"MYA","THI",2001-04-29,"Statlemate","Clash",4,"26-100"
2001-02-14,"NOR","RUS",2001-02-14,"Statlemate","Show of troops",3,"None"
2001-02-14,"RUS","JPN",2001-04-11,"Statlemate","Border violation",3,"None"
2001-02-24,"KUW","IRQ",2003-03-18,"Ongoing","Fortify border",3,"None"
2001-02-24,"KUW","IRQ",2003-03-18,"Ongoing","Fortify border",3,"None"
2001-02-24,"KUW","IRQ",2003-03-18,"Statlemate","Fortify border",3,"None"
2001-03-23,"CHN","USA",2001-03-23,"Statlemate","Show of troops",3,"None"
2001-03-26,"UGA","RWA",2001-10-30,"Statlemate","Fortify border",3,"None"
2001-03-27,"CHN","TAW",2001-08-31,"Statlemate","Show of troops",3,"None"
2001-04-01,"CHN","USA",2001-04-05,"Released","Seizure",4,"0-25"
2001-04-17,"CHN","AUS",2001-04-17,"Statlemate","Show of troops",3,"None"
2001-04-17,"CHN","AUL",2001-04-17,"Statlemate","Show of troops",3,"None"
2001-04-25,"CHN","USA",2001-08-17,"Statlemate","Show of troops",3,"None"
2001-04-29,"IND","BNG",2001-04-30,"Unclear","Fortify border",3,"None"
2001-05-01,"CHN","PHI",2001-05-31,"Statlemate","Show of troops",3,"None"
2001-05-01,"SIE","LBR",2001-06-18,"Released","Seizure",4,"None"
2001-06-02,"PRK","ROK",2004-11-10,"Ongoing","Clash",4,"None"
2001-06-02,"PRK","ROK",2004-11-10,"Ongoing","Clash",4,"None"
2001-06-02,"PRK","ROK",2004-11-10,"Ongoing","Clash",4,"None"
2001-06-02,"PRK","ROK",2004-11-10,"Statlemate","Clash",4,"0-25"
2001-07-13,"PAK","IND",2003-11-22,"Ongoing","Clash",4,"None"
2001-07-13,"PAK","IND",2003-11-22,"Ongoing","Clash",4,"None"
2001-07-13,"PAK","IND",2003-11-22,"Yield B","Clash",4,"501-999"
2001-08-24,"TUR","IRN",2001-08-25,"Statlemate","Show of troops",3,"None"
2001-08-25,"TUR","IRQ",2003-07-05,"Ongoing","Raid",4,"None"
2001-08-25,"TUR","IRQ",2003-07-05,"Ongoing","Raid",4,"None"
2001-08-25,"TUR","IRQ",2003-07-05,"Statlemate","Raid",4,"0-25"
2001-08-30,"AUL","NOR",2001-08-30,"Statlemate","Seizure",4,"None"
2001-09-15,"USA","AFG",2001-12-22,"Win A","Begin Interstate War",5,"1,000+"
2001-09-15,"UKG","AFG",2001-12-22,"Statlemate","Begin Interstate War",5,"1,000+"
2001-09-15,"FRN","AFG",2001-12-22,"Win A","Raid",4,"1,000+"
2001-09-15,"RUS","AFG",2001-12-22,"Win A","Clash",4,"None"
2001-10-06,"UZB","AFG",2001-10-31,"Statlemate","Clash",4,"None"
2001-10-07,"CAN","AFG",2001-12-22,"Win A","Raid",4,"1,000+"
2001-10-07,"TUR","AFG",2001-12-22,"Win A","Raid",4,"None"
2001-10-07,"TAJ","AFG",2001-10-10,"Statlemate","Alert",3,"None"
2001-10-07,"PAK","AFG",2001-10-31,"Statlemate","Raid",4,"1,000+"
2001-10-07,"AUL","AFG",2001-12-22,"Win A","Raid",4,"1,000+"
2001-10-09,"NTH","AFG",2001-10-31,"Win A","Show of troops",3,"None"
2001-10-09,"SPN","AFG",2001-10-31,"Statlemate","Show of troops",3,"None"
2001-10-09,"POR","AFG",2001-10-31,"Statlemate","Show of troops",3,"None"
2001-10-09,"GMY","AFG",2001-10-31,"Statlemate","Show of troops",3,"None"
2001-10-09,"GRC","AFG",2001-10-31,"Statlemate","Show of troops",3,"None"
2001-10-24,"COL","NIC",2001-11-30,"Released","Seizure",4,"None"
2001-10-30,"UGA","SUD",2001-10-30,"Statlemate","Alert",3,"None"
2001-12-21,"CEN","CHA",2001-12-21,"Unclear","Show of troops",3,"None"
2001-12-22,"JPN","PRK",2001-12-22,"Statlemate","Clash",4,"0-25"
2001-12-27,"GRC","TUR",2003-05-13,"Ongoing","Border violation",3,"None"
2001-12-27,"GRC","TUR",2003-05-13,"Ongoing","Border violation",3,"None"
2001-12-27,"GRC","TUR",2003-05-13,"Statlemate","Border violation",3,"None"
2002-01-01,"PAK","AFG",2005-01-30,"Ongoing","Clash",4,"None"
2002-01-01,"PAK","AFG",2005-01-30,"Ongoing","Clash",4,"None"
2002-01-01,"PAK","AFG",2005-01-30,"Ongoing","Clash",4,"None"
2002-01-01,"PAK","AFG",2005-01-30,"Statlemate","Clash",4,"0-25"
2002-01-06,"ETH","SOM",2002-12-26,"Statlemate","Raid",4,"Missing (knon fatalities"
2002-01-11,"PAK","USA",2002-06-26,"Statlemate","Fortify border",3,"None"
2002-01-23,"ETH","KEN",2002-02-04,"Compromise","Occupation of territory",4,"None"
2002-01-25,"RWA","DRC",2002-06-19,"Statlemate","Raid",4,"Missing (knon fatalities"
2002-01-27,"SIE","LBR",2002-06-03,"Unclear","Seizure",4,"None"
2002-02-08,"MYA","THI",2002-10-27,"Statlemate","Clash",4,"None"
2002-03-07,"BNG","IND",2002-03-07,"Statlemate","Clash",4,"None"
2002-03-19,"SUD","ERI",2002-10-18,"Statlemate","Clash",4,"Missing (knon fatalities"
2002-04-02,"TUR","GRC",2002-04-02,"Statlemate","Show of planes",3,"None"
2002-04-15,"TAW","CHN",2002-11-03,"Statlemate","Show of Ships",3,"None"
2002-04-23,"SAU","ISR",2002-04-23,"Statlemate","Fortify border",3,"None"
2002-05-08,"CHN","JPN",2002-05-08,"Statlemate","Border violation",3,"None"
2002-06-08,"CHN","DRV",2002-06-13,"Statlemate","Show of Ships",3,"None"
2002-06-13,"CHN","ROK",2002-06-13,"Statlemate","Border violation",3,"None"
2002-07-01,"UGA","KEN",2002-07-01,"Statlemate","Raid",4,"0-25"
2002-07-11,"MOR","SPN",2002-07-18,"Win A","Occupation of territory",4,"None"
2002-07-16,"PHI","CHN",2002-07-19,"Unclear","Seizure",4,"None"
2002-07-24,"IND","BNG",2007-01-28,"Ongoing","Raid",4,"None"
2002-07-24,"IND","BNG",2007-01-28,"Ongoing","Raid",4,"None"
2002-07-24,"IND","BNG",2007-01-28,"Ongoing","Raid",4,"None"
2002-07-24,"IND","BNG",2007-01-28,"Ongoing","Raid",4,"None"
2002-07-24,"IND","BNG",2007-01-28,"Ongoing","Raid",4,"None"
2002-07-24,"IND","BNG",2007-01-28,"Statlemate","Raid",4,"0-25"
2002-08-06,"ARG","RUS",2002-08-06,"Statlemate","Raid",4,"None"
2002-08-11,"TUR","GRC",2002-08-11,"Statlemate","Show of troops",3,"None"
2002-08-22,"IRN","IRQ",2003-03-09,"Ongoing","Fortify border",3,"None"
2002-08-22,"IRN","IRQ",2003-03-09,"Statlemate","Fortify border",3,"None"
2002-08-26,"UKG","ZIM",2002-08-26,"Statlemate","Threat to use force",2,"None"
2002-09-02,"ETH","ERI",2002-09-05,"Statlemate","Seizure",4,"None"
2002-09-04,"RWA","DRC",2003-03-30,"Ongoing","Occupation of territory",4,"None"
2002-09-04,"RWA","DRC",2003-03-30,"Statlemate","Occupation of territory",4,"None"
2002-09-04,"JPN","PRK",2002-09-04,"Statlemate","Show of Ships",3,"None"
2002-09-13,"ISR","IRQ",2002-09-13,"Statlemate","Threat to use force",2,"None"
2002-09-19,"CHN","USA",2002-09-19,"Statlemate","Show of planes",3,"None"
2002-10-30,"ANG","DRC",2002-10-30,"Statlemate","Raid",4,"None"
2002-12-10,"USA","PRK",2002-12-11,"Released","Seizure",4,"None"
2002-12-10,"SPN","PRK",2002-12-11,"Released","Seizure",4,"None"
2002-12-12,"LIB","DRC",2002-12-12,"Statlemate","Occupation of territory",4,"None"
2003-01-02,"INS","PNG",2003-01-02,"Statlemate","Raid",4,"None"
2003-01-08,"ISR","SYR",2003-01-08,"Statlemate","Clash",4,"0-25"
2003-01-12,"AUL","IRQ",2003-05-02,"Win A","Begin Interstate War",5,"1,000+"
2003-01-27,"INS","PHI",2003-01-27,"Statlemate","Raid",4,"None"
2003-02-12,"UAE","IRQ",2003-03-18,"Statlemate","Show of troops",3,"None"
2003-02-13,"JPN","TAW",2003-02-13,"Statlemate","Show of Ships",3,"None"
2003-02-21,"USA","PRK",2003-09-23,"Statlemate","Show of planes",3,"None"
2003-02-25,"SAU","IRQ",2003-03-18,"Statlemate","Alert",3,"None"
2003-03-01,"VEN","COL",2003-03-30,"Statlemate","Raid",4,"None"
2003-03-02,"NTH","IRQ",2003-03-18,"Statlemate","Show of troops",3,"None"
2003-03-05,"QAT","IRQ",2003-03-18,"Statlemate","Show of troops",3,"None"
2003-03-07,"JPN","PRK",2003-06-11,"Statlemate","Seizure",4,"None"
2003-03-11,"RWA","UGA",2003-04-09,"Compromise","Fortify border",3,"None"
2003-03-19,"POL","IRQ",2003-05-02,"Win A","Occupation of territory",4,"1,000+"
2003-03-22,"USA","IRN",2003-07-04,"Compromise","Raid",4,"0-25"
2003-03-22,"ISR","IRQ",2003-04-13,"Statlemate","Alert",3,"None"
2003-04-10,"IRN","IRQ",2003-04-12,"Statlemate","Raid",4,"0-25"
2003-04-26,"DEN","RUS",2003-04-26,"Statlemate","Show of troops",3,"None"
2003-06-23,"JPN","CHN",2004-03-27,"Ongoing","Seizure",4,"None"
2003-06-23,"JPN","CHN",2004-03-27,"Statlemate","Seizure",4,"None"
2003-06-26,"CHN","IND",2003-06-26,"Statlemate","Border violation",3,"None"
2003-07-01,"SPN","ROK",2003-07-04,"Unclear","Seizure",4,"None"
2003-07-01,"UKG","IRN",2003-07-04,"Compromise","Seizure",4,"None"
2003-07-03,"USA","INS",2003-07-03,"Statlemate","Show of planes",3,"None"
2003-07-05,"USA","TUR",2003-07-06,"Released","Seizure",4,"None"
2003-07-15,"BRA","PER",2003-07-15,"Statlemate","Raid",4,"None"
2003-07-24,"SUD","RUS",2003-07-29,"Released","Seizure",4,"None"
2003-07-30,"TAW","PHI",2003-07-30,"Statlemate","Show of Ships",3,"None"
2003-08-06,"TAW","CHN",2004-05-04,"Ongoing","Show of Ships",3,"None"
2003-08-06,"TAW","CHN",2004-05-04,"Statlemate","Show of Ships",3,"None"
2003-08-17,"ISR","SYR",2003-11-14,"Statlemate","Raid",4,"None"
2003-09-15,"CHN","PRK",2003-09-15,"Statlemate","Fortify border",3,"None"
2003-09-23,"DRV","CHN",2003-09-23,"Statlemate","Raid",4,"None"
2003-10-04,"MYA","THI",2003-10-04,"Statlemate","Raid",4,"0-25"
2003-11-01,"ETH","ERI",2003-11-27,"Statlemate","Clash",4,"0-25"
2003-11-01,"ETH","KEN",2003-11-01,"Statlemate","Raid",4,"None"
2003-11-25,"MYA","THI",2003-11-25,"Statlemate","Raid",4,"None"
2004-01-04,"MAL","THI",2004-10-30,"Statlemate","Seizure",4,"None"
2004-02-22,"DOM","HAI",2004-02-22,"Statlemate","Fortify border",3,"None"
2004-03-01,"USA","SYR",2004-04-16,"Statlemate","Clash",4,"None"
2004-03-01,"DEN","CAN",2004-03-31,"Statlemate","Show of Ships",3,"None"
2004-03-10,"INS","THI",2004-03-10,"Statlemate","Raid",4,"None"
2004-03-14,"IRN","USA",2004-03-14,"Win B","Clash",4,"0-25"
2004-03-16,"TUR","SYR",2004-03-16,"Statlemate","Fortify border",3,"None"
2004-03-20,"UZB","TAJ",2004-03-20,"Statlemate","Raid",4,"None"
2004-04-24,"RWA","DRC",2004-12-17,"Statlemate","Occupation of territory",4,"None"
2004-04-29,"SUD","CHA",2004-04-29,"Statlemate","Clash",4,"0-25"
2004-04-30,"USA","PRK",2004-11-30,"Statlemate","Show of planes",3,"None"
2004-05-18,"IND","PAK",2004-05-18,"Statlemate","Raid",4,"None"
2004-06-03,"ZAM","DRC",2004-06-03,"Statlemate","Alert",3,"None"
2004-06-03,"UAE","IRN",2004-07-01,"Released","Raid",4,"None"
2004-06-11,"QAT","IRN",2004-06-14,"Unclear","Raid",4,"None"
2004-06-15,"IRN","IRQ",2005-01-06,"Ongoing","Seizure",4,"None"
2004-06-15,"IRN","IRQ",2005-01-06,"Statlemate","Seizure",4,"None"
2004-07-14,"KEN","ETH",2004-07-14,"Statlemate","Fortify border",3,"None"
2004-07-17,"MYA","THI",2004-07-17,"Statlemate","Raid",4,"None"
2004-07-30,"SUD","FRN",2004-07-30,"Statlemate","Show of troops",3,"None"
2004-08-19,"USA","IRN",2005-01-01,"Ongoing","Show of planes",3,"None"
2004-08-19,"USA","IRN",2005-01-01,"Statlemate","Show of planes",3,"None"
2004-09-23,"TUR","IRN",2004-09-29,"Statlemate","Raid",4,"0-25"
2004-09-30,"CHN","PRK",2004-09-30,"Statlemate","Fortify border",3,"None"
2004-10-21,"TUR","GRC",2005-03-30,"Ongoing","Show of planes",3,"None"
2004-10-21,"TUR","GRC",2005-03-30,"Statlemate","Show of planes",3,"None"
2004-10-26,"MYA","THI",2005-05-08,"Ongoing","Clash",4,"None"
2004-10-26,"MYA","THI",2005-05-08,"Statlemate","Clash",4,"0-25"
2004-10-30,"ERI","SUD",2004-10-30,"Statlemate","Occupation of territory",4,"None"
2004-11-10,"CHN","JPN",2004-11-10,"Yield A","Alert",3,"None"
2004-11-17,"ISR","EGY",2004-11-17,"Statlemate","Raid",4,"None"
2004-12-02,"UGA","RWA",2004-12-04,"Statlemate","Clash",4,"0-25"
2004-12-13,"IND","MYA",2004-12-13,"Statlemate","Alert",3,"None"
2005-01-04,"KEN","SOM",2005-03-17,"Statlemate","Fortify border",3,"None"
2005-01-18,"ETH","KEN",2005-03-07,"Statlemate","Raid",4,"None"
2005-01-18,"IND","PAK",2005-10-17,"Statlemate","Raid",4,"None"
2005-02-17,"ETH","ERI",2005-03-24,"Statlemate","Fortify border",3,"None"
2005-03-02,"MAL","INS",2005-07-29,"Statlemate","Alert",3,"None"
2005-03-08,"JPN","ROK",2005-07-07,"Statlemate","Show of planes",3,"None"
2005-03-13,"ETH","SOM",2005-03-13,"Statlemate","Fortify border",3,"None"
2005-03-23,"ANG","DRC",2005-03-23,"Statlemate","Fortify border",3,"None"
2005-03-23,"TAJ","KYR",2005-06-06,"Statlemate","Raid",4,"None"
2005-04-22,"SYR","IRQ",2005-07-22,"Yield A","Raid",4,"None"
2005-04-26,"TUR","IRQ",2005-04-26,"Statlemate","Fortify border",3,"None"
2005-05-08,"USA","PAK",2005-05-08,"Statlemate","Raid",4,"None"
2005-05-13,"TAJ","UZB",2005-11-02,"Statlemate","Fortify border",3,"None"
2005-05-13,"CAM","THI",2005-05-17,"Statlemate","Fortify border",3,"None"
2005-05-23,"KYR","UZB",2005-05-23,"Statlemate","Fortify border",3,"None"
2005-05-24,"TAW","CHN",2005-05-24,"Unclear","Threat to use force",2,"None"
2005-05-29,"CAN","POR",2005-06-01,"Unclear","Seizure",4,"None"
2005-06-15,"TAW","JPN",2005-07-10,"Statlemate","Show of Ships",3,"None"
2005-06-15,"SYR","USA",2005-07-22,"Yield A","Raid",4,"None"
2005-07-01,"ECU","COL",2005-07-01,"Statlemate","Fortify border",3,"None"
2005-07-23,"CAN","DEN",2005-08-22,"Statlemate","Show of Ships",3,"None"
2005-07-31,"IRN","IRQ",2005-08-04,"Statlemate","Raid",4,"0-25"
2005-08-23,"INS","CRO",2005-08-26,"Unclear","Seizure",4,"None"
2005-09-09,"CHN","JPN",2005-11-11,"Statlemate","Show of Ships",3,"None"
2005-09-22,"MAL","THI",2005-10-22,"Statlemate","Fortify border",3,"None"
2005-09-29,"UGA","DRC",2005-09-29,"Statlemate","Threat to declare war",2,"None"
2005-10-24,"NOR","RUS",2005-10-27,"Unclear","Seizure",4,"None"
2005-10-25,"ETH","ERI",2005-10-25,"Statlemate","Fortify border",3,"None"
2005-10-28,"PRK","ROK",2005-11-13,"Statlemate","Clash",4,"None"
2005-11-05,"CHA","SUD",2006-02-17,"Ongoing","Clash",4,"None"
2005-11-05,"CHA","SUD",2006-02-17,"Statlemate","Clash",4,"None"
2005-11-30,"USA","PAK",2006-01-14,"Ongoing","Raid",4,"None"
2005-11-30,"USA","PAK",2006-01-14,"Statlemate","Raid",4,"None"
2005-12-14,"KYR","UZB",2005-12-14,"Statlemate","Fortify border",3,"None"
2006-01-25,"RUS","JPN",2006-01-25,"Statlemate","Show of planes",3,"None"
2006-02-20,"MAL","THI",2006-02-20,"Unclear","Seizure",4,"None"
2006-03-05,"COL","ECU",2006-03-11,"Statlemate","Fortify border",3,"None"
2006-04-19,"ROK","JPN",2006-04-19,"Statlemate","Show of Ships",3,"None"
2006-04-24,"ETH","KEN",2006-04-27,"Statlemate","Clash",4,"0-25"
2006-04-26,"PAK","AFG",2006-04-26,"Statlemate","Clash",4,"None"
2006-04-28,"UGA","DRC",2006-04-28,"Statlemate","Clash",4,"0-25"
2006-05-23,"GRC","TUR",2006-10-16,"Statlemate","Show of planes",3,"None"
2006-06-02,"EGY","ISR",2006-06-02,"Statlemate","Clash",4,"0-25"
2006-06-18,"ETH","SOM",2006-07-21,"Statlemate","Occupation of territory",4,"None"
2006-06-28,"ISR","SYR",2006-07-31,"Statlemate","Raid",4,"None"
2006-06-30,"KYR","UZB",2006-09-26,"Statlemate","Raid",4,"None"
2006-07-11,"THI","MYA",2006-07-11,"Statlemate","Fortify border",3,"None"
2006-08-11,"VEN","COL",2006-08-11,"Statlemate","Raid",4,"None"
2006-08-16,"RUS","JPN",2006-08-16,"Statlemate","Raid",4,"None"
2006-08-19,"ISR","LEB",2009-03-03,"Ongoing","Raid",4,"None"
2006-08-19,"ISR","LEB",2009-03-03,"Ongoing","Raid",4,"None"
2006-08-19,"ISR","LEB",2009-03-03,"Ongoing","Raid",4,"None"
2006-08-19,"ISR","LEB",2009-03-03,"Statlemate","Raid",4,"0-25"
2006-09-08,"IRQ","IRN",2006-09-08,"Unclear","Seizure",4,"None"
2006-09-26,"TAJ","UZB",2006-12-07,"Statlemate","Raid",4,"0-25"
2006-10-16,"ERI","ETH",2006-10-16,"Statlemate","Fortify border",3,"None"
2006-10-18,"CHA","SUD",2007-04-09,"Ongoing","Raid",4,"None"
2006-10-18,"CHA","SUD",2007-04-09,"Statlemate","Raid",4,"26-100"
2006-10-30,"USA","PAK",2010-12-31,"Ongoing","Raid",4,"None"
2006-10-30,"USA","PAK",2010-12-31,"Ongoing","Raid",4,"None"
2006-10-30,"USA","PAK",2010-12-31,"Ongoing","Raid",4,"None"
2006-10-30,"USA","PAK",2010-12-31,"Ongoing","Raid",4,"None"
2006-10-30,"USA","PAK",2010-12-31,"Statlemate","Raid",4,"None"
2006-11-10,"KEN","SOM",2006-11-10,"Statlemate","Fortify border",3,"None"
2006-12-20,"AFG","PAK",2007-05-17,"Ongoing","Clash",4,"None"
2006-12-20,"AFG","PAK",2007-05-17,"Statlemate","Clash",4,"0-25"
2007-01-11,"USA","IRN",2007-04-01,"Statlemate","Seizure",4,"None"
2007-01-20,"IRN","IRQ",2009-10-01,"Ongoing","Raid",4,"None"
2007-01-20,"IRN","IRQ",2009-10-01,"Ongoing","Raid",4,"None"
2007-01-20,"IRN","IRQ",2009-10-01,"Statlemate","Raid",4,"None"
2007-01-22,"USA","PAK",2007-02-27,"Statlemate","Raid",4,"0-25"
2007-02-14,"IRN","AFG",2007-09-08,"Statlemate","Clash",4,"0-25"
2007-03-01,"COL","ECU",2007-03-31,"Statlemate","Raid",4,"None"
2007-03-21,"MYA","THI",2007-03-21,"Statlemate","Raid",4,"0-25"
2007-04-28,"CHN","TAW",2007-05-27,"Statlemate","Show of Ships",3,"None"
2007-04-28,"CHN","JPN",2007-05-27,"Statlemate","Show of Ships",3,"None"
2007-05-12,"TUR","GRC",2007-07-24,"Statlemate","Show of planes",3,"None"
2007-05-30,"TUR","IRQ",2009-05-28,"Ongoing","Raid",4,"None"
2007-05-30,"TUR","IRQ",2009-05-28,"Ongoing","Raid",4,"None"
2007-05-30,"TUR","IRQ",2009-05-28,"Statlemate","Raid",4,"26-100"
2007-06-21,"PRK","ROK",2007-06-21,"Statlemate","Threat to use force",2,"None"
2007-07-28,"UGA","DRC",2007-12-19,"Statlemate","Clash",4,"0-25"
2007-08-28,"USA","IRN",2007-08-29,"Released","Seizure",4,"None"
2007-09-06,"ISR","SYR",2007-09-06,"Statlemate","Raid",4,"None"
2007-12-14,"IND","CHN",2007-12-14,"Statlemate","Fortify border",3,"None"
2007-12-26,"ETH","ERI",2007-12-26,"Statlemate","Clash",4,"None"
2007-12-27,"RUS","FIN",2008-02-16,"Ongoing","Show of planes",3,"None"
2007-12-27,"RUS","FIN",2008-02-16,"Statlemate","Show of planes",3,"None"
2007-12-28,"CHA","SUD",2008-07-13,"Ongoing","Raid",4,"None"
2007-12-28,"CHA","SUD",2008-07-13,"Statlemate","Raid",4,"None"
2008-01-29,"USA","PAK",2009-03-12,"Ongoing","Raid",4,"None"
2008-01-29,"USA","PAK",2009-03-12,"Statlemate","Raid",4,"None"
2008-02-01,"IND","BNG",2008-02-10,"Statlemate","Clash",4,"None"
2008-02-09,"RUS","JPN",2008-02-09,"Statlemate","Show of planes",3,"None"
2008-02-12,"SOM","ETH",2008-02-12,"Win B","Clash",4,"0-25"
2008-03-02,"USA","SOM",2008-03-02,"Statlemate","Raid",4,"None"
2008-03-02,"COL","ECU",2008-03-03,"Statlemate","Border violation",3,"None"
2008-03-03,"VEN","COL",2008-05-16,"Statlemate","Border violation",3,"None"
2008-04-09,"IRN","AFG",2008-04-20,"Statlemate","Clash",4,"None"
2008-04-14,"AFG","PAK",2008-07-11,"Statlemate","Clash",4,"26-100"
2008-04-17,"BUL","TUR",2008-04-17,"Statlemate","Raid",4,"None"
2008-05-06,"PRK","ROK",2008-06-22,"Statlemate","Show of Ships",3,"None"
2008-05-09,"SUD","ETH",2008-07-08,"Statlemate","Raid",4,"None"
2008-05-14,"PAK","IND",2010-12-31,"Ongoing","Clash",4,"None"
2008-05-14,"PAK","IND",2010-12-31,"Ongoing","Clash",4,"None"
2008-05-14,"PAK","IND",2010-12-31,"Unclear","Clash",4,"26-100"
2008-05-23,"MAL","INS",2008-05-23,"Statlemate","Show of Ships",3,"None"
2008-06-16,"TAW","JPN",2008-06-16,"Statlemate","Show of Ships",3,"None"
2008-07-14,"RUS","NOR",2008-07-14,"Statlemate","Show of Ships",3,"None"
2008-07-15,"THI","CAM",2010-12-31,"Ongoing","Clash",4,"None"
2008-07-15,"THI","CAM",2010-12-31,"Ongoing","Clash",4,"None"
2008-07-15,"THI","CAM",2010-12-31,"Statlemate","Clash",4,"0-25"
2008-07-17,"INS","PNG",2008-07-17,"Statlemate","Raid",4,"None"
2008-07-18,"BNG","IND",2008-07-18,"Statlemate","Clash",4,"0-25"
2008-10-26,"USA","SYR",2008-10-26,"Statlemate","Raid",4,"None"
2008-11-03,"BNG","MYA",2009-04-06,"Ongoing","Fortify border",3,"None"
2008-11-03,"BNG","MYA",2009-04-06,"Statlemate","Fortify border",3,"None"
2008-11-05,"IRN","USA",2008-11-05,"Statlemate","Threat to use force",2,"None"
2008-11-11,"KEN","SOM",2008-11-11,"Statlemate","Fortify border",3,"None"
2008-12-05,"ETH","SOM",2010-12-31,"Ongoing","Raid",4,"None"
2008-12-05,"ETH","SOM",2010-12-31,"Ongoing","Raid",4,"None"
2008-12-05,"ETH","SOM",2010-12-31,"Statlemate","Raid",4,"None"
2008-12-25,"IND","BNG",2008-12-28,"Compromise","Show of Ships",3,"None"
2009-01-17,"ROK","PRK",2010-12-23,"Ongoing","Clash",4,"None"
2009-01-17,"ROK","PRK",2010-12-23,"Statlemate","Clash",4,"26-100"
2009-01-28,"ISR","FRN",2009-01-28,"Statlemate","Raid",4,"None"
2009-01-30,"RUS","JPN",2009-01-30,"Statlemate","Raid",4,"None"
2009-02-19,"RUS","CHN",2009-02-19,"Statlemate","Raid",4,"None"
2009-02-25,"IRN","USA",2009-02-25,"Statlemate","Raid",4,"None"
2009-02-25,"IRN","IRQ",2009-02-25,"Statlemate","Show of planes",3,"None"
2009-02-27,"ANG","DRC",2009-02-27,"Unclear","Occupation of territory",4,"None"
2009-02-28,"IND","BNG",2010-12-31,"Ongoing","Clash",4,"None"
2009-02-28,"IND","BNG",2010-12-31,"Statlemate","Clash",4,"0-25"
2009-03-07,"ECU","COL",2009-08-12,"Statlemate","Fortify border",3,"None"
2009-03-09,"CHN","USA",2009-03-19,"Statlemate","Show of Ships",3,"None"
2009-04-23,"IRN","AFG",2009-04-23,"Statlemate","Clash",4,"0-25"
2009-04-27,"MYA","THI",2009-04-27,"Statlemate","Raid",4,"None"
2009-05-15,"CHA","SUD",2009-07-15,"Statlemate","Raid",4,"0-25"
2009-06-20,"KEN","SOM",2009-09-13,"Statlemate","Fortify border",3,"None"
2009-08-09,"COL","VEN",2009-11-21,"Statlemate","Border violation",3,"None"
2009-08-17,"ISR","EGY",2009-08-17,"Statlemate","Raid",4,"None"
2009-09-11,"ISR","LEB",2010-12-31,"Ongoing","Raid",4,"None"
2009-09-11,"ISR","LEB",2010-12-31,"Statlemate","Raid",4,"None"
2009-09-13,"IND","CHN",2009-09-13,"Statlemate","Alert",3,"None"
2009-10-08,"MYA","BNG",2009-12-29,"Statlemate","Fortify border",3,"None"
2009-10-23,"IRN","PAK",2009-10-23,"Statlemate","Fortify border",3,"None"
2009-12-17,"IRN","IRQ",2010-01-28,"Ongoing","Occupation of territory",4,"None"
2009-12-17,"IRN","IRQ",2010-01-28,"Yield A","Occupation of territory",4,"None"
2010-01-03,"ETH","ERI",2010-01-03,"Win B","Clash",4,"0-25"
2010-01-08,"USA","VEN",2010-01-08,"Statlemate","Show of planes",3,"None"
2010-01-17,"KYR","UZB",2010-06-12,"Statlemate","Clash",4,"None"
2010-03-29,"CHN","DRV",2010-12-31,"Statlemate","Seizure",4,"None"
2010-04-21,"CHN","JPN",2010-04-21,"Statlemate","Show of planes",3,"None"
2010-05-12,"IRN","IRQ",2010-12-31,"Statlemate","Raid",4,"0-25"
2010-05-30,"ISR","IRN",2010-12-31,"Statlemate","Show of Ships",3,"None"
2010-06-04,"PRK","CHN",2010-06-04,"Statlemate","Raid",4,"None"
2010-06-08,"TUR","GRC",2010-06-08,"Statlemate","Show of planes",3,"None"
2010-06-28,"RWA","UGA",2010-06-28,"Statlemate","Fortify border",3,"None"
2010-07-25,"USA","PRK",2010-11-26,"Statlemate","Show of Ships",3,"None"
2010-07-29,"COL","VEN",2010-12-31,"Statlemate","Fortify border",3,"None"
2010-08-29,"UGA","KEN",2010-12-31,"Unclear","Occupation of territory",4,"0-25"
2010-09-07,"JPN","CHN",2010-12-31,"Statlemate","Seizure",4,"None"
2010-09-14,"JPN","TAW",2010-12-31,"Statlemate","Show of Ships",3,"None"
2010-09-27,"USA","PAK",2010-12-31,"Statlemate","Clash",4,"0-25"
2010-10-01,"NIC","COS",2010-12-31,"Statlemate","Border violation",3,"None"
2010-10-12,"IRN","AFG",2010-12-31,"Unclear","Seizure",4,"None"
2010-12-18,"ROK","CHN",2010-12-31,"Statlemate","Show of Ships",3,"None"
2011-01-03,"MYA","BNG",2011-01-03,"Unclear","Border violation",3,"None"
2011-01-04,"ETH","SOM",2011-03-16,"Unclear","Occupation of territory",4,"None"
2011-01-07,"IND","BNG",2011-04-30,"Unclear","Raid",4,"None"
2011-01-09,"MYA","THI",2011-01-10,"Unclear","Raid",4,"Missing (knon fatalities"
2011-01-12,"GRC","TUR",2011-05-25,"Unclear","Show of planes",3,"None"
2011-01-13,"AFG","PAK",2014-12-14,"Ongoing","Clash",4,"Missing (knon fatalities"
2011-01-13,"AFG","PAK",2014-12-14,"Ongoing","Clash",4,"Missing (knon fatalities"
2011-01-13,"AFG","PAK",2014-12-14,"Ongoing","Clash",4,"Missing (knon fatalities"
2011-01-13,"AFG","PAK",2014-12-14,"Unclear","Clash",4,"Missing (knon fatalities"
2011-01-13,"JPN","ROK",2011-01-13,"Unclear","Show of Ships",3,"None"
2011-01-19,"UKG","RUS",2011-02-08,"Unclear","Show of planes",3,"None"
2011-01-19,"DEN","RUS",2012-04-20,"Ongoing","Show of planes",3,"None"
2011-01-19,"DEN","RUS",2012-04-20,"Unclear","Show of planes",3,"None"
2011-01-19,"NOR","RUS",2012-04-20,"Ongoing","Show of planes",3,"None"
2011-01-19,"NOR","RUS",2012-04-20,"Unclear","Show of planes",3,"None"
2011-02-02,"USA","PAK",2011-07-08,"Unclear","Clash",4,"Missing (knon fatalities"
2011-02-25,"CHN","PHI",2012-06-15,"Ongoing","Seizure",4,"None"
2011-02-25,"CHN","PHI",2012-06-15,"Unclear","Seizure",4,"None"
2011-03-02,"RUS","JPN",2012-02-09,"Ongoing","Show of planes",3,"None"
2011-03-02,"RUS","JPN",2012-02-09,"Unclear","Show of planes",3,"None"
2011-03-18,"USA","LIB",2011-08-23,"Win A","Raid",4,"Missing (knon fatalities"
2011-03-18,"UKG","LIB",2011-08-23,"Win A","Clash",4,"Missing (knon fatalities"
2011-03-18,"FRN","LIB",2011-08-23,"Win A","Clash",4,"Missing (knon fatalities"
2011-03-20,"DEN","LIB",2011-08-23,"Win A","Raid",4,"Missing (knon fatalities"
2011-03-20,"ITA","LIB",2011-08-23,"Win A","Raid",4,"Missing (knon fatalities"
2011-03-21,"CAN","LIB",2011-08-23,"Win A","Clash",4,"Missing (knon fatalities"
2011-03-21,"BEL","LIB",2011-08-23,"Win A","Raid",4,"Missing (knon fatalities"
2011-03-22,"SPN","LIB",2011-08-23,"Win A","Blockade",4,"Missing (knon fatalities"
2011-03-22,"GRC","LIB",2011-08-23,"Win A","Blockade",4,"Missing (knon fatalities"
2011-03-22,"TUR","LIB",2011-08-23,"Win A","Blockade",4,"Missing (knon fatalities"
2011-03-24,"NOR","LIB",2011-07-30,"Win A","Raid",4,"Missing (knon fatalities"
2011-03-25,"QAT","LIB",2011-08-23,"Win A","Blockade",4,"Missing (knon fatalities"
2011-03-27,"UAE","LIB",2011-08-23,"Win A","Raid",4,"Missing (knon fatalities"
2011-03-28,"NTH","LIB",2011-08-23,"Win A","Blockade",4,"Missing (knon fatalities"
2011-04-01,"JOR","LIB",2011-08-23,"Win A","Blockade",4,"Missing (knon fatalities"
2011-04-01,"TUN","LIB",2011-07-22,"Unclear","Clash",4,"Missing (knon fatalities"
2011-04-05,"ISR","SUD",2011-04-05,"Unclear","Raid",4,"None"
2011-04-11,"AFG","IRN",2011-10-15,"Unclear","Clash",4,"Missing (knon fatalities"
2011-04-22,"ROM","LIB",2011-08-23,"Win A","Blockade",4,"Missing (knon fatalities"
2011-05-02,"BUL","LIB",2011-07-04,"Win A","Blockade",4,"Missing (knon fatalities"
2011-05-05,"CHN","DRV",2011-07-05,"Unclear","Show of Ships",3,"None"
2011-05-15,"ISR","SYR",2014-12-23,"Ongoing","Clash",4,"None"
2011-05-15,"ISR","SYR",2014-12-23,"Ongoing","Clash",4,"None"
2011-05-15,"ISR","SYR",2014-12-23,"Ongoing","Clash",4,"None"
2011-05-15,"ISR","SYR",2014-12-23,"Unclear","Clash",4,"Missing (knon fatalities"
2011-06-07,"UZB","TAJ",2011-11-14,"Unclear","Clash",4,"0-25"
2011-06-08,"IRN","IRQ",2011-09-14,"Unclear","Raid",4,"Missing (knon fatalities"
2011-06-23,"USA","RUS",2011-10-18,"Unclear","Show of planes",3,"None"
2011-06-29,"CHN","USA",2011-06-29,"Unclear","Show of planes",3,"None"
2011-06-29,"CHN","TAW",2011-06-29,"Unclear","Show of planes",3,"None"
2011-07-04,"LIT","LIB",2011-07-04,"Win A","Threat to use force",2,"Missing (knon fatalities"
2011-07-04,"LUX","LIB",2011-07-04,"Win A","Threat to use force",2,"Missing (knon fatalities"
2011-07-04,"GMY","LIB",2011-07-04,"Win A","Threat to use force",2,"Missing (knon fatalities"
2011-07-04,"POR","LIB",2011-07-04,"Win A","Threat to use force",2,"Missing (knon fatalities"
2011-07-04,"ALB","LIB",2011-07-04,"Win A","Threat to use force",2,"Missing (knon fatalities"
2011-07-04,"CRO","LIB",2011-07-04,"Win A","Threat to use force",2,"Missing (knon fatalities"
2011-07-04,"HUN","LIB",2011-07-04,"Win A","Threat to use force",2,"Missing (knon fatalities"
2011-07-04,"POL","LIB",2011-07-04,"Win A","Threat to use force",2,"Missing (knon fatalities"
2011-07-04,"EST","LIB",2011-07-04,"Win A","Threat to use force",2,"Missing (knon fatalities"
2011-08-17,"TUR","IRQ",2013-02-21,"Ongoing","Raid",4,"None"
2011-08-17,"TUR","IRQ",2013-02-21,"Ongoing","Raid",4,"None"
2011-08-17,"TUR","IRQ",2013-02-21,"Unclear","Raid",4,"None"
2011-08-18,"ISR","EGY",2011-09-13,"Unclear","Raid",4,"0-25"
2011-09-07,"RUS","ROK",2012-02-09,"Ongoing","Show of planes",3,"None"
2011-09-07,"RUS","ROK",2012-02-09,"Unclear","Show of planes",3,"None"
2011-09-15,"SYR","LEB",2014-12-30,"Ongoing","Clash",4,"None"
2011-09-15,"SYR","LEB",2014-12-30,"Ongoing","Clash",4,"None"
2011-09-15,"SYR","LEB",2014-12-30,"Ongoing","Clash",4,"None"
2011-09-15,"SYR","LEB",2014-12-30,"Unclear","Clash",4,"0-25"
2011-09-17,"KEN","SOM",2011-10-31,"Unclear","Occupation of territory",4,"None"
2011-09-27,"CAN","RUS",2011-09-27,"Unclear","Show of planes",3,"None"
2011-09-28,"NOR","RUS",2011-10-01,"Unclear","Seizure",4,"None"
2011-09-29,"TUR","ISR",2011-09-29,"Unclear","Show of planes",3,"None"
2011-11-07,"FIN","RUS",2011-11-07,"Unclear","Show of planes",3,"None"
2011-11-18,"SYR","TUR",2014-11-20,"Ongoing","Clash",4,"None"
2011-11-18,"SYR","TUR",2014-11-20,"Ongoing","Clash",4,"None"
2011-11-18,"SYR","TUR",2014-11-20,"Ongoing","Clash",4,"None"
2011-11-18,"SYR","TUR",2014-11-20,"Unclear","Clash",4,"Missing (knon fatalities"
2011-12-01,"ISR","SUD",2011-12-01,"Unclear","Raid",4,"None"
2011-12-25,"IRN","USA",2012-01-13,"Ongoing","Show of troops",3,"None"
2011-12-25,"IRN","USA",2012-01-13,"Unclear","Show of troops",3,"None"
2012-01-01,"IRN","PAK",2012-01-31,"Unclear","Raid",4,"None"
2012-02-01,"ERI","ETH",2012-06-03,"Unclear","Raid",4,"Missing (knon fatalities"
2012-02-12,"UKG","ARG",2012-02-12,"Unclear","Show of Ships",3,"None"
2012-02-15,"ITA","IND",2012-06-03,"Released","Raid",4,"None"
2012-02-15,"TUR","GRC",2012-02-15,"Unclear","Show of planes",3,"None"
2012-02-22,"CHN","DRV",2012-04-20,"Unclear","Seizure",4,"None"
2012-03-27,"LIT","RUS",2012-03-27,"Unclear","Show of planes",3,"None"
2012-04-01,"ROK","PRK",2012-04-01,"Unclear","Alert",3,"None"
2012-04-02,"JPN","PRK",2012-04-02,"Unclear","Mobilization",3,"None"
2012-04-19,"BEL","RUS",2012-04-20,"Unclear","Show of planes",3,"None"
2012-05-14,"TUR","ISR",2012-05-14,"Unclear","Show of planes",3,"None"
2012-05-16,"IND","BNG",2012-07-25,"Unclear","Raid",4,"None"
2012-05-27,"IRN","AFG",2012-05-27,"Unclear","Clash",4,"None"
2012-05-27,"SYR","IRQ",2014-06-24,"Ongoing","Raid",4,"None"
2012-05-27,"SYR","IRQ",2014-06-24,"Ongoing","Raid",4,"None"
2012-05-27,"SYR","IRQ",2014-06-24,"Unclear","Raid",4,"Missing (knon fatalities"
2012-07-04,"TAW","JPN",2013-01-26,"Ongoing","Show of Ships",3,"None"
2012-07-04,"TAW","JPN",2013-01-26,"Unclear","Show of Ships",3,"None"
2012-07-17,"RUS","CHN",2012-07-20,"Released","Raid",4,"None"
2012-07-17,"UZB","KYR",2013-10-02,"Ongoing","Clash",4,"None"
2012-07-17,"UZB","KYR",2013-10-02,"Unclear","Clash",4,"0-25"
2012-07-27,"SYR","JOR",2012-12-31,"Unclear","Clash",4,"Missing (knon fatalities"
2012-09-11,"UZB","TAJ",2012-09-11,"Unclear","Clash",4,"None"
2012-10-02,"GHA","ARG",2012-12-19,"Released","Seizure",4,"None"
2012-10-04,"JPN","ROK",2012-10-04,"Unclear","Show of planes",3,"None"
2012-10-10,"TUR","GRC",2014-12-29,"Ongoing","Show of planes",3,"None"
2012-10-10,"TUR","GRC",2014-12-29,"Ongoing","Show of planes",3,"None"
2012-10-10,"TUR","GRC",2014-12-29,"Unclear","Show of planes",3,"None"
2012-10-10,"SYR","USA",2014-09-15,"Ongoing","Show of troops",3,"None"
2012-10-10,"SYR","USA",2014-09-15,"Ongoing","Show of troops",3,"None"
2012-10-10,"SYR","USA",2014-09-15,"Unclear","Show of troops",3,"Missing (knon fatalities"
2012-10-18,"TUR","IRN",2012-10-18,"Unclear","Fortify border",3,"None"
2012-10-23,"ISR","SUD",2012-10-23,"Unclear","Raid",4,"None"
2012-11-01,"IRN","USA",2013-03-12,"Ongoing","Raid",4,"None"
2012-11-01,"IRN","USA",2013-03-12,"Unclear","Raid",4,"None"
2012-11-03,"RWA","DRC",2012-11-03,"Unclear","Clash",4,"0-25"
2012-11-12,"IRN","SAU",2012-11-12,"Unclear","Show of planes",3,"None"
2012-11-13,"SPN","UKG",2012-11-13,"Unclear","Show of Ships",3,"None"
2012-11-29,"GMY","RUS",2014-10-28,"Unclear","Show of planes",3,"None"
2012-11-29,"GMY","RUS",2014-10-28,"Ongoing","Show of planes",3,"None"
2012-11-29,"GMY","RUS",2014-10-28,"Ongoing","Show of planes",3,"None"
2012-11-29,"NOR","RUS",2014-10-31,"Ongoing","Show of planes",3,"None"
2012-11-29,"NOR","RUS",2014-10-31,"Ongoing","Show of planes",3,"None"
2012-11-29,"NOR","RUS",2014-10-31,"Unclear","Show of planes",3,"None"
2012-11-29,"DEN","RUS",2014-12-12,"Ongoing","Show of planes",3,"None"
2012-11-29,"DEN","RUS",2014-12-12,"Ongoing","Show of planes",3,"None"
2012-11-29,"DEN","RUS",2014-12-12,"Unclear","Show of planes",3,"None"
2013-02-07,"RUS","JPN",2014-04-20,"Ongoing","Show of planes",3,"None"
2013-02-07,"RUS","JPN",2014-04-20,"Unclear","Show of planes",3,"None"
2013-03-20,"CHN","DRV",2013-07-07,"Unclear","Raid",4,"None"
2013-04-10,"ROK","PRK",2013-04-11,"Unclear","Alert",3,"None"
2013-04-10,"JPN","PRK",2013-04-10,"Unclear","Alert",3,"None"
2013-04-15,"CHN","IND",2013-12-21,"Unclear","Seizure",4,"None"
2013-04-20,"UKG","RUS",2014-10-29,"Ongoing","Show of planes",3,"None"
2013-04-20,"UKG","RUS",2014-10-29,"Unclear","Show of planes",3,"None"
2013-05-10,"IRN","AFG",2013-05-10,"Unclear","Raid",4,"0-25"
2013-05-17,"TAW","PHI",2013-05-17,"Unclear","Show of Ships",3,"None"
2013-06-01,"UGA","DRC",2013-09-02,"Yield A","Occupation of territory",4,"None"
2013-06-12,"FIN","RUS",2014-10-28,"Ongoing","Show of planes",3,"None"
2013-06-12,"FIN","RUS",2014-10-28,"Unclear","Show of planes",3,"None"
2013-06-15,"KEN","SOM",2013-07-03,"Unclear","Clash",4,"Missing (knon fatalities"
2013-07-03,"SPN","UKG",2013-08-20,"Unclear","Show of planes",3,"None"
2013-07-16,"RUS","ROK",2014-08-21,"Ongoing","Alert",3,"None"
2013-07-16,"RUS","ROK",2014-08-21,"Unclear","Alert",3,"None"
2013-07-17,"PAN","PRK",2013-07-20,"Released","Seizure",4,"None"
2013-08-13,"IRN","IND",2013-08-16,"Unclear","Seizure",4,"None"
2013-08-22,"DRC","RWA",2013-08-29,"Unclear","Raid",4,"None"
2013-08-28,"SYR","ISR",2013-08-28,"Unclear","Mobilization",3,"Missing (knon fatalities"
2013-08-28,"SYR","SAU",2013-08-28,"Unclear","Alert",3,"Missing (knon fatalities"
2013-08-30,"SYR","UKG",2013-09-01,"Unclear","Show of Ships",3,"Missing (knon fatalities"
2013-08-30,"RUS","USA",2013-08-30,"Unclear","Show of Ships",3,"None"
2013-08-30,"RUS","UKG",2013-08-30,"Unclear","Show of Ships",3,"None"
2013-09-16,"RWA","DRC",2013-09-18,"Released","Seizure",4,"None"
2013-09-21,"MYA","THI",2013-09-21,"Unclear","Raid",4,"None"
2013-09-26,"SYR","JOR",2013-09-26,"Unclear","Raid",4,"None"
2013-10-13,"ANG","CON",2013-10-18,"Unclear","Seizure",4,"None"
2013-10-20,"ECU","PAN",2013-10-23,"Released","Seizure",4,"None"
2013-10-23,"TUR","RUS",2014-12-04,"Ongoing","Show of planes",3,"None"
2013-10-23,"TUR","RUS",2014-12-04,"Unclear","Show of planes",3,"None"
2013-10-24,"TAJ","KYR",2014-09-17,"Ongoing","Clash",4,"None"
2013-10-24,"TAJ","KYR",2014-09-17,"Unclear","Clash",4,"0-25"
2013-10-27,"IRN","PAK",2014-12-28,"Ongoing","Clash",4,"None"
2013-10-27,"IRN","PAK",2014-12-28,"Unclear","Clash",4,"0-25"
2013-10-30,"UGA","DRC",2013-10-30,"Unclear","Raid",4,"None"
2013-11-01,"RUS","COL",2013-11-01,"Unclear","Show of planes",3,"None"
2013-11-19,"EST","RUS",2014-12-12,"Ongoing","Show of planes",3,"None"
2013-11-19,"EST","RUS",2014-12-12,"Unclear","Show of planes",3,"None"
2013-11-26,"USA","CHN",2013-11-29,"Yield B","Show of planes",3,"None"
2013-11-26,"ROK","CHN",2013-11-29,"Yield B","Show of planes",3,"None"
2013-11-26,"JPN","CHN",2013-11-29,"Yield B","Show of planes",3,"None"
2013-11-29,"IND","BNG",2013-11-29,"Unclear","Alert",3,"None"
2013-12-05,"CHN","USA",2013-12-05,"Unclear","Show of Ships",3,"None"
2014-01-04,"SEN","RUS",2014-01-23,"Released","Seizure",4,"None"
2014-02-19,"IRN","PAK",2014-02-19,"Unclear","Threat to use force",2,"None"
2014-02-19,"IRN","AFG",2014-02-19,"Unclear","Threat to use force",2,"None"
2014-02-24,"PRK","ROK",2014-11-10,"Unclear","Raid",4,"None"
2014-03-11,"CHN","PHI",2014-05-10,"Unclear","Seizure",4,"None"
2014-03-31,"PRK","USA",2014-03-31,"Unclear","Alert",3,"None"
2014-04-02,"UKG","SPN",2014-04-02,"Unclear","Show of Ships",3,"None"
2014-04-12,"RUS","USA",2014-09-18,"Unclear","Show of troops",3,"None"
2014-04-12,"TUR","SYR",2014-04-12,"Unclear","Show of planes",3,"None"
2014-04-14,"USA","AFG",2014-09-10,"Unclear","Raid",4,"None"
2014-04-22,"RUS","USA",2014-04-24,"Unclear","Show of planes",3,"None"
2014-04-29,"CAN","RUS",2014-10-21,"Unclear","Show of planes",3,"None"
2014-04-29,"FRN","RUS",2014-04-29,"Unclear","Show of planes",3,"None"
2014-04-29,"POL","RUS",2014-04-29,"Unclear","Show of planes",3,"None"
2014-05-04,"CHN","DRV",2014-08-18,"Unclear","Seizure",4,"None"
2014-05-07,"AFG","IRN",2014-05-07,"Released","Clash",4,"None"
2014-05-20,"CHN","ROK",2014-05-20,"Unclear","Alert",3,"None"
2014-05-21,"INS","MAL",2014-05-21,"Unclear","Show of Ships",3,"None"
2014-05-28,"THI","CAM",2014-09-29,"Unclear","Clash",4,"None"
2014-05-28,"BNG","MYA",2014-06-02,"Unclear","Clash",4,"0-25"
2014-06-01,"IRN","TUR",2014-06-01,"Unclear","Show of planes",3,"None"
2014-06-02,"TUR","IRQ",2014-06-02,"Unclear","Raid",4,"None"
2014-06-11,"RWA","DRC",2014-12-09,"Unclear","Clash",4,"0-25"
2014-06-29,"CHN","IND",2014-09-11,"Unclear","Mobilization",3,"None"
2014-07-14,"ROK","PRK",2014-07-14,"Unclear","Alert",3,"None"
2014-07-30,"ISR","EGY",2014-07-30,"Unclear","Raid",4,"0-25"
2014-08-19,"CHN","USA",2014-08-19,"Unclear","Show of planes",3,"None"
2014-08-25,"CHN","TAW",2014-08-25,"Unclear","Show of planes",3,"None"
2014-09-18,"RUS","LIT",2014-09-21,"Unclear","Seizure",4,"None"
2014-10-10,"ROK","CHN",2014-10-10,"Unclear","Clash",4,"None"
2014-10-21,"POR","RUS",2014-11-01,"Unclear","Show of planes",3,"None"
2014-10-29,"TUR","RUS",2014-10-29,"Unclear","Show of planes",3,"None"
2014-11-11,"USA","PAK",2014-11-11,"Unclear","Raid",4,"None"
2014-11-12,"LIT","RUS",2014-12-08,"Unclear","Alert",3,"None"
2014-11-12,"NTH","RUS",2014-11-12,"Unclear","Show of planes",3,"None"
